date,qqq_close,rsp_close,close,source,source_symbol,fetched_at_bjt,status
2003-05-01,27.690000534057617,25.4950008392334,1.08609529800236,Derived from Yahoo Finance QQQ and RSP,QQQ/RSP,2026-09-11T22:10:47+08:00,confirmed
2003-05-02,28.280000686645508,25.96999931335449,1.0889488422936981,Derived from Yahoo Finance QQQ and RSP,QQQ/RSP,2026-09-11T22:10:47+08:00,confirmed
2003-05-05,28.25,26.02499961853028,1.0854947325296205,Derived from Yahoo Finance QQQ and RSP,QQQ/RSP,2026-09-11T22:10:47+08:00,confirmed
2003-05-06,28.61000061035156,26.232500076293945,1.0906318698996647,Derived from Yahoo Finance QQQ and RSP,QQQ/RSP,2026-09-11T22:10:47+08:00,confirmed
2003-05-07,28.290000915527344,26.1299991607666,1.0826636748616478,Derived from Yahoo Finance QQQ and RSP,QQQ/RSP,2026-09-11T22:10:47+08:00,confirmed
2003-05-08,27.770000457763672,25.84749984741211,1.0743785906451624,Derived from Yahoo Finance QQQ and RSP,QQQ/RSP,2026-09-11T22:10:47+08:00,confirmed
2003-05-09,28.40999984741211,26.21249961853028,1.0838340585927317,Derived from Yahoo Finance QQQ and RSP,QQQ/RSP,2026-09-11T22:10:47+08:00,confirmed
2003-05-12,28.84000015258789,26.700000762939453,1.0801497875842323,Derived from Yahoo Finance QQQ and RSP,QQQ/RSP,2026-09-11T22:10:47+08:00,confirmed
2003-05-13,28.65999984741211,26.637500762939453,1.0759267583874288,Derived from Yahoo Finance QQQ and RSP,QQQ/RSP,2026-09-11T22:10:47+08:00,confirmed
2003-05-14,28.600000381469727,26.700000762939453,1.0711610323684913,Derived from Yahoo Finance QQQ and RSP,QQQ/RSP,2026-09-11T22:10:47+08:00,confirmed
2003-05-15,28.920000076293945,26.977500915527344,1.0720044145990026,Derived from Yahoo Finance QQQ and RSP,QQQ/RSP,2026-09-11T22:10:47+08:00,confirmed
2003-05-16,28.700000762939453,27.02499961853028,1.0619796916948214,Derived from Yahoo Finance QQQ and RSP,QQQ/RSP,2026-09-11T22:10:47+08:00,confirmed
2003-05-19,27.690000534057617,26.32250022888184,1.05195176344515,Derived from Yahoo Finance QQQ and RSP,QQQ/RSP,2026-09-11T22:10:47+08:00,confirmed
2003-05-20,27.770000457763672,26.290000915527344,1.0562951498933655,Derived from Yahoo Finance QQQ and RSP,QQQ/RSP,2026-09-11T22:10:47+08:00,confirmed
2003-05-21,27.690000534057617,26.395000457763672,1.049062324449138,Derived from Yahoo Finance QQQ and RSP,QQQ/RSP,2026-09-11T22:10:47+08:00,confirmed
2003-05-22,28.09000015258789,26.770000457763672,1.0493089156612772,Derived from Yahoo Finance QQQ and RSP,QQQ/RSP,2026-09-11T22:10:47+08:00,confirmed
2003-05-23,28.100000381469727,26.920000076293945,1.0438335921928508,Derived from Yahoo Finance QQQ and RSP,QQQ/RSP,2026-09-11T22:10:47+08:00,confirmed
2003-05-27,29.100000381469727,27.5,1.0581818320534446,Derived from Yahoo Finance QQQ and RSP,QQQ/RSP,2026-09-11T22:10:47+08:00,confirmed
2003-05-28,29.190000534057617,27.57250022888184,1.0586635340193584,Derived from Yahoo Finance QQQ and RSP,QQQ/RSP,2026-09-11T22:10:47+08:00,confirmed
2003-05-29,29.309999465942383,27.475000381469727,1.0667879548314858,Derived from Yahoo Finance QQQ and RSP,QQQ/RSP,2026-09-11T22:10:47+08:00,confirmed
2003-05-30,29.790000915527344,28.012500762939453,1.063453818979972,Derived from Yahoo Finance QQQ and RSP,QQQ/RSP,2026-09-11T22:10:47+08:00,confirmed
2003-06-02,29.57999992370605,28.167499542236328,1.0501464597292962,Derived from Yahoo Finance QQQ and RSP,QQQ/RSP,2026-09-11T22:10:47+08:00,confirmed
2003-06-03,29.86000061035156,28.15749931335449,1.0604635119777703,Derived from Yahoo Finance QQQ and RSP,QQQ/RSP,2026-09-11T22:10:47+08:00,confirmed
2003-06-04,30.420000076293945,28.747499465942383,1.058178994396817,Derived from Yahoo Finance QQQ and RSP,QQQ/RSP,2026-09-11T22:10:47+08:00,confirmed
2003-06-05,30.63999938964844,28.950000762939453,1.0583764622511669,Derived from Yahoo Finance QQQ and RSP,QQQ/RSP,2026-09-11T22:10:47+08:00,confirmed
2003-06-06,30.1299991607666,28.799999237060547,1.046180554129827,Derived from Yahoo Finance QQQ and RSP,QQQ/RSP,2026-09-11T22:10:47+08:00,confirmed
2003-06-09,29.729999542236328,28.332500457763672,1.0493249470358594,Derived from Yahoo Finance QQQ and RSP,QQQ/RSP,2026-09-11T22:10:47+08:00,confirmed
2003-06-10,30.18000030517578,28.537500381469727,1.0575558441261583,Derived from Yahoo Finance QQQ and RSP,QQQ/RSP,2026-09-11T22:10:47+08:00,confirmed
2003-06-11,30.520000457763672,29.02750015258789,1.0514167702120474,Derived from Yahoo Finance QQQ and RSP,QQQ/RSP,2026-09-11T22:10:47+08:00,confirmed
2003-06-12,30.64999961853028,29.147499084472656,1.0515481801612967,Derived from Yahoo Finance QQQ and RSP,QQQ/RSP,2026-09-11T22:10:47+08:00,confirmed
2003-06-13,29.959999084472656,28.700000762939453,1.0439023793741584,Derived from Yahoo Finance QQQ and RSP,QQQ/RSP,2026-09-11T22:10:47+08:00,confirmed
2003-06-16,30.8799991607666,29.280000686645508,1.0546447553483442,Derived from Yahoo Finance QQQ and RSP,QQQ/RSP,2026-09-11T22:10:47+08:00,confirmed
2003-06-17,30.76000022888184,29.332500457763672,1.048666146726006,Derived from Yahoo Finance QQQ and RSP,QQQ/RSP,2026-09-11T22:10:47+08:00,confirmed
2003-06-18,30.920000076293945,29.19499969482422,1.059085473522904,Derived from Yahoo Finance QQQ and RSP,QQQ/RSP,2026-09-11T22:10:47+08:00,confirmed
2003-06-19,30.420000076293945,28.815000534057617,1.0557001392500172,Derived from Yahoo Finance QQQ and RSP,QQQ/RSP,2026-09-11T22:10:47+08:00,confirmed
2003-06-20,30.3799991607666,28.787500381469727,1.0553191057991944,Derived from Yahoo Finance QQQ and RSP,QQQ/RSP,2026-09-11T22:10:47+08:00,confirmed
2003-06-23,29.90999984741211,28.38249969482422,1.0538183799528567,Derived from Yahoo Finance QQQ and RSP,QQQ/RSP,2026-09-11T22:10:47+08:00,confirmed
2003-06-24,29.68000030517578,28.299999237060547,1.0487632899405892,Derived from Yahoo Finance QQQ and RSP,QQQ/RSP,2026-09-11T22:10:47+08:00,confirmed
2003-06-25,29.520000457763672,28.14999961853028,1.0486678812717127,Derived from Yahoo Finance QQQ and RSP,QQQ/RSP,2026-09-11T22:10:47+08:00,confirmed
2003-06-26,30.21999931335449,28.39249992370605,1.064365568180299,Derived from Yahoo Finance QQQ and RSP,QQQ/RSP,2026-09-11T22:10:47+08:00,confirmed
2003-06-27,29.82999992370605,28.23500061035156,1.0564901462325356,Derived from Yahoo Finance QQQ and RSP,QQQ/RSP,2026-09-11T22:10:47+08:00,confirmed
2003-06-30,29.950000762939453,28.2549991607666,1.0599894408960535,Derived from Yahoo Finance QQQ and RSP,QQQ/RSP,2026-09-11T22:10:47+08:00,confirmed
2003-07-01,30.350000381469727,28.350000381469727,1.0705467362641465,Derived from Yahoo Finance QQQ and RSP,QQQ/RSP,2026-09-11T22:10:47+08:00,confirmed
2003-07-02,30.96999931335449,28.709999084472656,1.0787182271316795,Derived from Yahoo Finance QQQ and RSP,QQQ/RSP,2026-09-11T22:10:47+08:00,confirmed
2003-07-03,30.57999992370605,28.552499771118164,1.071009549736124,Derived from Yahoo Finance QQQ and RSP,QQQ/RSP,2026-09-11T22:10:47+08:00,confirmed
2003-07-07,31.88999938964844,29.03249931335449,1.0984241847542058,Derived from Yahoo Finance QQQ and RSP,QQQ/RSP,2026-09-11T22:10:47+08:00,confirmed
2003-07-08,32.279998779296875,29.302499771118164,1.1016124573478698,Derived from Yahoo Finance QQQ and RSP,QQQ/RSP,2026-09-11T22:10:47+08:00,confirmed
2003-07-09,32.20000076293945,29.31999969482422,1.0982265040276802,Derived from Yahoo Finance QQQ and RSP,QQQ/RSP,2026-09-11T22:10:47+08:00,confirmed
2003-07-10,31.600000381469727,28.772499084472656,1.0982709666162769,Derived from Yahoo Finance QQQ and RSP,QQQ/RSP,2026-09-11T22:10:47+08:00,confirmed
2003-07-11,31.84000015258789,28.94750022888184,1.0999222696549151,Derived from Yahoo Finance QQQ and RSP,QQQ/RSP,2026-09-11T22:10:47+08:00,confirmed
2003-07-14,32.220001220703125,29.3700008392334,1.0970378038826136,Derived from Yahoo Finance QQQ and RSP,QQQ/RSP,2026-09-11T22:10:47+08:00,confirmed
2003-07-15,32.2599983215332,29.0,1.112413735225283,Derived from Yahoo Finance QQQ and RSP,QQQ/RSP,2026-09-11T22:10:47+08:00,confirmed
2003-07-16,32.15999984741211,28.747499465942383,1.1187059899074898,Derived from Yahoo Finance QQQ and RSP,QQQ/RSP,2026-09-11T22:10:47+08:00,confirmed
2003-07-17,31.18000030517578,28.325000762939453,1.1007943324037548,Derived from Yahoo Finance QQQ and RSP,QQQ/RSP,2026-09-11T22:10:47+08:00,confirmed
2003-07-18,31.280000686645508,28.709999084472656,1.089515906796486,Derived from Yahoo Finance QQQ and RSP,QQQ/RSP,2026-09-11T22:10:47+08:00,confirmed
2003-07-21,30.8799991607666,28.334999084472656,1.0898182515802015,Derived from Yahoo Finance QQQ and RSP,QQQ/RSP,2026-09-11T22:10:47+08:00,confirmed
2003-07-22,31.34000015258789,28.690000534057617,1.092366663269472,Derived from Yahoo Finance QQQ and RSP,QQQ/RSP,2026-09-11T22:10:47+08:00,confirmed
2003-07-23,31.600000381469727,28.45499992370605,1.110525407351822,Derived from Yahoo Finance QQQ and RSP,QQQ/RSP,2026-09-11T22:10:47+08:00,confirmed
2003-07-24,31.18000030517578,28.575000762939453,1.0911635860956792,Derived from Yahoo Finance QQQ and RSP,QQQ/RSP,2026-09-11T22:10:47+08:00,confirmed
2003-07-25,31.799999237060547,29.012500762939453,1.0960792210536308,Derived from Yahoo Finance QQQ and RSP,QQQ/RSP,2026-09-11T22:10:47+08:00,confirmed
2003-07-28,31.88999938964844,29.06999969482422,1.0970072144626237,Derived from Yahoo Finance QQQ and RSP,QQQ/RSP,2026-09-11T22:10:47+08:00,confirmed
2003-07-29,31.64999961853028,28.850000381469727,1.097053698441508,Derived from Yahoo Finance QQQ and RSP,QQQ/RSP,2026-09-11T22:10:47+08:00,confirmed
2003-07-30,31.420000076293945,28.790000915527344,1.0913511315433186,Derived from Yahoo Finance QQQ and RSP,QQQ/RSP,2026-09-11T22:10:47+08:00,confirmed
2003-07-31,31.799999237060547,28.920000076293945,1.0995850329588128,Derived from Yahoo Finance QQQ and RSP,QQQ/RSP,2026-09-11T22:10:47+08:00,confirmed
2003-08-01,31.459999084472656,28.73500061035156,1.0948320311898458,Derived from Yahoo Finance QQQ and RSP,QQQ/RSP,2026-09-11T22:10:47+08:00,confirmed
2003-08-04,31.450000762939453,28.684999465942383,1.0963918894361475,Derived from Yahoo Finance QQQ and RSP,QQQ/RSP,2026-09-11T22:10:47+08:00,confirmed
2003-08-05,30.209999084472656,28.165000915527344,1.0726077792462598,Derived from Yahoo Finance QQQ and RSP,QQQ/RSP,2026-09-11T22:10:47+08:00,confirmed
2003-08-06,30.190000534057617,28.237499237060547,1.0691456874635163,Derived from Yahoo Finance QQQ and RSP,QQQ/RSP,2026-09-11T22:10:47+08:00,confirmed
2003-08-07,30.309999465942383,28.334999084472656,1.0697017979630714,Derived from Yahoo Finance QQQ and RSP,QQQ/RSP,2026-09-11T22:10:47+08:00,confirmed
2003-08-08,30.06999969482422,28.440000534057617,1.057313612171513,Derived from Yahoo Finance QQQ and RSP,QQQ/RSP,2026-09-11T22:10:47+08:00,confirmed
2003-08-11,30.39999961853028,28.55500030517578,1.0646121272504445,Derived from Yahoo Finance QQQ and RSP,QQQ/RSP,2026-09-11T22:10:47+08:00,confirmed
2003-08-12,30.86000061035156,28.82749938964844,1.0705056374550808,Derived from Yahoo Finance QQQ and RSP,QQQ/RSP,2026-09-11T22:10:47+08:00,confirmed
2003-08-13,30.8700008392334,28.77499961853028,1.0728062988176026,Derived from Yahoo Finance QQQ and RSP,QQQ/RSP,2026-09-11T22:10:47+08:00,confirmed
2003-08-14,30.89999961853028,29.07749938964844,1.0626773370178677,Derived from Yahoo Finance QQQ and RSP,QQQ/RSP,2026-09-11T22:10:47+08:00,confirmed
2003-08-15,31.170000076293945,29.13999938964844,1.0696637175416905,Derived from Yahoo Finance QQQ and RSP,QQQ/RSP,2026-09-11T22:10:47+08:00,confirmed
2003-08-18,31.96999931335449,29.475000381469727,1.0846479694518787,Derived from Yahoo Finance QQQ and RSP,QQQ/RSP,2026-09-11T22:10:47+08:00,confirmed
2003-08-19,32.369998931884766,29.65999984741211,1.0913688165345392,Derived from Yahoo Finance QQQ and RSP,QQQ/RSP,2026-09-11T22:10:47+08:00,confirmed
2003-08-20,32.290000915527344,29.67250061035156,1.088213000297745,Derived from Yahoo Finance QQQ and RSP,QQQ/RSP,2026-09-11T22:10:47+08:00,confirmed
2003-08-21,32.63999938964844,29.917499542236328,1.0910002469814897,Derived from Yahoo Finance QQQ and RSP,QQQ/RSP,2026-09-11T22:10:47+08:00,confirmed
2003-08-22,32.439998626708984,29.58749961853028,1.0964089242063637,Derived from Yahoo Finance QQQ and RSP,QQQ/RSP,2026-09-11T22:10:47+08:00,confirmed
2003-08-25,32.5099983215332,29.530000686645508,1.1009142419774935,Derived from Yahoo Finance QQQ and RSP,QQQ/RSP,2026-09-11T22:10:47+08:00,confirmed
2003-08-26,32.540000915527344,29.64249992370605,1.0977481993515692,Derived from Yahoo Finance QQQ and RSP,QQQ/RSP,2026-09-11T22:10:47+08:00,confirmed
2003-08-27,32.79999923706055,29.737499237060547,1.1029844498888912,Derived from Yahoo Finance QQQ and RSP,QQQ/RSP,2026-09-11T22:10:47+08:00,confirmed
2003-08-28,33.09000015258789,29.99250030517578,1.103275812816365,Derived from Yahoo Finance QQQ and RSP,QQQ/RSP,2026-09-11T22:10:47+08:00,confirmed
2003-08-29,33.38999938964844,30.167499542236328,1.1068202501470303,Derived from Yahoo Finance QQQ and RSP,QQQ/RSP,2026-09-11T22:10:47+08:00,confirmed
2003-09-02,33.869998931884766,30.61000061035156,1.1065010864596572,Derived from Yahoo Finance QQQ and RSP,QQQ/RSP,2026-09-11T22:10:47+08:00,confirmed
2003-09-03,33.849998474121094,30.6875,1.103054940093559,Derived from Yahoo Finance QQQ and RSP,QQQ/RSP,2026-09-11T22:10:47+08:00,confirmed
2003-09-04,34.15999984741211,30.71249961853028,1.112250721097341,Derived from Yahoo Finance QQQ and RSP,QQQ/RSP,2026-09-11T22:10:47+08:00,confirmed
2003-09-05,33.939998626708984,30.59000015258789,1.1095128622886812,Derived from Yahoo Finance QQQ and RSP,QQQ/RSP,2026-09-11T22:10:47+08:00,confirmed
2003-09-08,34.5,30.83749961853028,1.118767747929502,Derived from Yahoo Finance QQQ and RSP,QQQ/RSP,2026-09-11T22:10:47+08:00,confirmed
2003-09-09,34.09000015258789,30.56999969482422,1.1151455836736446,Derived from Yahoo Finance QQQ and RSP,QQQ/RSP,2026-09-11T22:10:47+08:00,confirmed
2003-09-10,33.27000045776367,30.02499961853028,1.108076632155249,Derived from Yahoo Finance QQQ and RSP,QQQ/RSP,2026-09-11T22:10:47+08:00,confirmed
2003-09-11,33.63999938964844,30.232500076293945,1.1127098091376968,Derived from Yahoo Finance QQQ and RSP,QQQ/RSP,2026-09-11T22:10:47+08:00,confirmed
2003-09-12,33.81999969482422,30.3174991607666,1.1155273565106631,Derived from Yahoo Finance QQQ and RSP,QQQ/RSP,2026-09-11T22:10:47+08:00,confirmed
2003-09-15,33.4900016784668,30.232500076293945,1.1077483368544547,Derived from Yahoo Finance QQQ and RSP,QQQ/RSP,2026-09-11T22:10:47+08:00,confirmed
2003-09-16,34.400001525878906,30.662500381469727,1.1218915971597627,Derived from Yahoo Finance QQQ and RSP,QQQ/RSP,2026-09-11T22:10:47+08:00,confirmed
2003-09-17,34.2599983215332,30.600000381469727,1.1196077743279977,Derived from Yahoo Finance QQQ and RSP,QQQ/RSP,2026-09-11T22:10:47+08:00,confirmed
2003-09-18,34.779998779296875,30.96249961853028,1.1232942820443965,Derived from Yahoo Finance QQQ and RSP,QQQ/RSP,2026-09-11T22:10:47+08:00,confirmed
2003-09-19,34.58000183105469,30.802499771118164,1.1226362174500681,Derived from Yahoo Finance QQQ and RSP,QQQ/RSP,2026-09-11T22:10:47+08:00,confirmed
2003-09-22,33.91999816894531,30.38500022888184,1.1163402308189998,Derived from Yahoo Finance QQQ and RSP,QQQ/RSP,2026-09-11T22:10:47+08:00,confirmed
2003-09-23,34.52000045776367,30.607500076293945,1.127828158840716,Derived from Yahoo Finance QQQ and RSP,QQQ/RSP,2026-09-11T22:10:47+08:00,confirmed
2003-09-24,33.220001220703125,30.104999542236328,1.1034712415157673,Derived from Yahoo Finance QQQ and RSP,QQQ/RSP,2026-09-11T22:10:47+08:00,confirmed
2003-09-25,32.790000915527344,29.770000457763672,1.1014444209380618,Derived from Yahoo Finance QQQ and RSP,QQQ/RSP,2026-09-11T22:10:47+08:00,confirmed
2003-09-26,32.58000183105469,29.530000686645508,1.103284831476096,Derived from Yahoo Finance QQQ and RSP,QQQ/RSP,2026-09-11T22:10:47+08:00,confirmed
2003-09-29,33.13999938964844,29.709999084472656,1.1154493574847804,Derived from Yahoo Finance QQQ and RSP,QQQ/RSP,2026-09-11T22:10:47+08:00,confirmed
2003-09-30,32.41999816894531,29.57250022888184,1.0962887114050126,Derived from Yahoo Finance QQQ and RSP,QQQ/RSP,2026-09-11T22:10:47+08:00,confirmed
2003-10-01,33.150001525878906,30.09499931335449,1.1015119548837728,Derived from Yahoo Finance QQQ and RSP,QQQ/RSP,2026-09-11T22:10:47+08:00,confirmed
2003-10-02,33.2599983215332,30.25,1.0995040767448994,Derived from Yahoo Finance QQQ and RSP,QQQ/RSP,2026-09-11T22:10:47+08:00,confirmed
2003-10-03,34.189998626708984,30.604999542236328,1.1171376944320874,Derived from Yahoo Finance QQQ and RSP,QQQ/RSP,2026-09-11T22:10:47+08:00,confirmed
2003-10-06,34.439998626708984,30.792499542236328,1.118454141063462,Derived from Yahoo Finance QQQ and RSP,QQQ/RSP,2026-09-11T22:10:47+08:00,confirmed
2003-10-07,34.650001525878906,30.9424991607666,1.1198190988339176,Derived from Yahoo Finance QQQ and RSP,QQQ/RSP,2026-09-11T22:10:47+08:00,confirmed
2003-10-08,34.43000030517578,30.857500076293945,1.1157741301158217,Derived from Yahoo Finance QQQ and RSP,QQQ/RSP,2026-09-11T22:10:47+08:00,confirmed
2003-10-09,34.689998626708984,31.049999237060547,1.1172302569754597,Derived from Yahoo Finance QQQ and RSP,QQQ/RSP,2026-09-11T22:10:47+08:00,confirmed
2003-10-10,35.0099983215332,31.02499961853028,1.128444762352964,Derived from Yahoo Finance QQQ and RSP,QQQ/RSP,2026-09-11T22:10:47+08:00,confirmed
2003-10-13,35.2400016784668,31.33749961853028,1.124531379575316,Derived from Yahoo Finance QQQ and RSP,QQQ/RSP,2026-09-11T22:10:47+08:00,confirmed
2003-10-14,35.33000183105469,31.450000762939453,1.1233704602222907,Derived from Yahoo Finance QQQ and RSP,QQQ/RSP,2026-09-11T22:10:47+08:00,confirmed
2003-10-15,35.18000030517578,31.357500076293945,1.1219006687261917,Derived from Yahoo Finance QQQ and RSP,QQQ/RSP,2026-09-11T22:10:47+08:00,confirmed
2003-10-16,35.459999084472656,31.40749931335449,1.1290296858940005,Derived from Yahoo Finance QQQ and RSP,QQQ/RSP,2026-09-11T22:10:47+08:00,confirmed
2003-10-17,34.61000061035156,31.03499984741211,1.11519254971859,Derived from Yahoo Finance QQQ and RSP,QQQ/RSP,2026-09-11T22:10:47+08:00,confirmed
2003-10-20,35.040000915527344,31.14999961853028,1.1248796579337037,Derived from Yahoo Finance QQQ and RSP,QQQ/RSP,2026-09-11T22:10:47+08:00,confirmed
2003-10-21,35.25,31.207500457763672,1.1295361526216257,Derived from Yahoo Finance QQQ and RSP,QQQ/RSP,2026-09-11T22:10:47+08:00,confirmed
2003-10-22,34.56999969482422,30.75,1.124227632352007,Derived from Yahoo Finance QQQ and RSP,QQQ/RSP,2026-09-11T22:10:47+08:00,confirmed
2003-10-23,34.16999816894531,30.77499961853028,1.110316769861821,Derived from Yahoo Finance QQQ and RSP,QQQ/RSP,2026-09-11T22:10:47+08:00,confirmed
2003-10-24,34.20000076293945,30.625,1.1167347187898597,Derived from Yahoo Finance QQQ and RSP,QQQ/RSP,2026-09-11T22:10:47+08:00,confirmed
2003-10-27,34.209999084472656,30.825000762939453,1.1098134059287015,Derived from Yahoo Finance QQQ and RSP,QQQ/RSP,2026-09-11T22:10:47+08:00,confirmed
2003-10-28,35.36000061035156,31.33749961853028,1.1283606235592174,Derived from Yahoo Finance QQQ and RSP,QQQ/RSP,2026-09-11T22:10:47+08:00,confirmed
2003-10-29,35.31999969482422,31.457500457763672,1.122784683488967,Derived from Yahoo Finance QQQ and RSP,QQQ/RSP,2026-09-11T22:10:47+08:00,confirmed
2003-10-30,35.38999938964844,31.612499237060547,1.119493878805994,Derived from Yahoo Finance QQQ and RSP,QQQ/RSP,2026-09-11T22:10:47+08:00,confirmed
2003-10-31,35.18000030517578,31.6200008392334,1.112586950393917,Derived from Yahoo Finance QQQ and RSP,QQQ/RSP,2026-09-11T22:10:47+08:00,confirmed
2003-11-03,35.7599983215332,31.88999938964844,1.1213546254610771,Derived from Yahoo Finance QQQ and RSP,QQQ/RSP,2026-09-11T22:10:47+08:00,confirmed
2003-11-04,35.52000045776367,31.75,1.1187401718980685,Derived from Yahoo Finance QQQ and RSP,QQQ/RSP,2026-09-11T22:10:47+08:00,confirmed
2003-11-05,35.84000015258789,31.795000076293945,1.1272212632988752,Derived from Yahoo Finance QQQ and RSP,QQQ/RSP,2026-09-11T22:10:47+08:00,confirmed
2003-11-06,35.939998626708984,31.987499237060547,1.1235638760115731,Derived from Yahoo Finance QQQ and RSP,QQQ/RSP,2026-09-11T22:10:47+08:00,confirmed
2003-11-07,35.630001068115234,31.934999465942383,1.1157038253942495,Derived from Yahoo Finance QQQ and RSP,QQQ/RSP,2026-09-11T22:10:47+08:00,confirmed
2003-11-10,35.189998626708984,31.604999542236328,1.1134313917543879,Derived from Yahoo Finance QQQ and RSP,QQQ/RSP,2026-09-11T22:10:47+08:00,confirmed
2003-11-11,35.060001373291016,31.59749984741211,1.1095815030492828,Derived from Yahoo Finance QQQ and RSP,QQQ/RSP,2026-09-11T22:10:47+08:00,confirmed
2003-11-12,35.810001373291016,32.040000915527344,1.1176654291522394,Derived from Yahoo Finance QQQ and RSP,QQQ/RSP,2026-09-11T22:10:47+08:00,confirmed
2003-11-13,35.77000045776367,32.11249923706055,1.1138964984849904,Derived from Yahoo Finance QQQ and RSP,QQQ/RSP,2026-09-11T22:10:47+08:00,confirmed
2003-11-14,35.040000915527344,31.787500381469727,1.1023201099496844,Derived from Yahoo Finance QQQ and RSP,QQQ/RSP,2026-09-11T22:10:47+08:00,confirmed
2003-11-17,34.68000030517578,31.482500076293945,1.1015643681770217,Derived from Yahoo Finance QQQ and RSP,QQQ/RSP,2026-09-11T22:10:47+08:00,confirmed
2003-11-18,33.880001068115234,31.165000915527344,1.0871169604630173,Derived from Yahoo Finance QQQ and RSP,QQQ/RSP,2026-09-11T22:10:47+08:00,confirmed
2003-11-19,34.209999084472656,31.352500915527344,1.0911409962683434,Derived from Yahoo Finance QQQ and RSP,QQQ/RSP,2026-09-11T22:10:47+08:00,confirmed
2003-11-20,33.880001068115234,31.137500762939453,1.0880770851217438,Derived from Yahoo Finance QQQ and RSP,QQQ/RSP,2026-09-11T22:10:47+08:00,confirmed
2003-11-21,34.22999954223633,31.272499084472656,1.0945719256326438,Derived from Yahoo Finance QQQ and RSP,QQQ/RSP,2026-09-11T22:10:47+08:00,confirmed
2003-11-24,35.18000030517578,31.862499237060547,1.1041192984716188,Derived from Yahoo Finance QQQ and RSP,QQQ/RSP,2026-09-11T22:10:47+08:00,confirmed
2003-11-25,35.18000030517578,32.064998626708984,1.0971464778380533,Derived from Yahoo Finance QQQ and RSP,QQQ/RSP,2026-09-11T22:10:47+08:00,confirmed
2003-11-26,35.34000015258789,32.20750045776367,1.0972599441217776,Derived from Yahoo Finance QQQ and RSP,QQQ/RSP,2026-09-11T22:10:47+08:00,confirmed
2003-11-28,35.380001068115234,32.287498474121094,1.0957801855251446,Derived from Yahoo Finance QQQ and RSP,QQQ/RSP,2026-09-11T22:10:47+08:00,confirmed
2003-12-01,35.900001525878906,32.66999816894531,1.0988675707978428,Derived from Yahoo Finance QQQ and RSP,QQQ/RSP,2026-09-11T22:10:47+08:00,confirmed
2003-12-02,35.70000076293945,32.54999923706055,1.0967742426946787,Derived from Yahoo Finance QQQ and RSP,QQQ/RSP,2026-09-11T22:10:47+08:00,confirmed
2003-12-03,35.25,32.51250076293945,1.0841983597946112,Derived from Yahoo Finance QQQ and RSP,QQQ/RSP,2026-09-11T22:10:47+08:00,confirmed
2003-12-04,35.630001068115234,32.4900016784668,1.0966450977972562,Derived from Yahoo Finance QQQ and RSP,QQQ/RSP,2026-09-11T22:10:47+08:00,confirmed
2003-12-05,35.040000915527344,32.26250076293945,1.086090665227615,Derived from Yahoo Finance QQQ and RSP,QQQ/RSP,2026-09-11T22:10:47+08:00,confirmed
2003-12-08,35.2400016784668,32.5,1.0843077439528246,Derived from Yahoo Finance QQQ and RSP,QQQ/RSP,2026-09-11T22:10:47+08:00,confirmed
2003-12-09,34.43000030517578,32.209999084472656,1.0689227346725791,Derived from Yahoo Finance QQQ and RSP,QQQ/RSP,2026-09-11T22:10:47+08:00,confirmed
2003-12-10,34.560001373291016,31.959999084472656,1.0813517635575132,Derived from Yahoo Finance QQQ and RSP,QQQ/RSP,2026-09-11T22:10:47+08:00,confirmed
2003-12-11,35.29999923706055,32.525001525878906,1.0853189110221464,Derived from Yahoo Finance QQQ and RSP,QQQ/RSP,2026-09-11T22:10:47+08:00,confirmed
2003-12-12,35.2400016784668,32.650001525878906,1.079326187796194,Derived from Yahoo Finance QQQ and RSP,QQQ/RSP,2026-09-11T22:10:47+08:00,confirmed
2003-12-15,34.779998779296875,32.38750076293945,1.0738710292550613,Derived from Yahoo Finance QQQ and RSP,QQQ/RSP,2026-09-11T22:10:47+08:00,confirmed
2003-12-16,34.849998474121094,32.494998931884766,1.0724726764008463,Derived from Yahoo Finance QQQ and RSP,QQQ/RSP,2026-09-11T22:10:47+08:00,confirmed
2003-12-17,34.90999984741211,32.592498779296875,1.071105351075056,Derived from Yahoo Finance QQQ and RSP,QQQ/RSP,2026-09-11T22:10:47+08:00,confirmed
2003-12-18,35.560001373291016,33.06999969482422,1.07529488060009,Derived from Yahoo Finance QQQ and RSP,QQQ/RSP,2026-09-11T22:10:47+08:00,confirmed
2003-12-19,35.459999084472656,33.00749969482422,1.0743012773558551,Derived from Yahoo Finance QQQ and RSP,QQQ/RSP,2026-09-11T22:10:47+08:00,confirmed
2003-12-22,35.56999969482422,33.14250183105469,1.0732442552509707,Derived from Yahoo Finance QQQ and RSP,QQQ/RSP,2026-09-11T22:10:47+08:00,confirmed
2003-12-23,35.84000015258789,33.36000061035156,1.0743405124958778,Derived from Yahoo Finance QQQ and RSP,QQQ/RSP,2026-09-11T22:10:47+08:00,confirmed
2003-12-24,35.900001525878906,33.29750061035156,1.0781590470102214,Derived from Yahoo Finance QQQ and RSP,QQQ/RSP,2026-09-11T22:10:47+08:00,confirmed
2003-12-26,35.849998474121094,33.377498626708984,1.0740768466524209,Derived from Yahoo Finance QQQ and RSP,QQQ/RSP,2026-09-11T22:10:47+08:00,confirmed
2003-12-29,36.43999862670898,33.775001525878906,1.0789044257714722,Derived from Yahoo Finance QQQ and RSP,QQQ/RSP,2026-09-11T22:10:47+08:00,confirmed
2003-12-30,36.560001373291016,33.81999969482422,1.0810171999760876,Derived from Yahoo Finance QQQ and RSP,QQQ/RSP,2026-09-11T22:10:47+08:00,confirmed
2003-12-31,36.459999084472656,33.86249923706055,1.0767072692782609,Derived from Yahoo Finance QQQ and RSP,QQQ/RSP,2026-09-11T22:10:47+08:00,confirmed
2004-01-02,36.36000061035156,33.70249938964844,1.0788517548796206,Derived from Yahoo Finance QQQ and RSP,QQQ/RSP,2026-09-11T22:10:47+08:00,confirmed
2004-01-05,37.09000015258789,34.125,1.0868864513578869,Derived from Yahoo Finance QQQ and RSP,QQQ/RSP,2026-09-11T22:10:47+08:00,confirmed
2004-01-06,37.34000015258789,34.19499969482422,1.0919725248086405,Derived from Yahoo Finance QQQ and RSP,QQQ/RSP,2026-09-11T22:10:47+08:00,confirmed
2004-01-07,37.68000030517578,34.21500015258789,1.1012713762132136,Derived from Yahoo Finance QQQ and RSP,QQQ/RSP,2026-09-11T22:10:47+08:00,confirmed
2004-01-08,37.97999954223633,34.474998474121094,1.101667910754116,Derived from Yahoo Finance QQQ and RSP,QQQ/RSP,2026-09-11T22:10:47+08:00,confirmed
2004-01-09,37.72999954223633,34.29249954223633,1.100240578723817,Derived from Yahoo Finance QQQ and RSP,QQQ/RSP,2026-09-11T22:10:47+08:00,confirmed
2004-01-12,38.33000183105469,34.5,1.1110145458276721,Derived from Yahoo Finance QQQ and RSP,QQQ/RSP,2026-09-11T22:10:47+08:00,confirmed
2004-01-13,37.95000076293945,34.310001373291016,1.1060914964719888,Derived from Yahoo Finance QQQ and RSP,QQQ/RSP,2026-09-11T22:10:47+08:00,confirmed
2004-01-14,38.08000183105469,34.619998931884766,1.099942316751006,Derived from Yahoo Finance QQQ and RSP,QQQ/RSP,2026-09-11T22:10:47+08:00,confirmed
2004-01-15,38.18000030517578,34.71500015258789,1.0998127650110232,Derived from Yahoo Finance QQQ and RSP,QQQ/RSP,2026-09-11T22:10:47+08:00,confirmed
2004-01-16,38.56999969482422,35.037498474121094,1.100820588641973,Derived from Yahoo Finance QQQ and RSP,QQQ/RSP,2026-09-11T22:10:47+08:00,confirmed
2004-01-20,38.540000915527344,35.10749816894531,1.0977712148574086,Derived from Yahoo Finance QQQ and RSP,QQQ/RSP,2026-09-11T22:10:47+08:00,confirmed
2004-01-21,38.380001068115234,35.25749969482422,1.0885627568692682,Derived from Yahoo Finance QQQ and RSP,QQQ/RSP,2026-09-11T22:10:47+08:00,confirmed
2004-01-22,38.150001525878906,35.122501373291016,1.0861983069033392,Derived from Yahoo Finance QQQ and RSP,QQQ/RSP,2026-09-11T22:10:47+08:00,confirmed
2004-01-23,38.0099983215332,35.037498474121094,1.0848376732604816,Derived from Yahoo Finance QQQ and RSP,QQQ/RSP,2026-09-11T22:10:47+08:00,confirmed
2004-01-26,38.59000015258789,35.349998474121094,1.0916549312113473,Derived from Yahoo Finance QQQ and RSP,QQQ/RSP,2026-09-11T22:10:47+08:00,confirmed
2004-01-27,37.7400016784668,35.07749938964844,1.075903423423737,Derived from Yahoo Finance QQQ and RSP,QQQ/RSP,2026-09-11T22:10:47+08:00,confirmed
2004-01-28,37.09999847412109,34.61249923706055,1.0718670795779204,Derived from Yahoo Finance QQQ and RSP,QQQ/RSP,2026-09-11T22:10:47+08:00,confirmed
2004-01-29,37.2400016784668,34.619998931884766,1.0756788800524493,Derived from Yahoo Finance QQQ and RSP,QQQ/RSP,2026-09-11T22:10:47+08:00,confirmed
2004-01-30,37.06999969482422,34.665000915527344,1.0693782984502855,Derived from Yahoo Finance QQQ and RSP,QQQ/RSP,2026-09-11T22:10:47+08:00,confirmed
2004-02-02,36.970001220703125,34.70249938964844,1.0653411676661846,Derived from Yahoo Finance QQQ and RSP,QQQ/RSP,2026-09-11T22:10:47+08:00,confirmed
2004-02-03,36.93000030517578,34.712501525878906,1.0638818489541493,Derived from Yahoo Finance QQQ and RSP,QQQ/RSP,2026-09-11T22:10:47+08:00,confirmed
2004-02-04,36.33000183105469,34.342498779296875,1.0578729889321847,Derived from Yahoo Finance QQQ and RSP,QQQ/RSP,2026-09-11T22:10:47+08:00,confirmed
2004-02-05,36.470001220703125,34.435001373291016,1.0590968423480456,Derived from Yahoo Finance QQQ and RSP,QQQ/RSP,2026-09-11T22:10:47+08:00,confirmed
2004-02-06,37.130001068115234,34.95750045776367,1.0621469093013793,Derived from Yahoo Finance QQQ and RSP,QQQ/RSP,2026-09-11T22:10:47+08:00,confirmed
2004-02-09,37.119998931884766,34.98749923706055,1.0609503320135942,Derived from Yahoo Finance QQQ and RSP,QQQ/RSP,2026-09-11T22:10:47+08:00,confirmed
2004-02-10,37.18000030517578,35.14250183105469,1.057978185045454,Derived from Yahoo Finance QQQ and RSP,QQQ/RSP,2026-09-11T22:10:47+08:00,confirmed
2004-02-11,37.58000183105469,35.567501068115234,1.05658257404942,Derived from Yahoo Finance QQQ and RSP,QQQ/RSP,2026-09-11T22:10:47+08:00,confirmed
2004-02-12,37.25,35.462501525878906,1.0504053125755006,Derived from Yahoo Finance QQQ and RSP,QQQ/RSP,2026-09-11T22:10:47+08:00,confirmed
2004-02-13,36.93999862670898,35.224998474121094,1.0486870185061286,Derived from Yahoo Finance QQQ and RSP,QQQ/RSP,2026-09-11T22:10:47+08:00,confirmed
2004-02-17,37.43999862670898,35.61750030517578,1.0511686195246093,Derived from Yahoo Finance QQQ and RSP,QQQ/RSP,2026-09-11T22:10:47+08:00,confirmed
2004-02-18,37.54999923706055,35.49250030517578,1.0579699630680774,Derived from Yahoo Finance QQQ and RSP,QQQ/RSP,2026-09-11T22:10:47+08:00,confirmed
2004-02-19,36.97999954223633,35.272499084472656,1.0484088313015318,Derived from Yahoo Finance QQQ and RSP,QQQ/RSP,2026-09-11T22:10:47+08:00,confirmed
2004-02-20,36.86000061035156,35.122501373291016,1.0494696894903344,Derived from Yahoo Finance QQQ and RSP,QQQ/RSP,2026-09-11T22:10:47+08:00,confirmed
2004-02-23,36.45000076293945,34.900001525878906,1.0444125836473446,Derived from Yahoo Finance QQQ and RSP,QQQ/RSP,2026-09-11T22:10:47+08:00,confirmed
2004-02-24,36.36000061035156,34.807498931884766,1.0446025059572626,Derived from Yahoo Finance QQQ and RSP,QQQ/RSP,2026-09-11T22:10:47+08:00,confirmed
2004-02-25,36.58000183105469,35.057498931884766,1.043428736948066,Derived from Yahoo Finance QQQ and RSP,QQQ/RSP,2026-09-11T22:10:47+08:00,confirmed
2004-02-26,36.66999816894531,35.20500183105469,1.0416133009996988,Derived from Yahoo Finance QQQ and RSP,QQQ/RSP,2026-09-11T22:10:47+08:00,confirmed
2004-02-27,36.56999969482422,35.32500076293945,1.0352441303608104,Derived from Yahoo Finance QQQ and RSP,QQQ/RSP,2026-09-11T22:10:47+08:00,confirmed
2004-03-01,37.04999923706055,35.76750183105469,1.0358564993457928,Derived from Yahoo Finance QQQ and RSP,QQQ/RSP,2026-09-11T22:10:47+08:00,confirmed
2004-03-02,36.619998931884766,35.625,1.0279297945792214,Derived from Yahoo Finance QQQ and RSP,QQQ/RSP,2026-09-11T22:10:47+08:00,confirmed
2004-03-03,36.41999816894531,35.63999938964844,1.0218854880093915,Derived from Yahoo Finance QQQ and RSP,QQQ/RSP,2026-09-11T22:10:47+08:00,confirmed
2004-03-04,36.7599983215332,35.775001525878906,1.027533102827173,Derived from Yahoo Finance QQQ and RSP,QQQ/RSP,2026-09-11T22:10:47+08:00,confirmed
2004-03-05,36.630001068115234,35.90999984741211,1.0200501593918836,Derived from Yahoo Finance QQQ and RSP,QQQ/RSP,2026-09-11T22:10:47+08:00,confirmed
2004-03-08,35.77000045776367,35.5,1.0076056466975682,Derived from Yahoo Finance QQQ and RSP,QQQ/RSP,2026-09-11T22:10:47+08:00,confirmed
2004-03-09,35.65999984741211,35.212501525878906,1.012708506983076,Derived from Yahoo Finance QQQ and RSP,QQQ/RSP,2026-09-11T22:10:47+08:00,confirmed
2004-03-10,35.189998626708984,34.66749954223633,1.015071726873064,Derived from Yahoo Finance QQQ and RSP,QQQ/RSP,2026-09-11T22:10:47+08:00,confirmed
2004-03-11,34.869998931884766,34.09000015258789,1.0228805742389433,Derived from Yahoo Finance QQQ and RSP,QQQ/RSP,2026-09-11T22:10:47+08:00,confirmed
2004-03-12,35.5099983215332,34.599998474121094,1.026300574784497,Derived from Yahoo Finance QQQ and RSP,QQQ/RSP,2026-09-11T22:10:47+08:00,confirmed
2004-03-15,34.88999938964844,34.0625,1.0242935600630734,Derived from Yahoo Finance QQQ and RSP,QQQ/RSP,2026-09-11T22:10:47+08:00,confirmed
2004-03-16,34.95000076293945,34.23249816894531,1.0209596912984,Derived from Yahoo Finance QQQ and RSP,QQQ/RSP,2026-09-11T22:10:47+08:00,confirmed
2004-03-17,35.5,34.76250076293945,1.0212153677346136,Derived from Yahoo Finance QQQ and RSP,QQQ/RSP,2026-09-11T22:10:47+08:00,confirmed
2004-03-18,35.34000015258789,34.75,1.0169784216572055,Derived from Yahoo Finance QQQ and RSP,QQQ/RSP,2026-09-11T22:10:47+08:00,confirmed
2004-03-19,34.75,34.349998474121094,1.0116448775443254,Derived from Yahoo Finance QQQ and RSP,QQQ/RSP,2026-09-11T22:10:47+08:00,confirmed
2004-03-22,34.310001373291016,33.79499816894531,1.0152390363145203,Derived from Yahoo Finance QQQ and RSP,QQQ/RSP,2026-09-11T22:10:47+08:00,confirmed
2004-03-23,34.029998779296875,33.79750061035156,1.006879152740487,Derived from Yahoo Finance QQQ and RSP,QQQ/RSP,2026-09-11T22:10:47+08:00,confirmed
2004-03-24,34.41999816894531,33.70500183105469,1.021213360007352,Derived from Yahoo Finance QQQ and RSP,QQQ/RSP,2026-09-11T22:10:47+08:00,confirmed
2004-03-25,35.34000015258789,34.275001525878906,1.0310721686155104,Derived from Yahoo Finance QQQ and RSP,QQQ/RSP,2026-09-11T22:10:47+08:00,confirmed
2004-03-26,35.220001220703125,34.345001220703125,1.025476778829536,Derived from Yahoo Finance QQQ and RSP,QQQ/RSP,2026-09-11T22:10:47+08:00,confirmed
2004-03-29,35.790000915527344,34.68000030517578,1.0320069377330974,Derived from Yahoo Finance QQQ and RSP,QQQ/RSP,2026-09-11T22:10:47+08:00,confirmed
2004-03-30,35.90999984741211,34.94499969482422,1.027614827901424,Derived from Yahoo Finance QQQ and RSP,QQQ/RSP,2026-09-11T22:10:47+08:00,confirmed
2004-03-31,35.84000015258789,35.0,1.024000004359654,Derived from Yahoo Finance QQQ and RSP,QQQ/RSP,2026-09-11T22:10:47+08:00,confirmed
2004-04-01,36.15999984741211,35.21500015258789,1.0268351466911685,Derived from Yahoo Finance QQQ and RSP,QQQ/RSP,2026-09-11T22:10:47+08:00,confirmed
2004-04-02,37.09999847412109,35.61249923706055,1.041769021240513,Derived from Yahoo Finance QQQ and RSP,QQQ/RSP,2026-09-11T22:10:47+08:00,confirmed
2004-04-05,37.45000076293945,35.81999969482422,1.0455053345059286,Derived from Yahoo Finance QQQ and RSP,QQQ/RSP,2026-09-11T22:10:47+08:00,confirmed
2004-04-06,36.97999954223633,35.747501373291016,1.0344778829735546,Derived from Yahoo Finance QQQ and RSP,QQQ/RSP,2026-09-11T22:10:47+08:00,confirmed
2004-04-07,36.93999862670898,35.5625,1.0387345835278448,Derived from Yahoo Finance QQQ and RSP,QQQ/RSP,2026-09-11T22:10:47+08:00,confirmed
2004-04-08,36.93999862670898,35.525001525878906,1.039831021535616,Derived from Yahoo Finance QQQ and RSP,QQQ/RSP,2026-09-11T22:10:47+08:00,confirmed
2004-04-12,37.16999816894531,35.63999938964844,1.042929259413547,Derived from Yahoo Finance QQQ and RSP,QQQ/RSP,2026-09-11T22:10:47+08:00,confirmed
2004-04-13,36.630001068115234,35.095001220703125,1.0437384184077643,Derived from Yahoo Finance QQQ and RSP,QQQ/RSP,2026-09-11T22:10:47+08:00,confirmed
2004-04-14,36.810001373291016,34.875,1.055483910345262,Derived from Yahoo Finance QQQ and RSP,QQQ/RSP,2026-09-11T22:10:47+08:00,confirmed
2004-04-15,36.150001525878906,34.9474983215332,1.0344088493339958,Derived from Yahoo Finance QQQ and RSP,QQQ/RSP,2026-09-11T22:10:47+08:00,confirmed
2004-04-16,36.09000015258789,35.17499923706055,1.0260128197689709,Derived from Yahoo Finance QQQ and RSP,QQQ/RSP,2026-09-11T22:10:47+08:00,confirmed
2004-04-19,36.52999877929688,35.17499923706055,1.038521665149283,Derived from Yahoo Finance QQQ and RSP,QQQ/RSP,2026-09-11T22:10:47+08:00,confirmed
2004-04-20,35.68000030517578,34.65999984741211,1.0294287496322603,Derived from Yahoo Finance QQQ and RSP,QQQ/RSP,2026-09-11T22:10:47+08:00,confirmed
2004-04-21,35.9900016784668,34.875,1.0319713742929548,Derived from Yahoo Finance QQQ and RSP,QQQ/RSP,2026-09-11T22:10:47+08:00,confirmed
2004-04-22,36.91999816894531,35.53499984741211,1.038975610735343,Derived from Yahoo Finance QQQ and RSP,QQQ/RSP,2026-09-11T22:10:47+08:00,confirmed
2004-04-23,37.209999084472656,35.44499969482422,1.0497954409604966,Derived from Yahoo Finance QQQ and RSP,QQQ/RSP,2026-09-11T22:10:47+08:00,confirmed
2004-04-26,36.93999862670898,35.209999084472656,1.0491337570922925,Derived from Yahoo Finance QQQ and RSP,QQQ/RSP,2026-09-11T22:10:47+08:00,confirmed
2004-04-27,36.869998931884766,35.26499938964844,1.0455125356590096,Derived from Yahoo Finance QQQ and RSP,QQQ/RSP,2026-09-11T22:10:47+08:00,confirmed
2004-04-28,36.20000076293945,34.73749923706055,1.042101520201506,Derived from Yahoo Finance QQQ and RSP,QQQ/RSP,2026-09-11T22:10:47+08:00,confirmed
2004-04-29,35.63999938964844,34.337501525878906,1.0379322258722838,Derived from Yahoo Finance QQQ and RSP,QQQ/RSP,2026-09-11T22:10:47+08:00,confirmed
2004-04-30,34.77000045776367,34.17499923706055,1.0174104238181778,Derived from Yahoo Finance QQQ and RSP,QQQ/RSP,2026-09-11T22:10:47+08:00,confirmed
2004-05-03,35.099998474121094,34.400001525878906,1.0203487475928041,Derived from Yahoo Finance QQQ and RSP,QQQ/RSP,2026-09-11T22:10:47+08:00,confirmed
2004-05-04,35.25,34.5,1.0217391304347827,Derived from Yahoo Finance QQQ and RSP,QQQ/RSP,2026-09-11T22:10:47+08:00,confirmed
2004-05-05,35.529998779296875,34.602500915527344,1.0268043592003298,Derived from Yahoo Finance QQQ and RSP,QQQ/RSP,2026-09-11T22:10:47+08:00,confirmed
2004-05-06,35.2599983215332,34.26250076293945,1.029113390335848,Derived from Yahoo Finance QQQ and RSP,QQQ/RSP,2026-09-11T22:10:47+08:00,confirmed
2004-05-07,34.970001220703125,33.65250015258789,1.039150168996104,Derived from Yahoo Finance QQQ and RSP,QQQ/RSP,2026-09-11T22:10:47+08:00,confirmed
2004-05-10,34.66999816894531,33.150001525878906,1.0458520836531426,Derived from Yahoo Finance QQQ and RSP,QQQ/RSP,2026-09-11T22:10:47+08:00,confirmed
2004-05-11,35.189998626708984,33.525001525878906,1.0496643407918957,Derived from Yahoo Finance QQQ and RSP,QQQ/RSP,2026-09-11T22:10:47+08:00,confirmed
2004-05-12,35.2599983215332,33.540000915527344,1.0512819725419145,Derived from Yahoo Finance QQQ and RSP,QQQ/RSP,2026-09-11T22:10:47+08:00,confirmed
2004-05-13,35.0099983215332,33.665000915527344,1.0399523947550378,Derived from Yahoo Finance QQQ and RSP,QQQ/RSP,2026-09-11T22:10:47+08:00,confirmed
2004-05-14,34.75,33.58250045776367,1.034765116543501,Derived from Yahoo Finance QQQ and RSP,QQQ/RSP,2026-09-11T22:10:47+08:00,confirmed
2004-05-17,34.41999816894531,33.15999984741211,1.0379975370123995,Derived from Yahoo Finance QQQ and RSP,QQQ/RSP,2026-09-11T22:10:47+08:00,confirmed
2004-05-18,34.72999954223633,33.48249816894531,1.0372583122978578,Derived from Yahoo Finance QQQ and RSP,QQQ/RSP,2026-09-11T22:10:47+08:00,confirmed
2004-05-19,34.689998626708984,33.415000915527344,1.03815644699232,Derived from Yahoo Finance QQQ and RSP,QQQ/RSP,2026-09-11T22:10:47+08:00,confirmed
2004-05-20,34.849998474121094,33.462501525878906,1.041464232647674,Derived from Yahoo Finance QQQ and RSP,QQQ/RSP,2026-09-11T22:10:47+08:00,confirmed
2004-05-21,35.02000045776367,33.540000915527344,1.044126401366649,Derived from Yahoo Finance QQQ and RSP,QQQ/RSP,2026-09-11T22:10:47+08:00,confirmed
2004-05-24,35.2599983215332,33.8125,1.0428095621895217,Derived from Yahoo Finance QQQ and RSP,QQQ/RSP,2026-09-11T22:10:47+08:00,confirmed
2004-05-25,35.959999084472656,34.41999816894531,1.044741458380343,Derived from Yahoo Finance QQQ and RSP,QQQ/RSP,2026-09-11T22:10:47+08:00,confirmed
2004-05-26,36.18999862670898,34.48749923706055,1.0493656956088864,Derived from Yahoo Finance QQQ and RSP,QQQ/RSP,2026-09-11T22:10:47+08:00,confirmed
2004-05-27,36.41999816894531,34.654998779296875,1.0509305858265636,Derived from Yahoo Finance QQQ and RSP,QQQ/RSP,2026-09-11T22:10:47+08:00,confirmed
2004-05-28,36.54999923706055,34.772499084472656,1.0511179868973415,Derived from Yahoo Finance QQQ and RSP,QQQ/RSP,2026-09-11T22:10:47+08:00,confirmed
2004-06-01,36.5,34.73249816894531,1.0508889922762605,Derived from Yahoo Finance QQQ and RSP,QQQ/RSP,2026-09-11T22:10:47+08:00,confirmed
2004-06-02,36.41999816894531,34.849998474121094,1.045050208423684,Derived from Yahoo Finance QQQ and RSP,QQQ/RSP,2026-09-11T22:10:47+08:00,confirmed
2004-06-03,35.97999954223633,34.5,1.0428985374561255,Derived from Yahoo Finance QQQ and RSP,QQQ/RSP,2026-09-11T22:10:47+08:00,confirmed
2004-06-04,36.18999862670898,34.71500015258789,1.0424887935370246,Derived from Yahoo Finance QQQ and RSP,QQQ/RSP,2026-09-11T22:10:47+08:00,confirmed
2004-06-07,37.04999923706055,35.375,1.0473498017543617,Derived from Yahoo Finance QQQ and RSP,QQQ/RSP,2026-09-11T22:10:47+08:00,confirmed
2004-06-08,37.09999847412109,35.36000061035156,1.049208083533238,Derived from Yahoo Finance QQQ and RSP,QQQ/RSP,2026-09-11T22:10:47+08:00,confirmed
2004-06-09,36.58000183105469,34.98500061035156,1.0455910016543257,Derived from Yahoo Finance QQQ and RSP,QQQ/RSP,2026-09-11T22:10:47+08:00,confirmed
2004-06-10,36.84000015258789,35.1349983215332,1.048527164152723,Derived from Yahoo Finance QQQ and RSP,QQQ/RSP,2026-09-11T22:10:47+08:00,confirmed
2004-06-14,36.31999969482422,34.724998474121094,1.045932362585755,Derived from Yahoo Finance QQQ and RSP,QQQ/RSP,2026-09-11T22:10:47+08:00,confirmed
2004-06-15,36.790000915527344,35.01750183105469,1.050617519577046,Derived from Yahoo Finance QQQ and RSP,QQQ/RSP,2026-09-11T22:10:47+08:00,confirmed
2004-06-16,36.72999954223633,35.092498779296875,1.0466624156130344,Derived from Yahoo Finance QQQ and RSP,QQQ/RSP,2026-09-11T22:10:47+08:00,confirmed
2004-06-17,36.38999938964844,35.0625,1.0378609451593137,Derived from Yahoo Finance QQQ and RSP,QQQ/RSP,2026-09-11T22:10:47+08:00,confirmed
2004-06-18,36.43999862670898,35.064998626708984,1.0392128918822388,Derived from Yahoo Finance QQQ and RSP,QQQ/RSP,2026-09-11T22:10:47+08:00,confirmed
2004-06-21,36.150001525878906,34.962501525878906,1.0339649609774353,Derived from Yahoo Finance QQQ and RSP,QQQ/RSP,2026-09-11T22:10:47+08:00,confirmed
2004-06-22,36.68000030517578,35.162498474121094,1.043156826076268,Derived from Yahoo Finance QQQ and RSP,QQQ/RSP,2026-09-11T22:10:47+08:00,confirmed
2004-06-23,37.119998931884766,35.592498779296875,1.0429163504945147,Derived from Yahoo Finance QQQ and RSP,QQQ/RSP,2026-09-11T22:10:47+08:00,confirmed
2004-06-24,37.04999923706055,35.50749969482422,1.0434415139194149,Derived from Yahoo Finance QQQ and RSP,QQQ/RSP,2026-09-11T22:10:47+08:00,confirmed
2004-06-25,37.33000183105469,35.537498474121094,1.0504397730256372,Derived from Yahoo Finance QQQ and RSP,QQQ/RSP,2026-09-11T22:10:47+08:00,confirmed
2004-06-28,37.02000045776367,35.404998779296875,1.0456150751066025,Derived from Yahoo Finance QQQ and RSP,QQQ/RSP,2026-09-11T22:10:47+08:00,confirmed
2004-06-29,37.369998931884766,35.494998931884766,1.0528243430461328,Derived from Yahoo Finance QQQ and RSP,QQQ/RSP,2026-09-11T22:10:47+08:00,confirmed
2004-06-30,37.7400016784668,35.73749923706055,1.0560336476853873,Derived from Yahoo Finance QQQ and RSP,QQQ/RSP,2026-09-11T22:10:47+08:00,confirmed
2004-07-01,37.040000915527344,35.25,1.0507801678163786,Derived from Yahoo Finance QQQ and RSP,QQQ/RSP,2026-09-11T22:10:47+08:00,confirmed
2004-07-02,36.81999969482422,35.130001068115234,1.0481069904732472,Derived from Yahoo Finance QQQ and RSP,QQQ/RSP,2026-09-11T22:10:47+08:00,confirmed
2004-07-06,36.02999877929688,34.72999954223633,1.037431593843806,Derived from Yahoo Finance QQQ and RSP,QQQ/RSP,2026-09-11T22:10:47+08:00,confirmed
2004-07-07,36.09999847412109,34.78499984741211,1.0378036116854206,Derived from Yahoo Finance QQQ and RSP,QQQ/RSP,2026-09-11T22:10:47+08:00,confirmed
2004-07-08,35.70000076293945,34.407501220703125,1.0375644698505053,Derived from Yahoo Finance QQQ and RSP,QQQ/RSP,2026-09-11T22:10:47+08:00,confirmed
2004-07-09,35.75,34.51499938964844,1.0357815625725306,Derived from Yahoo Finance QQQ and RSP,QQQ/RSP,2026-09-11T22:10:47+08:00,confirmed
2004-07-12,35.599998474121094,34.474998474121094,1.0326323437213345,Derived from Yahoo Finance QQQ and RSP,QQQ/RSP,2026-09-11T22:10:47+08:00,confirmed
2004-07-13,35.54999923706055,34.529998779296875,1.0295395451440106,Derived from Yahoo Finance QQQ and RSP,QQQ/RSP,2026-09-11T22:10:47+08:00,confirmed
2004-07-14,35.189998626708984,34.39500045776367,1.023113771140127,Derived from Yahoo Finance QQQ and RSP,QQQ/RSP,2026-09-11T22:10:47+08:00,confirmed
2004-07-15,35.06999969482422,34.48249816894531,1.0170376729377457,Derived from Yahoo Finance QQQ and RSP,QQQ/RSP,2026-09-11T22:10:47+08:00,confirmed
2004-07-16,34.66999816894531,34.217498779296875,1.0132242100033981,Derived from Yahoo Finance QQQ and RSP,QQQ/RSP,2026-09-11T22:10:47+08:00,confirmed
2004-07-19,34.599998474121094,34.20000076293945,1.0116958392473223,Derived from Yahoo Finance QQQ and RSP,QQQ/RSP,2026-09-11T22:10:47+08:00,confirmed
2004-07-20,35.43000030517578,34.5,1.0269565305848052,Derived from Yahoo Finance QQQ and RSP,QQQ/RSP,2026-09-11T22:10:47+08:00,confirmed
2004-07-21,34.400001525878906,33.96500015258789,1.012807342009032,Derived from Yahoo Finance QQQ and RSP,QQQ/RSP,2026-09-11T22:10:47+08:00,confirmed
2004-07-22,34.869998931884766,33.92499923706055,1.0278555553743942,Derived from Yahoo Finance QQQ and RSP,QQQ/RSP,2026-09-11T22:10:47+08:00,confirmed
2004-07-23,34.209999084472656,33.630001068115234,1.0172464465636701,Derived from Yahoo Finance QQQ and RSP,QQQ/RSP,2026-09-11T22:10:47+08:00,confirmed
2004-07-26,34.060001373291016,33.467498779296875,1.0177038205902815,Derived from Yahoo Finance QQQ and RSP,QQQ/RSP,2026-09-11T22:10:47+08:00,confirmed
2004-07-27,34.529998779296875,33.77000045776367,1.022505132106342,Derived from Yahoo Finance QQQ and RSP,QQQ/RSP,2026-09-11T22:10:47+08:00,confirmed
2004-07-28,34.380001068115234,33.72999954223633,1.0192707244204076,Derived from Yahoo Finance QQQ and RSP,QQQ/RSP,2026-09-11T22:10:47+08:00,confirmed
2004-07-29,34.779998779296875,34.04999923706055,1.0214390472420858,Derived from Yahoo Finance QQQ and RSP,QQQ/RSP,2026-09-11T22:10:47+08:00,confirmed
2004-07-30,34.88999938964844,34.102500915527344,1.0230921033056122,Derived from Yahoo Finance QQQ and RSP,QQQ/RSP,2026-09-11T22:10:47+08:00,confirmed
2004-08-02,34.959999084472656,34.23500061035156,1.0211771129310825,Derived from Yahoo Finance QQQ and RSP,QQQ/RSP,2026-09-11T22:10:47+08:00,confirmed
2004-08-03,34.22999954223633,33.912498474121094,1.0093623614419776,Derived from Yahoo Finance QQQ and RSP,QQQ/RSP,2026-09-11T22:10:47+08:00,confirmed
2004-08-04,34.2400016784668,33.845001220703125,1.0116708655197817,Derived from Yahoo Finance QQQ and RSP,QQQ/RSP,2026-09-11T22:10:47+08:00,confirmed
2004-08-05,33.599998474121094,33.23249816894531,1.0110584616091005,Derived from Yahoo Finance QQQ and RSP,QQQ/RSP,2026-09-11T22:10:47+08:00,confirmed
2004-08-06,32.720001220703125,32.6349983215332,1.002604654620553,Derived from Yahoo Finance QQQ and RSP,QQQ/RSP,2026-09-11T22:10:47+08:00,confirmed
2004-08-09,32.79999923706055,32.814998626708984,0.99954291055078,Derived from Yahoo Finance QQQ and RSP,QQQ/RSP,2026-09-11T22:10:47+08:00,confirmed
2004-08-10,33.209999084472656,33.189998626708984,1.0006026049590606,Derived from Yahoo Finance QQQ and RSP,QQQ/RSP,2026-09-11T22:10:47+08:00,confirmed
2004-08-11,32.91999816894531,33.06999969482422,0.9954641207359194,Derived from Yahoo Finance QQQ and RSP,QQQ/RSP,2026-09-11T22:10:47+08:00,confirmed
2004-08-12,32.470001220703125,32.70000076293945,0.9929663750192631,Derived from Yahoo Finance QQQ and RSP,QQQ/RSP,2026-09-11T22:10:47+08:00,confirmed
2004-08-13,32.52000045776367,32.650001525878906,0.9960183441948022,Derived from Yahoo Finance QQQ and RSP,QQQ/RSP,2026-09-11T22:10:47+08:00,confirmed
2004-08-16,32.88999938964844,33.26250076293945,0.988801161525833,Derived from Yahoo Finance QQQ and RSP,QQQ/RSP,2026-09-11T22:10:47+08:00,confirmed
2004-08-17,33.2599983215332,33.349998474121094,0.9973013446265154,Derived from Yahoo Finance QQQ and RSP,QQQ/RSP,2026-09-11T22:10:47+08:00,confirmed
2004-08-18,33.849998474121094,33.76750183105469,1.0024430780659805,Derived from Yahoo Finance QQQ and RSP,QQQ/RSP,2026-09-11T22:10:47+08:00,confirmed
2004-08-19,33.66999816894531,33.64250183105469,1.0008173095457855,Derived from Yahoo Finance QQQ and RSP,QQQ/RSP,2026-09-11T22:10:47+08:00,confirmed
2004-08-20,34.0099983215332,33.977500915527344,1.0009564389707957,Derived from Yahoo Finance QQQ and RSP,QQQ/RSP,2026-09-11T22:10:47+08:00,confirmed
2004-08-23,34.09000015258789,33.8125,1.0082070285423406,Derived from Yahoo Finance QQQ and RSP,QQQ/RSP,2026-09-11T22:10:47+08:00,confirmed
2004-08-24,34.08000183105469,33.8125,1.0079113295690851,Derived from Yahoo Finance QQQ and RSP,QQQ/RSP,2026-09-11T22:10:47+08:00,confirmed
2004-08-25,34.54999923706055,34.162498474121094,1.011342869527912,Derived from Yahoo Finance QQQ and RSP,QQQ/RSP,2026-09-11T22:10:47+08:00,confirmed
2004-08-26,34.400001525878906,34.125,1.0080586527730082,Derived from Yahoo Finance QQQ and RSP,QQQ/RSP,2026-09-11T22:10:47+08:00,confirmed
2004-08-27,34.560001373291016,34.1875,1.0108958354161905,Derived from Yahoo Finance QQQ and RSP,QQQ/RSP,2026-09-11T22:10:47+08:00,confirmed
2004-08-30,33.97999954223633,33.932498931884766,1.0013998559447954,Derived from Yahoo Finance QQQ and RSP,QQQ/RSP,2026-09-11T22:10:47+08:00,confirmed
2004-08-31,34.02000045776367,34.067501068115234,0.998605691381455,Derived from Yahoo Finance QQQ and RSP,QQQ/RSP,2026-09-11T22:10:47+08:00,confirmed
2004-09-01,34.27000045776367,34.182498931884766,1.0025598340850759,Derived from Yahoo Finance QQQ and RSP,QQQ/RSP,2026-09-11T22:10:47+08:00,confirmed
2004-09-02,34.779998779296875,34.627498626708984,1.004404018731814,Derived from Yahoo Finance QQQ and RSP,QQQ/RSP,2026-09-11T22:10:47+08:00,confirmed
2004-09-03,34.13999938964844,34.43000030517578,0.9915770864665444,Derived from Yahoo Finance QQQ and RSP,QQQ/RSP,2026-09-11T22:10:47+08:00,confirmed
2004-09-07,34.43000030517578,34.717498779296875,0.9917189174269507,Derived from Yahoo Finance QQQ and RSP,QQQ/RSP,2026-09-11T22:10:47+08:00,confirmed
2004-09-08,34.29999923706055,34.51499938964844,0.9937708197482289,Derived from Yahoo Finance QQQ and RSP,QQQ/RSP,2026-09-11T22:10:47+08:00,confirmed
2004-09-09,34.59000015258789,34.61249923706055,0.9993499722652629,Derived from Yahoo Finance QQQ and RSP,QQQ/RSP,2026-09-11T22:10:47+08:00,confirmed
2004-09-10,35.119998931884766,34.86249923706055,1.0073861513218905,Derived from Yahoo Finance QQQ and RSP,QQQ/RSP,2026-09-11T22:10:47+08:00,confirmed
2004-09-13,35.58000183105469,34.91749954223633,1.0189733599915136,Derived from Yahoo Finance QQQ and RSP,QQQ/RSP,2026-09-11T22:10:47+08:00,confirmed
2004-09-14,35.630001068115234,34.994998931884766,1.01814551094762,Derived from Yahoo Finance QQQ and RSP,QQQ/RSP,2026-09-11T22:10:47+08:00,confirmed
2004-09-15,35.25,34.744998931884766,1.014534496579069,Derived from Yahoo Finance QQQ and RSP,QQQ/RSP,2026-09-11T22:10:47+08:00,confirmed
2004-09-16,35.31999969482422,34.94499969482422,1.010731149042063,Derived from Yahoo Finance QQQ and RSP,QQQ/RSP,2026-09-11T22:10:47+08:00,confirmed
2004-09-17,35.43000030517578,34.98249816894531,1.012792172076142,Derived from Yahoo Finance QQQ and RSP,QQQ/RSP,2026-09-11T22:10:47+08:00,confirmed
2004-09-20,35.43000030517578,34.869998931884766,1.0160596900041472,Derived from Yahoo Finance QQQ and RSP,QQQ/RSP,2026-09-11T22:10:47+08:00,confirmed
2004-09-21,35.56999969482422,35.099998474121094,1.01339034875029,Derived from Yahoo Finance QQQ and RSP,QQQ/RSP,2026-09-11T22:10:47+08:00,confirmed
2004-09-22,34.95000076293945,34.662498474121094,1.008294332534425,Derived from Yahoo Finance QQQ and RSP,QQQ/RSP,2026-09-11T22:10:47+08:00,confirmed
2004-09-23,34.91999816894531,34.5625,1.0103435274920887,Derived from Yahoo Finance QQQ and RSP,QQQ/RSP,2026-09-11T22:10:47+08:00,confirmed
2004-09-24,34.79999923706055,34.55500030517578,1.0070901151706275,Derived from Yahoo Finance QQQ and RSP,QQQ/RSP,2026-09-11T22:10:47+08:00,confirmed
2004-09-27,34.5,34.32500076293945,1.0050983024958733,Derived from Yahoo Finance QQQ and RSP,QQQ/RSP,2026-09-11T22:10:47+08:00,confirmed
2004-09-28,34.56999969482422,34.51750183105469,1.001520905656107,Derived from Yahoo Finance QQQ and RSP,QQQ/RSP,2026-09-11T22:10:47+08:00,confirmed
2004-09-29,35.08000183105469,34.662498474121094,1.0120448142895786,Derived from Yahoo Finance QQQ and RSP,QQQ/RSP,2026-09-11T22:10:47+08:00,confirmed
2004-09-30,35.13999938964844,34.85499954223633,1.0081767279057559,Derived from Yahoo Finance QQQ and RSP,QQQ/RSP,2026-09-11T22:10:47+08:00,confirmed
2004-10-01,36.09999847412109,35.4275016784668,1.0189823375567868,Derived from Yahoo Finance QQQ and RSP,QQQ/RSP,2026-09-11T22:10:47+08:00,confirmed
2004-10-04,36.310001373291016,35.599998474121094,1.0199439025169073,Derived from Yahoo Finance QQQ and RSP,QQQ/RSP,2026-09-11T22:10:47+08:00,confirmed
2004-10-05,36.36000061035156,35.540000915527344,1.0230725850788023,Derived from Yahoo Finance QQQ and RSP,QQQ/RSP,2026-09-11T22:10:47+08:00,confirmed
2004-10-06,36.650001525878906,35.77000045776367,1.0246016510163123,Derived from Yahoo Finance QQQ and RSP,QQQ/RSP,2026-09-11T22:10:47+08:00,confirmed
2004-10-07,36.2400016784668,35.435001373291016,1.0227176597707865,Derived from Yahoo Finance QQQ and RSP,QQQ/RSP,2026-09-11T22:10:47+08:00,confirmed
2004-10-08,35.58000183105469,35.11750030517578,1.0131701152376937,Derived from Yahoo Finance QQQ and RSP,QQQ/RSP,2026-09-11T22:10:47+08:00,confirmed
2004-10-11,35.75,35.092498779296875,1.0187362326301774,Derived from Yahoo Finance QQQ and RSP,QQQ/RSP,2026-09-11T22:10:47+08:00,confirmed
2004-10-12,35.689998626708984,35.00749969482422,1.019495791982701,Derived from Yahoo Finance QQQ and RSP,QQQ/RSP,2026-09-11T22:10:47+08:00,confirmed
2004-10-13,35.61000061035156,34.72249984741211,1.0255598176064389,Derived from Yahoo Finance QQQ and RSP,QQQ/RSP,2026-09-11T22:10:47+08:00,confirmed
2004-10-14,35.45000076293945,34.467498779296875,1.0285051720733716,Derived from Yahoo Finance QQQ and RSP,QQQ/RSP,2026-09-11T22:10:47+08:00,confirmed
2004-10-15,35.630001068115234,34.59749984741211,1.029843232177378,Derived from Yahoo Finance QQQ and RSP,QQQ/RSP,2026-09-11T22:10:47+08:00,confirmed
2004-10-18,36.13999938964844,34.717498779296875,1.0409735914270368,Derived from Yahoo Finance QQQ and RSP,QQQ/RSP,2026-09-11T22:10:47+08:00,confirmed
2004-10-19,35.880001068115234,34.41999816894531,1.0424172857884455,Derived from Yahoo Finance QQQ and RSP,QQQ/RSP,2026-09-11T22:10:47+08:00,confirmed
2004-10-20,36.04999923706055,34.45750045776367,1.0462163174386048,Derived from Yahoo Finance QQQ and RSP,QQQ/RSP,2026-09-11T22:10:47+08:00,confirmed
2004-10-21,36.59999847412109,34.73249816894531,1.0537680962679938,Derived from Yahoo Finance QQQ and RSP,QQQ/RSP,2026-09-11T22:10:47+08:00,confirmed
2004-10-22,35.79999923706055,34.459999084472656,1.0388856699996745,Derived from Yahoo Finance QQQ and RSP,QQQ/RSP,2026-09-11T22:10:47+08:00,confirmed
2004-10-25,35.630001068115234,34.505001068115234,1.0326039694297986,Derived from Yahoo Finance QQQ and RSP,QQQ/RSP,2026-09-11T22:10:47+08:00,confirmed
2004-10-26,35.81999969482422,35.002498626708984,1.023355506040687,Derived from Yahoo Finance QQQ and RSP,QQQ/RSP,2026-09-11T22:10:47+08:00,confirmed
2004-10-27,36.72999954223633,35.51750183105469,1.0341380347342306,Derived from Yahoo Finance QQQ and RSP,QQQ/RSP,2026-09-11T22:10:47+08:00,confirmed
2004-10-28,36.959999084472656,35.494998931884766,1.0412734243322346,Derived from Yahoo Finance QQQ and RSP,QQQ/RSP,2026-09-11T22:10:47+08:00,confirmed
2004-10-29,36.900001525878906,35.682498931884766,1.0341204408446354,Derived from Yahoo Finance QQQ and RSP,QQQ/RSP,2026-09-11T22:10:47+08:00,confirmed
2004-11-01,37.040000915527344,35.72999954223633,1.0366639068030905,Derived from Yahoo Finance QQQ and RSP,QQQ/RSP,2026-09-11T22:10:47+08:00,confirmed
2004-11-02,37.15999984741211,35.6875,1.0412609414336143,Derived from Yahoo Finance QQQ and RSP,QQQ/RSP,2026-09-11T22:10:47+08:00,confirmed
2004-11-03,37.40999984741211,36.102500915527344,1.0362162980050622,Derived from Yahoo Finance QQQ and RSP,QQQ/RSP,2026-09-11T22:10:47+08:00,confirmed
2004-11-04,37.619998931884766,36.7400016784668,1.0239520199568672,Derived from Yahoo Finance QQQ and RSP,QQQ/RSP,2026-09-11T22:10:47+08:00,confirmed
2004-11-05,37.959999084472656,36.994998931884766,1.0260846109055077,Derived from Yahoo Finance QQQ and RSP,QQQ/RSP,2026-09-11T22:10:47+08:00,confirmed
2004-11-08,38.0,36.92499923706055,1.0291130882911572,Derived from Yahoo Finance QQQ and RSP,QQQ/RSP,2026-09-11T22:10:47+08:00,confirmed
2004-11-09,37.91999816894531,36.95000076293945,1.0262516207301073,Derived from Yahoo Finance QQQ and RSP,QQQ/RSP,2026-09-11T22:10:47+08:00,confirmed
2004-11-10,37.790000915527344,36.97499847412109,1.0220419871545547,Derived from Yahoo Finance QQQ and RSP,QQQ/RSP,2026-09-11T22:10:47+08:00,confirmed
2004-11-11,38.290000915527344,37.34000015258789,1.0254419057058737,Derived from Yahoo Finance QQQ and RSP,QQQ/RSP,2026-09-11T22:10:47+08:00,confirmed
2004-11-12,38.65999984741211,37.65499877929688,1.0266897118761238,Derived from Yahoo Finance QQQ and RSP,QQQ/RSP,2026-09-11T22:10:47+08:00,confirmed
2004-11-15,38.83000183105469,37.692501068115234,1.0301784368430167,Derived from Yahoo Finance QQQ and RSP,QQQ/RSP,2026-09-11T22:10:47+08:00,confirmed
2004-11-16,38.59000015258789,37.47499847412109,1.0297532147796293,Derived from Yahoo Finance QQQ and RSP,QQQ/RSP,2026-09-11T22:10:47+08:00,confirmed
2004-11-17,39.11000061035156,37.70249938964844,1.0373317749085242,Derived from Yahoo Finance QQQ and RSP,QQQ/RSP,2026-09-11T22:10:47+08:00,confirmed
2004-11-18,39.290000915527344,37.81999969482422,1.0388683562285776,Derived from Yahoo Finance QQQ and RSP,QQQ/RSP,2026-09-11T22:10:47+08:00,confirmed
2004-11-19,38.68000030517578,37.372501373291016,1.0349855879012475,Derived from Yahoo Finance QQQ and RSP,QQQ/RSP,2026-09-11T22:10:47+08:00,confirmed
2004-11-22,39.04999923706055,37.63750076293945,1.0375290188107267,Derived from Yahoo Finance QQQ and RSP,QQQ/RSP,2026-09-11T22:10:47+08:00,confirmed
2004-11-23,38.9900016784668,37.6775016784668,1.0348351122428616,Derived from Yahoo Finance QQQ and RSP,QQQ/RSP,2026-09-11T22:10:47+08:00,confirmed
2004-11-24,39.33000183105469,37.959999084472656,1.0360906949321405,Derived from Yahoo Finance QQQ and RSP,QQQ/RSP,2026-09-11T22:10:47+08:00,confirmed
2004-11-26,39.209999084472656,38.04499816894531,1.0306216578156728,Derived from Yahoo Finance QQQ and RSP,QQQ/RSP,2026-09-11T22:10:47+08:00,confirmed
2004-11-29,39.20000076293945,37.84749984741211,1.035735541871462,Derived from Yahoo Finance QQQ and RSP,QQQ/RSP,2026-09-11T22:10:47+08:00,confirmed
2004-11-30,39.119998931884766,37.75,1.0362913624340335,Derived from Yahoo Finance QQQ and RSP,QQQ/RSP,2026-09-11T22:10:47+08:00,confirmed
2004-12-01,39.91999816894531,38.27000045776367,1.0431146509392557,Derived from Yahoo Finance QQQ and RSP,QQQ/RSP,2026-09-11T22:10:47+08:00,confirmed
2004-12-02,40.06999969482422,38.1974983215332,1.049021570929304,Derived from Yahoo Finance QQQ and RSP,QQQ/RSP,2026-09-11T22:10:47+08:00,confirmed
2004-12-03,40.130001068115234,38.25,1.049150354721967,Derived from Yahoo Finance QQQ and RSP,QQQ/RSP,2026-09-11T22:10:47+08:00,confirmed
2004-12-06,40.27000045776367,38.22999954223633,1.0533612592193091,Derived from Yahoo Finance QQQ and RSP,QQQ/RSP,2026-09-11T22:10:47+08:00,confirmed
2004-12-07,39.58000183105469,37.75,1.048476869696813,Derived from Yahoo Finance QQQ and RSP,QQQ/RSP,2026-09-11T22:10:47+08:00,confirmed
2004-12-08,39.810001373291016,37.84000015258789,1.0520613428319026,Derived from Yahoo Finance QQQ and RSP,QQQ/RSP,2026-09-11T22:10:47+08:00,confirmed
2004-12-09,40.04999923706055,38.040000915527344,1.0528390713238063,Derived from Yahoo Finance QQQ and RSP,QQQ/RSP,2026-09-11T22:10:47+08:00,confirmed
2004-12-10,39.93000030517578,38.07749938964844,1.0486508028421362,Derived from Yahoo Finance QQQ and RSP,QQQ/RSP,2026-09-11T22:10:47+08:00,confirmed
2004-12-13,40.27999877929688,38.38999938964844,1.0492315556055483,Derived from Yahoo Finance QQQ and RSP,QQQ/RSP,2026-09-11T22:10:47+08:00,confirmed
2004-12-14,40.47999954223633,38.63750076293945,1.0476868002048458,Derived from Yahoo Finance QQQ and RSP,QQQ/RSP,2026-09-11T22:10:47+08:00,confirmed
2004-12-15,40.33000183105469,38.782501220703125,1.0399020321444732,Derived from Yahoo Finance QQQ and RSP,QQQ/RSP,2026-09-11T22:10:47+08:00,confirmed
2004-12-16,39.95000076293945,38.587501525878906,1.035309340672051,Derived from Yahoo Finance QQQ and RSP,QQQ/RSP,2026-09-11T22:10:47+08:00,confirmed
2004-12-17,39.470001220703125,38.400001525878906,1.0278645742788086,Derived from Yahoo Finance QQQ and RSP,QQQ/RSP,2026-09-11T22:10:47+08:00,confirmed
2004-12-20,39.20000076293945,38.29999923706055,1.0234987348252484,Derived from Yahoo Finance QQQ and RSP,QQQ/RSP,2026-09-11T22:10:47+08:00,confirmed
2004-12-21,39.68000030517578,38.665000915527344,1.026251115107069,Derived from Yahoo Finance QQQ and RSP,QQQ/RSP,2026-09-11T22:10:47+08:00,confirmed
2004-12-22,39.72999954223633,38.79999923706055,1.023969080501617,Derived from Yahoo Finance QQQ and RSP,QQQ/RSP,2026-09-11T22:10:47+08:00,confirmed
2004-12-23,39.7599983215332,38.81999969482422,1.0242142873286604,Derived from Yahoo Finance QQQ and RSP,QQQ/RSP,2026-09-11T22:10:47+08:00,confirmed
2004-12-27,39.59000015258789,38.59999847412109,1.0256477128912462,Derived from Yahoo Finance QQQ and RSP,QQQ/RSP,2026-09-11T22:10:47+08:00,confirmed
2004-12-28,39.970001220703125,38.91999816894531,1.0269784969464777,Derived from Yahoo Finance QQQ and RSP,QQQ/RSP,2026-09-11T22:10:47+08:00,confirmed
2004-12-29,40.02000045776367,38.97999954223633,1.0266803726972973,Derived from Yahoo Finance QQQ and RSP,QQQ/RSP,2026-09-11T22:10:47+08:00,confirmed
2004-12-30,39.9900016784668,39.05500030517578,1.0239406315704753,Derived from Yahoo Finance QQQ and RSP,QQQ/RSP,2026-09-11T22:10:47+08:00,confirmed
2004-12-31,39.91999816894531,39.040000915527344,1.022540912724927,Derived from Yahoo Finance QQQ and RSP,QQQ/RSP,2026-09-11T22:10:47+08:00,confirmed
2005-01-03,39.5,38.5,1.025974025974026,Derived from Yahoo Finance QQQ and RSP,QQQ/RSP,2026-09-11T22:10:47+08:00,confirmed
2005-01-04,38.77999877929688,37.962501525878906,1.0215343357407753,Derived from Yahoo Finance QQQ and RSP,QQQ/RSP,2026-09-11T22:10:47+08:00,confirmed
2005-01-05,38.540000915527344,37.66999816894531,1.0230953753350391,Derived from Yahoo Finance QQQ and RSP,QQQ/RSP,2026-09-11T22:10:47+08:00,confirmed
2005-01-06,38.34999847412109,37.782501220703125,1.0150201081210315,Derived from Yahoo Finance QQQ and RSP,QQQ/RSP,2026-09-11T22:10:47+08:00,confirmed
2005-01-07,38.54999923706055,37.682498931884766,1.0230213051088752,Derived from Yahoo Finance QQQ and RSP,QQQ/RSP,2026-09-11T22:10:47+08:00,confirmed
2005-01-10,38.52999877929688,37.75749969482422,1.0204594872731616,Derived from Yahoo Finance QQQ and RSP,QQQ/RSP,2026-09-11T22:10:47+08:00,confirmed
2005-01-11,38.2599983215332,37.5625,1.0185690068960587,Derived from Yahoo Finance QQQ and RSP,QQQ/RSP,2026-09-11T22:10:47+08:00,confirmed
2005-01-12,38.58000183105469,37.75,1.0219868034716473,Derived from Yahoo Finance QQQ and RSP,QQQ/RSP,2026-09-11T22:10:47+08:00,confirmed
2005-01-13,38.06999969482422,37.49250030517578,1.0154030642114502,Derived from Yahoo Finance QQQ and RSP,QQQ/RSP,2026-09-11T22:10:47+08:00,confirmed
2005-01-14,38.43000030517578,37.817501068115234,1.0161961848287475,Derived from Yahoo Finance QQQ and RSP,QQQ/RSP,2026-09-11T22:10:47+08:00,confirmed
2005-01-18,38.720001220703125,38.185001373291016,1.0140107327005707,Derived from Yahoo Finance QQQ and RSP,QQQ/RSP,2026-09-11T22:10:47+08:00,confirmed
2005-01-19,38.08000183105469,37.84999847412109,1.0060767071652819,Derived from Yahoo Finance QQQ and RSP,QQQ/RSP,2026-09-11T22:10:47+08:00,confirmed
2005-01-20,37.34999847412109,37.557498931884766,0.9944751257760799,Derived from Yahoo Finance QQQ and RSP,QQQ/RSP,2026-09-11T22:10:47+08:00,confirmed
2005-01-21,37.04999923706055,37.34000015258789,0.9922335052398963,Derived from Yahoo Finance QQQ and RSP,QQQ/RSP,2026-09-11T22:10:47+08:00,confirmed
2005-01-24,36.52999877929688,37.125,0.9839730310921719,Derived from Yahoo Finance QQQ and RSP,QQQ/RSP,2026-09-11T22:10:47+08:00,confirmed
2005-01-25,36.709999084472656,37.17499923706055,0.9874915894517539,Derived from Yahoo Finance QQQ and RSP,QQQ/RSP,2026-09-11T22:10:47+08:00,confirmed
2005-01-26,37.150001525878906,37.4474983215332,0.9920556296418009,Derived from Yahoo Finance QQQ and RSP,QQQ/RSP,2026-09-11T22:10:47+08:00,confirmed
2005-01-27,37.09999847412109,37.567501068115234,0.9875556643188351,Derived from Yahoo Finance QQQ and RSP,QQQ/RSP,2026-09-11T22:10:47+08:00,confirmed
2005-01-28,36.91999816894531,37.41749954223633,0.9867040454499253,Derived from Yahoo Finance QQQ and RSP,QQQ/RSP,2026-09-11T22:10:47+08:00,confirmed
2005-01-31,37.400001525878906,37.837501525878906,0.988437397228758,Derived from Yahoo Finance QQQ and RSP,QQQ/RSP,2026-09-11T22:10:47+08:00,confirmed
2005-02-01,37.52000045776367,38.11750030517578,0.9843247893322381,Derived from Yahoo Finance QQQ and RSP,QQQ/RSP,2026-09-11T22:10:47+08:00,confirmed
2005-02-02,37.58000183105469,38.27000045776367,0.9819702477539687,Derived from Yahoo Finance QQQ and RSP,QQQ/RSP,2026-09-11T22:10:47+08:00,confirmed
2005-02-03,37.150001525878906,38.1875,0.9728314638528028,Derived from Yahoo Finance QQQ and RSP,QQQ/RSP,2026-09-11T22:10:47+08:00,confirmed
2005-02-04,37.75,38.63999938964844,0.9769668891380245,Derived from Yahoo Finance QQQ and RSP,QQQ/RSP,2026-09-11T22:10:47+08:00,confirmed
2005-02-07,37.66999816894531,38.56999969482422,0.9766657626912121,Derived from Yahoo Finance QQQ and RSP,QQQ/RSP,2026-09-11T22:10:47+08:00,confirmed
2005-02-08,37.7400016784668,38.525001525878906,0.9796236257931153,Derived from Yahoo Finance QQQ and RSP,QQQ/RSP,2026-09-11T22:10:47+08:00,confirmed
2005-02-09,37.11000061035156,38.1775016784668,0.9720384776063716,Derived from Yahoo Finance QQQ and RSP,QQQ/RSP,2026-09-11T22:10:47+08:00,confirmed
2005-02-10,37.150001525878906,38.32749938964844,0.9692779888455871,Derived from Yahoo Finance QQQ and RSP,QQQ/RSP,2026-09-11T22:10:47+08:00,confirmed
2005-02-11,37.70000076293945,38.73500061035156,0.973279983707151,Derived from Yahoo Finance QQQ and RSP,QQQ/RSP,2026-09-11T22:10:47+08:00,confirmed
2005-02-14,37.869998931884766,38.6974983215332,0.9786162045212112,Derived from Yahoo Finance QQQ and RSP,QQQ/RSP,2026-09-11T22:10:47+08:00,confirmed
2005-02-15,38.119998931884766,38.84249877929688,0.981399243866432,Derived from Yahoo Finance QQQ and RSP,QQQ/RSP,2026-09-11T22:10:47+08:00,confirmed
2005-02-16,37.97999954223633,38.82749938964844,0.9781726904710722,Derived from Yahoo Finance QQQ and RSP,QQQ/RSP,2026-09-11T22:10:47+08:00,confirmed
2005-02-17,37.470001220703125,38.55500030517578,0.9718584080953308,Derived from Yahoo Finance QQQ and RSP,QQQ/RSP,2026-09-11T22:10:47+08:00,confirmed
2005-02-18,37.34999847412109,38.5525016784668,0.9688086855069807,Derived from Yahoo Finance QQQ and RSP,QQQ/RSP,2026-09-11T22:10:47+08:00,confirmed
2005-02-22,36.88999938964844,37.91999816894531,0.9728375836225542,Derived from Yahoo Finance QQQ and RSP,QQQ/RSP,2026-09-11T22:10:47+08:00,confirmed
2005-02-23,36.93999862670898,38.12749862670898,0.9688545002223635,Derived from Yahoo Finance QQQ and RSP,QQQ/RSP,2026-09-11T22:10:47+08:00,confirmed
2005-02-24,37.40999984741211,38.45000076293945,0.9729518622915149,Derived from Yahoo Finance QQQ and RSP,QQQ/RSP,2026-09-11T22:10:47+08:00,confirmed
2005-02-25,37.619998931884766,38.852500915527344,0.9682774093147242,Derived from Yahoo Finance QQQ and RSP,QQQ/RSP,2026-09-11T22:10:47+08:00,confirmed
2005-02-28,37.220001220703125,38.64250183105469,0.9631881854707351,Derived from Yahoo Finance QQQ and RSP,QQQ/RSP,2026-09-11T22:10:47+08:00,confirmed
2005-03-01,37.630001068115234,38.90999984741211,0.9671036035899134,Derived from Yahoo Finance QQQ and RSP,QQQ/RSP,2026-09-11T22:10:47+08:00,confirmed
2005-03-02,37.61000061035156,38.85499954223633,0.9679578189022645,Derived from Yahoo Finance QQQ and RSP,QQQ/RSP,2026-09-11T22:10:47+08:00,confirmed
2005-03-03,37.29999923706055,38.93000030517578,0.9581299497729897,Derived from Yahoo Finance QQQ and RSP,QQQ/RSP,2026-09-11T22:10:47+08:00,confirmed
2005-03-04,37.52000045776367,39.32749938964844,0.9540398204834624,Derived from Yahoo Finance QQQ and RSP,QQQ/RSP,2026-09-11T22:10:47+08:00,confirmed
2005-03-07,38.060001373291016,39.45000076293945,0.964765542135192,Derived from Yahoo Finance QQQ and RSP,QQQ/RSP,2026-09-11T22:10:47+08:00,confirmed
2005-03-08,37.68000030517578,39.23749923706055,0.960305856332106,Derived from Yahoo Finance QQQ and RSP,QQQ/RSP,2026-09-11T22:10:47+08:00,confirmed
2005-03-09,37.56999969482422,38.8224983215332,0.9677378149047591,Derived from Yahoo Finance QQQ and RSP,QQQ/RSP,2026-09-11T22:10:47+08:00,confirmed
2005-03-10,37.52000045776367,38.79999923706055,0.9670103400910828,Derived from Yahoo Finance QQQ and RSP,QQQ/RSP,2026-09-11T22:10:47+08:00,confirmed
2005-03-11,37.16999816894531,38.68000030517578,0.9609616824116618,Derived from Yahoo Finance QQQ and RSP,QQQ/RSP,2026-09-11T22:10:47+08:00,confirmed
2005-03-14,37.34000015258789,38.900001525878906,0.9598971385064549,Derived from Yahoo Finance QQQ and RSP,QQQ/RSP,2026-09-11T22:10:47+08:00,confirmed
2005-03-15,37.040000915527344,38.63999938964844,0.9585921713407239,Derived from Yahoo Finance QQQ and RSP,QQQ/RSP,2026-09-11T22:10:47+08:00,confirmed
2005-03-16,36.619998931884766,38.25,0.9573855929904513,Derived from Yahoo Finance QQQ and RSP,QQQ/RSP,2026-09-11T22:10:47+08:00,confirmed
2005-03-17,36.709999084472656,38.3650016784668,0.9568616571982832,Derived from Yahoo Finance QQQ and RSP,QQQ/RSP,2026-09-11T22:10:47+08:00,confirmed
2005-03-18,36.5099983215332,38.185001373291016,0.9561345294875538,Derived from Yahoo Finance QQQ and RSP,QQQ/RSP,2026-09-11T22:10:47+08:00,confirmed
2005-03-21,36.58000183105469,38.12749862670898,0.9594125801221526,Derived from Yahoo Finance QQQ and RSP,QQQ/RSP,2026-09-11T22:10:47+08:00,confirmed
2005-03-22,36.130001068115234,37.76499938964844,0.9567059884030777,Derived from Yahoo Finance QQQ and RSP,QQQ/RSP,2026-09-11T22:10:47+08:00,confirmed
2005-03-23,36.2599983215332,37.76250076293945,0.9602117865329295,Derived from Yahoo Finance QQQ and RSP,QQQ/RSP,2026-09-11T22:10:47+08:00,confirmed
2005-03-24,36.27000045776367,37.78749847412109,0.9598412682068204,Derived from Yahoo Finance QQQ and RSP,QQQ/RSP,2026-09-11T22:10:47+08:00,confirmed
2005-03-28,36.34000015258789,37.81999969482422,0.9608672777848046,Derived from Yahoo Finance QQQ and RSP,QQQ/RSP,2026-09-11T22:10:47+08:00,confirmed
2005-03-29,36.04999923706055,37.407501220703125,0.9637104340214184,Derived from Yahoo Finance QQQ and RSP,QQQ/RSP,2026-09-11T22:10:47+08:00,confirmed
2005-03-30,36.72999954223633,37.96749877929688,0.9674063534115304,Derived from Yahoo Finance QQQ and RSP,QQQ/RSP,2026-09-11T22:10:47+08:00,confirmed
2005-03-31,36.56999969482422,38.02750015258789,0.9616724619836867,Derived from Yahoo Finance QQQ and RSP,QQQ/RSP,2026-09-11T22:10:47+08:00,confirmed
2005-04-01,36.20000076293945,37.900001525878906,0.9551451004090684,Derived from Yahoo Finance QQQ and RSP,QQQ/RSP,2026-09-11T22:10:47+08:00,confirmed
2005-04-04,36.459999084472656,37.900001525878906,0.9620052141574985,Derived from Yahoo Finance QQQ and RSP,QQQ/RSP,2026-09-11T22:10:47+08:00,confirmed
2005-04-05,36.560001373291016,38.04999923706055,0.960841054043484,Derived from Yahoo Finance QQQ and RSP,QQQ/RSP,2026-09-11T22:10:47+08:00,confirmed
2005-04-06,36.5,38.10499954223633,0.9578795548742282,Derived from Yahoo Finance QQQ and RSP,QQQ/RSP,2026-09-11T22:10:47+08:00,confirmed
2005-04-07,36.93999862670898,38.3650016784668,0.9628566925735954,Derived from Yahoo Finance QQQ and RSP,QQQ/RSP,2026-09-11T22:10:47+08:00,confirmed
2005-04-08,36.63999938964844,38.06999969482422,0.9624376066026027,Derived from Yahoo Finance QQQ and RSP,QQQ/RSP,2026-09-11T22:10:47+08:00,confirmed
2005-04-11,36.47999954223633,38.04999923706055,0.9587385091641462,Derived from Yahoo Finance QQQ and RSP,QQQ/RSP,2026-09-11T22:10:47+08:00,confirmed
2005-04-12,36.65999984741211,38.244998931884766,0.9585566968560889,Derived from Yahoo Finance QQQ and RSP,QQQ/RSP,2026-09-11T22:10:47+08:00,confirmed
2005-04-13,36.060001373291016,37.70500183105469,0.9563718239523115,Derived from Yahoo Finance QQQ and RSP,QQQ/RSP,2026-09-11T22:10:47+08:00,confirmed
2005-04-14,35.54999923706055,37.150001525878906,0.9569312995127661,Derived from Yahoo Finance QQQ and RSP,QQQ/RSP,2026-09-11T22:10:47+08:00,confirmed
2005-04-15,34.7400016784668,36.400001525878906,0.954395610499304,Derived from Yahoo Finance QQQ and RSP,QQQ/RSP,2026-09-11T22:10:47+08:00,confirmed
2005-04-18,34.75,36.57500076293945,0.95010250923115,Derived from Yahoo Finance QQQ and RSP,QQQ/RSP,2026-09-11T22:10:47+08:00,confirmed
2005-04-19,34.9900016784668,36.9375,0.9472758491632297,Derived from Yahoo Finance QQQ and RSP,QQQ/RSP,2026-09-11T22:10:47+08:00,confirmed
2005-04-20,34.70000076293945,36.4375,0.9523156298576866,Derived from Yahoo Finance QQQ and RSP,QQQ/RSP,2026-09-11T22:10:47+08:00,confirmed
2005-04-21,35.619998931884766,37.13249969482422,0.9592674671683825,Derived from Yahoo Finance QQQ and RSP,QQQ/RSP,2026-09-11T22:10:47+08:00,confirmed
2005-04-22,35.09000015258789,36.775001525878906,0.9541807939258612,Derived from Yahoo Finance QQQ and RSP,QQQ/RSP,2026-09-11T22:10:47+08:00,confirmed
2005-04-25,35.380001068115234,37.16999816894531,0.9518429596715563,Derived from Yahoo Finance QQQ and RSP,QQQ/RSP,2026-09-11T22:10:47+08:00,confirmed
2005-04-26,35.04999923706055,36.8125,0.9521222203615768,Derived from Yahoo Finance QQQ and RSP,QQQ/RSP,2026-09-11T22:10:47+08:00,confirmed
2005-04-27,35.099998474121094,36.88999938964844,0.9514773395190235,Derived from Yahoo Finance QQQ and RSP,QQQ/RSP,2026-09-11T22:10:47+08:00,confirmed
2005-04-28,34.75,36.43000030517578,0.9538841534147038,Derived from Yahoo Finance QQQ and RSP,QQQ/RSP,2026-09-11T22:10:47+08:00,confirmed
2005-04-29,34.97999954223633,36.8125,0.9502207006379987,Derived from Yahoo Finance QQQ and RSP,QQQ/RSP,2026-09-11T22:10:47+08:00,confirmed
2005-05-02,35.119998931884766,37.01750183105469,0.9487403848095964,Derived from Yahoo Finance QQQ and RSP,QQQ/RSP,2026-09-11T22:10:47+08:00,confirmed
2005-05-03,35.29999923706055,37.02750015258789,0.9533454619294193,Derived from Yahoo Finance QQQ and RSP,QQQ/RSP,2026-09-11T22:10:47+08:00,confirmed
2005-05-04,35.72999954223633,37.532501220703125,0.9519749118805723,Derived from Yahoo Finance QQQ and RSP,QQQ/RSP,2026-09-11T22:10:47+08:00,confirmed
2005-05-05,35.7599983215332,37.45750045776367,0.9546819164256692,Derived from Yahoo Finance QQQ and RSP,QQQ/RSP,2026-09-11T22:10:47+08:00,confirmed
2005-05-06,35.86000061035156,37.525001525878906,0.9556295576862512,Derived from Yahoo Finance QQQ and RSP,QQQ/RSP,2026-09-11T22:10:47+08:00,confirmed
2005-05-09,36.02999877929688,37.76250076293945,0.9541211003339358,Derived from Yahoo Finance QQQ and RSP,QQQ/RSP,2026-09-11T22:10:47+08:00,confirmed
2005-05-10,35.77000045776367,37.34999847412109,0.9576975078740054,Derived from Yahoo Finance QQQ and RSP,QQQ/RSP,2026-09-11T22:10:47+08:00,confirmed
2005-05-11,35.95000076293945,37.5,0.9586666870117188,Derived from Yahoo Finance QQQ and RSP,QQQ/RSP,2026-09-11T22:10:47+08:00,confirmed
2005-05-12,35.849998474121094,37.125,0.9656565245554504,Derived from Yahoo Finance QQQ and RSP,QQQ/RSP,2026-09-11T22:10:47+08:00,confirmed
2005-05-13,36.2400016784668,36.92499923706055,0.98144894860536,Derived from Yahoo Finance QQQ and RSP,QQQ/RSP,2026-09-11T22:10:47+08:00,confirmed
2005-05-16,36.47999954223633,37.33250045776367,0.9771646446106168,Derived from Yahoo Finance QQQ and RSP,QQQ/RSP,2026-09-11T22:10:47+08:00,confirmed
2005-05-17,36.70000076293945,37.61750030517578,0.9756097684643312,Derived from Yahoo Finance QQQ and RSP,QQQ/RSP,2026-09-11T22:10:47+08:00,confirmed
2005-05-18,37.20000076293945,38.130001068115234,0.975609748777231,Derived from Yahoo Finance QQQ and RSP,QQQ/RSP,2026-09-11T22:10:47+08:00,confirmed
2005-05-19,37.5099983215332,38.28499984741211,0.9797570450837734,Derived from Yahoo Finance QQQ and RSP,QQQ/RSP,2026-09-11T22:10:47+08:00,confirmed
2005-05-20,37.65999984741211,38.34000015258789,0.982263946205804,Derived from Yahoo Finance QQQ and RSP,QQQ/RSP,2026-09-11T22:10:47+08:00,confirmed
2005-05-23,37.84999847412109,38.4900016784668,0.9833722219683935,Derived from Yahoo Finance QQQ and RSP,QQQ/RSP,2026-09-11T22:10:47+08:00,confirmed
2005-05-24,37.970001220703125,38.41999816894531,0.9882874292116464,Derived from Yahoo Finance QQQ and RSP,QQQ/RSP,2026-09-11T22:10:47+08:00,confirmed
2005-05-25,37.810001373291016,38.290000915527344,0.9874641020956028,Derived from Yahoo Finance QQQ and RSP,QQQ/RSP,2026-09-11T22:10:47+08:00,confirmed
2005-05-26,38.18999862670898,38.56499862670898,0.9902761567910368,Derived from Yahoo Finance QQQ and RSP,QQQ/RSP,2026-09-11T22:10:47+08:00,confirmed
2005-05-27,38.209999084472656,38.647499084472656,0.9886797332204149,Derived from Yahoo Finance QQQ and RSP,QQQ/RSP,2026-09-11T22:10:47+08:00,confirmed
2005-05-31,38.08000183105469,38.46749877929688,0.9899266403967303,Derived from Yahoo Finance QQQ and RSP,QQQ/RSP,2026-09-11T22:10:47+08:00,confirmed
2005-06-01,38.38999938964844,38.85749816894531,0.9879688914282573,Derived from Yahoo Finance QQQ and RSP,QQQ/RSP,2026-09-11T22:10:47+08:00,confirmed
2005-06-02,38.65999984741211,38.96749877929688,0.9921088357857819,Derived from Yahoo Finance QQQ and RSP,QQQ/RSP,2026-09-11T22:10:47+08:00,confirmed
2005-06-03,38.09999847412109,38.775001525878906,0.9825917981896838,Derived from Yahoo Finance QQQ and RSP,QQQ/RSP,2026-09-11T22:10:47+08:00,confirmed
2005-06-06,38.11000061035156,38.78749847412109,0.9825330869372371,Derived from Yahoo Finance QQQ and RSP,QQQ/RSP,2026-09-11T22:10:47+08:00,confirmed
2005-06-07,37.790000915527344,38.83000183105469,0.9732165627997578,Derived from Yahoo Finance QQQ and RSP,QQQ/RSP,2026-09-11T22:10:47+08:00,confirmed
2005-06-08,37.709999084472656,38.72999954223633,0.973663814360459,Derived from Yahoo Finance QQQ and RSP,QQQ/RSP,2026-09-11T22:10:47+08:00,confirmed
2005-06-09,37.95000076293945,38.962501525878906,0.9740134559310328,Derived from Yahoo Finance QQQ and RSP,QQQ/RSP,2026-09-11T22:10:47+08:00,confirmed
2005-06-10,37.54999923706055,38.915000915527344,0.9649235090234277,Derived from Yahoo Finance QQQ and RSP,QQQ/RSP,2026-09-11T22:10:47+08:00,confirmed
2005-06-13,37.72999954223633,39.057498931884766,0.9660116641886476,Derived from Yahoo Finance QQQ and RSP,QQQ/RSP,2026-09-11T22:10:47+08:00,confirmed
2005-06-14,37.58000183105469,39.212501525878906,0.958367876791874,Derived from Yahoo Finance QQQ and RSP,QQQ/RSP,2026-09-11T22:10:47+08:00,confirmed
2005-06-15,37.70000076293945,39.31499862670898,0.9589215841235624,Derived from Yahoo Finance QQQ and RSP,QQQ/RSP,2026-09-11T22:10:47+08:00,confirmed
2005-06-16,37.900001525878906,39.51499938964844,0.9591294979447069,Derived from Yahoo Finance QQQ and RSP,QQQ/RSP,2026-09-11T22:10:47+08:00,confirmed
2005-06-17,37.869998931884766,39.58000183105469,0.9567962905492277,Derived from Yahoo Finance QQQ and RSP,QQQ/RSP,2026-09-11T22:10:47+08:00,confirmed
2005-06-20,37.869998931884766,39.5,0.9587341501742979,Derived from Yahoo Finance QQQ and RSP,QQQ/RSP,2026-09-11T22:10:47+08:00,confirmed
2005-06-21,37.84999847412109,39.48500061035156,0.9585918168682557,Derived from Yahoo Finance QQQ and RSP,QQQ/RSP,2026-09-11T22:10:47+08:00,confirmed
2005-06-22,37.810001373291016,39.52000045776367,0.956730792898138,Derived from Yahoo Finance QQQ and RSP,QQQ/RSP,2026-09-11T22:10:47+08:00,confirmed
2005-06-23,37.38999938964844,39.09000015258789,0.9565105971782171,Derived from Yahoo Finance QQQ and RSP,QQQ/RSP,2026-09-11T22:10:47+08:00,confirmed
2005-06-24,36.970001220703125,38.7599983215332,0.9538184422511793,Derived from Yahoo Finance QQQ and RSP,QQQ/RSP,2026-09-11T22:10:47+08:00,confirmed
2005-06-27,36.79999923706055,38.76499938964844,0.9493099398032594,Derived from Yahoo Finance QQQ and RSP,QQQ/RSP,2026-09-11T22:10:47+08:00,confirmed
2005-06-28,37.150001525878906,39.19499969482422,0.9478250239860224,Derived from Yahoo Finance QQQ and RSP,QQQ/RSP,2026-09-11T22:10:47+08:00,confirmed
2005-06-29,37.06999969482422,39.150001525878906,0.9468709642404544,Derived from Yahoo Finance QQQ and RSP,QQQ/RSP,2026-09-11T22:10:47+08:00,confirmed
2005-06-30,36.77999877929688,38.96500015258789,0.9439239993652127,Derived from Yahoo Finance QQQ and RSP,QQQ/RSP,2026-09-11T22:10:47+08:00,confirmed
2005-07-01,36.72999954223633,39.087501525878906,0.939686552181348,Derived from Yahoo Finance QQQ and RSP,QQQ/RSP,2026-09-11T22:10:47+08:00,confirmed
2005-07-05,37.11000061035156,39.49250030517578,0.9396720978308893,Derived from Yahoo Finance QQQ and RSP,QQQ/RSP,2026-09-11T22:10:47+08:00,confirmed
2005-07-06,36.93000030517578,39.21749877929688,0.9416714847880946,Derived from Yahoo Finance QQQ and RSP,QQQ/RSP,2026-09-11T22:10:47+08:00,confirmed
2005-07-07,37.060001373291016,39.32749938964844,0.9423431936546095,Derived from Yahoo Finance QQQ and RSP,QQQ/RSP,2026-09-11T22:10:47+08:00,confirmed
2005-07-08,37.77000045776367,39.81999969482422,0.9485183512613887,Derived from Yahoo Finance QQQ and RSP,QQQ/RSP,2026-09-11T22:10:47+08:00,confirmed
2005-07-11,38.119998931884766,40.09999847412109,0.9506234509331931,Derived from Yahoo Finance QQQ and RSP,QQQ/RSP,2026-09-11T22:10:47+08:00,confirmed
2005-07-12,38.29999923706055,40.17499923706055,0.9533291839301306,Derived from Yahoo Finance QQQ and RSP,QQQ/RSP,2026-09-11T22:10:47+08:00,confirmed
2005-07-13,38.38999938964844,40.20000076293945,0.9549750910711509,Derived from Yahoo Finance QQQ and RSP,QQQ/RSP,2026-09-11T22:10:47+08:00,confirmed
2005-07-14,38.77000045776367,40.29999923706055,0.9620347690257557,Derived from Yahoo Finance QQQ and RSP,QQQ/RSP,2026-09-11T22:10:47+08:00,confirmed
2005-07-15,38.88999938964844,40.337501525878906,0.9641152257459027,Derived from Yahoo Finance QQQ and RSP,QQQ/RSP,2026-09-11T22:10:47+08:00,confirmed
2005-07-18,38.72999954223633,40.3025016784668,0.960982517939559,Derived from Yahoo Finance QQQ and RSP,QQQ/RSP,2026-09-11T22:10:47+08:00,confirmed
2005-07-19,39.18000030517578,40.560001373291016,0.9659763061787278,Derived from Yahoo Finance QQQ and RSP,QQQ/RSP,2026-09-11T22:10:47+08:00,confirmed
2005-07-20,39.459999084472656,40.8025016784668,0.9670975420925566,Derived from Yahoo Finance QQQ and RSP,QQQ/RSP,2026-09-11T22:10:47+08:00,confirmed
2005-07-21,39.470001220703125,40.45000076293945,0.9757725704882011,Derived from Yahoo Finance QQQ and RSP,QQQ/RSP,2026-09-11T22:10:47+08:00,confirmed
2005-07-22,39.41999816894531,40.79750061035156,0.966235616868727,Derived from Yahoo Finance QQQ and RSP,QQQ/RSP,2026-09-11T22:10:47+08:00,confirmed
2005-07-25,39.27000045776367,40.57500076293945,0.9678373313459615,Derived from Yahoo Finance QQQ and RSP,QQQ/RSP,2026-09-11T22:10:47+08:00,confirmed
2005-07-26,39.41999816894531,40.727500915527344,0.9678963177904307,Derived from Yahoo Finance QQQ and RSP,QQQ/RSP,2026-09-11T22:10:47+08:00,confirmed
2005-07-27,39.720001220703125,40.91249847412109,0.9708524950102407,Derived from Yahoo Finance QQQ and RSP,QQQ/RSP,2026-09-11T22:10:47+08:00,confirmed
2005-07-28,39.90999984741211,41.1775016784668,0.9692185834645352,Derived from Yahoo Finance QQQ and RSP,QQQ/RSP,2026-09-11T22:10:47+08:00,confirmed
2005-07-29,39.58000183105469,40.95500183105469,0.9664265672439212,Derived from Yahoo Finance QQQ and RSP,QQQ/RSP,2026-09-11T22:10:47+08:00,confirmed
2005-08-01,39.650001525878906,40.95750045776367,0.9680766912709166,Derived from Yahoo Finance QQQ and RSP,QQQ/RSP,2026-09-11T22:10:47+08:00,confirmed
2005-08-02,40.08000183105469,41.16249847412109,0.9737018722576579,Derived from Yahoo Finance QQQ and RSP,QQQ/RSP,2026-09-11T22:10:47+08:00,confirmed
2005-08-03,40.060001373291016,41.20750045776367,0.9721531499914972,Derived from Yahoo Finance QQQ and RSP,QQQ/RSP,2026-09-11T22:10:47+08:00,confirmed
2005-08-04,39.66999816894531,40.875,0.970519832879396,Derived from Yahoo Finance QQQ and RSP,QQQ/RSP,2026-09-11T22:10:47+08:00,confirmed
2005-08-05,39.47999954223633,40.5,0.9748148035120081,Derived from Yahoo Finance QQQ and RSP,QQQ/RSP,2026-09-11T22:10:47+08:00,confirmed
2005-08-08,39.18999862670898,40.34000015258789,0.9714922776021572,Derived from Yahoo Finance QQQ and RSP,QQQ/RSP,2026-09-11T22:10:47+08:00,confirmed
2005-08-09,39.45000076293945,40.58000183105469,0.9721537452654702,Derived from Yahoo Finance QQQ and RSP,QQQ/RSP,2026-09-11T22:10:47+08:00,confirmed
2005-08-10,39.11000061035156,40.5625,0.964191078221302,Derived from Yahoo Finance QQQ and RSP,QQQ/RSP,2026-09-11T22:10:47+08:00,confirmed
2005-08-11,39.43000030517578,40.744998931884766,0.9677261342206113,Derived from Yahoo Finance QQQ and RSP,QQQ/RSP,2026-09-11T22:10:47+08:00,confirmed
2005-08-12,39.209999084472656,40.6150016784668,0.965406806944956,Derived from Yahoo Finance QQQ and RSP,QQQ/RSP,2026-09-11T22:10:47+08:00,confirmed
2005-08-15,39.45000076293945,40.88750076293945,0.9648425564493549,Derived from Yahoo Finance QQQ and RSP,QQQ/RSP,2026-09-11T22:10:47+08:00,confirmed
2005-08-16,38.810001373291016,40.244998931884766,0.9643434564124973,Derived from Yahoo Finance QQQ and RSP,QQQ/RSP,2026-09-11T22:10:47+08:00,confirmed
2005-08-17,39.040000915527344,40.3125,0.9684341312378876,Derived from Yahoo Finance QQQ and RSP,QQQ/RSP,2026-09-11T22:10:47+08:00,confirmed
2005-08-18,38.84000015258789,40.15999984741211,0.9671314815777002,Derived from Yahoo Finance QQQ and RSP,QQQ/RSP,2026-09-11T22:10:47+08:00,confirmed
2005-08-19,38.81999969482422,40.29999923706055,0.9632754449068253,Derived from Yahoo Finance QQQ and RSP,QQQ/RSP,2026-09-11T22:10:47+08:00,confirmed
2005-08-22,38.84000015258789,40.32749938964844,0.9631145183913296,Derived from Yahoo Finance QQQ and RSP,QQQ/RSP,2026-09-11T22:10:47+08:00,confirmed
2005-08-23,38.72999954223633,40.244998931884766,0.9623555862875635,Derived from Yahoo Finance QQQ and RSP,QQQ/RSP,2026-09-11T22:10:47+08:00,confirmed
2005-08-24,38.5,40.025001525878906,0.9618987765711168,Derived from Yahoo Finance QQQ and RSP,QQQ/RSP,2026-09-11T22:10:47+08:00,confirmed
2005-08-25,38.59000015258789,40.1775016784668,0.9604877989033915,Derived from Yahoo Finance QQQ and RSP,QQQ/RSP,2026-09-11T22:10:47+08:00,confirmed
2005-08-26,38.459999084472656,39.962501525878906,0.9624021924545124,Derived from Yahoo Finance QQQ and RSP,QQQ/RSP,2026-09-11T22:10:47+08:00,confirmed
2005-08-29,38.7599983215332,40.25,0.9629813247585889,Derived from Yahoo Finance QQQ and RSP,QQQ/RSP,2026-09-11T22:10:47+08:00,confirmed
2005-08-30,38.619998931884766,39.9275016784668,0.9672530789150984,Derived from Yahoo Finance QQQ and RSP,QQQ/RSP,2026-09-11T22:10:47+08:00,confirmed
2005-08-31,38.97999954223633,40.59749984741211,0.9601576375083382,Derived from Yahoo Finance QQQ and RSP,QQQ/RSP,2026-09-11T22:10:47+08:00,confirmed
2005-09-01,38.91999816894531,40.5,0.9609876091097608,Derived from Yahoo Finance QQQ and RSP,QQQ/RSP,2026-09-11T22:10:47+08:00,confirmed
2005-09-02,38.77000045776367,40.397499084472656,0.9597128865995931,Derived from Yahoo Finance QQQ and RSP,QQQ/RSP,2026-09-11T22:10:47+08:00,confirmed
2005-09-06,39.34000015258789,40.872501373291016,0.9625053234029721,Derived from Yahoo Finance QQQ and RSP,QQQ/RSP,2026-09-11T22:10:47+08:00,confirmed
2005-09-07,39.40999984741211,40.98749923706055,0.9615126704724138,Derived from Yahoo Finance QQQ and RSP,QQQ/RSP,2026-09-11T22:10:47+08:00,confirmed
2005-09-08,39.400001525878906,40.772499084472656,0.9663376641262483,Derived from Yahoo Finance QQQ and RSP,QQQ/RSP,2026-09-11T22:10:47+08:00,confirmed
2005-09-09,39.619998931884766,41.212501525878906,0.9613587495290926,Derived from Yahoo Finance QQQ and RSP,QQQ/RSP,2026-09-11T22:10:47+08:00,confirmed
2005-09-12,39.72999954223633,41.23749923706055,0.9634434744415973,Derived from Yahoo Finance QQQ and RSP,QQQ/RSP,2026-09-11T22:10:47+08:00,confirmed
2005-09-13,39.630001068115234,40.959999084472656,0.9675293445779982,Derived from Yahoo Finance QQQ and RSP,QQQ/RSP,2026-09-11T22:10:47+08:00,confirmed
2005-09-14,39.18000030517578,40.85499954223633,0.959001364439402,Derived from Yahoo Finance QQQ and RSP,QQQ/RSP,2026-09-11T22:10:47+08:00,confirmed
2005-09-15,39.15999984741211,40.74250030517578,0.961158484484011,Derived from Yahoo Finance QQQ and RSP,QQQ/RSP,2026-09-11T22:10:47+08:00,confirmed
2005-09-16,39.400001525878906,40.932498931884766,0.9625603751054616,Derived from Yahoo Finance QQQ and RSP,QQQ/RSP,2026-09-11T22:10:47+08:00,confirmed
2005-09-19,39.09000015258789,40.61000061035156,0.9625707846609531,Derived from Yahoo Finance QQQ and RSP,QQQ/RSP,2026-09-11T22:10:47+08:00,confirmed
2005-09-20,38.93000030517578,40.24250030517578,0.9673852273082746,Derived from Yahoo Finance QQQ and RSP,QQQ/RSP,2026-09-11T22:10:47+08:00,confirmed
2005-09-21,38.5,39.727500915527344,0.9691019850924583,Derived from Yahoo Finance QQQ and RSP,QQQ/RSP,2026-09-11T22:10:47+08:00,confirmed
2005-09-22,38.63999938964844,39.88750076293945,0.9687245039315648,Derived from Yahoo Finance QQQ and RSP,QQQ/RSP,2026-09-11T22:10:47+08:00,confirmed
2005-09-23,38.75,40.02750015258789,0.9680844382557501,Derived from Yahoo Finance QQQ and RSP,QQQ/RSP,2026-09-11T22:10:47+08:00,confirmed
2005-09-26,38.7599983215332,40.08250045776367,0.9670054981319333,Derived from Yahoo Finance QQQ and RSP,QQQ/RSP,2026-09-11T22:10:47+08:00,confirmed
2005-09-27,38.66999816894531,40.11000061035156,0.9640986681751729,Derived from Yahoo Finance QQQ and RSP,QQQ/RSP,2026-09-11T22:10:47+08:00,confirmed
2005-09-28,38.68000030517578,40.185001373291016,0.9625481892078388,Derived from Yahoo Finance QQQ and RSP,QQQ/RSP,2026-09-11T22:10:47+08:00,confirmed
2005-09-29,39.20000076293945,40.5,0.9679012534059124,Derived from Yahoo Finance QQQ and RSP,QQQ/RSP,2026-09-11T22:10:47+08:00,confirmed
2005-09-30,39.459999084472656,40.692501068115234,0.9697118154133733,Derived from Yahoo Finance QQQ and RSP,QQQ/RSP,2026-09-11T22:10:47+08:00,confirmed
2005-10-03,39.560001373291016,40.72499847412109,0.9713935630575806,Derived from Yahoo Finance QQQ and RSP,QQQ/RSP,2026-09-11T22:10:47+08:00,confirmed
2005-10-04,39.29999923706055,40.255001068115234,0.9762761941196142,Derived from Yahoo Finance QQQ and RSP,QQQ/RSP,2026-09-11T22:10:47+08:00,confirmed
2005-10-05,38.7599983215332,39.54999923706055,0.9800252609161351,Derived from Yahoo Finance QQQ and RSP,QQQ/RSP,2026-09-11T22:10:47+08:00,confirmed
2005-10-06,38.25,39.34000015258789,0.9722928279522086,Derived from Yahoo Finance QQQ and RSP,QQQ/RSP,2026-09-11T22:10:47+08:00,confirmed
2005-10-07,38.34000015258789,39.48749923706055,0.9709401935639499,Derived from Yahoo Finance QQQ and RSP,QQQ/RSP,2026-09-11T22:10:47+08:00,confirmed
2005-10-10,38.130001068115234,39.02000045776367,0.9771911999178012,Derived from Yahoo Finance QQQ and RSP,QQQ/RSP,2026-09-11T22:10:47+08:00,confirmed
2005-10-11,37.93999862670898,38.8224983215332,0.9772683435384492,Derived from Yahoo Finance QQQ and RSP,QQQ/RSP,2026-09-11T22:10:47+08:00,confirmed
2005-10-12,37.4900016784668,38.42499923706055,0.9756669465931452,Derived from Yahoo Finance QQQ and RSP,QQQ/RSP,2026-09-11T22:10:47+08:00,confirmed
2005-10-13,37.77999877929688,38.4474983215332,0.98263867426031,Derived from Yahoo Finance QQQ and RSP,QQQ/RSP,2026-09-11T22:10:47+08:00,confirmed
2005-10-14,38.060001373291016,38.88249969482422,0.9788465677878553,Derived from Yahoo Finance QQQ and RSP,QQQ/RSP,2026-09-11T22:10:47+08:00,confirmed
2005-10-17,38.18000030517578,39.01499938964844,0.9785979982689889,Derived from Yahoo Finance QQQ and RSP,QQQ/RSP,2026-09-11T22:10:47+08:00,confirmed
2005-10-18,37.90999984741211,38.59749984741211,0.9821879654713932,Derived from Yahoo Finance QQQ and RSP,QQQ/RSP,2026-09-11T22:10:47+08:00,confirmed
2005-10-19,38.66999816894531,39.147499084472656,0.987802517997459,Derived from Yahoo Finance QQQ and RSP,QQQ/RSP,2026-09-11T22:10:47+08:00,confirmed
2005-10-20,38.310001373291016,38.59749984741211,0.9925513705484121,Derived from Yahoo Finance QQQ and RSP,QQQ/RSP,2026-09-11T22:10:47+08:00,confirmed
2005-10-21,38.54999923706055,38.77750015258789,0.9941331722098604,Derived from Yahoo Finance QQQ and RSP,QQQ/RSP,2026-09-11T22:10:47+08:00,confirmed
2005-10-24,39.15999984741211,39.42499923706055,0.9932783920158118,Derived from Yahoo Finance QQQ and RSP,QQQ/RSP,2026-09-11T22:10:47+08:00,confirmed
2005-10-25,39.0099983215332,39.27750015258789,0.9931894384821978,Derived from Yahoo Finance QQQ and RSP,QQQ/RSP,2026-09-11T22:10:47+08:00,confirmed
2005-10-26,38.810001373291016,39.125,0.9919489168892273,Derived from Yahoo Finance QQQ and RSP,QQQ/RSP,2026-09-11T22:10:47+08:00,confirmed
2005-10-27,38.02999877929688,38.60499954223633,0.9851055363357702,Derived from Yahoo Finance QQQ and RSP,QQQ/RSP,2026-09-11T22:10:47+08:00,confirmed
2005-10-28,38.31999969482422,39.212501525878906,0.9772393548913051,Derived from Yahoo Finance QQQ and RSP,QQQ/RSP,2026-09-11T22:10:47+08:00,confirmed
2005-10-31,38.869998931884766,39.602500915527344,0.9815036432874527,Derived from Yahoo Finance QQQ and RSP,QQQ/RSP,2026-09-11T22:10:47+08:00,confirmed
2005-11-01,38.84000015258789,39.560001373291016,0.9817997675503309,Derived from Yahoo Finance QQQ and RSP,QQQ/RSP,2026-09-11T22:10:47+08:00,confirmed
2005-11-02,39.34999847412109,40.08250045776367,0.9817251425116442,Derived from Yahoo Finance QQQ and RSP,QQQ/RSP,2026-09-11T22:10:47+08:00,confirmed
2005-11-03,39.93999862670898,40.185001373291016,0.9939031295705049,Derived from Yahoo Finance QQQ and RSP,QQQ/RSP,2026-09-11T22:10:47+08:00,confirmed
2005-11-04,40.08000183105469,40.209999084472656,0.9967670416220386,Derived from Yahoo Finance QQQ and RSP,QQQ/RSP,2026-09-11T22:10:47+08:00,confirmed
2005-11-07,40.130001068115234,40.310001373291016,0.9955345993787277,Derived from Yahoo Finance QQQ and RSP,QQQ/RSP,2026-09-11T22:10:47+08:00,confirmed
2005-11-08,40.13999938964844,40.16749954223633,0.9993153630945094,Derived from Yahoo Finance QQQ and RSP,QQQ/RSP,2026-09-11T22:10:47+08:00,confirmed
2005-11-09,40.15999984741211,40.22249984741211,0.9984461433218448,Derived from Yahoo Finance QQQ and RSP,QQQ/RSP,2026-09-11T22:10:47+08:00,confirmed
2005-11-10,40.59999847412109,40.57500076293945,1.0006160865240072,Derived from Yahoo Finance QQQ and RSP,QQQ/RSP,2026-09-11T22:10:47+08:00,confirmed
2005-11-11,40.709999084472656,40.67499923706055,1.0008604756747044,Derived from Yahoo Finance QQQ and RSP,QQQ/RSP,2026-09-11T22:10:47+08:00,confirmed
2005-11-14,40.709999084472656,40.65250015258789,1.0014144008774108,Derived from Yahoo Finance QQQ and RSP,QQQ/RSP,2026-09-11T22:10:47+08:00,confirmed
2005-11-15,40.52000045776367,40.462501525878906,1.0014210424397016,Derived from Yahoo Finance QQQ and RSP,QQQ/RSP,2026-09-11T22:10:47+08:00,confirmed
2005-11-16,40.77000045776367,40.56499862670898,1.0050536629605533,Derived from Yahoo Finance QQQ and RSP,QQQ/RSP,2026-09-11T22:10:47+08:00,confirmed
2005-11-17,41.310001373291016,41.0724983215332,1.0057825323869645,Derived from Yahoo Finance QQQ and RSP,QQQ/RSP,2026-09-11T22:10:47+08:00,confirmed
2005-11-18,41.45000076293945,41.17499923706055,1.0066788471396348,Derived from Yahoo Finance QQQ and RSP,QQQ/RSP,2026-09-11T22:10:47+08:00,confirmed
2005-11-21,41.54999923706055,41.42250061035156,1.0030780040999534,Derived from Yahoo Finance QQQ and RSP,QQQ/RSP,2026-09-11T22:10:47+08:00,confirmed
2005-11-22,41.70000076293945,41.6150016784668,1.002042510658281,Derived from Yahoo Finance QQQ and RSP,QQQ/RSP,2026-09-11T22:10:47+08:00,confirmed
2005-11-23,41.79999923706055,41.77750015258789,1.0005385454943565,Derived from Yahoo Finance QQQ and RSP,QQQ/RSP,2026-09-11T22:10:47+08:00,confirmed
2005-11-25,41.88999938964844,41.8125,1.001853498108184,Derived from Yahoo Finance QQQ and RSP,QQQ/RSP,2026-09-11T22:10:47+08:00,confirmed
2005-11-28,41.540000915527344,41.46500015258789,1.0018087727641012,Derived from Yahoo Finance QQQ and RSP,QQQ/RSP,2026-09-11T22:10:47+08:00,confirmed
2005-11-29,41.34000015258789,41.59000015258789,0.9939889396710078,Derived from Yahoo Finance QQQ and RSP,QQQ/RSP,2026-09-11T22:10:47+08:00,confirmed
2005-11-30,41.2400016784668,41.40499877929688,0.9960150439392698,Derived from Yahoo Finance QQQ and RSP,QQQ/RSP,2026-09-11T22:10:47+08:00,confirmed
2005-12-01,42.0099983215332,42.02750015258789,0.9995835624057785,Derived from Yahoo Finance QQQ and RSP,QQQ/RSP,2026-09-11T22:10:47+08:00,confirmed
2005-12-02,42.11000061035156,42.07500076293945,1.0008318442490187,Derived from Yahoo Finance QQQ and RSP,QQQ/RSP,2026-09-11T22:10:47+08:00,confirmed
2005-12-05,41.79999923706055,41.91249847412109,0.9973158546696995,Derived from Yahoo Finance QQQ and RSP,QQQ/RSP,2026-09-11T22:10:47+08:00,confirmed
2005-12-06,41.93999862670898,41.96749877929688,0.999344727386959,Derived from Yahoo Finance QQQ and RSP,QQQ/RSP,2026-09-11T22:10:47+08:00,confirmed
2005-12-07,41.86000061035156,41.75,1.0026347451581212,Derived from Yahoo Finance QQQ and RSP,QQQ/RSP,2026-09-11T22:10:47+08:00,confirmed
2005-12-08,41.560001373291016,41.78499984741211,0.9946153290668247,Derived from Yahoo Finance QQQ and RSP,QQQ/RSP,2026-09-11T22:10:47+08:00,confirmed
2005-12-09,41.720001220703125,41.96500015258789,0.9941618269750047,Derived from Yahoo Finance QQQ and RSP,QQQ/RSP,2026-09-11T22:10:47+08:00,confirmed
2005-12-12,41.869998931884766,42.03749847412109,0.9960154731295575,Derived from Yahoo Finance QQQ and RSP,QQQ/RSP,2026-09-11T22:10:47+08:00,confirmed
2005-12-13,42.040000915527344,42.247501373291016,0.9950884560975515,Derived from Yahoo Finance QQQ and RSP,QQQ/RSP,2026-09-11T22:10:47+08:00,confirmed
2005-12-14,41.900001525878906,42.42250061035156,0.9876834444703818,Derived from Yahoo Finance QQQ and RSP,QQQ/RSP,2026-09-11T22:10:47+08:00,confirmed
2005-12-15,41.970001220703125,42.29499816894531,0.9923159484025983,Derived from Yahoo Finance QQQ and RSP,QQQ/RSP,2026-09-11T22:10:47+08:00,confirmed
2005-12-16,41.58000183105469,42.10499954223633,0.9875312262940412,Derived from Yahoo Finance QQQ and RSP,QQQ/RSP,2026-09-11T22:10:47+08:00,confirmed
2005-12-19,40.91999816894531,41.70750045776367,0.9811184491955867,Derived from Yahoo Finance QQQ and RSP,QQQ/RSP,2026-09-11T22:10:47+08:00,confirmed
2005-12-20,40.95000076293945,41.73500061035156,0.981190850942089,Derived from Yahoo Finance QQQ and RSP,QQQ/RSP,2026-09-11T22:10:47+08:00,confirmed
2005-12-21,41.130001068115234,41.91249847412109,0.9813302133136013,Derived from Yahoo Finance QQQ and RSP,QQQ/RSP,2026-09-11T22:10:47+08:00,confirmed
2005-12-22,41.400001525878906,42.125,0.982789353730063,Derived from Yahoo Finance QQQ and RSP,QQQ/RSP,2026-09-11T22:10:47+08:00,confirmed
2005-12-23,41.400001525878906,42.17250061035156,0.981682397930109,Derived from Yahoo Finance QQQ and RSP,QQQ/RSP,2026-09-11T22:10:47+08:00,confirmed
2005-12-27,41.040000915527344,41.77000045776367,0.9825233532622419,Derived from Yahoo Finance QQQ and RSP,QQQ/RSP,2026-09-11T22:10:47+08:00,confirmed
2005-12-28,40.9900016784668,41.91999816894531,0.9778149682466478,Derived from Yahoo Finance QQQ and RSP,QQQ/RSP,2026-09-11T22:10:47+08:00,confirmed
2005-12-29,40.720001220703125,41.75,0.9753293705557635,Derived from Yahoo Finance QQQ and RSP,QQQ/RSP,2026-09-11T22:10:47+08:00,confirmed
2005-12-30,40.40999984741211,41.48249816894531,0.974145763421353,Derived from Yahoo Finance QQQ and RSP,QQQ/RSP,2026-09-11T22:10:47+08:00,confirmed
2006-01-03,41.310001373291016,42.19499969482422,0.9790259905691678,Derived from Yahoo Finance QQQ and RSP,QQQ/RSP,2026-09-11T22:10:47+08:00,confirmed
2006-01-04,41.7400016784668,42.4375,0.9835641043526786,Derived from Yahoo Finance QQQ and RSP,QQQ/RSP,2026-09-11T22:10:47+08:00,confirmed
2006-01-05,41.91999816894531,42.4375,0.987805553318299,Derived from Yahoo Finance QQQ and RSP,QQQ/RSP,2026-09-11T22:10:47+08:00,confirmed
2006-01-06,42.68000030517578,42.85499954223633,0.9959164802489829,Derived from Yahoo Finance QQQ and RSP,QQQ/RSP,2026-09-11T22:10:47+08:00,confirmed
2006-01-09,42.84999847412109,43.147499084472656,0.9931050323503308,Derived from Yahoo Finance QQQ and RSP,QQQ/RSP,2026-09-11T22:10:47+08:00,confirmed
2006-01-10,42.880001068115234,43.157501220703125,0.9935700597870859,Derived from Yahoo Finance QQQ and RSP,QQQ/RSP,2026-09-11T22:10:47+08:00,confirmed
2006-01-11,43.209999084472656,43.25,0.9990751233404083,Derived from Yahoo Finance QQQ and RSP,QQQ/RSP,2026-09-11T22:10:47+08:00,confirmed
2006-01-12,43.0,42.9900016784668,1.0002325731831319,Derived from Yahoo Finance QQQ and RSP,QQQ/RSP,2026-09-11T22:10:47+08:00,confirmed
2006-01-13,42.97999954223633,43.02999877929688,0.9988380376835007,Derived from Yahoo Finance QQQ and RSP,QQQ/RSP,2026-09-11T22:10:47+08:00,confirmed
2006-01-17,42.70000076293945,42.81999969482422,0.9971975961527326,Derived from Yahoo Finance QQQ and RSP,QQQ/RSP,2026-09-11T22:10:47+08:00,confirmed
2006-01-18,42.209999084472656,42.77999877929688,0.986676023583711,Derived from Yahoo Finance QQQ and RSP,QQQ/RSP,2026-09-11T22:10:47+08:00,confirmed
2006-01-19,42.52000045776367,43.119998931884766,0.9860853782703267,Derived from Yahoo Finance QQQ and RSP,QQQ/RSP,2026-09-11T22:10:47+08:00,confirmed
2006-01-20,41.25,42.4375,0.9720176730486009,Derived from Yahoo Finance QQQ and RSP,QQQ/RSP,2026-09-11T22:10:47+08:00,confirmed
2006-01-23,41.2599983215332,42.54999923706055,0.9696827041443571,Derived from Yahoo Finance QQQ and RSP,QQQ/RSP,2026-09-11T22:10:47+08:00,confirmed
2006-01-24,41.43999862670898,42.8125,0.9679415737625454,Derived from Yahoo Finance QQQ and RSP,QQQ/RSP,2026-09-11T22:10:47+08:00,confirmed
2006-01-25,41.2599983215332,42.82500076293945,0.9634558689194328,Derived from Yahoo Finance QQQ and RSP,QQQ/RSP,2026-09-11T22:10:47+08:00,confirmed
2006-01-26,41.54999923706055,43.13249969482422,0.9633107176963924,Derived from Yahoo Finance QQQ and RSP,QQQ/RSP,2026-09-11T22:10:47+08:00,confirmed
2006-01-27,42.11000061035156,43.38999938964844,0.9705001429522434,Derived from Yahoo Finance QQQ and RSP,QQQ/RSP,2026-09-11T22:10:47+08:00,confirmed
2006-01-30,42.18999862670898,43.415000915527344,0.9717838935163942,Derived from Yahoo Finance QQQ and RSP,QQQ/RSP,2026-09-11T22:10:47+08:00,confirmed
2006-01-31,42.0,43.15250015258789,0.9732923898148975,Derived from Yahoo Finance QQQ and RSP,QQQ/RSP,2026-09-11T22:10:47+08:00,confirmed
2006-02-01,42.150001525878906,43.345001220703125,0.972430507297957,Derived from Yahoo Finance QQQ and RSP,QQQ/RSP,2026-09-11T22:10:47+08:00,confirmed
2006-02-02,41.43000030517578,42.96749877929688,0.9642171753580892,Derived from Yahoo Finance QQQ and RSP,QQQ/RSP,2026-09-11T22:10:47+08:00,confirmed
2006-02-03,40.91999816894531,42.64500045776367,0.9595497181310426,Derived from Yahoo Finance QQQ and RSP,QQQ/RSP,2026-09-11T22:10:47+08:00,confirmed
2006-02-06,40.810001373291016,42.880001068115234,0.9517257545881119,Derived from Yahoo Finance QQQ and RSP,QQQ/RSP,2026-09-11T22:10:47+08:00,confirmed
2006-02-07,40.630001068115234,42.51750183105469,0.955606498932145,Derived from Yahoo Finance QQQ and RSP,QQQ/RSP,2026-09-11T22:10:47+08:00,confirmed
2006-02-08,41.09999847412109,42.77750015258789,0.9607854205485796,Derived from Yahoo Finance QQQ and RSP,QQQ/RSP,2026-09-11T22:10:47+08:00,confirmed
2006-02-09,40.709999084472656,42.71749877929688,0.9530052144392601,Derived from Yahoo Finance QQQ and RSP,QQQ/RSP,2026-09-11T22:10:47+08:00,confirmed
2006-02-10,40.959999084472656,42.73500061035156,0.9584649233525703,Derived from Yahoo Finance QQQ and RSP,QQQ/RSP,2026-09-11T22:10:47+08:00,confirmed
2006-02-13,40.4900016784668,42.59999847412109,0.9504695570133392,Derived from Yahoo Finance QQQ and RSP,QQQ/RSP,2026-09-11T22:10:47+08:00,confirmed
2006-02-14,40.900001525878906,42.9900016784668,0.9513840411493925,Derived from Yahoo Finance QQQ and RSP,QQQ/RSP,2026-09-11T22:10:47+08:00,confirmed
2006-02-15,41.15999984741211,43.22999954223633,0.9521165922566851,Derived from Yahoo Finance QQQ and RSP,QQQ/RSP,2026-09-11T22:10:47+08:00,confirmed
2006-02-16,41.540000915527344,43.53749847412109,0.9541200659523177,Derived from Yahoo Finance QQQ and RSP,QQQ/RSP,2026-09-11T22:10:47+08:00,confirmed
2006-02-17,41.209999084472656,43.5,0.9473563007924749,Derived from Yahoo Finance QQQ and RSP,QQQ/RSP,2026-09-11T22:10:47+08:00,confirmed
2006-02-21,40.75,43.37749862670898,0.939427152097444,Derived from Yahoo Finance QQQ and RSP,QQQ/RSP,2026-09-11T22:10:47+08:00,confirmed
2006-02-22,41.2599983215332,43.657501220703125,0.9450838267850066,Derived from Yahoo Finance QQQ and RSP,QQQ/RSP,2026-09-11T22:10:47+08:00,confirmed
2006-02-23,41.150001525878906,43.6150016784668,0.94348274543791,Derived from Yahoo Finance QQQ and RSP,QQQ/RSP,2026-09-11T22:10:47+08:00,confirmed
2006-02-24,41.2599983215332,43.65999984741211,0.9450297403970064,Derived from Yahoo Finance QQQ and RSP,QQQ/RSP,2026-09-11T22:10:47+08:00,confirmed
2006-02-27,41.720001220703125,43.82749938964844,0.9519137938897997,Derived from Yahoo Finance QQQ and RSP,QQQ/RSP,2026-09-11T22:10:47+08:00,confirmed
2006-02-28,41.09999847412109,43.29750061035156,0.9492464436687346,Derived from Yahoo Finance QQQ and RSP,QQQ/RSP,2026-09-11T22:10:47+08:00,confirmed
2006-03-01,41.65999984741211,43.71500015258789,0.9529909573829859,Derived from Yahoo Finance QQQ and RSP,QQQ/RSP,2026-09-11T22:10:47+08:00,confirmed
2006-03-02,41.68999862670898,43.70000076293945,0.9540045285780614,Derived from Yahoo Finance QQQ and RSP,QQQ/RSP,2026-09-11T22:10:47+08:00,confirmed
2006-03-03,41.45000076293945,43.59000015258789,0.9509061853141244,Derived from Yahoo Finance QQQ and RSP,QQQ/RSP,2026-09-11T22:10:47+08:00,confirmed
2006-03-06,41.09000015258789,43.17250061035156,0.9517632653118928,Derived from Yahoo Finance QQQ and RSP,QQQ/RSP,2026-09-11T22:10:47+08:00,confirmed
2006-03-07,40.84999847412109,43.0099983215332,0.9497791227224787,Derived from Yahoo Finance QQQ and RSP,QQQ/RSP,2026-09-11T22:10:47+08:00,confirmed
2006-03-08,40.869998931884766,43.022499084472656,0.9499680353676908,Derived from Yahoo Finance QQQ and RSP,QQQ/RSP,2026-09-11T22:10:47+08:00,confirmed
2006-03-09,40.52000045776367,42.92499923706055,0.9439720717054678,Derived from Yahoo Finance QQQ and RSP,QQQ/RSP,2026-09-11T22:10:47+08:00,confirmed
2006-03-10,40.560001373291016,43.275001525878906,0.9372616971263584,Derived from Yahoo Finance QQQ and RSP,QQQ/RSP,2026-09-11T22:10:47+08:00,confirmed
2006-03-13,40.68000030517578,43.375,0.9378674421942543,Derived from Yahoo Finance QQQ and RSP,QQQ/RSP,2026-09-11T22:10:47+08:00,confirmed
2006-03-14,41.369998931884766,43.84999847412109,0.9434435660539432,Derived from Yahoo Finance QQQ and RSP,QQQ/RSP,2026-09-11T22:10:47+08:00,confirmed
2006-03-15,41.720001220703125,44.14250183105469,0.9451209036673288,Derived from Yahoo Finance QQQ and RSP,QQQ/RSP,2026-09-11T22:10:47+08:00,confirmed
2006-03-16,41.369998931884766,44.29750061035156,0.9339127120462708,Derived from Yahoo Finance QQQ and RSP,QQQ/RSP,2026-09-11T22:10:47+08:00,confirmed
2006-03-17,41.45000076293945,44.275001525878906,0.9361942255092136,Derived from Yahoo Finance QQQ and RSP,QQQ/RSP,2026-09-11T22:10:47+08:00,confirmed
2006-03-20,41.54999923706055,44.12749862670898,0.9415897236448306,Derived from Yahoo Finance QQQ and RSP,QQQ/RSP,2026-09-11T22:10:47+08:00,confirmed
2006-03-21,41.11000061035156,43.77750015258789,0.9390668829207087,Derived from Yahoo Finance QQQ and RSP,QQQ/RSP,2026-09-11T22:10:47+08:00,confirmed
2006-03-22,41.209999084472656,44.067501068115234,0.9351562508791744,Derived from Yahoo Finance QQQ and RSP,QQQ/RSP,2026-09-11T22:10:47+08:00,confirmed
2006-03-23,41.09000015258789,44.084999084472656,0.932063082815405,Derived from Yahoo Finance QQQ and RSP,QQQ/RSP,2026-09-11T22:10:47+08:00,confirmed
2006-03-24,41.29999923706055,44.1349983215332,0.935765283963102,Derived from Yahoo Finance QQQ and RSP,QQQ/RSP,2026-09-11T22:10:47+08:00,confirmed
2006-03-27,41.310001373291016,44.11000061035156,0.9365223487119279,Derived from Yahoo Finance QQQ and RSP,QQQ/RSP,2026-09-11T22:10:47+08:00,confirmed
2006-03-28,41.13999938964844,43.897499084472656,0.9371832165309026,Derived from Yahoo Finance QQQ and RSP,QQQ/RSP,2026-09-11T22:10:47+08:00,confirmed
2006-03-29,41.91999816894531,44.28749847412109,0.9465424693932714,Derived from Yahoo Finance QQQ and RSP,QQQ/RSP,2026-09-11T22:10:47+08:00,confirmed
2006-03-30,42.04999923706055,44.11750030517578,0.953136486568513,Derived from Yahoo Finance QQQ and RSP,QQQ/RSP,2026-09-11T22:10:47+08:00,confirmed
2006-03-31,41.93000030517578,44.09999847412109,0.950793690611606,Derived from Yahoo Finance QQQ and RSP,QQQ/RSP,2026-09-11T22:10:47+08:00,confirmed
2006-04-03,41.97999954223633,44.060001373291016,0.9527916076662772,Derived from Yahoo Finance QQQ and RSP,QQQ/RSP,2026-09-11T22:10:47+08:00,confirmed
2006-04-04,42.209999084472656,44.29999923706055,0.9528216661719615,Derived from Yahoo Finance QQQ and RSP,QQQ/RSP,2026-09-11T22:10:47+08:00,confirmed
2006-04-05,42.61000061035156,44.48249816894531,0.9579048471719828,Derived from Yahoo Finance QQQ and RSP,QQQ/RSP,2026-09-11T22:10:47+08:00,confirmed
2006-04-06,42.72999954223633,44.497501373291016,0.9602786274171429,Derived from Yahoo Finance QQQ and RSP,QQQ/RSP,2026-09-11T22:10:47+08:00,confirmed
2006-04-07,42.31999969482422,44.09249877929688,0.9598004392233511,Derived from Yahoo Finance QQQ and RSP,QQQ/RSP,2026-09-11T22:10:47+08:00,confirmed
2006-04-10,42.2599983215332,44.067501068115234,0.9589833164402,Derived from Yahoo Finance QQQ and RSP,QQQ/RSP,2026-09-11T22:10:47+08:00,confirmed
2006-04-11,41.91999816894531,43.54999923706055,0.9625717314197305,Derived from Yahoo Finance QQQ and RSP,QQQ/RSP,2026-09-11T22:10:47+08:00,confirmed
2006-04-12,41.93000030517578,43.66249847412109,0.9603206818324388,Derived from Yahoo Finance QQQ and RSP,QQQ/RSP,2026-09-11T22:10:47+08:00,confirmed
2006-04-13,42.09999847412109,43.75249862670898,0.962230724999575,Derived from Yahoo Finance QQQ and RSP,QQQ/RSP,2026-09-11T22:10:47+08:00,confirmed
2006-04-17,41.65999984741211,43.622501373291016,0.9550117149613869,Derived from Yahoo Finance QQQ and RSP,QQQ/RSP,2026-09-11T22:10:47+08:00,confirmed
2006-04-18,42.459999084472656,44.442501068115234,0.9553917548293676,Derived from Yahoo Finance QQQ and RSP,QQQ/RSP,2026-09-11T22:10:47+08:00,confirmed
2006-04-19,42.650001525878906,44.647499084472656,0.9552607066565026,Derived from Yahoo Finance QQQ and RSP,QQQ/RSP,2026-09-11T22:10:47+08:00,confirmed
2006-04-20,42.5,44.6349983215332,0.9521676172999155,Derived from Yahoo Finance QQQ and RSP,QQQ/RSP,2026-09-11T22:10:47+08:00,confirmed
2006-04-21,42.0,44.525001525878906,0.9432902540292711,Derived from Yahoo Finance QQQ and RSP,QQQ/RSP,2026-09-11T22:10:47+08:00,confirmed
2006-04-24,41.959999084472656,44.49250030517578,0.9430802673859054,Derived from Yahoo Finance QQQ and RSP,QQQ/RSP,2026-09-11T22:10:47+08:00,confirmed
2006-04-25,41.869998931884766,44.31499862670898,0.9448268132552622,Derived from Yahoo Finance QQQ and RSP,QQQ/RSP,2026-09-11T22:10:47+08:00,confirmed
2006-04-26,41.86000061035156,44.43000030517578,0.942156208031247,Derived from Yahoo Finance QQQ and RSP,QQQ/RSP,2026-09-11T22:10:47+08:00,confirmed
2006-04-27,42.2599983215332,44.43999862670898,0.9509450861264076,Derived from Yahoo Finance QQQ and RSP,QQQ/RSP,2026-09-11T22:10:47+08:00,confirmed
2006-04-28,41.84999847412109,44.47999954223633,0.9408722775363811,Derived from Yahoo Finance QQQ and RSP,QQQ/RSP,2026-09-11T22:10:47+08:00,confirmed
2006-05-01,41.43999862670898,44.25,0.9364971441064176,Derived from Yahoo Finance QQQ and RSP,QQQ/RSP,2026-09-11T22:10:47+08:00,confirmed
2006-05-02,41.54999923706055,44.5099983215332,0.9334981083780303,Derived from Yahoo Finance QQQ and RSP,QQQ/RSP,2026-09-11T22:10:47+08:00,confirmed
2006-05-03,41.4900016784668,44.40999984741211,0.9342490840131028,Derived from Yahoo Finance QQQ and RSP,QQQ/RSP,2026-09-11T22:10:47+08:00,confirmed
2006-05-04,41.83000183105469,44.619998931884766,0.9374720491345331,Derived from Yahoo Finance QQQ and RSP,QQQ/RSP,2026-09-11T22:10:47+08:00,confirmed
2006-05-05,42.15999984741211,45.08000183105469,0.9352262230470664,Derived from Yahoo Finance QQQ and RSP,QQQ/RSP,2026-09-11T22:10:47+08:00,confirmed
2006-05-08,42.20000076293945,45.13999938964844,0.9348693250673107,Derived from Yahoo Finance QQQ and RSP,QQQ/RSP,2026-09-11T22:10:47+08:00,confirmed
2006-05-09,42.040000915527344,45.119998931884766,0.9317376310002328,Derived from Yahoo Finance QQQ and RSP,QQQ/RSP,2026-09-11T22:10:47+08:00,confirmed
2006-05-10,41.66999816894531,45.09000015258789,0.9241516528705026,Derived from Yahoo Finance QQQ and RSP,QQQ/RSP,2026-09-11T22:10:47+08:00,confirmed
2006-05-11,40.7400016784668,44.41999816894531,0.917154510531897,Derived from Yahoo Finance QQQ and RSP,QQQ/RSP,2026-09-11T22:10:47+08:00,confirmed
2006-05-12,40.18999862670898,43.900001525878906,0.9154896863276213,Derived from Yahoo Finance QQQ and RSP,QQQ/RSP,2026-09-11T22:10:47+08:00,confirmed
2006-05-15,40.15999984741211,43.90999984741211,0.9145980411516441,Derived from Yahoo Finance QQQ and RSP,QQQ/RSP,2026-09-11T22:10:47+08:00,confirmed
2006-05-16,39.86000061035156,43.70000076293945,0.9121281444954923,Derived from Yahoo Finance QQQ and RSP,QQQ/RSP,2026-09-11T22:10:47+08:00,confirmed
2006-05-17,39.31999969482422,43.0099983215332,0.9142060271864376,Derived from Yahoo Finance QQQ and RSP,QQQ/RSP,2026-09-11T22:10:47+08:00,confirmed
2006-05-18,39.04999923706055,42.7400016784668,0.9136639612425345,Derived from Yahoo Finance QQQ and RSP,QQQ/RSP,2026-09-11T22:10:47+08:00,confirmed
2006-05-19,39.34999847412109,43.02000045776367,0.9146907962670587,Derived from Yahoo Finance QQQ and RSP,QQQ/RSP,2026-09-11T22:10:47+08:00,confirmed
2006-05-22,38.970001220703125,42.75,0.9115789759228801,Derived from Yahoo Finance QQQ and RSP,QQQ/RSP,2026-09-11T22:10:47+08:00,confirmed
2006-05-23,38.59000015258789,42.5,0.9080000035903033,Derived from Yahoo Finance QQQ and RSP,QQQ/RSP,2026-09-11T22:10:47+08:00,confirmed
2006-05-24,38.84999847412109,42.619998931884766,0.9115438631570852,Derived from Yahoo Finance QQQ and RSP,QQQ/RSP,2026-09-11T22:10:47+08:00,confirmed
2006-05-25,39.36000061035156,43.08000183105469,0.9136490004041383,Derived from Yahoo Finance QQQ and RSP,QQQ/RSP,2026-09-11T22:10:47+08:00,confirmed
2006-05-26,39.4900016784668,43.369998931884766,0.9105372988477186,Derived from Yahoo Finance QQQ and RSP,QQQ/RSP,2026-09-11T22:10:47+08:00,confirmed
2006-05-30,38.63999938964844,42.619998931884766,0.9066166203195556,Derived from Yahoo Finance QQQ and RSP,QQQ/RSP,2026-09-11T22:10:47+08:00,confirmed
2006-05-31,38.81999969482422,43.15999984741211,0.8994439256735048,Derived from Yahoo Finance QQQ and RSP,QQQ/RSP,2026-09-11T22:10:47+08:00,confirmed
2006-06-01,39.7400016784668,43.65999984741211,0.910215341670972,Derived from Yahoo Finance QQQ and RSP,QQQ/RSP,2026-09-11T22:10:47+08:00,confirmed
2006-06-02,39.63999938964844,43.709999084472656,0.9068863010736135,Derived from Yahoo Finance QQQ and RSP,QQQ/RSP,2026-09-11T22:10:47+08:00,confirmed
2006-06-05,38.77999877929688,42.9900016784668,0.9020701852803449,Derived from Yahoo Finance QQQ and RSP,QQQ/RSP,2026-09-11T22:10:47+08:00,confirmed
2006-06-06,38.75,42.72999954223633,0.9068570188421764,Derived from Yahoo Finance QQQ and RSP,QQQ/RSP,2026-09-11T22:10:47+08:00,confirmed
2006-06-07,38.459999084472656,42.47999954223633,0.9053672198426761,Derived from Yahoo Finance QQQ and RSP,QQQ/RSP,2026-09-11T22:10:47+08:00,confirmed
2006-06-08,38.400001525878906,42.43000030517578,0.9050200624484728,Derived from Yahoo Finance QQQ and RSP,QQQ/RSP,2026-09-11T22:10:47+08:00,confirmed
2006-06-09,38.150001525878906,42.41999816894531,0.8993400087840557,Derived from Yahoo Finance QQQ and RSP,QQQ/RSP,2026-09-11T22:10:47+08:00,confirmed
2006-06-12,37.400001525878906,41.7400016784668,0.8960230000463357,Derived from Yahoo Finance QQQ and RSP,QQQ/RSP,2026-09-11T22:10:47+08:00,confirmed
2006-06-13,37.25,41.2599983215332,0.9028114763775833,Derived from Yahoo Finance QQQ and RSP,QQQ/RSP,2026-09-11T22:10:47+08:00,confirmed
2006-06-14,37.630001068115234,41.459999084472656,0.9076218499533973,Derived from Yahoo Finance QQQ and RSP,QQQ/RSP,2026-09-11T22:10:47+08:00,confirmed
2006-06-15,38.650001525878906,42.52000045776367,0.9089840336260356,Derived from Yahoo Finance QQQ and RSP,QQQ/RSP,2026-09-11T22:10:47+08:00,confirmed
2006-06-16,38.34000015258789,42.0,0.9128571464901879,Derived from Yahoo Finance QQQ and RSP,QQQ/RSP,2026-09-11T22:10:47+08:00,confirmed
2006-06-19,38.02999877929688,41.70000076293945,0.9119903617147112,Derived from Yahoo Finance QQQ and RSP,QQQ/RSP,2026-09-11T22:10:47+08:00,confirmed
2006-06-20,38.08000183105469,41.68999862670898,0.9134085652537892,Derived from Yahoo Finance QQQ and RSP,QQQ/RSP,2026-09-11T22:10:47+08:00,confirmed
2006-06-21,38.68000030517578,42.20000076293945,0.9165876683856609,Derived from Yahoo Finance QQQ and RSP,QQQ/RSP,2026-09-11T22:10:47+08:00,confirmed
2006-06-22,38.18999862670898,41.93999862670898,0.9105865492896832,Derived from Yahoo Finance QQQ and RSP,QQQ/RSP,2026-09-11T22:10:47+08:00,confirmed
2006-06-23,38.150001525878906,42.04999923706055,0.9072533226648813,Derived from Yahoo Finance QQQ and RSP,QQQ/RSP,2026-09-11T22:10:47+08:00,confirmed
2006-06-26,38.25,42.20000076293945,0.9063980878785104,Derived from Yahoo Finance QQQ and RSP,QQQ/RSP,2026-09-11T22:10:47+08:00,confirmed
2006-06-27,37.52999877929688,41.790000915527344,0.8980616883727411,Derived from Yahoo Finance QQQ and RSP,QQQ/RSP,2026-09-11T22:10:47+08:00,confirmed
2006-06-28,37.810001373291016,41.900001525878906,0.9023866347579543,Derived from Yahoo Finance QQQ and RSP,QQQ/RSP,2026-09-11T22:10:47+08:00,confirmed
2006-06-29,38.959999084472656,42.95000076293945,0.9071012431294373,Derived from Yahoo Finance QQQ and RSP,QQQ/RSP,2026-09-11T22:10:47+08:00,confirmed
2006-06-30,38.77000045776367,42.90999984741211,0.9035190071225759,Derived from Yahoo Finance QQQ and RSP,QQQ/RSP,2026-09-11T22:10:47+08:00,confirmed
2006-07-03,39.0,43.20000076293945,0.9027777618341488,Derived from Yahoo Finance QQQ and RSP,QQQ/RSP,2026-09-11T22:10:47+08:00,confirmed
2006-07-05,38.150001525878906,42.77000045776367,0.8919803861950594,Derived from Yahoo Finance QQQ and RSP,QQQ/RSP,2026-09-11T22:10:47+08:00,confirmed
2006-07-06,38.11000061035156,42.77999877929688,0.8908368793314381,Derived from Yahoo Finance QQQ and RSP,QQQ/RSP,2026-09-11T22:10:47+08:00,confirmed
2006-07-07,37.68999862670898,42.52999877929688,0.8861979710438186,Derived from Yahoo Finance QQQ and RSP,QQQ/RSP,2026-09-11T22:10:47+08:00,confirmed
2006-07-10,37.36000061035156,42.43999862670898,0.8803016451286972,Derived from Yahoo Finance QQQ and RSP,QQQ/RSP,2026-09-11T22:10:47+08:00,confirmed
2006-07-11,37.63999938964844,42.65999984741211,0.8823253521866058,Derived from Yahoo Finance QQQ and RSP,QQQ/RSP,2026-09-11T22:10:47+08:00,confirmed
2006-07-12,36.93000030517578,42.27999877929688,0.8734626625216267,Derived from Yahoo Finance QQQ and RSP,QQQ/RSP,2026-09-11T22:10:47+08:00,confirmed
2006-07-13,36.310001373291016,41.58000183105469,0.8732563678285438,Derived from Yahoo Finance QQQ and RSP,QQQ/RSP,2026-09-11T22:10:47+08:00,confirmed
2006-07-14,35.939998626708984,41.220001220703125,0.8719067822020778,Derived from Yahoo Finance QQQ and RSP,QQQ/RSP,2026-09-11T22:10:47+08:00,confirmed
2006-07-17,36.02999877929688,41.18999862670898,0.8747268749830407,Derived from Yahoo Finance QQQ and RSP,QQQ/RSP,2026-09-11T22:10:47+08:00,confirmed
2006-07-18,36.150001525878906,41.18000030517578,0.8778533574060059,Derived from Yahoo Finance QQQ and RSP,QQQ/RSP,2026-09-11T22:10:47+08:00,confirmed
2006-07-19,36.619998931884766,41.900001525878906,0.8739856228708482,Derived from Yahoo Finance QQQ and RSP,QQQ/RSP,2026-09-11T22:10:47+08:00,confirmed
2006-07-20,36.08000183105469,41.470001220703125,0.8700265437427193,Derived from Yahoo Finance QQQ and RSP,QQQ/RSP,2026-09-11T22:10:47+08:00,confirmed
2006-07-21,35.70000076293945,41.02000045776367,0.8703071761224876,Derived from Yahoo Finance QQQ and RSP,QQQ/RSP,2026-09-11T22:10:47+08:00,confirmed
2006-07-24,36.40999984741211,41.7599983215332,0.871887004570055,Derived from Yahoo Finance QQQ and RSP,QQQ/RSP,2026-09-11T22:10:47+08:00,confirmed
2006-07-25,36.619998931884766,41.970001220703125,0.8725279453606666,Derived from Yahoo Finance QQQ and RSP,QQQ/RSP,2026-09-11T22:10:47+08:00,confirmed
2006-07-26,36.59000015258789,42.09999847412109,0.8691211752674957,Derived from Yahoo Finance QQQ and RSP,QQQ/RSP,2026-09-11T22:10:47+08:00,confirmed
2006-07-27,36.34999847412109,41.84999847412109,0.8685782508833052,Derived from Yahoo Finance QQQ and RSP,QQQ/RSP,2026-09-11T22:10:47+08:00,confirmed
2006-07-28,37.11000061035156,42.27999877929688,0.8777200019344159,Derived from Yahoo Finance QQQ and RSP,QQQ/RSP,2026-09-11T22:10:47+08:00,confirmed
2006-07-31,37.09999847412109,42.34000015258789,0.8762399230141116,Derived from Yahoo Finance QQQ and RSP,QQQ/RSP,2026-09-11T22:10:47+08:00,confirmed
2006-08-01,36.47999954223633,42.06999969482422,0.8671262136168826,Derived from Yahoo Finance QQQ and RSP,QQQ/RSP,2026-09-11T22:10:47+08:00,confirmed
2006-08-02,36.88999938964844,42.310001373291016,0.8718978537527523,Derived from Yahoo Finance QQQ and RSP,QQQ/RSP,2026-09-11T22:10:47+08:00,confirmed
2006-08-03,37.119998931884766,42.52000045776367,0.8730009062148792,Derived from Yahoo Finance QQQ and RSP,QQQ/RSP,2026-09-11T22:10:47+08:00,confirmed
2006-08-04,36.95000076293945,42.43000030517578,0.8708461111755434,Derived from Yahoo Finance QQQ and RSP,QQQ/RSP,2026-09-11T22:10:47+08:00,confirmed
2006-08-07,36.709999084472656,42.29999923706055,0.8678486937727816,Derived from Yahoo Finance QQQ and RSP,QQQ/RSP,2026-09-11T22:10:47+08:00,confirmed
2006-08-08,36.47999954223633,42.11000061035156,0.8663025175370989,Derived from Yahoo Finance QQQ and RSP,QQQ/RSP,2026-09-11T22:10:47+08:00,confirmed
2006-08-09,36.52999877929688,41.810001373291016,0.8737143644925328,Derived from Yahoo Finance QQQ and RSP,QQQ/RSP,2026-09-11T22:10:47+08:00,confirmed
2006-08-10,36.790000915527344,42.09000015258789,0.87407937234862,Derived from Yahoo Finance QQQ and RSP,QQQ/RSP,2026-09-11T22:10:47+08:00,confirmed
2006-08-11,36.52999877929688,41.869998931884766,0.8724623766703424,Derived from Yahoo Finance QQQ and RSP,QQQ/RSP,2026-09-11T22:10:47+08:00,confirmed
2006-08-14,36.77000045776367,41.970001220703125,0.8761019630284315,Derived from Yahoo Finance QQQ and RSP,QQQ/RSP,2026-09-11T22:10:47+08:00,confirmed
2006-08-15,37.70000076293945,42.630001068115234,0.8843537372354622,Derived from Yahoo Finance QQQ and RSP,QQQ/RSP,2026-09-11T22:10:47+08:00,confirmed
2006-08-16,38.59000015258789,43.119998931884766,0.8949443670800464,Derived from Yahoo Finance QQQ and RSP,QQQ/RSP,2026-09-11T22:10:47+08:00,confirmed
2006-08-17,38.72999954223633,43.290000915527344,0.8946638651685631,Derived from Yahoo Finance QQQ and RSP,QQQ/RSP,2026-09-11T22:10:47+08:00,confirmed
2006-08-18,38.790000915527344,43.33000183105469,0.8952226927377253,Derived from Yahoo Finance QQQ and RSP,QQQ/RSP,2026-09-11T22:10:47+08:00,confirmed
2006-08-21,38.41999816894531,43.130001068115234,0.8907952055987337,Derived from Yahoo Finance QQQ and RSP,QQQ/RSP,2026-09-11T22:10:47+08:00,confirmed
2006-08-22,38.43000030517578,43.16999816894531,0.8902015736665172,Derived from Yahoo Finance QQQ and RSP,QQQ/RSP,2026-09-11T22:10:47+08:00,confirmed
2006-08-23,38.13999938964844,42.900001525878906,0.8890442431952117,Derived from Yahoo Finance QQQ and RSP,QQQ/RSP,2026-09-11T22:10:47+08:00,confirmed
2006-08-24,38.25,42.81999969482422,0.8932741773144709,Derived from Yahoo Finance QQQ and RSP,QQQ/RSP,2026-09-11T22:10:47+08:00,confirmed
2006-08-25,38.31999969482422,42.869998931884766,0.893865188933409,Derived from Yahoo Finance QQQ and RSP,QQQ/RSP,2026-09-11T22:10:47+08:00,confirmed
2006-08-28,38.61000061035156,43.15999984741211,0.8945783305573073,Derived from Yahoo Finance QQQ and RSP,QQQ/RSP,2026-09-11T22:10:47+08:00,confirmed
2006-08-29,38.72999954223633,43.36000061035156,0.8932195340649998,Derived from Yahoo Finance QQQ and RSP,QQQ/RSP,2026-09-11T22:10:47+08:00,confirmed
2006-08-30,38.90999984741211,43.43000030517578,0.8959244663596053,Derived from Yahoo Finance QQQ and RSP,QQQ/RSP,2026-09-11T22:10:47+08:00,confirmed
2006-08-31,38.869998931884766,43.5,0.8935631938364313,Derived from Yahoo Finance QQQ and RSP,QQQ/RSP,2026-09-11T22:10:47+08:00,confirmed
2006-09-01,39.08000183105469,43.68000030517578,0.8946886803575406,Derived from Yahoo Finance QQQ and RSP,QQQ/RSP,2026-09-11T22:10:47+08:00,confirmed
2006-09-05,39.459999084472656,43.75,0.9019428362165178,Derived from Yahoo Finance QQQ and RSP,QQQ/RSP,2026-09-11T22:10:47+08:00,confirmed
2006-09-06,38.66999816894531,43.2400016784668,0.8943107462505647,Derived from Yahoo Finance QQQ and RSP,QQQ/RSP,2026-09-11T22:10:47+08:00,confirmed
2006-09-07,38.4900016784668,43.040000915527344,0.8942844065921229,Derived from Yahoo Finance QQQ and RSP,QQQ/RSP,2026-09-11T22:10:47+08:00,confirmed
2006-09-08,38.720001220703125,43.31999969482422,0.8938135155464765,Derived from Yahoo Finance QQQ and RSP,QQQ/RSP,2026-09-11T22:10:47+08:00,confirmed
2006-09-11,38.959999084472656,43.380001068115234,0.8981096847668977,Derived from Yahoo Finance QQQ and RSP,QQQ/RSP,2026-09-11T22:10:47+08:00,confirmed
2006-09-12,39.68000030517578,43.970001220703125,0.9024334592579586,Derived from Yahoo Finance QQQ and RSP,QQQ/RSP,2026-09-11T22:10:47+08:00,confirmed
2006-09-13,39.95000076293945,44.18000030517578,0.9042553301716303,Derived from Yahoo Finance QQQ and RSP,QQQ/RSP,2026-09-11T22:10:47+08:00,confirmed
2006-09-14,39.9900016784668,44.08000183105469,0.9072141564725059,Derived from Yahoo Finance QQQ and RSP,QQQ/RSP,2026-09-11T22:10:47+08:00,confirmed
2006-09-15,40.11000061035156,44.130001068115234,0.9089054982899559,Derived from Yahoo Finance QQQ and RSP,QQQ/RSP,2026-09-11T22:10:47+08:00,confirmed
2006-09-18,40.119998931884766,44.11000061035156,0.9095442842154384,Derived from Yahoo Finance QQQ and RSP,QQQ/RSP,2026-09-11T22:10:47+08:00,confirmed
2006-09-19,39.84999847412109,44.02999877929688,0.9050647190310336,Derived from Yahoo Finance QQQ and RSP,QQQ/RSP,2026-09-11T22:10:47+08:00,confirmed
2006-09-20,40.43000030517578,44.25,0.9136723232808086,Derived from Yahoo Finance QQQ and RSP,QQQ/RSP,2026-09-11T22:10:47+08:00,confirmed
2006-09-21,40.18000030517578,43.93000030517578,0.9146369229695138,Derived from Yahoo Finance QQQ and RSP,QQQ/RSP,2026-09-11T22:10:47+08:00,confirmed
2006-09-22,39.869998931884766,43.83000183105469,0.9096508616533034,Derived from Yahoo Finance QQQ and RSP,QQQ/RSP,2026-09-11T22:10:47+08:00,confirmed
2006-09-25,40.56999969482422,44.25,0.9168361512954626,Derived from Yahoo Finance QQQ and RSP,QQQ/RSP,2026-09-11T22:10:47+08:00,confirmed
2006-09-26,40.77000045776367,44.540000915527344,0.9153569739499177,Derived from Yahoo Finance QQQ and RSP,QQQ/RSP,2026-09-11T22:10:47+08:00,confirmed
2006-09-27,40.720001220703125,44.54999923706055,0.9140292237497661,Derived from Yahoo Finance QQQ and RSP,QQQ/RSP,2026-09-11T22:10:47+08:00,confirmed
2006-09-28,40.83000183105469,44.59000015258789,0.9156761985049022,Derived from Yahoo Finance QQQ and RSP,QQQ/RSP,2026-09-11T22:10:47+08:00,confirmed
2006-09-29,40.650001525878906,44.41999816894531,0.9151283926503611,Derived from Yahoo Finance QQQ and RSP,QQQ/RSP,2026-09-11T22:10:47+08:00,confirmed
2006-10-02,40.13999938964844,44.36000061035156,0.9048692253688028,Derived from Yahoo Finance QQQ and RSP,QQQ/RSP,2026-09-11T22:10:47+08:00,confirmed
2006-10-03,40.310001373291016,44.25,0.9109604830122263,Derived from Yahoo Finance QQQ and RSP,QQQ/RSP,2026-09-11T22:10:47+08:00,confirmed
2006-10-04,41.29999923706055,44.84999847412109,0.9208472829913489,Derived from Yahoo Finance QQQ and RSP,QQQ/RSP,2026-09-11T22:10:47+08:00,confirmed
2006-10-05,41.5,45.09000015258789,0.9203814561889762,Derived from Yahoo Finance QQQ and RSP,QQQ/RSP,2026-09-11T22:10:47+08:00,confirmed
2006-10-06,41.40999984741211,44.95000076293945,0.9212458096675714,Derived from Yahoo Finance QQQ and RSP,QQQ/RSP,2026-09-11T22:10:47+08:00,confirmed
2006-10-09,41.54999923706055,45.02999877929688,0.9227181959454924,Derived from Yahoo Finance QQQ and RSP,QQQ/RSP,2026-09-11T22:10:47+08:00,confirmed
2006-10-10,41.619998931884766,45.13999938964844,0.922020369841412,Derived from Yahoo Finance QQQ and RSP,QQQ/RSP,2026-09-11T22:10:47+08:00,confirmed
2006-10-11,41.540000915527344,45.09000015258789,0.9212685911499869,Derived from Yahoo Finance QQQ and RSP,QQQ/RSP,2026-09-11T22:10:47+08:00,confirmed
2006-10-12,42.20000076293945,45.540000915527344,0.9266578813034436,Derived from Yahoo Finance QQQ and RSP,QQQ/RSP,2026-09-11T22:10:47+08:00,confirmed
2006-10-13,42.43000030517578,45.63999938964844,0.9296669779272453,Derived from Yahoo Finance QQQ and RSP,QQQ/RSP,2026-09-11T22:10:47+08:00,confirmed
2006-10-16,42.470001220703125,45.810001373291016,0.9270901538427974,Derived from Yahoo Finance QQQ and RSP,QQQ/RSP,2026-09-11T22:10:47+08:00,confirmed
2006-10-17,42.0,45.65999984741211,0.9198423158203416,Derived from Yahoo Finance QQQ and RSP,QQQ/RSP,2026-09-11T22:10:47+08:00,confirmed
2006-10-18,41.79999923706055,45.63999938964844,0.9158632733580001,Derived from Yahoo Finance QQQ and RSP,QQQ/RSP,2026-09-11T22:10:47+08:00,confirmed
2006-10-19,41.900001525878906,45.70000076293945,0.9168490333999695,Derived from Yahoo Finance QQQ and RSP,QQQ/RSP,2026-09-11T22:10:47+08:00,confirmed
2006-10-20,42.0,45.5099983215332,0.9228741276425748,Derived from Yahoo Finance QQQ and RSP,QQQ/RSP,2026-09-11T22:10:47+08:00,confirmed
2006-10-23,42.43000030517578,45.84000015258789,0.925610823820654,Derived from Yahoo Finance QQQ and RSP,QQQ/RSP,2026-09-11T22:10:47+08:00,confirmed
2006-10-24,42.13999938964844,45.959999084472656,0.9168842521558103,Derived from Yahoo Finance QQQ and RSP,QQQ/RSP,2026-09-11T22:10:47+08:00,confirmed
2006-10-25,42.43000030517578,46.060001373291016,0.9211897316568433,Derived from Yahoo Finance QQQ and RSP,QQQ/RSP,2026-09-11T22:10:47+08:00,confirmed
2006-10-26,42.81999969482422,46.2599983215332,0.9256377269450153,Derived from Yahoo Finance QQQ and RSP,QQQ/RSP,2026-09-11T22:10:47+08:00,confirmed
2006-10-27,42.209999084472656,45.970001220703125,0.918207482349661,Derived from Yahoo Finance QQQ and RSP,QQQ/RSP,2026-09-11T22:10:47+08:00,confirmed
2006-10-30,42.47999954223633,46.09999847412109,0.9214750748003409,Derived from Yahoo Finance QQQ and RSP,QQQ/RSP,2026-09-11T22:10:47+08:00,confirmed
2006-10-31,42.58000183105469,46.09000015258789,0.9238446884375607,Derived from Yahoo Finance QQQ and RSP,QQQ/RSP,2026-09-11T22:10:47+08:00,confirmed
2006-11-01,42.0,45.70000076293945,0.9190371837818441,Derived from Yahoo Finance QQQ and RSP,QQQ/RSP,2026-09-11T22:10:47+08:00,confirmed
2006-11-02,42.040000915527344,45.70000076293945,0.9199124773236285,Derived from Yahoo Finance QQQ and RSP,QQQ/RSP,2026-09-11T22:10:47+08:00,confirmed
2006-11-03,41.93000030517578,45.58000183105469,0.9199209877303673,Derived from Yahoo Finance QQQ and RSP,QQQ/RSP,2026-09-11T22:10:47+08:00,confirmed
2006-11-06,42.540000915527344,46.040000915527344,0.9239791500781748,Derived from Yahoo Finance QQQ and RSP,QQQ/RSP,2026-09-11T22:10:47+08:00,confirmed
2006-11-07,42.83000183105469,46.18000030517578,0.9274578074494809,Derived from Yahoo Finance QQQ and RSP,QQQ/RSP,2026-09-11T22:10:47+08:00,confirmed
2006-11-08,43.02999877929688,46.34000015258789,0.9285713991715178,Derived from Yahoo Finance QQQ and RSP,QQQ/RSP,2026-09-11T22:10:47+08:00,confirmed
2006-11-09,42.83000183105469,46.13999938964844,0.9282618638409356,Derived from Yahoo Finance QQQ and RSP,QQQ/RSP,2026-09-11T22:10:47+08:00,confirmed
2006-11-10,43.02999877929688,46.29999923706055,0.9293736390572936,Derived from Yahoo Finance QQQ and RSP,QQQ/RSP,2026-09-11T22:10:47+08:00,confirmed
2006-11-13,43.470001220703125,46.459999084472656,0.9356436090682401,Derived from Yahoo Finance QQQ and RSP,QQQ/RSP,2026-09-11T22:10:47+08:00,confirmed
2006-11-14,43.93000030517578,46.7599983215332,0.9394782267335071,Derived from Yahoo Finance QQQ and RSP,QQQ/RSP,2026-09-11T22:10:47+08:00,confirmed
2006-11-15,44.11000061035156,47.02999877929688,0.9379120084045008,Derived from Yahoo Finance QQQ and RSP,QQQ/RSP,2026-09-11T22:10:47+08:00,confirmed
2006-11-16,44.29999923706055,47.11000061035156,0.9403523384231591,Derived from Yahoo Finance QQQ and RSP,QQQ/RSP,2026-09-11T22:10:47+08:00,confirmed
2006-11-17,44.29999923706055,47.09000015258789,0.9407517327142328,Derived from Yahoo Finance QQQ and RSP,QQQ/RSP,2026-09-11T22:10:47+08:00,confirmed
2006-11-20,44.38999938964844,47.040000915527344,0.9436649346449274,Derived from Yahoo Finance QQQ and RSP,QQQ/RSP,2026-09-11T22:10:47+08:00,confirmed
2006-11-21,44.45000076293945,47.29999923706055,0.9397463314991333,Derived from Yahoo Finance QQQ and RSP,QQQ/RSP,2026-09-11T22:10:47+08:00,confirmed
2006-11-22,44.72999954223633,47.400001525878906,0.943670846040272,Derived from Yahoo Finance QQQ and RSP,QQQ/RSP,2026-09-11T22:10:47+08:00,confirmed
2006-11-24,44.650001525878906,47.310001373291016,0.9437751052589523,Derived from Yahoo Finance QQQ and RSP,QQQ/RSP,2026-09-11T22:10:47+08:00,confirmed
2006-11-27,43.63999938964844,46.540000915527344,0.9376879787531038,Derived from Yahoo Finance QQQ and RSP,QQQ/RSP,2026-09-11T22:10:47+08:00,confirmed
2006-11-28,43.77000045776367,46.630001068115234,0.938666083104442,Derived from Yahoo Finance QQQ and RSP,QQQ/RSP,2026-09-11T22:10:47+08:00,confirmed
2006-11-29,44.06999969482422,47.09999847412109,0.9356688136420708,Derived from Yahoo Finance QQQ and RSP,QQQ/RSP,2026-09-11T22:10:47+08:00,confirmed
2006-11-30,44.040000915527344,47.2400016784668,0.9322607821921798,Derived from Yahoo Finance QQQ and RSP,QQQ/RSP,2026-09-11T22:10:47+08:00,confirmed
2006-12-01,43.65999984741211,47.04999923706055,0.9279490022397665,Derived from Yahoo Finance QQQ and RSP,QQQ/RSP,2026-09-11T22:10:47+08:00,confirmed
2006-12-04,44.2599983215332,47.58000183105469,0.9302227116066529,Derived from Yahoo Finance QQQ and RSP,QQQ/RSP,2026-09-11T22:10:47+08:00,confirmed
2006-12-05,44.41999816894531,47.72999954223633,0.9306515523772005,Derived from Yahoo Finance QQQ and RSP,QQQ/RSP,2026-09-11T22:10:47+08:00,confirmed
2006-12-06,44.2599983215332,47.79999923706055,0.9259414022587956,Derived from Yahoo Finance QQQ and RSP,QQQ/RSP,2026-09-11T22:10:47+08:00,confirmed
2006-12-07,43.70000076293945,47.560001373291016,0.918839350317612,Derived from Yahoo Finance QQQ and RSP,QQQ/RSP,2026-09-11T22:10:47+08:00,confirmed
2006-12-08,43.900001525878906,47.630001068115234,0.9216880231242891,Derived from Yahoo Finance QQQ and RSP,QQQ/RSP,2026-09-11T22:10:47+08:00,confirmed
2006-12-11,44.060001373291016,47.650001525878906,0.9246589708787701,Derived from Yahoo Finance QQQ and RSP,QQQ/RSP,2026-09-11T22:10:47+08:00,confirmed
2006-12-12,43.79999923706055,47.58000183105469,0.9205548035198479,Derived from Yahoo Finance QQQ and RSP,QQQ/RSP,2026-09-11T22:10:47+08:00,confirmed
2006-12-13,43.880001068115234,47.65999984741211,0.9206882334998134,Derived from Yahoo Finance QQQ and RSP,QQQ/RSP,2026-09-11T22:10:47+08:00,confirmed
2006-12-14,44.369998931884766,48.0099983215332,0.9241824720494555,Derived from Yahoo Finance QQQ and RSP,QQQ/RSP,2026-09-11T22:10:47+08:00,confirmed
2006-12-15,44.43000030517578,47.79999923706055,0.9294979291700088,Derived from Yahoo Finance QQQ and RSP,QQQ/RSP,2026-09-11T22:10:47+08:00,confirmed
2006-12-18,43.9900016784668,47.52999877929688,0.9255207828372165,Derived from Yahoo Finance QQQ and RSP,QQQ/RSP,2026-09-11T22:10:47+08:00,confirmed
2006-12-19,43.84999847412109,47.59000015258789,0.9214120263400876,Derived from Yahoo Finance QQQ and RSP,QQQ/RSP,2026-09-11T22:10:47+08:00,confirmed
2006-12-20,43.68999862670898,47.619998931884766,0.9174716423073166,Derived from Yahoo Finance QQQ and RSP,QQQ/RSP,2026-09-11T22:10:47+08:00,confirmed
2006-12-21,43.380001068115234,47.369998931884766,0.9157695175482923,Derived from Yahoo Finance QQQ and RSP,QQQ/RSP,2026-09-11T22:10:47+08:00,confirmed
2006-12-22,42.93000030517578,47.13999938964844,0.9106915753291855,Derived from Yahoo Finance QQQ and RSP,QQQ/RSP,2026-09-11T22:10:47+08:00,confirmed
2006-12-26,43.11000061035156,47.36000061035156,0.9102618254808242,Derived from Yahoo Finance QQQ and RSP,QQQ/RSP,2026-09-11T22:10:47+08:00,confirmed
2006-12-27,43.33000183105469,47.65999984741211,0.9091481739357887,Derived from Yahoo Finance QQQ and RSP,QQQ/RSP,2026-09-11T22:10:47+08:00,confirmed
2006-12-28,43.119998931884766,47.52000045776367,0.9074073761891126,Derived from Yahoo Finance QQQ and RSP,QQQ/RSP,2026-09-11T22:10:47+08:00,confirmed
2006-12-29,43.15999984741211,47.34000015258789,0.9117025709399522,Derived from Yahoo Finance QQQ and RSP,QQQ/RSP,2026-09-11T22:10:47+08:00,confirmed
2007-01-03,43.2400016784668,47.31999969482422,0.9137785705268361,Derived from Yahoo Finance QQQ and RSP,QQQ/RSP,2026-09-11T22:10:47+08:00,confirmed
2007-01-04,44.060001373291016,47.38999938964844,0.9297320519256052,Derived from Yahoo Finance QQQ and RSP,QQQ/RSP,2026-09-11T22:10:47+08:00,confirmed
2007-01-05,43.84999847412109,47.06999969482422,0.9315912207015119,Derived from Yahoo Finance QQQ and RSP,QQQ/RSP,2026-09-11T22:10:47+08:00,confirmed
2007-01-08,43.880001068115234,47.16999816894531,0.9302523377455616,Derived from Yahoo Finance QQQ and RSP,QQQ/RSP,2026-09-11T22:10:47+08:00,confirmed
2007-01-09,44.09999847412109,47.22999954223633,0.9337285390969319,Derived from Yahoo Finance QQQ and RSP,QQQ/RSP,2026-09-11T22:10:47+08:00,confirmed
2007-01-10,44.619998931884766,47.369998931884766,0.9419463782561124,Derived from Yahoo Finance QQQ and RSP,QQQ/RSP,2026-09-11T22:10:47+08:00,confirmed
2007-01-11,45.08000183105469,47.68999862670898,0.9452716110125331,Derived from Yahoo Finance QQQ and RSP,QQQ/RSP,2026-09-11T22:10:47+08:00,confirmed
2007-01-12,45.310001373291016,47.90999984741211,0.9457316117219413,Derived from Yahoo Finance QQQ and RSP,QQQ/RSP,2026-09-11T22:10:47+08:00,confirmed
2007-01-16,45.27999877929688,47.95000076293945,0.9443169563887428,Derived from Yahoo Finance QQQ and RSP,QQQ/RSP,2026-09-11T22:10:47+08:00,confirmed
2007-01-17,44.90999984741211,47.93999862670898,0.9367960186463428,Derived from Yahoo Finance QQQ and RSP,QQQ/RSP,2026-09-11T22:10:47+08:00,confirmed
2007-01-18,44.08000183105469,47.650001525878906,0.9250787076494564,Derived from Yahoo Finance QQQ and RSP,QQQ/RSP,2026-09-11T22:10:47+08:00,confirmed
2007-01-19,44.16999816894531,47.970001220703125,0.9207837616206316,Derived from Yahoo Finance QQQ and RSP,QQQ/RSP,2026-09-11T22:10:47+08:00,confirmed
2007-01-22,43.68999862670898,47.70000076293945,0.9159328706060305,Derived from Yahoo Finance QQQ and RSP,QQQ/RSP,2026-09-11T22:10:47+08:00,confirmed
2007-01-23,43.58000183105469,47.970001220703125,0.9084844845125044,Derived from Yahoo Finance QQQ and RSP,QQQ/RSP,2026-09-11T22:10:47+08:00,confirmed
2007-01-24,44.29999923706055,48.33000183105469,0.9166148884479322,Derived from Yahoo Finance QQQ and RSP,QQQ/RSP,2026-09-11T22:10:47+08:00,confirmed
2007-01-25,43.72999954223633,47.83000183105469,0.9142796961768808,Derived from Yahoo Finance QQQ and RSP,QQQ/RSP,2026-09-11T22:10:47+08:00,confirmed
2007-01-26,43.56999969482422,47.84999847412109,0.9105538366607966,Derived from Yahoo Finance QQQ and RSP,QQQ/RSP,2026-09-11T22:10:47+08:00,confirmed
2007-01-29,43.61000061035156,47.880001068115234,0.9108187058791192,Derived from Yahoo Finance QQQ and RSP,QQQ/RSP,2026-09-11T22:10:47+08:00,confirmed
2007-01-30,43.630001068115234,48.16999816894531,0.9057505236992729,Derived from Yahoo Finance QQQ and RSP,QQQ/RSP,2026-09-11T22:10:47+08:00,confirmed
2007-01-31,44.06999969482422,48.47999954223633,0.9090346557538627,Derived from Yahoo Finance QQQ and RSP,QQQ/RSP,2026-09-11T22:10:47+08:00,confirmed
2007-02-01,44.0,48.83000183105469,0.9010853645313008,Derived from Yahoo Finance QQQ and RSP,QQQ/RSP,2026-09-11T22:10:47+08:00,confirmed
2007-02-02,44.15999984741211,48.959999084472656,0.9019607980633555,Derived from Yahoo Finance QQQ and RSP,QQQ/RSP,2026-09-11T22:10:47+08:00,confirmed
2007-02-05,44.119998931884766,48.959999084472656,0.901143785884529,Derived from Yahoo Finance QQQ and RSP,QQQ/RSP,2026-09-11T22:10:47+08:00,confirmed
2007-02-06,44.060001373291016,49.060001373291016,0.898083981654308,Derived from Yahoo Finance QQQ and RSP,QQQ/RSP,2026-09-11T22:10:47+08:00,confirmed
2007-02-07,44.459999084472656,49.209999084472656,0.9034749016791025,Derived from Yahoo Finance QQQ and RSP,QQQ/RSP,2026-09-11T22:10:47+08:00,confirmed
2007-02-08,44.45000076293945,49.540000915527344,0.8972547424601979,Derived from Yahoo Finance QQQ and RSP,QQQ/RSP,2026-09-11T22:10:47+08:00,confirmed
2007-02-09,43.880001068115234,48.91999816894531,0.8969747079011647,Derived from Yahoo Finance QQQ and RSP,QQQ/RSP,2026-09-11T22:10:47+08:00,confirmed
2007-02-12,43.709999084472656,48.720001220703125,0.8971674464141534,Derived from Yahoo Finance QQQ and RSP,QQQ/RSP,2026-09-11T22:10:47+08:00,confirmed
2007-02-13,43.86000061035156,49.11000061035156,0.8930971302229349,Derived from Yahoo Finance QQQ and RSP,QQQ/RSP,2026-09-11T22:10:47+08:00,confirmed
2007-02-14,44.59999847412109,49.54999923706055,0.9001008912380135,Derived from Yahoo Finance QQQ and RSP,QQQ/RSP,2026-09-11T22:10:47+08:00,confirmed
2007-02-15,44.86000061035156,49.66999816894531,0.9031609072697518,Derived from Yahoo Finance QQQ and RSP,QQQ/RSP,2026-09-11T22:10:47+08:00,confirmed
2007-02-16,44.709999084472656,49.650001525878906,0.9005034785581751,Derived from Yahoo Finance QQQ and RSP,QQQ/RSP,2026-09-11T22:10:47+08:00,confirmed
2007-02-20,45.04999923706055,49.869998931884766,0.9033487106866065,Derived from Yahoo Finance QQQ and RSP,QQQ/RSP,2026-09-11T22:10:47+08:00,confirmed
2007-02-21,45.18999862670898,49.93000030517578,0.9050670608953421,Derived from Yahoo Finance QQQ and RSP,QQQ/RSP,2026-09-11T22:10:47+08:00,confirmed
2007-02-22,45.41999816894531,49.900001525878906,0.9102203763538926,Derived from Yahoo Finance QQQ and RSP,QQQ/RSP,2026-09-11T22:10:47+08:00,confirmed
2007-02-23,45.2599983215332,49.84999847412109,0.9079237654346024,Derived from Yahoo Finance QQQ and RSP,QQQ/RSP,2026-09-11T22:10:47+08:00,confirmed
2007-02-26,45.040000915527344,49.77999877929688,0.9047810771393416,Derived from Yahoo Finance QQQ and RSP,QQQ/RSP,2026-09-11T22:10:47+08:00,confirmed
2007-02-27,43.18999862670898,47.900001525878906,0.9016700887446683,Derived from Yahoo Finance QQQ and RSP,QQQ/RSP,2026-09-11T22:10:47+08:00,confirmed
2007-02-28,43.33000183105469,48.25,0.8980311260322215,Derived from Yahoo Finance QQQ and RSP,QQQ/RSP,2026-09-11T22:10:47+08:00,confirmed
2007-03-01,43.130001068115234,48.09999847412109,0.8966736473249615,Derived from Yahoo Finance QQQ and RSP,QQQ/RSP,2026-09-11T22:10:47+08:00,confirmed
2007-03-02,42.47999954223633,47.41999816894531,0.8958245715423895,Derived from Yahoo Finance QQQ and RSP,QQQ/RSP,2026-09-11T22:10:47+08:00,confirmed
2007-03-05,42.150001525878906,46.91999816894531,0.8983376634864513,Derived from Yahoo Finance QQQ and RSP,QQQ/RSP,2026-09-11T22:10:47+08:00,confirmed
2007-03-06,42.84999847412109,47.59000015258789,0.9003992085885916,Derived from Yahoo Finance QQQ and RSP,QQQ/RSP,2026-09-11T22:10:47+08:00,confirmed
2007-03-07,42.68000030517578,47.630001068115234,0.8960738893148353,Derived from Yahoo Finance QQQ and RSP,QQQ/RSP,2026-09-11T22:10:47+08:00,confirmed
2007-03-08,42.970001220703125,48.040000915527344,0.8944629559075319,Derived from Yahoo Finance QQQ and RSP,QQQ/RSP,2026-09-11T22:10:47+08:00,confirmed
2007-03-09,42.93000030517578,48.11000061035156,0.8923300719297594,Derived from Yahoo Finance QQQ and RSP,QQQ/RSP,2026-09-11T22:10:47+08:00,confirmed
2007-03-12,43.209999084472656,48.22999954223633,0.895915394870209,Derived from Yahoo Finance QQQ and RSP,QQQ/RSP,2026-09-11T22:10:47+08:00,confirmed
2007-03-13,42.369998931884766,47.27000045776367,0.8963401421953208,Derived from Yahoo Finance QQQ and RSP,QQQ/RSP,2026-09-11T22:10:47+08:00,confirmed
2007-03-14,42.9900016784668,47.52000045776367,0.9046717437782184,Derived from Yahoo Finance QQQ and RSP,QQQ/RSP,2026-09-11T22:10:47+08:00,confirmed
2007-03-15,42.88999938964844,47.810001373291016,0.8970926199054424,Derived from Yahoo Finance QQQ and RSP,QQQ/RSP,2026-09-11T22:10:47+08:00,confirmed
2007-03-16,42.83000183105469,47.52999877929688,0.9011151468766833,Derived from Yahoo Finance QQQ and RSP,QQQ/RSP,2026-09-11T22:10:47+08:00,confirmed
2007-03-19,43.27000045776367,48.08000183105469,0.8999583779095396,Derived from Yahoo Finance QQQ and RSP,QQQ/RSP,2026-09-11T22:10:47+08:00,confirmed
2007-03-20,43.58000183105469,48.29999923706055,0.9022774848744881,Derived from Yahoo Finance QQQ and RSP,QQQ/RSP,2026-09-11T22:10:47+08:00,confirmed
2007-03-21,44.41999816894531,49.02000045776367,0.9061607048987732,Derived from Yahoo Finance QQQ and RSP,QQQ/RSP,2026-09-11T22:10:47+08:00,confirmed
2007-03-22,44.2599983215332,49.04999923706055,0.9023445261970936,Derived from Yahoo Finance QQQ and RSP,QQQ/RSP,2026-09-11T22:10:47+08:00,confirmed
2007-03-23,44.119998931884766,49.150001525878906,0.8976601742047617,Derived from Yahoo Finance QQQ and RSP,QQQ/RSP,2026-09-11T22:10:47+08:00,confirmed
2007-03-26,44.29999923706055,49.150001525878906,0.9013224386928108,Derived from Yahoo Finance QQQ and RSP,QQQ/RSP,2026-09-11T22:10:47+08:00,confirmed
2007-03-27,43.9900016784668,48.84000015258789,0.9006961822488015,Derived from Yahoo Finance QQQ and RSP,QQQ/RSP,2026-09-11T22:10:47+08:00,confirmed
2007-03-28,43.52000045776367,48.45000076293945,0.8982456093386307,Derived from Yahoo Finance QQQ and RSP,QQQ/RSP,2026-09-11T22:10:47+08:00,confirmed
2007-03-29,43.56999969482422,48.560001373291016,0.8972404955241332,Derived from Yahoo Finance QQQ and RSP,QQQ/RSP,2026-09-11T22:10:47+08:00,confirmed
2007-03-30,43.52999877929688,48.54999923706055,0.8966014307590008,Derived from Yahoo Finance QQQ and RSP,QQQ/RSP,2026-09-11T22:10:47+08:00,confirmed
2007-04-02,43.59000015258789,48.77999877929688,0.8936039615295824,Derived from Yahoo Finance QQQ and RSP,QQQ/RSP,2026-09-11T22:10:47+08:00,confirmed
2007-04-03,44.15999984741211,49.25,0.8966497430946622,Derived from Yahoo Finance QQQ and RSP,QQQ/RSP,2026-09-11T22:10:47+08:00,confirmed
2007-04-04,44.34000015258789,49.2400016784668,0.9004873810144135,Derived from Yahoo Finance QQQ and RSP,QQQ/RSP,2026-09-11T22:10:47+08:00,confirmed
2007-04-05,44.560001373291016,49.41999816894531,0.9016593084637499,Derived from Yahoo Finance QQQ and RSP,QQQ/RSP,2026-09-11T22:10:47+08:00,confirmed
2007-04-09,44.45000076293945,49.4900016784668,0.8981612296505486,Derived from Yahoo Finance QQQ and RSP,QQQ/RSP,2026-09-11T22:10:47+08:00,confirmed
2007-04-10,44.68000030517578,49.54999923706055,0.9017154589935436,Derived from Yahoo Finance QQQ and RSP,QQQ/RSP,2026-09-11T22:10:47+08:00,confirmed
2007-04-11,44.209999084472656,49.2400016784668,0.8978472294367565,Derived from Yahoo Finance QQQ and RSP,QQQ/RSP,2026-09-11T22:10:47+08:00,confirmed
2007-04-12,44.560001373291016,49.58000183105469,0.8987494902709066,Derived from Yahoo Finance QQQ and RSP,QQQ/RSP,2026-09-11T22:10:47+08:00,confirmed
2007-04-13,44.650001525878906,49.720001220703125,0.8980289708296889,Derived from Yahoo Finance QQQ and RSP,QQQ/RSP,2026-09-11T22:10:47+08:00,confirmed
2007-04-16,45.060001373291016,50.22999954223633,0.8970734975898601,Derived from Yahoo Finance QQQ and RSP,QQQ/RSP,2026-09-11T22:10:47+08:00,confirmed
2007-04-17,45.15999984741211,50.290000915527344,0.8979916290569938,Derived from Yahoo Finance QQQ and RSP,QQQ/RSP,2026-09-11T22:10:47+08:00,confirmed
2007-04-18,45.0099983215332,50.41999816894531,0.8927013081340365,Derived from Yahoo Finance QQQ and RSP,QQQ/RSP,2026-09-11T22:10:47+08:00,confirmed
2007-04-19,45.150001525878906,50.369998931884766,0.8963669343518381,Derived from Yahoo Finance QQQ and RSP,QQQ/RSP,2026-09-11T22:10:47+08:00,confirmed
2007-04-20,45.400001525878906,50.68999862670898,0.895640220079968,Derived from Yahoo Finance QQQ and RSP,QQQ/RSP,2026-09-11T22:10:47+08:00,confirmed
2007-04-23,45.470001220703125,50.77000045776367,0.8956076582770627,Derived from Yahoo Finance QQQ and RSP,QQQ/RSP,2026-09-11T22:10:47+08:00,confirmed
2007-04-24,45.70000076293945,50.77000045776367,0.9001378836101838,Derived from Yahoo Finance QQQ and RSP,QQQ/RSP,2026-09-11T22:10:47+08:00,confirmed
2007-04-25,46.310001373291016,51.27999877929688,0.9030811715227187,Derived from Yahoo Finance QQQ and RSP,QQQ/RSP,2026-09-11T22:10:47+08:00,confirmed
2007-04-26,46.54999923706055,51.33000183105469,0.9068770227258742,Derived from Yahoo Finance QQQ and RSP,QQQ/RSP,2026-09-11T22:10:47+08:00,confirmed
2007-04-27,46.56999969482422,51.220001220703125,0.9092151227048512,Derived from Yahoo Finance QQQ and RSP,QQQ/RSP,2026-09-11T22:10:47+08:00,confirmed
2007-04-30,45.959999084472656,50.68999862670898,0.9066877161100564,Derived from Yahoo Finance QQQ and RSP,QQQ/RSP,2026-09-11T22:10:47+08:00,confirmed
2007-05-01,45.91999816894531,50.79999923706055,0.9039369854054036,Derived from Yahoo Finance QQQ and RSP,QQQ/RSP,2026-09-11T22:10:47+08:00,confirmed
2007-05-02,46.41999816894531,51.20000076293945,0.9066405757272158,Derived from Yahoo Finance QQQ and RSP,QQQ/RSP,2026-09-11T22:10:47+08:00,confirmed
2007-05-03,46.59000015258789,51.400001525878906,0.9064202095233543,Derived from Yahoo Finance QQQ and RSP,QQQ/RSP,2026-09-11T22:10:47+08:00,confirmed
2007-05-04,46.630001068115234,51.43999862670898,0.906493046520101,Derived from Yahoo Finance QQQ and RSP,QQQ/RSP,2026-09-11T22:10:47+08:00,confirmed
2007-05-07,46.630001068115234,51.52999877929688,0.9049098034686872,Derived from Yahoo Finance QQQ and RSP,QQQ/RSP,2026-09-11T22:10:47+08:00,confirmed
2007-05-08,46.72999954223633,51.5,0.907378631888084,Derived from Yahoo Finance QQQ and RSP,QQQ/RSP,2026-09-11T22:10:47+08:00,confirmed
2007-05-09,46.83000183105469,51.720001220703125,0.9054524502274952,Derived from Yahoo Finance QQQ and RSP,QQQ/RSP,2026-09-11T22:10:47+08:00,confirmed
2007-05-10,46.18999862670898,51.09999847412109,0.9039138944417247,Derived from Yahoo Finance QQQ and RSP,QQQ/RSP,2026-09-11T22:10:47+08:00,confirmed
2007-05-11,46.77999877929688,51.459999084472656,0.9090555695989528,Derived from Yahoo Finance QQQ and RSP,QQQ/RSP,2026-09-11T22:10:47+08:00,confirmed
2007-05-14,46.459999084472656,51.33000183105469,0.9051236592079045,Derived from Yahoo Finance QQQ and RSP,QQQ/RSP,2026-09-11T22:10:47+08:00,confirmed
2007-05-15,46.09999847412109,51.2599983215332,0.8993367144679653,Derived from Yahoo Finance QQQ and RSP,QQQ/RSP,2026-09-11T22:10:47+08:00,confirmed
2007-05-16,46.54999923706055,51.56999969482422,0.9026565738322566,Derived from Yahoo Finance QQQ and RSP,QQQ/RSP,2026-09-11T22:10:47+08:00,confirmed
2007-05-17,46.33000183105469,51.61000061035156,0.8976942701636424,Derived from Yahoo Finance QQQ and RSP,QQQ/RSP,2026-09-11T22:10:47+08:00,confirmed
2007-05-18,46.709999084472656,51.869998931884766,0.9005205329927194,Derived from Yahoo Finance QQQ and RSP,QQQ/RSP,2026-09-11T22:10:47+08:00,confirmed
2007-05-21,47.0099983215332,51.9900016784668,0.9042122870521813,Derived from Yahoo Finance QQQ and RSP,QQQ/RSP,2026-09-11T22:10:47+08:00,confirmed
2007-05-22,47.04999923706055,51.95000076293945,0.9056785090680015,Derived from Yahoo Finance QQQ and RSP,QQQ/RSP,2026-09-11T22:10:47+08:00,confirmed
2007-05-23,46.83000183105469,51.900001525878906,0.902312147480455,Derived from Yahoo Finance QQQ and RSP,QQQ/RSP,2026-09-11T22:10:47+08:00,confirmed
2007-05-24,46.15999984741211,51.31999969482422,0.899454406116598,Derived from Yahoo Finance QQQ and RSP,QQQ/RSP,2026-09-11T22:10:47+08:00,confirmed
2007-05-25,46.45000076293945,51.58000183105469,0.9005428288870936,Derived from Yahoo Finance QQQ and RSP,QQQ/RSP,2026-09-11T22:10:47+08:00,confirmed
2007-05-29,46.810001373291016,51.72999954223633,0.9048908135997904,Derived from Yahoo Finance QQQ and RSP,QQQ/RSP,2026-09-11T22:10:47+08:00,confirmed
2007-05-30,47.18999862670898,52.150001525878906,0.904889688321321,Derived from Yahoo Finance QQQ and RSP,QQQ/RSP,2026-09-11T22:10:47+08:00,confirmed
2007-05-31,47.40999984741211,52.33000183105469,0.9059812380758823,Derived from Yahoo Finance QQQ and RSP,QQQ/RSP,2026-09-11T22:10:47+08:00,confirmed
2007-06-01,47.43999862670898,52.540000915527344,0.9029310582423088,Derived from Yahoo Finance QQQ and RSP,QQQ/RSP,2026-09-11T22:10:47+08:00,confirmed
2007-06-04,47.58000183105469,52.66999816894531,0.9033606129705216,Derived from Yahoo Finance QQQ and RSP,QQQ/RSP,2026-09-11T22:10:47+08:00,confirmed
2007-06-05,47.58000183105469,52.400001525878906,0.908015275678117,Derived from Yahoo Finance QQQ and RSP,QQQ/RSP,2026-09-11T22:10:47+08:00,confirmed
2007-06-06,47.06999969482422,51.900001525878906,0.9069363836406382,Derived from Yahoo Finance QQQ and RSP,QQQ/RSP,2026-09-11T22:10:47+08:00,confirmed
2007-06-07,46.34000015258789,50.81999969482422,0.9118457385057286,Derived from Yahoo Finance QQQ and RSP,QQQ/RSP,2026-09-11T22:10:47+08:00,confirmed
2007-06-08,46.90999984741211,51.5099983215332,0.9106969787611483,Derived from Yahoo Finance QQQ and RSP,QQQ/RSP,2026-09-11T22:10:47+08:00,confirmed
2007-06-11,46.81999969482422,51.52000045776367,0.9087732779274229,Derived from Yahoo Finance QQQ and RSP,QQQ/RSP,2026-09-11T22:10:47+08:00,confirmed
2007-06-12,46.540000915527344,50.95000076293945,0.9134445577747684,Derived from Yahoo Finance QQQ and RSP,QQQ/RSP,2026-09-11T22:10:47+08:00,confirmed
2007-06-13,47.04999923706055,51.790000915527344,0.9084765090813953,Derived from Yahoo Finance QQQ and RSP,QQQ/RSP,2026-09-11T22:10:47+08:00,confirmed
2007-06-14,47.36000061035156,51.970001220703125,0.9112949682111016,Derived from Yahoo Finance QQQ and RSP,QQQ/RSP,2026-09-11T22:10:47+08:00,confirmed
2007-06-15,47.7599983215332,52.0,0.9184615061833308,Derived from Yahoo Finance QQQ and RSP,QQQ/RSP,2026-09-11T22:10:47+08:00,confirmed
2007-06-18,47.77000045776367,52.09000015258789,0.9170666215747824,Derived from Yahoo Finance QQQ and RSP,QQQ/RSP,2026-09-11T22:10:47+08:00,confirmed
2007-06-19,47.7599983215332,52.15999984741211,0.9156441422785546,Derived from Yahoo Finance QQQ and RSP,QQQ/RSP,2026-09-11T22:10:47+08:00,confirmed
2007-06-20,47.310001373291016,51.52000045776367,0.9182841799870706,Derived from Yahoo Finance QQQ and RSP,QQQ/RSP,2026-09-11T22:10:47+08:00,confirmed
2007-06-21,47.7400016784668,51.790000915527344,0.921799591321376,Derived from Yahoo Finance QQQ and RSP,QQQ/RSP,2026-09-11T22:10:47+08:00,confirmed
2007-06-22,47.290000915527344,51.400001525878906,0.9200389010050465,Derived from Yahoo Finance QQQ and RSP,QQQ/RSP,2026-09-11T22:10:47+08:00,confirmed
2007-06-25,47.09000015258789,50.900001525878906,0.9251473230044225,Derived from Yahoo Finance QQQ and RSP,QQQ/RSP,2026-09-11T22:10:47+08:00,confirmed
2007-06-26,46.81999969482422,50.81999969482422,0.9212908299090883,Derived from Yahoo Finance QQQ and RSP,QQQ/RSP,2026-09-11T22:10:47+08:00,confirmed
2007-06-27,47.540000915527344,51.209999084472656,0.9283343441797075,Derived from Yahoo Finance QQQ and RSP,QQQ/RSP,2026-09-11T22:10:47+08:00,confirmed
2007-06-28,47.52000045776367,51.29999923706055,0.9263158121732271,Derived from Yahoo Finance QQQ and RSP,QQQ/RSP,2026-09-11T22:10:47+08:00,confirmed
2007-06-29,47.59999847412109,51.20000076293945,0.9296874563442549,Derived from Yahoo Finance QQQ and RSP,QQQ/RSP,2026-09-11T22:10:47+08:00,confirmed
2007-07-02,48.02999877929688,51.7599983215332,0.9279366371098864,Derived from Yahoo Finance QQQ and RSP,QQQ/RSP,2026-09-11T22:10:47+08:00,confirmed
2007-07-03,48.310001373291016,51.84000015258789,0.9319058879454757,Derived from Yahoo Finance QQQ and RSP,QQQ/RSP,2026-09-11T22:10:47+08:00,confirmed
2007-07-05,48.65999984741211,51.970001220703125,0.9363093843458979,Derived from Yahoo Finance QQQ and RSP,QQQ/RSP,2026-09-11T22:10:47+08:00,confirmed
2007-07-06,48.86000061035156,52.209999084472656,0.9358360748349948,Derived from Yahoo Finance QQQ and RSP,QQQ/RSP,2026-09-11T22:10:47+08:00,confirmed
2007-07-09,48.88999938964844,52.18000030517578,0.9369490054372229,Derived from Yahoo Finance QQQ and RSP,QQQ/RSP,2026-09-11T22:10:47+08:00,confirmed
2007-07-10,48.47999954223633,51.459999084472656,0.9420909522881141,Derived from Yahoo Finance QQQ and RSP,QQQ/RSP,2026-09-11T22:10:47+08:00,confirmed
2007-07-11,48.810001373291016,51.59999847412109,0.9459302871446917,Derived from Yahoo Finance QQQ and RSP,QQQ/RSP,2026-09-11T22:10:47+08:00,confirmed
2007-07-12,49.560001373291016,52.470001220703125,0.9445397411909358,Derived from Yahoo Finance QQQ and RSP,QQQ/RSP,2026-09-11T22:10:47+08:00,confirmed
2007-07-13,49.900001525878906,52.59999847412109,0.9486692580500632,Derived from Yahoo Finance QQQ and RSP,QQQ/RSP,2026-09-11T22:10:47+08:00,confirmed
2007-07-16,49.84999847412109,52.38999938964844,0.9515174471250477,Derived from Yahoo Finance QQQ and RSP,QQQ/RSP,2026-09-11T22:10:47+08:00,confirmed
2007-07-17,50.22999954223633,52.459999084472656,0.9574914300199373,Derived from Yahoo Finance QQQ and RSP,QQQ/RSP,2026-09-11T22:10:47+08:00,confirmed
2007-07-18,50.16999816894531,52.369998931884766,0.9579912009201892,Derived from Yahoo Finance QQQ and RSP,QQQ/RSP,2026-09-11T22:10:47+08:00,confirmed
2007-07-19,50.31999969482422,52.650001525878906,0.9557454555835212,Derived from Yahoo Finance QQQ and RSP,QQQ/RSP,2026-09-11T22:10:47+08:00,confirmed
2007-07-20,50.04999923706055,51.93999862670898,0.9636118706272637,Derived from Yahoo Finance QQQ and RSP,QQQ/RSP,2026-09-11T22:10:47+08:00,confirmed
2007-07-23,50.06999969482422,52.0,0.9628846095158503,Derived from Yahoo Finance QQQ and RSP,QQQ/RSP,2026-09-11T22:10:47+08:00,confirmed
2007-07-24,49.33000183105469,51.08000183105469,0.965740016889818,Derived from Yahoo Finance QQQ and RSP,QQQ/RSP,2026-09-11T22:10:47+08:00,confirmed
2007-07-25,49.400001525878906,50.9900016784668,0.9688174132133957,Derived from Yahoo Finance QQQ and RSP,QQQ/RSP,2026-09-11T22:10:47+08:00,confirmed
2007-07-26,48.97999954223633,49.63999938964844,0.9867042736598071,Derived from Yahoo Finance QQQ and RSP,QQQ/RSP,2026-09-11T22:10:47+08:00,confirmed
2007-07-27,47.9900016784668,48.709999084472656,0.9852186939121628,Derived from Yahoo Finance QQQ and RSP,QQQ/RSP,2026-09-11T22:10:47+08:00,confirmed
2007-07-30,48.54999923706055,49.45000076293945,0.981799767199328,Derived from Yahoo Finance QQQ and RSP,QQQ/RSP,2026-09-11T22:10:47+08:00,confirmed
2007-07-31,47.52999877929688,48.88999938964844,0.9721824375673952,Derived from Yahoo Finance QQQ and RSP,QQQ/RSP,2026-09-11T22:10:47+08:00,confirmed
2007-08-01,47.900001525878906,49.08000183105469,0.975957614890936,Derived from Yahoo Finance QQQ and RSP,QQQ/RSP,2026-09-11T22:10:47+08:00,confirmed
2007-08-02,48.34000015258789,49.400001525878906,0.978542482984829,Derived from Yahoo Finance QQQ and RSP,QQQ/RSP,2026-09-11T22:10:47+08:00,confirmed
2007-08-03,47.41999816894531,48.02000045776367,0.9875051586193528,Derived from Yahoo Finance QQQ and RSP,QQQ/RSP,2026-09-11T22:10:47+08:00,confirmed
2007-08-06,47.970001220703125,48.83000183105469,0.9823878644664595,Derived from Yahoo Finance QQQ and RSP,QQQ/RSP,2026-09-11T22:10:47+08:00,confirmed
2007-08-07,48.310001373291016,49.09999847412109,0.983910445511593,Derived from Yahoo Finance QQQ and RSP,QQQ/RSP,2026-09-11T22:10:47+08:00,confirmed
2007-08-08,48.84000015258789,49.75,0.9817085457806611,Derived from Yahoo Finance QQQ and RSP,QQQ/RSP,2026-09-11T22:10:47+08:00,confirmed
2007-08-09,47.709999084472656,48.5099983215332,0.9835085700939834,Derived from Yahoo Finance QQQ and RSP,QQQ/RSP,2026-09-11T22:10:47+08:00,confirmed
2007-08-10,47.27999877929688,48.5099983215332,0.9746444117749983,Derived from Yahoo Finance QQQ and RSP,QQQ/RSP,2026-09-11T22:10:47+08:00,confirmed
2007-08-13,47.59999847412109,48.63999938964844,0.9786184019618084,Derived from Yahoo Finance QQQ and RSP,QQQ/RSP,2026-09-11T22:10:47+08:00,confirmed
2007-08-14,46.790000915527344,47.540000915527344,0.9842238118309535,Derived from Yahoo Finance QQQ and RSP,QQQ/RSP,2026-09-11T22:10:47+08:00,confirmed
2007-08-15,45.900001525878906,46.83000183105469,0.9801409295577037,Derived from Yahoo Finance QQQ and RSP,QQQ/RSP,2026-09-11T22:10:47+08:00,confirmed
2007-08-16,45.45000076293945,46.93000030517578,0.9684636792539483,Derived from Yahoo Finance QQQ and RSP,QQQ/RSP,2026-09-11T22:10:47+08:00,confirmed
2007-08-17,46.310001373291016,48.06999969482422,0.9633867623734829,Derived from Yahoo Finance QQQ and RSP,QQQ/RSP,2026-09-11T22:10:47+08:00,confirmed
2007-08-20,46.52999877929688,48.04999923706055,0.9683662750905665,Derived from Yahoo Finance QQQ and RSP,QQQ/RSP,2026-09-11T22:10:47+08:00,confirmed
2007-08-21,47.02000045776367,48.04999923706055,0.9785640209021597,Derived from Yahoo Finance QQQ and RSP,QQQ/RSP,2026-09-11T22:10:47+08:00,confirmed
2007-08-22,47.65999984741211,48.81999969482422,0.9762392491875601,Derived from Yahoo Finance QQQ and RSP,QQQ/RSP,2026-09-11T22:10:47+08:00,confirmed
2007-08-23,47.52999877929688,48.70000076293945,0.9759753189874087,Derived from Yahoo Finance QQQ and RSP,QQQ/RSP,2026-09-11T22:10:47+08:00,confirmed
2007-08-24,48.20000076293945,49.31999969482422,0.9772911812892346,Derived from Yahoo Finance QQQ and RSP,QQQ/RSP,2026-09-11T22:10:47+08:00,confirmed
2007-08-27,47.880001068115234,48.56999969482422,0.9857937279999095,Derived from Yahoo Finance QQQ and RSP,QQQ/RSP,2026-09-11T22:10:47+08:00,confirmed
2007-08-28,46.7400016784668,47.66999816894531,0.9804909476358159,Derived from Yahoo Finance QQQ and RSP,QQQ/RSP,2026-09-11T22:10:47+08:00,confirmed
2007-08-29,48.08000183105469,48.58000183105469,0.9897076990293489,Derived from Yahoo Finance QQQ and RSP,QQQ/RSP,2026-09-11T22:10:47+08:00,confirmed
2007-08-30,48.33000183105469,48.369998931884766,0.9991731010602998,Derived from Yahoo Finance QQQ and RSP,QQQ/RSP,2026-09-11T22:10:47+08:00,confirmed
2007-08-31,48.869998931884766,48.93000030517578,0.9987737303716169,Derived from Yahoo Finance QQQ and RSP,QQQ/RSP,2026-09-11T22:10:47+08:00,confirmed
2007-09-04,49.68000030517578,49.58000183105469,1.0020169114648652,Derived from Yahoo Finance QQQ and RSP,QQQ/RSP,2026-09-11T22:10:47+08:00,confirmed
2007-09-05,49.18000030517578,48.63999938964844,1.0111019926460416,Derived from Yahoo Finance QQQ and RSP,QQQ/RSP,2026-09-11T22:10:47+08:00,confirmed
2007-09-06,49.13999938964844,49.02999877929688,1.0022435368772231,Derived from Yahoo Finance QQQ and RSP,QQQ/RSP,2026-09-11T22:10:47+08:00,confirmed
2007-09-07,48.22999954223633,48.27000045776367,0.9991713089880258,Derived from Yahoo Finance QQQ and RSP,QQQ/RSP,2026-09-11T22:10:47+08:00,confirmed
2007-09-10,48.20000076293945,47.900001525878906,1.0062630318894346,Derived from Yahoo Finance QQQ and RSP,QQQ/RSP,2026-09-11T22:10:47+08:00,confirmed
2007-09-11,48.93000030517578,48.52999877929688,1.0082423559847593,Derived from Yahoo Finance QQQ and RSP,QQQ/RSP,2026-09-11T22:10:47+08:00,confirmed
2007-09-12,48.93999862670898,48.45000076293945,1.0101134748411467,Derived from Yahoo Finance QQQ and RSP,QQQ/RSP,2026-09-11T22:10:47+08:00,confirmed
2007-09-13,49.18000030517578,48.77000045776367,1.0084068042559726,Derived from Yahoo Finance QQQ and RSP,QQQ/RSP,2026-09-11T22:10:47+08:00,confirmed
2007-09-14,49.220001220703125,48.93999862670898,1.0057213445413,Derived from Yahoo Finance QQQ and RSP,QQQ/RSP,2026-09-11T22:10:47+08:00,confirmed
2007-09-17,48.810001373291016,48.650001525878906,1.003288794293809,Derived from Yahoo Finance QQQ and RSP,QQQ/RSP,2026-09-11T22:10:47+08:00,confirmed
2007-09-18,50.040000915527344,50.13999938964844,0.9980056147718713,Derived from Yahoo Finance QQQ and RSP,QQQ/RSP,2026-09-11T22:10:47+08:00,confirmed
2007-09-19,50.16999816894531,50.4900016784668,0.9936620420106272,Derived from Yahoo Finance QQQ and RSP,QQQ/RSP,2026-09-11T22:10:47+08:00,confirmed
2007-09-20,50.02999877929688,50.02999877929688,1.0,Derived from Yahoo Finance QQQ and RSP,QQQ/RSP,2026-09-11T22:10:47+08:00,confirmed
2007-09-21,50.36000061035156,49.97999954223633,1.0076030626569756,Derived from Yahoo Finance QQQ and RSP,QQQ/RSP,2026-09-11T22:10:47+08:00,confirmed
2007-09-24,50.59000015258789,49.720001220703125,1.0174979668247173,Derived from Yahoo Finance QQQ and RSP,QQQ/RSP,2026-09-11T22:10:47+08:00,confirmed
2007-09-25,51.06999969482422,49.66999816894531,1.0281860595427648,Derived from Yahoo Finance QQQ and RSP,QQQ/RSP,2026-09-11T22:10:47+08:00,confirmed
2007-09-26,51.31999969482422,49.93999862670898,1.0276331819396003,Derived from Yahoo Finance QQQ and RSP,QQQ/RSP,2026-09-11T22:10:47+08:00,confirmed
2007-09-27,51.58000183105469,50.119998931884766,1.0291301462546742,Derived from Yahoo Finance QQQ and RSP,QQQ/RSP,2026-09-11T22:10:47+08:00,confirmed
2007-09-28,51.40999984741211,49.9900016784668,1.0284056435540585,Derived from Yahoo Finance QQQ and RSP,QQQ/RSP,2026-09-11T22:10:47+08:00,confirmed
2007-10-01,52.0,50.66999816894531,1.0262483102253164,Derived from Yahoo Finance QQQ and RSP,QQQ/RSP,2026-09-11T22:10:47+08:00,confirmed
2007-10-02,52.0099983215332,50.77000045776367,1.0244238300687254,Derived from Yahoo Finance QQQ and RSP,QQQ/RSP,2026-09-11T22:10:47+08:00,confirmed
2007-10-03,51.650001525878906,50.70000076293945,1.018737687349975,Derived from Yahoo Finance QQQ and RSP,QQQ/RSP,2026-09-11T22:10:47+08:00,confirmed
2007-10-04,51.77000045776367,50.68999862670898,1.0213060142101806,Derived from Yahoo Finance QQQ and RSP,QQQ/RSP,2026-09-11T22:10:47+08:00,confirmed
2007-10-05,52.81999969482422,51.34999847412109,1.028627093756273,Derived from Yahoo Finance QQQ and RSP,QQQ/RSP,2026-09-11T22:10:47+08:00,confirmed
2007-10-08,53.150001525878906,51.13999938964844,1.0393039139659694,Derived from Yahoo Finance QQQ and RSP,QQQ/RSP,2026-09-11T22:10:47+08:00,confirmed
2007-10-09,53.380001068115234,51.5,1.0365048751090338,Derived from Yahoo Finance QQQ and RSP,QQQ/RSP,2026-09-11T22:10:47+08:00,confirmed
2007-10-10,53.5099983215332,51.43000030517578,1.0404432822091214,Derived from Yahoo Finance QQQ and RSP,QQQ/RSP,2026-09-11T22:10:47+08:00,confirmed
2007-10-11,52.65999984741211,51.08000183105469,1.030931831631158,Derived from Yahoo Finance QQQ and RSP,QQQ/RSP,2026-09-11T22:10:47+08:00,confirmed
2007-10-12,53.52999877929688,51.2599983215332,1.0442840525183963,Derived from Yahoo Finance QQQ and RSP,QQQ/RSP,2026-09-11T22:10:47+08:00,confirmed
2007-10-15,53.119998931884766,50.77999877929688,1.0460811384174729,Derived from Yahoo Finance QQQ and RSP,QQQ/RSP,2026-09-11T22:10:47+08:00,confirmed
2007-10-16,52.869998931884766,50.38999938964844,1.0492161058201122,Derived from Yahoo Finance QQQ and RSP,QQQ/RSP,2026-09-11T22:10:47+08:00,confirmed
2007-10-17,53.54999923706055,50.470001220703125,1.061026311509063,Derived from Yahoo Finance QQQ and RSP,QQQ/RSP,2026-09-11T22:10:47+08:00,confirmed
2007-10-18,53.77999877929688,50.34000015258789,1.0683352923377405,Derived from Yahoo Finance QQQ and RSP,QQQ/RSP,2026-09-11T22:10:47+08:00,confirmed
2007-10-19,52.43999862670898,48.970001220703125,1.0708596552891005,Derived from Yahoo Finance QQQ and RSP,QQQ/RSP,2026-09-11T22:10:47+08:00,confirmed
2007-10-22,53.06999969482422,49.400001525878906,1.074291458615092,Derived from Yahoo Finance QQQ and RSP,QQQ/RSP,2026-09-11T22:10:47+08:00,confirmed
2007-10-23,54.18000030517578,49.79999923706055,1.0879518300244408,Derived from Yahoo Finance QQQ and RSP,QQQ/RSP,2026-09-11T22:10:47+08:00,confirmed
2007-10-24,53.77000045776367,49.54999923706055,1.085166524433502,Derived from Yahoo Finance QQQ and RSP,QQQ/RSP,2026-09-11T22:10:47+08:00,confirmed
2007-10-25,53.04999923706055,49.560001373291016,1.0704196482458204,Derived from Yahoo Finance QQQ and RSP,QQQ/RSP,2026-09-11T22:10:47+08:00,confirmed
2007-10-26,53.93000030517578,50.22999954223633,1.0736611745303377,Derived from Yahoo Finance QQQ and RSP,QQQ/RSP,2026-09-11T22:10:47+08:00,confirmed
2007-10-29,54.150001525878906,50.27999877929688,1.0769690302414152,Derived from Yahoo Finance QQQ and RSP,QQQ/RSP,2026-09-11T22:10:47+08:00,confirmed
2007-10-30,54.2599983215332,50.02999877929688,1.0845492633509068,Derived from Yahoo Finance QQQ and RSP,QQQ/RSP,2026-09-11T22:10:47+08:00,confirmed
2007-10-31,55.02999877929688,50.54999923706055,1.0886251159218978,Derived from Yahoo Finance QQQ and RSP,QQQ/RSP,2026-09-11T22:10:47+08:00,confirmed
2007-11-01,54.0,49.16999816894531,1.0982306693292743,Derived from Yahoo Finance QQQ and RSP,QQQ/RSP,2026-09-11T22:10:47+08:00,confirmed
2007-11-02,54.41999816894531,49.2400016784668,1.1051989503230213,Derived from Yahoo Finance QQQ and RSP,QQQ/RSP,2026-09-11T22:10:47+08:00,confirmed
2007-11-05,54.06999969482422,49.06999969482422,1.1018952523149779,Derived from Yahoo Finance QQQ and RSP,QQQ/RSP,2026-09-11T22:10:47+08:00,confirmed
2007-11-06,54.68000030517578,49.5099983215332,1.104423392424031,Derived from Yahoo Finance QQQ and RSP,QQQ/RSP,2026-09-11T22:10:47+08:00,confirmed
2007-11-07,53.34999847412109,48.27000045776367,1.1052413086426718,Derived from Yahoo Finance QQQ and RSP,QQQ/RSP,2026-09-11T22:10:47+08:00,confirmed
2007-11-08,51.72999954223633,48.16999816894531,1.073904951393295,Derived from Yahoo Finance QQQ and RSP,QQQ/RSP,2026-09-11T22:10:47+08:00,confirmed
2007-11-09,50.0,47.70000076293945,1.048218012584342,Derived from Yahoo Finance QQQ and RSP,QQQ/RSP,2026-09-11T22:10:47+08:00,confirmed
2007-11-12,48.72999954223633,47.15999984741211,1.03329091814894,Derived from Yahoo Finance QQQ and RSP,QQQ/RSP,2026-09-11T22:10:47+08:00,confirmed
2007-11-13,50.7400016784668,48.41999816894531,1.0479141593815557,Derived from Yahoo Finance QQQ and RSP,QQQ/RSP,2026-09-11T22:10:47+08:00,confirmed
2007-11-14,50.09000015258789,48.02999877929688,1.042889890186276,Derived from Yahoo Finance QQQ and RSP,QQQ/RSP,2026-09-11T22:10:47+08:00,confirmed
2007-11-15,49.81999969482422,47.58000183105469,1.0470785577462405,Derived from Yahoo Finance QQQ and RSP,QQQ/RSP,2026-09-11T22:10:47+08:00,confirmed
2007-11-16,50.27999877929688,47.560001373291016,1.057190860543864,Derived from Yahoo Finance QQQ and RSP,QQQ/RSP,2026-09-11T22:10:47+08:00,confirmed
2007-11-19,49.70000076293945,46.66999816894531,1.0649239921335658,Derived from Yahoo Finance QQQ and RSP,QQQ/RSP,2026-09-11T22:10:47+08:00,confirmed
2007-11-20,49.900001525878906,46.59999847412109,1.0708155184509383,Derived from Yahoo Finance QQQ and RSP,QQQ/RSP,2026-09-11T22:10:47+08:00,confirmed
2007-11-21,49.310001373291016,46.0099983215332,1.0717236073058793,Derived from Yahoo Finance QQQ and RSP,QQQ/RSP,2026-09-11T22:10:47+08:00,confirmed
2007-11-23,49.84000015258789,46.7599983215332,1.0658683049959892,Derived from Yahoo Finance QQQ and RSP,QQQ/RSP,2026-09-11T22:10:47+08:00,confirmed
2007-11-26,48.97999954223633,45.70000076293945,1.0717724009745926,Derived from Yahoo Finance QQQ and RSP,QQQ/RSP,2026-09-11T22:10:47+08:00,confirmed
2007-11-27,49.959999084472656,46.38999938964844,1.0769562350031165,Derived from Yahoo Finance QQQ and RSP,QQQ/RSP,2026-09-11T22:10:47+08:00,confirmed
2007-11-28,51.47999954223633,47.720001220703125,1.0787929217382741,Derived from Yahoo Finance QQQ and RSP,QQQ/RSP,2026-09-11T22:10:47+08:00,confirmed
2007-11-29,51.70000076293945,47.630001068115234,1.0854503380968594,Derived from Yahoo Finance QQQ and RSP,QQQ/RSP,2026-09-11T22:10:47+08:00,confirmed
2007-11-30,51.310001373291016,48.20000076293945,1.0645228332183516,Derived from Yahoo Finance QQQ and RSP,QQQ/RSP,2026-09-11T22:10:47+08:00,confirmed
2007-12-03,50.880001068115234,47.93999862670898,1.061326711005959,Derived from Yahoo Finance QQQ and RSP,QQQ/RSP,2026-09-11T22:10:47+08:00,confirmed
2007-12-04,50.66999816894531,47.66999816894531,1.0629326644689143,Derived from Yahoo Finance QQQ and RSP,QQQ/RSP,2026-09-11T22:10:47+08:00,confirmed
2007-12-05,51.58000183105469,48.34999847412109,1.066804621693265,Derived from Yahoo Finance QQQ and RSP,QQQ/RSP,2026-09-11T22:10:47+08:00,confirmed
2007-12-06,52.31999969482422,49.08000183105469,1.0660146239383281,Derived from Yahoo Finance QQQ and RSP,QQQ/RSP,2026-09-11T22:10:47+08:00,confirmed
2007-12-07,52.33000183105469,49.130001068115234,1.065133333876848,Derived from Yahoo Finance QQQ and RSP,QQQ/RSP,2026-09-11T22:10:47+08:00,confirmed
2007-12-10,52.540000915527344,49.59999847412109,1.0592742445937817,Derived from Yahoo Finance QQQ and RSP,QQQ/RSP,2026-09-11T22:10:47+08:00,confirmed
2007-12-11,51.31999969482422,48.04999923706055,1.0680541209091539,Derived from Yahoo Finance QQQ and RSP,QQQ/RSP,2026-09-11T22:10:47+08:00,confirmed
2007-12-12,51.77999877929688,48.369998931884766,1.0704982411145827,Derived from Yahoo Finance QQQ and RSP,QQQ/RSP,2026-09-11T22:10:47+08:00,confirmed
2007-12-13,51.5,48.310001373291016,1.0660318471543788,Derived from Yahoo Finance QQQ and RSP,QQQ/RSP,2026-09-11T22:10:47+08:00,confirmed
2007-12-14,50.970001220703125,47.58000183105469,1.0712484081376357,Derived from Yahoo Finance QQQ and RSP,QQQ/RSP,2026-09-11T22:10:47+08:00,confirmed
2007-12-17,49.72999954223633,46.91999816894531,1.0598892046664838,Derived from Yahoo Finance QQQ and RSP,QQQ/RSP,2026-09-11T22:10:47+08:00,confirmed
2007-12-18,49.88999938964844,47.13999938964844,1.0583368696564701,Derived from Yahoo Finance QQQ and RSP,QQQ/RSP,2026-09-11T22:10:47+08:00,confirmed
2007-12-19,49.880001068115234,47.13999938964844,1.0581247711909916,Derived from Yahoo Finance QQQ and RSP,QQQ/RSP,2026-09-11T22:10:47+08:00,confirmed
2007-12-20,50.900001525878906,47.33000183105469,1.0754278376655761,Derived from Yahoo Finance QQQ and RSP,QQQ/RSP,2026-09-11T22:10:47+08:00,confirmed
2007-12-21,51.84999847412109,47.86000061035156,1.0833681114267795,Derived from Yahoo Finance QQQ and RSP,QQQ/RSP,2026-09-11T22:10:47+08:00,confirmed
2007-12-24,52.2400016784668,48.310001373291016,1.081349621061045,Derived from Yahoo Finance QQQ and RSP,QQQ/RSP,2026-09-11T22:10:47+08:00,confirmed
2007-12-26,52.5,48.220001220703125,1.0887598231220963,Derived from Yahoo Finance QQQ and RSP,QQQ/RSP,2026-09-11T22:10:47+08:00,confirmed
2007-12-27,51.869998931884766,47.54999923706055,1.0908517300554907,Derived from Yahoo Finance QQQ and RSP,QQQ/RSP,2026-09-11T22:10:47+08:00,confirmed
2007-12-28,51.81999969482422,47.470001220703125,1.0916367887562626,Derived from Yahoo Finance QQQ and RSP,QQQ/RSP,2026-09-11T22:10:47+08:00,confirmed
2007-12-31,51.220001220703125,47.18000030517578,1.0856295228782384,Derived from Yahoo Finance QQQ and RSP,QQQ/RSP,2026-09-11T22:10:47+08:00,confirmed
2008-01-02,50.40999984741211,46.459999084472656,1.085019389599161,Derived from Yahoo Finance QQQ and RSP,QQQ/RSP,2026-09-11T22:10:47+08:00,confirmed
2008-01-03,50.619998931884766,46.25,1.094486463392103,Derived from Yahoo Finance QQQ and RSP,QQQ/RSP,2026-09-11T22:10:47+08:00,confirmed
2008-01-04,48.400001525878906,44.93999862670898,1.076991611146013,Derived from Yahoo Finance QQQ and RSP,QQQ/RSP,2026-09-11T22:10:47+08:00,confirmed
2008-01-07,48.16999816894531,45.060001373291016,1.069019012447206,Derived from Yahoo Finance QQQ and RSP,QQQ/RSP,2026-09-11T22:10:47+08:00,confirmed
2008-01-08,46.91999816894531,43.900001525878906,1.0687926318473162,Derived from Yahoo Finance QQQ and RSP,QQQ/RSP,2026-09-11T22:10:47+08:00,confirmed
2008-01-09,47.91999816894531,44.369998931884766,1.0800089998314035,Derived from Yahoo Finance QQQ and RSP,QQQ/RSP,2026-09-11T22:10:47+08:00,confirmed
2008-01-10,47.9900016784668,44.9900016784668,1.0666814822866715,Derived from Yahoo Finance QQQ and RSP,QQQ/RSP,2026-09-11T22:10:47+08:00,confirmed
2008-01-11,47.04999923706055,44.380001068115234,1.0601621925345912,Derived from Yahoo Finance QQQ and RSP,QQQ/RSP,2026-09-11T22:10:47+08:00,confirmed
2008-01-14,47.869998931884766,44.83000183105469,1.06781166577433,Derived from Yahoo Finance QQQ and RSP,QQQ/RSP,2026-09-11T22:10:47+08:00,confirmed
2008-01-15,46.54999923706055,43.68000030517578,1.0657051032928837,Derived from Yahoo Finance QQQ and RSP,QQQ/RSP,2026-09-11T22:10:47+08:00,confirmed
2008-01-16,46.04999923706055,43.7599983215332,1.0523309187240186,Derived from Yahoo Finance QQQ and RSP,QQQ/RSP,2026-09-11T22:10:47+08:00,confirmed
2008-01-17,45.40999984741211,42.470001220703125,1.069225301205685,Derived from Yahoo Finance QQQ and RSP,QQQ/RSP,2026-09-11T22:10:47+08:00,confirmed
2008-01-18,45.34999847412109,42.15999984741211,1.0756641043229223,Derived from Yahoo Finance QQQ and RSP,QQQ/RSP,2026-09-11T22:10:47+08:00,confirmed
2008-01-22,44.18000030517578,42.16999816894531,1.0476642689946964,Derived from Yahoo Finance QQQ and RSP,QQQ/RSP,2026-09-11T22:10:47+08:00,confirmed
2008-01-23,44.0099983215332,43.5099983215332,1.0114916115671866,Derived from Yahoo Finance QQQ and RSP,QQQ/RSP,2026-09-11T22:10:47+08:00,confirmed
2008-01-24,44.90999984741211,43.70000076293945,1.027688765751666,Derived from Yahoo Finance QQQ and RSP,QQQ/RSP,2026-09-11T22:10:47+08:00,confirmed
2008-01-25,43.9900016784668,43.2400016784668,1.0173450502055252,Derived from Yahoo Finance QQQ and RSP,QQQ/RSP,2026-09-11T22:10:47+08:00,confirmed
2008-01-28,44.33000183105469,44.15999984741211,1.0038496826139038,Derived from Yahoo Finance QQQ and RSP,QQQ/RSP,2026-09-11T22:10:47+08:00,confirmed
2008-01-29,44.40999984741211,44.540000915527344,0.9970812513371567,Derived from Yahoo Finance QQQ and RSP,QQQ/RSP,2026-09-11T22:10:47+08:00,confirmed
2008-01-30,44.369998931884766,44.04999923706055,1.0072644653885714,Derived from Yahoo Finance QQQ and RSP,QQQ/RSP,2026-09-11T22:10:47+08:00,confirmed
2008-01-31,45.130001068115234,45.150001525878906,0.9995570219914122,Derived from Yahoo Finance QQQ and RSP,QQQ/RSP,2026-09-11T22:10:47+08:00,confirmed
2008-02-01,45.59000015258789,46.08000183105469,0.9893662834419297,Derived from Yahoo Finance QQQ and RSP,QQQ/RSP,2026-09-11T22:10:47+08:00,confirmed
2008-02-04,44.95000076293945,45.4900016784668,0.9881292394899391,Derived from Yahoo Finance QQQ and RSP,QQQ/RSP,2026-09-11T22:10:47+08:00,confirmed
2008-02-05,43.66999816894531,44.18999862670898,0.9882326210924711,Derived from Yahoo Finance QQQ and RSP,QQQ/RSP,2026-09-11T22:10:47+08:00,confirmed
2008-02-06,42.810001373291016,43.84000015258789,0.9765055023788344,Derived from Yahoo Finance QQQ and RSP,QQQ/RSP,2026-09-11T22:10:47+08:00,confirmed
2008-02-07,43.11000061035156,44.22999954223633,0.974677844370872,Derived from Yahoo Finance QQQ and RSP,QQQ/RSP,2026-09-11T22:10:47+08:00,confirmed
2008-02-08,43.59999847412109,43.869998931884766,0.9938454418888202,Derived from Yahoo Finance QQQ and RSP,QQQ/RSP,2026-09-11T22:10:47+08:00,confirmed
2008-02-11,44.06999969482422,44.33000183105469,0.9941348494136915,Derived from Yahoo Finance QQQ and RSP,QQQ/RSP,2026-09-11T22:10:47+08:00,confirmed
2008-02-12,43.81999969482422,44.59000015258789,0.9827315439531573,Derived from Yahoo Finance QQQ and RSP,QQQ/RSP,2026-09-11T22:10:47+08:00,confirmed
2008-02-13,44.77999877929688,45.150001525878906,0.9918050335752492,Derived from Yahoo Finance QQQ and RSP,QQQ/RSP,2026-09-11T22:10:47+08:00,confirmed
2008-02-14,43.970001220703125,44.459999084472656,0.9889789052213305,Derived from Yahoo Finance QQQ and RSP,QQQ/RSP,2026-09-11T22:10:47+08:00,confirmed
2008-02-15,43.81999969482422,44.45000076293945,0.9858267478672238,Derived from Yahoo Finance QQQ and RSP,QQQ/RSP,2026-09-11T22:10:47+08:00,confirmed
2008-02-19,43.7400016784668,44.5,0.9829213860329618,Derived from Yahoo Finance QQQ and RSP,QQQ/RSP,2026-09-11T22:10:47+08:00,confirmed
2008-02-20,43.93999862670898,44.91999816894531,0.9781834465230713,Derived from Yahoo Finance QQQ and RSP,QQQ/RSP,2026-09-11T22:10:47+08:00,confirmed
2008-02-21,43.52000045776367,44.2400016784668,0.9837251086485926,Derived from Yahoo Finance QQQ and RSP,QQQ/RSP,2026-09-11T22:10:47+08:00,confirmed
2008-02-22,43.68000030517578,44.59999847412109,0.979372237658727,Derived from Yahoo Finance QQQ and RSP,QQQ/RSP,2026-09-11T22:10:47+08:00,confirmed
2008-02-25,43.900001525878906,45.380001068115234,0.9673865247377396,Derived from Yahoo Finance QQQ and RSP,QQQ/RSP,2026-09-11T22:10:47+08:00,confirmed
2008-02-26,44.06999969482422,45.790000915527344,0.9624371874576688,Derived from Yahoo Finance QQQ and RSP,QQQ/RSP,2026-09-11T22:10:47+08:00,confirmed
2008-02-27,44.290000915527344,45.459999084472656,0.9742631281894386,Derived from Yahoo Finance QQQ and RSP,QQQ/RSP,2026-09-11T22:10:47+08:00,confirmed
2008-02-28,44.119998931884766,45.06999969482422,0.9789216603201231,Derived from Yahoo Finance QQQ and RSP,QQQ/RSP,2026-09-11T22:10:47+08:00,confirmed
2008-02-29,42.95000076293945,43.790000915527344,0.9808175351672569,Derived from Yahoo Finance QQQ and RSP,QQQ/RSP,2026-09-11T22:10:47+08:00,confirmed
2008-03-03,42.66999816894531,43.709999084472656,0.9762067962180125,Derived from Yahoo Finance QQQ and RSP,QQQ/RSP,2026-09-11T22:10:47+08:00,confirmed
2008-03-04,42.90999984741211,43.59000015258789,0.9844000848177237,Derived from Yahoo Finance QQQ and RSP,QQQ/RSP,2026-09-11T22:10:47+08:00,confirmed
2008-03-05,43.119998931884766,43.84000015258789,0.9835766145484235,Derived from Yahoo Finance QQQ and RSP,QQQ/RSP,2026-09-11T22:10:47+08:00,confirmed
2008-03-06,42.16999816894531,42.56999969482422,0.9906036756225878,Derived from Yahoo Finance QQQ and RSP,QQQ/RSP,2026-09-11T22:10:47+08:00,confirmed
2008-03-07,42.06999969482422,42.380001068115234,0.9926851966616809,Derived from Yahoo Finance QQQ and RSP,QQQ/RSP,2026-09-11T22:10:47+08:00,confirmed
2008-03-10,41.2599983215332,41.66999816894531,0.990160790366493,Derived from Yahoo Finance QQQ and RSP,QQQ/RSP,2026-09-11T22:10:47+08:00,confirmed
2008-03-11,42.83000183105469,43.22999954223633,0.9907472191668465,Derived from Yahoo Finance QQQ and RSP,QQQ/RSP,2026-09-11T22:10:47+08:00,confirmed
2008-03-12,42.709999084472656,42.77000045776367,0.9985971154395878,Derived from Yahoo Finance QQQ and RSP,QQQ/RSP,2026-09-11T22:10:47+08:00,confirmed
2008-03-13,43.040000915527344,43.060001373291016,0.999535521200051,Derived from Yahoo Finance QQQ and RSP,QQQ/RSP,2026-09-11T22:10:47+08:00,confirmed
2008-03-14,42.25,42.25,1.0,Derived from Yahoo Finance QQQ and RSP,QQQ/RSP,2026-09-11T22:10:47+08:00,confirmed
2008-03-17,41.47999954223633,41.47999954223633,1.0,Derived from Yahoo Finance QQQ and RSP,QQQ/RSP,2026-09-11T22:10:47+08:00,confirmed
2008-03-18,43.33000183105469,43.20000076293945,1.003009283931003,Derived from Yahoo Finance QQQ and RSP,QQQ/RSP,2026-09-11T22:10:47+08:00,confirmed
2008-03-19,42.2599983215332,42.27000045776367,0.9997633750621682,Derived from Yahoo Finance QQQ and RSP,QQQ/RSP,2026-09-11T22:10:47+08:00,confirmed
2008-03-20,43.09000015258789,43.0,1.0020930268043695,Derived from Yahoo Finance QQQ and RSP,QQQ/RSP,2026-09-11T22:10:47+08:00,confirmed
2008-03-24,44.58000183105469,44.08000183105469,1.011343012232993,Derived from Yahoo Finance QQQ and RSP,QQQ/RSP,2026-09-11T22:10:47+08:00,confirmed
2008-03-25,44.83000183105469,44.290000915527344,1.012192388899636,Derived from Yahoo Finance QQQ and RSP,QQQ/RSP,2026-09-11T22:10:47+08:00,confirmed
2008-03-26,44.70000076293945,43.61000061035156,1.0249942705189772,Derived from Yahoo Finance QQQ and RSP,QQQ/RSP,2026-09-11T22:10:47+08:00,confirmed
2008-03-27,43.709999084472656,43.18999862670898,1.0120398350150006,Derived from Yahoo Finance QQQ and RSP,QQQ/RSP,2026-09-11T22:10:47+08:00,confirmed
2008-03-28,43.4900016784668,42.72999954223633,1.0177861489438877,Derived from Yahoo Finance QQQ and RSP,QQQ/RSP,2026-09-11T22:10:47+08:00,confirmed
2008-03-31,43.720001220703125,42.810001373291016,1.0212567114744326,Derived from Yahoo Finance QQQ and RSP,QQQ/RSP,2026-09-11T22:10:47+08:00,confirmed
2008-04-01,45.59000015258789,44.72999954223633,1.0192264837726972,Derived from Yahoo Finance QQQ and RSP,QQQ/RSP,2026-09-11T22:10:47+08:00,confirmed
2008-04-02,45.4900016784668,44.84999847412109,1.0142698601141535,Derived from Yahoo Finance QQQ and RSP,QQQ/RSP,2026-09-11T22:10:47+08:00,confirmed
2008-04-03,45.59000015258789,44.880001068115234,1.015819943573421,Derived from Yahoo Finance QQQ and RSP,QQQ/RSP,2026-09-11T22:10:47+08:00,confirmed
2008-04-04,45.86000061035156,45.0,1.019111124674479,Derived from Yahoo Finance QQQ and RSP,QQQ/RSP,2026-09-11T22:10:47+08:00,confirmed
2008-04-07,45.7599983215332,44.86000061035156,1.0200623651122724,Derived from Yahoo Finance QQQ and RSP,QQQ/RSP,2026-09-11T22:10:47+08:00,confirmed
2008-04-08,45.40999984741211,44.720001220703125,1.015429306973935,Derived from Yahoo Finance QQQ and RSP,QQQ/RSP,2026-09-11T22:10:47+08:00,confirmed
2008-04-09,44.900001525878906,44.16999816894531,1.0165271312473552,Derived from Yahoo Finance QQQ and RSP,QQQ/RSP,2026-09-11T22:10:47+08:00,confirmed
2008-04-10,45.540000915527344,44.27000045776367,1.0286876088690202,Derived from Yahoo Finance QQQ and RSP,QQQ/RSP,2026-09-11T22:10:47+08:00,confirmed
2008-04-11,44.27999877929688,43.52000045776367,1.0174631965427203,Derived from Yahoo Finance QQQ and RSP,QQQ/RSP,2026-09-11T22:10:47+08:00,confirmed
2008-04-14,44.08000183105469,43.31999969482422,1.0175439090855134,Derived from Yahoo Finance QQQ and RSP,QQQ/RSP,2026-09-11T22:10:47+08:00,confirmed
2008-04-15,44.13999938964844,43.47999954223633,1.0151793894747168,Derived from Yahoo Finance QQQ and RSP,QQQ/RSP,2026-09-11T22:10:47+08:00,confirmed
2008-04-16,45.369998931884766,44.65999984741211,1.015897874762617,Derived from Yahoo Finance QQQ and RSP,QQQ/RSP,2026-09-11T22:10:47+08:00,confirmed
2008-04-17,45.27000045776367,44.630001068115234,1.0143401159384169,Derived from Yahoo Finance QQQ and RSP,QQQ/RSP,2026-09-11T22:10:47+08:00,confirmed
2008-04-18,46.709999084472656,45.34999847412109,1.0299889891093965,Derived from Yahoo Finance QQQ and RSP,QQQ/RSP,2026-09-11T22:10:47+08:00,confirmed
2008-04-21,47.040000915527344,45.27999877929688,1.0388693061766419,Derived from Yahoo Finance QQQ and RSP,QQQ/RSP,2026-09-11T22:10:47+08:00,confirmed
2008-04-22,46.34000015258789,44.709999084472656,1.0364571930550837,Derived from Yahoo Finance QQQ and RSP,QQQ/RSP,2026-09-11T22:10:47+08:00,confirmed
2008-04-23,46.84999847412109,44.84000015258789,1.0448260105863802,Derived from Yahoo Finance QQQ and RSP,QQQ/RSP,2026-09-11T22:10:47+08:00,confirmed
2008-04-24,47.27000045776367,45.18000030517578,1.0462594098820417,Derived from Yahoo Finance QQQ and RSP,QQQ/RSP,2026-09-11T22:10:47+08:00,confirmed
2008-04-25,47.150001525878906,45.68999862670898,1.0319545402287769,Derived from Yahoo Finance QQQ and RSP,QQQ/RSP,2026-09-11T22:10:47+08:00,confirmed
2008-04-28,47.2400016784668,45.7400016784668,1.0327940521415888,Derived from Yahoo Finance QQQ and RSP,QQQ/RSP,2026-09-11T22:10:47+08:00,confirmed
2008-04-29,47.59999847412109,45.66999816894531,1.0422596974503084,Derived from Yahoo Finance QQQ and RSP,QQQ/RSP,2026-09-11T22:10:47+08:00,confirmed
2008-04-30,47.209999084472656,45.2599983215332,1.0430844196918962,Derived from Yahoo Finance QQQ and RSP,QQQ/RSP,2026-09-11T22:10:47+08:00,confirmed
2008-05-01,48.70000076293945,46.2599983215332,1.0527454070457773,Derived from Yahoo Finance QQQ and RSP,QQQ/RSP,2026-09-11T22:10:47+08:00,confirmed
2008-05-02,48.77000045776367,46.38999938964844,1.0513041840790864,Derived from Yahoo Finance QQQ and RSP,QQQ/RSP,2026-09-11T22:10:47+08:00,confirmed
2008-05-05,48.630001068115234,46.130001068115234,1.0541946659898949,Derived from Yahoo Finance QQQ and RSP,QQQ/RSP,2026-09-11T22:10:47+08:00,confirmed
2008-05-06,48.93000030517578,46.52000045776367,1.0518056711886792,Derived from Yahoo Finance QQQ and RSP,QQQ/RSP,2026-09-11T22:10:47+08:00,confirmed
2008-05-07,48.040000915527344,45.77000045776367,1.0495958146178832,Derived from Yahoo Finance QQQ and RSP,QQQ/RSP,2026-09-11T22:10:47+08:00,confirmed
2008-05-08,48.400001525878906,45.77000045776367,1.0574612419010612,Derived from Yahoo Finance QQQ and RSP,QQQ/RSP,2026-09-11T22:10:47+08:00,confirmed
2008-05-09,48.209999084472656,45.560001373291016,1.0581650050769131,Derived from Yahoo Finance QQQ and RSP,QQQ/RSP,2026-09-11T22:10:47+08:00,confirmed
2008-05-12,49.09000015258789,46.27999877929688,1.060717403790167,Derived from Yahoo Finance QQQ and RSP,QQQ/RSP,2026-09-11T22:10:47+08:00,confirmed
2008-05-13,49.220001220703125,46.34000015258789,1.0621493538763918,Derived from Yahoo Finance QQQ and RSP,QQQ/RSP,2026-09-11T22:10:47+08:00,confirmed
2008-05-14,49.11000061035156,46.58000183105469,1.0543151283779069,Derived from Yahoo Finance QQQ and RSP,QQQ/RSP,2026-09-11T22:10:47+08:00,confirmed
2008-05-15,49.970001220703125,47.16999816894531,1.0593598295621987,Derived from Yahoo Finance QQQ and RSP,QQQ/RSP,2026-09-11T22:10:47+08:00,confirmed
2008-05-16,50.0099983215332,47.16999816894531,1.060207764740971,Derived from Yahoo Finance QQQ and RSP,QQQ/RSP,2026-09-11T22:10:47+08:00,confirmed
2008-05-19,49.650001525878906,47.09999847412109,1.0541401939356518,Derived from Yahoo Finance QQQ and RSP,QQQ/RSP,2026-09-11T22:10:47+08:00,confirmed
2008-05-20,49.27000045776367,46.75,1.0539037531072444,Derived from Yahoo Finance QQQ and RSP,QQQ/RSP,2026-09-11T22:10:47+08:00,confirmed
2008-05-21,48.18000030517578,45.88999938964844,1.049901960034541,Derived from Yahoo Finance QQQ and RSP,QQQ/RSP,2026-09-11T22:10:47+08:00,confirmed
2008-05-22,48.34999847412109,46.0,1.0510869233504585,Derived from Yahoo Finance QQQ and RSP,QQQ/RSP,2026-09-11T22:10:47+08:00,confirmed
2008-05-23,48.20000076293945,45.380001068115234,1.06214190454935,Derived from Yahoo Finance QQQ and RSP,QQQ/RSP,2026-09-11T22:10:47+08:00,confirmed
2008-05-27,49.04999923706055,45.81999969482422,1.0704932248744905,Derived from Yahoo Finance QQQ and RSP,QQQ/RSP,2026-09-11T22:10:47+08:00,confirmed
2008-05-28,49.25,46.11000061035156,1.0680980123202062,Derived from Yahoo Finance QQQ and RSP,QQQ/RSP,2026-09-11T22:10:47+08:00,confirmed
2008-05-29,49.68999862670898,46.36000061035156,1.0718291193381448,Derived from Yahoo Finance QQQ and RSP,QQQ/RSP,2026-09-11T22:10:47+08:00,confirmed
2008-05-30,50.0099983215332,46.459999084472656,1.0764097999788163,Derived from Yahoo Finance QQQ and RSP,QQQ/RSP,2026-09-11T22:10:47+08:00,confirmed
2008-06-02,49.400001525878906,45.95000076293945,1.075081625803193,Derived from Yahoo Finance QQQ and RSP,QQQ/RSP,2026-09-11T22:10:47+08:00,confirmed
2008-06-03,49.130001068115234,45.790000915527344,1.07294169219934,Derived from Yahoo Finance QQQ and RSP,QQQ/RSP,2026-09-11T22:10:47+08:00,confirmed
2008-06-04,49.7599983215332,45.77000045776367,1.0871749579170635,Derived from Yahoo Finance QQQ and RSP,QQQ/RSP,2026-09-11T22:10:47+08:00,confirmed
2008-06-05,50.54999923706055,46.560001373291016,1.0856958278798157,Derived from Yahoo Finance QQQ and RSP,QQQ/RSP,2026-09-11T22:10:47+08:00,confirmed
2008-06-06,49.02999877929688,44.9900016784668,1.0897976650390684,Derived from Yahoo Finance QQQ and RSP,QQQ/RSP,2026-09-11T22:10:47+08:00,confirmed
2008-06-09,48.77000045776367,45.0,1.0837777879503039,Derived from Yahoo Finance QQQ and RSP,QQQ/RSP,2026-09-11T22:10:47+08:00,confirmed
2008-06-10,48.540000915527344,44.81999969482422,1.0829986891127246,Derived from Yahoo Finance QQQ and RSP,QQQ/RSP,2026-09-11T22:10:47+08:00,confirmed
2008-06-11,47.369998931884766,43.93000030517578,1.0783063647350735,Derived from Yahoo Finance QQQ and RSP,QQQ/RSP,2026-09-11T22:10:47+08:00,confirmed
2008-06-12,47.41999816894531,44.130001068115234,1.0745523911443358,Derived from Yahoo Finance QQQ and RSP,QQQ/RSP,2026-09-11T22:10:47+08:00,confirmed
2008-06-13,48.369998931884766,44.93000030517578,1.0765635122043993,Derived from Yahoo Finance QQQ and RSP,QQQ/RSP,2026-09-11T22:10:47+08:00,confirmed
2008-06-16,48.79999923706055,45.0,1.0844444274902343,Derived from Yahoo Finance QQQ and RSP,QQQ/RSP,2026-09-11T22:10:47+08:00,confirmed
2008-06-17,48.540000915527344,44.560001373291016,1.089317760762501,Derived from Yahoo Finance QQQ and RSP,QQQ/RSP,2026-09-11T22:10:47+08:00,confirmed
2008-06-18,48.02000045776367,44.09000015258789,1.08913586508448,Derived from Yahoo Finance QQQ and RSP,QQQ/RSP,2026-09-11T22:10:47+08:00,confirmed
2008-06-19,48.77000045776367,44.380001068115234,1.098918415592433,Derived from Yahoo Finance QQQ and RSP,QQQ/RSP,2026-09-11T22:10:47+08:00,confirmed
2008-06-20,47.41999816894531,43.38999938964844,1.092878516616396,Derived from Yahoo Finance QQQ and RSP,QQQ/RSP,2026-09-11T22:10:47+08:00,confirmed
2008-06-23,47.04999923706055,43.11000061035156,1.0913940749461022,Derived from Yahoo Finance QQQ and RSP,QQQ/RSP,2026-09-11T22:10:47+08:00,confirmed
2008-06-24,46.810001373291016,42.9900016784668,1.0888578633561117,Derived from Yahoo Finance QQQ and RSP,QQQ/RSP,2026-09-11T22:10:47+08:00,confirmed
2008-06-25,47.56999969482422,43.29999923706055,1.0986143310161764,Derived from Yahoo Finance QQQ and RSP,QQQ/RSP,2026-09-11T22:10:47+08:00,confirmed
2008-06-26,45.650001525878906,42.0,1.086904798235212,Derived from Yahoo Finance QQQ and RSP,QQQ/RSP,2026-09-11T22:10:47+08:00,confirmed
2008-06-27,45.650001525878906,41.95000076293945,1.0882002549618117,Derived from Yahoo Finance QQQ and RSP,QQQ/RSP,2026-09-11T22:10:47+08:00,confirmed
2008-06-30,45.16999816894531,41.7400016784668,1.0821752839614287,Derived from Yahoo Finance QQQ and RSP,QQQ/RSP,2026-09-11T22:10:47+08:00,confirmed
2008-07-01,45.810001373291016,41.83000183105469,1.0951470085588562,Derived from Yahoo Finance QQQ and RSP,QQQ/RSP,2026-09-11T22:10:47+08:00,confirmed
2008-07-02,44.709999084472656,40.970001220703125,1.0912862521927293,Derived from Yahoo Finance QQQ and RSP,QQQ/RSP,2026-09-11T22:10:47+08:00,confirmed
2008-07-03,44.630001068115234,40.720001220703125,1.0960216043761846,Derived from Yahoo Finance QQQ and RSP,QQQ/RSP,2026-09-11T22:10:47+08:00,confirmed
2008-07-07,44.900001525878906,40.43999862670898,1.1102869201440644,Derived from Yahoo Finance QQQ and RSP,QQQ/RSP,2026-09-11T22:10:47+08:00,confirmed
2008-07-08,45.970001220703125,41.43000030517578,1.1095824494831146,Derived from Yahoo Finance QQQ and RSP,QQQ/RSP,2026-09-11T22:10:47+08:00,confirmed
2008-07-09,44.75,40.38999938964844,1.1079475285030331,Derived from Yahoo Finance QQQ and RSP,QQQ/RSP,2026-09-11T22:10:47+08:00,confirmed
2008-07-10,45.27999877929688,40.38999938964844,1.121069558394242,Derived from Yahoo Finance QQQ and RSP,QQQ/RSP,2026-09-11T22:10:47+08:00,confirmed
2008-07-11,44.560001373291016,40.08000183105469,1.111776430578033,Derived from Yahoo Finance QQQ and RSP,QQQ/RSP,2026-09-11T22:10:47+08:00,confirmed
2008-07-14,44.22999954223633,39.36000061035156,1.1237296457410106,Derived from Yahoo Finance QQQ and RSP,QQQ/RSP,2026-09-11T22:10:47+08:00,confirmed
2008-07-15,44.2400016784668,39.06999969482422,1.132326645099193,Derived from Yahoo Finance QQQ and RSP,QQQ/RSP,2026-09-11T22:10:47+08:00,confirmed
2008-07-16,45.34000015258789,40.43999862670898,1.1211672030731143,Derived from Yahoo Finance QQQ and RSP,QQQ/RSP,2026-09-11T22:10:47+08:00,confirmed
2008-07-17,45.63999938964844,41.27000045776367,1.1058880272210583,Derived from Yahoo Finance QQQ and RSP,QQQ/RSP,2026-09-11T22:10:47+08:00,confirmed
2008-07-18,44.59000015258789,41.2400016784668,1.0812317734669317,Derived from Yahoo Finance QQQ and RSP,QQQ/RSP,2026-09-11T22:10:47+08:00,confirmed
2008-07-21,44.77999877929688,41.20000076293945,1.086893154127748,Derived from Yahoo Finance QQQ and RSP,QQQ/RSP,2026-09-11T22:10:47+08:00,confirmed
2008-07-22,44.77999877929688,41.88999938964844,1.0689901988960784,Derived from Yahoo Finance QQQ and RSP,QQQ/RSP,2026-09-11T22:10:47+08:00,confirmed
2008-07-23,45.369998931884766,42.27000045776367,1.0733380279287819,Derived from Yahoo Finance QQQ and RSP,QQQ/RSP,2026-09-11T22:10:47+08:00,confirmed
2008-07-24,44.68999862670898,40.9900016784668,1.0902658403692111,Derived from Yahoo Finance QQQ and RSP,QQQ/RSP,2026-09-11T22:10:47+08:00,confirmed
2008-07-25,45.27000045776367,41.02999877929688,1.103339064211872,Derived from Yahoo Finance QQQ and RSP,QQQ/RSP,2026-09-11T22:10:47+08:00,confirmed
2008-07-28,44.41999816894531,40.27000045776367,1.1030543249070552,Derived from Yahoo Finance QQQ and RSP,QQQ/RSP,2026-09-11T22:10:47+08:00,confirmed
2008-07-29,45.34000015258789,41.45000076293945,1.093847993197783,Derived from Yahoo Finance QQQ and RSP,QQQ/RSP,2026-09-11T22:10:47+08:00,confirmed
2008-07-30,45.56999969482422,42.040000915527344,1.0839676189919654,Derived from Yahoo Finance QQQ and RSP,QQQ/RSP,2026-09-11T22:10:47+08:00,confirmed
2008-07-31,45.459999084472656,41.52999877929688,1.094630397801382,Derived from Yahoo Finance QQQ and RSP,QQQ/RSP,2026-09-11T22:10:47+08:00,confirmed
2008-08-01,44.880001068115234,41.27999877929688,1.0872093603506563,Derived from Yahoo Finance QQQ and RSP,QQQ/RSP,2026-09-11T22:10:47+08:00,confirmed
2008-08-04,44.43000030517578,41.0099983215332,1.083394345857528,Derived from Yahoo Finance QQQ and RSP,QQQ/RSP,2026-09-11T22:10:47+08:00,confirmed
2008-08-05,45.93000030517578,42.25,1.0871005989390718,Derived from Yahoo Finance QQQ and RSP,QQQ/RSP,2026-09-11T22:10:47+08:00,confirmed
2008-08-06,46.630001068115234,42.40999984741211,1.0995048629070117,Derived from Yahoo Finance QQQ and RSP,QQQ/RSP,2026-09-11T22:10:47+08:00,confirmed
2008-08-07,46.27000045776367,41.619998931884766,1.111725171677421,Derived from Yahoo Finance QQQ and RSP,QQQ/RSP,2026-09-11T22:10:47+08:00,confirmed
2008-08-08,47.31999969482422,42.77999877929688,1.106124381605276,Derived from Yahoo Finance QQQ and RSP,QQQ/RSP,2026-09-11T22:10:47+08:00,confirmed
2008-08-11,47.75,43.34000015258789,1.1017535724939027,Derived from Yahoo Finance QQQ and RSP,QQQ/RSP,2026-09-11T22:10:47+08:00,confirmed
2008-08-12,47.79999923706055,42.68999862670898,1.1197001821207486,Derived from Yahoo Finance QQQ and RSP,QQQ/RSP,2026-09-11T22:10:47+08:00,confirmed
2008-08-13,47.70000076293945,42.5,1.122352959127987,Derived from Yahoo Finance QQQ and RSP,QQQ/RSP,2026-09-11T22:10:47+08:00,confirmed
2008-08-14,48.25,43.0,1.122093023255814,Derived from Yahoo Finance QQQ and RSP,QQQ/RSP,2026-09-11T22:10:47+08:00,confirmed
2008-08-15,48.15999984741211,43.31999969482422,1.1117266894433095,Derived from Yahoo Finance QQQ and RSP,QQQ/RSP,2026-09-11T22:10:47+08:00,confirmed
2008-08-18,47.59999847412109,42.59000015258789,1.1176332074098096,Derived from Yahoo Finance QQQ and RSP,QQQ/RSP,2026-09-11T22:10:47+08:00,confirmed
2008-08-19,47.0099983215332,41.93999862670898,1.1208869780838633,Derived from Yahoo Finance QQQ and RSP,QQQ/RSP,2026-09-11T22:10:47+08:00,confirmed
2008-08-20,47.09000015258789,42.04999923706055,1.119857336669946,Derived from Yahoo Finance QQQ and RSP,QQQ/RSP,2026-09-11T22:10:47+08:00,confirmed
2008-08-21,46.869998931884766,41.84999847412109,1.1199522255865293,Derived from Yahoo Finance QQQ and RSP,QQQ/RSP,2026-09-11T22:10:47+08:00,confirmed
2008-08-22,47.4900016784668,42.65999984741211,1.1132208590794848,Derived from Yahoo Finance QQQ and RSP,QQQ/RSP,2026-09-11T22:10:47+08:00,confirmed
2008-08-25,46.4900016784668,41.79999923706055,1.1122010173925558,Derived from Yahoo Finance QQQ and RSP,QQQ/RSP,2026-09-11T22:10:47+08:00,confirmed
2008-08-26,46.43000030517578,41.869998931884766,1.108908561968424,Derived from Yahoo Finance QQQ and RSP,QQQ/RSP,2026-09-11T22:10:47+08:00,confirmed
2008-08-27,46.72999954223633,42.34999847412109,1.1034238778259162,Derived from Yahoo Finance QQQ and RSP,QQQ/RSP,2026-09-11T22:10:47+08:00,confirmed
2008-08-28,47.11000061035156,43.119998931884766,1.0925325087500506,Derived from Yahoo Finance QQQ and RSP,QQQ/RSP,2026-09-11T22:10:47+08:00,confirmed
2008-08-29,46.119998931884766,42.7599983215332,1.0785781277418696,Derived from Yahoo Finance QQQ and RSP,QQQ/RSP,2026-09-11T22:10:47+08:00,confirmed
2008-09-02,45.54999923706055,42.79999923706055,1.0642523375939403,Derived from Yahoo Finance QQQ and RSP,QQQ/RSP,2026-09-11T22:10:47+08:00,confirmed
2008-09-03,45.119998931884766,42.560001373291016,1.0601503166351,Derived from Yahoo Finance QQQ and RSP,QQQ/RSP,2026-09-11T22:10:47+08:00,confirmed
2008-09-04,43.65999984741211,41.40999984741211,1.0543347019630722,Derived from Yahoo Finance QQQ and RSP,QQQ/RSP,2026-09-11T22:10:47+08:00,confirmed
2008-09-05,43.45000076293945,41.790000915527344,1.0397224171104367,Derived from Yahoo Finance QQQ and RSP,QQQ/RSP,2026-09-11T22:10:47+08:00,confirmed
2008-09-08,43.369998931884766,42.65999984741211,1.0166432041024895,Derived from Yahoo Finance QQQ and RSP,QQQ/RSP,2026-09-11T22:10:47+08:00,confirmed
2008-09-09,42.45000076293945,41.13999938964844,1.031842522915074,Derived from Yahoo Finance QQQ and RSP,QQQ/RSP,2026-09-11T22:10:47+08:00,confirmed
2008-09-10,42.79999923706055,41.29999923706055,1.0363196132617352,Derived from Yahoo Finance QQQ and RSP,QQQ/RSP,2026-09-11T22:10:47+08:00,confirmed
2008-09-11,43.59999847412109,41.83000183105469,1.0423140465117635,Derived from Yahoo Finance QQQ and RSP,QQQ/RSP,2026-09-11T22:10:47+08:00,confirmed
2008-09-12,43.43000030517578,42.02000045776367,1.033555445788949,Derived from Yahoo Finance QQQ and RSP,QQQ/RSP,2026-09-11T22:10:47+08:00,confirmed
2008-09-15,42.08000183105469,40.27000045776367,1.044946643971097,Derived from Yahoo Finance QQQ and RSP,QQQ/RSP,2026-09-11T22:10:47+08:00,confirmed
2008-09-16,42.40999984741211,40.630001068115234,1.0438099614202014,Derived from Yahoo Finance QQQ and RSP,QQQ/RSP,2026-09-11T22:10:47+08:00,confirmed
2008-09-17,40.209999084472656,38.77999877929688,1.0368746866990413,Derived from Yahoo Finance QQQ and RSP,QQQ/RSP,2026-09-11T22:10:47+08:00,confirmed
2008-09-18,41.56999969482422,40.459999084472656,1.0274345189191452,Derived from Yahoo Finance QQQ and RSP,QQQ/RSP,2026-09-11T22:10:47+08:00,confirmed
2008-09-19,42.900001525878906,41.79999923706055,1.0263158447104248,Derived from Yahoo Finance QQQ and RSP,QQQ/RSP,2026-09-11T22:10:47+08:00,confirmed
2008-09-22,40.880001068115234,40.18999862670898,1.0171685111964075,Derived from Yahoo Finance QQQ and RSP,QQQ/RSP,2026-09-11T22:10:47+08:00,confirmed
2008-09-23,40.56999969482422,39.56999969482422,1.02527167065232,Derived from Yahoo Finance QQQ and RSP,QQQ/RSP,2026-09-11T22:10:47+08:00,confirmed
2008-09-24,40.84999847412109,40.09000015258789,1.0189573040319417,Derived from Yahoo Finance QQQ and RSP,QQQ/RSP,2026-09-11T22:10:47+08:00,confirmed
2008-09-25,41.5,40.04999923706055,1.0362047638092757,Derived from Yahoo Finance QQQ and RSP,QQQ/RSP,2026-09-11T22:10:47+08:00,confirmed
2008-09-26,41.08000183105469,40.0,1.0270000457763673,Derived from Yahoo Finance QQQ and RSP,QQQ/RSP,2026-09-11T22:10:47+08:00,confirmed
2008-09-29,37.81999969482422,36.900001525878906,1.0249321986694253,Derived from Yahoo Finance QQQ and RSP,QQQ/RSP,2026-09-11T22:10:47+08:00,confirmed
2008-09-30,38.90999984741211,37.93000030517578,1.0258370560071575,Derived from Yahoo Finance QQQ and RSP,QQQ/RSP,2026-09-11T22:10:47+08:00,confirmed
2008-10-01,38.5,37.869998931884766,1.016635888193406,Derived from Yahoo Finance QQQ and RSP,QQQ/RSP,2026-09-11T22:10:47+08:00,confirmed
2008-10-02,36.75,36.20000076293945,1.0151933487698603,Derived from Yahoo Finance QQQ and RSP,QQQ/RSP,2026-09-11T22:10:47+08:00,confirmed
2008-10-03,36.18000030517578,35.279998779296875,1.0255102482148342,Derived from Yahoo Finance QQQ and RSP,QQQ/RSP,2026-09-11T22:10:47+08:00,confirmed
2008-10-06,34.86000061035156,34.040000915527344,1.0240892970848945,Derived from Yahoo Finance QQQ and RSP,QQQ/RSP,2026-09-11T22:10:47+08:00,confirmed
2008-10-07,32.650001525878906,31.75,1.0283465047520914,Derived from Yahoo Finance QQQ and RSP,QQQ/RSP,2026-09-11T22:10:47+08:00,confirmed
2008-10-08,32.38999938964844,31.479999542236328,1.0289072382669884,Derived from Yahoo Finance QQQ and RSP,QQQ/RSP,2026-09-11T22:10:47+08:00,confirmed
2008-10-09,31.520000457763672,29.200000762939453,1.0794520422673672,Derived from Yahoo Finance QQQ and RSP,QQQ/RSP,2026-09-11T22:10:47+08:00,confirmed
2008-10-10,31.31999969482422,28.809999465942383,1.0871225364599197,Derived from Yahoo Finance QQQ and RSP,QQQ/RSP,2026-09-11T22:10:47+08:00,confirmed
2008-10-13,35.130001068115234,32.0,1.097812533378601,Derived from Yahoo Finance QQQ and RSP,QQQ/RSP,2026-09-11T22:10:47+08:00,confirmed
2008-10-14,33.61000061035156,31.709999084472656,1.059918056787623,Derived from Yahoo Finance QQQ and RSP,QQQ/RSP,2026-09-11T22:10:47+08:00,confirmed
2008-10-15,30.600000381469727,28.8799991607666,1.0595568307023964,Derived from Yahoo Finance QQQ and RSP,QQQ/RSP,2026-09-11T22:10:47+08:00,confirmed
2008-10-16,32.2599983215332,29.770000457763672,1.0836411765361653,Derived from Yahoo Finance QQQ and RSP,QQQ/RSP,2026-09-11T22:10:47+08:00,confirmed
2008-10-17,32.29999923706055,29.299999237060547,1.1023890811643915,Derived from Yahoo Finance QQQ and RSP,QQQ/RSP,2026-09-11T22:10:47+08:00,confirmed
2008-10-20,33.20000076293945,31.100000381469727,1.0675241271932898,Derived from Yahoo Finance QQQ and RSP,QQQ/RSP,2026-09-11T22:10:47+08:00,confirmed
2008-10-21,31.479999542236328,30.030000686645508,1.0482850090721323,Derived from Yahoo Finance QQQ and RSP,QQQ/RSP,2026-09-11T22:10:47+08:00,confirmed
2008-10-22,30.61000061035156,28.11000061035156,1.0889363196626674,Derived from Yahoo Finance QQQ and RSP,QQQ/RSP,2026-09-11T22:10:47+08:00,confirmed
2008-10-23,30.489999771118164,27.93000030517578,1.0916576955950832,Derived from Yahoo Finance QQQ and RSP,QQQ/RSP,2026-09-11T22:10:47+08:00,confirmed
2008-10-24,29.51000022888184,26.809999465942383,1.1007087212504183,Derived from Yahoo Finance QQQ and RSP,QQQ/RSP,2026-09-11T22:10:47+08:00,confirmed
2008-10-27,28.690000534057617,25.5,1.1250980601591223,Derived from Yahoo Finance QQQ and RSP,QQQ/RSP,2026-09-11T22:10:47+08:00,confirmed
2008-10-28,31.86000061035156,28.549999237060547,1.1159370039139729,Derived from Yahoo Finance QQQ and RSP,QQQ/RSP,2026-09-11T22:10:47+08:00,confirmed
2008-10-29,31.780000686645508,28.440000534057617,1.1174402281950788,Derived from Yahoo Finance QQQ and RSP,QQQ/RSP,2026-09-11T22:10:47+08:00,confirmed
2008-10-30,32.84000015258789,29.3799991607666,1.1177672256860272,Derived from Yahoo Finance QQQ and RSP,QQQ/RSP,2026-09-11T22:10:47+08:00,confirmed
2008-10-31,32.88999938964844,30.0,1.0963333129882813,Derived from Yahoo Finance QQQ and RSP,QQQ/RSP,2026-09-11T22:10:47+08:00,confirmed
2008-11-03,32.81999969482422,29.940000534057617,1.0961923550231911,Derived from Yahoo Finance QQQ and RSP,QQQ/RSP,2026-09-11T22:10:47+08:00,confirmed
2008-11-04,33.75,31.1200008392334,1.084511538876661,Derived from Yahoo Finance QQQ and RSP,QQQ/RSP,2026-09-11T22:10:47+08:00,confirmed
2008-11-05,31.989999771118164,29.450000762939453,1.0862478418464119,Derived from Yahoo Finance QQQ and RSP,QQQ/RSP,2026-09-11T22:10:47+08:00,confirmed
2008-11-06,30.559999465942383,27.920000076293945,1.0945558518063896,Derived from Yahoo Finance QQQ and RSP,QQQ/RSP,2026-09-11T22:10:47+08:00,confirmed
2008-11-07,31.190000534057617,28.709999084472656,1.086381105143477,Derived from Yahoo Finance QQQ and RSP,QQQ/RSP,2026-09-11T22:10:47+08:00,confirmed
2008-11-10,30.770000457763672,28.18000030517578,1.091909159848809,Derived from Yahoo Finance QQQ and RSP,QQQ/RSP,2026-09-11T22:10:47+08:00,confirmed
2008-11-11,30.100000381469727,27.31999969482422,1.101756980882111,Derived from Yahoo Finance QQQ and RSP,QQQ/RSP,2026-09-11T22:10:47+08:00,confirmed
2008-11-12,28.709999084472656,25.940000534057617,1.1067848301228136,Derived from Yahoo Finance QQQ and RSP,QQQ/RSP,2026-09-11T22:10:47+08:00,confirmed
2008-11-13,30.459999084472656,27.71999931335449,1.098845593037159,Derived from Yahoo Finance QQQ and RSP,QQQ/RSP,2026-09-11T22:10:47+08:00,confirmed
2008-11-14,28.979999542236328,26.450000762939453,1.09565212500265,Derived from Yahoo Finance QQQ and RSP,QQQ/RSP,2026-09-11T22:10:47+08:00,confirmed
2008-11-17,28.3700008392334,25.65999984741211,1.105611886513499,Derived from Yahoo Finance QQQ and RSP,QQQ/RSP,2026-09-11T22:10:47+08:00,confirmed
2008-11-18,28.34000015258789,25.61000061035156,1.1065989643566376,Derived from Yahoo Finance QQQ and RSP,QQQ/RSP,2026-09-11T22:10:47+08:00,confirmed
2008-11-19,26.86000061035156,23.950000762939453,1.1215031212823625,Derived from Yahoo Finance QQQ and RSP,QQQ/RSP,2026-09-11T22:10:47+08:00,confirmed
2008-11-20,25.559999465942383,22.31999969482422,1.1451612820527721,Derived from Yahoo Finance QQQ and RSP,QQQ/RSP,2026-09-11T22:10:47+08:00,confirmed
2008-11-21,26.670000076293945,23.57999992370605,1.1310432638925234,Derived from Yahoo Finance QQQ and RSP,QQQ/RSP,2026-09-11T22:10:47+08:00,confirmed
2008-11-24,28.299999237060547,25.280000686645508,1.119461964730499,Derived from Yahoo Finance QQQ and RSP,QQQ/RSP,2026-09-11T22:10:47+08:00,confirmed
2008-11-25,28.170000076293945,25.64999961853028,1.0982456333427446,Derived from Yahoo Finance QQQ and RSP,QQQ/RSP,2026-09-11T22:10:47+08:00,confirmed
2008-11-26,29.350000381469727,26.82999992370605,1.0939247284729618,Derived from Yahoo Finance QQQ and RSP,QQQ/RSP,2026-09-11T22:10:47+08:00,confirmed
2008-11-28,29.1200008392334,27.11000061035156,1.0741423896580198,Derived from Yahoo Finance QQQ and RSP,QQQ/RSP,2026-09-11T22:10:47+08:00,confirmed
2008-12-01,26.93000030517578,24.64999961853028,1.092494958293287,Derived from Yahoo Finance QQQ and RSP,QQQ/RSP,2026-09-11T22:10:47+08:00,confirmed
2008-12-02,27.82999992370605,25.57999992370605,1.087959343499248,Derived from Yahoo Finance QQQ and RSP,QQQ/RSP,2026-09-11T22:10:47+08:00,confirmed
2008-12-03,28.6200008392334,26.280000686645508,1.0890410993701758,Derived from Yahoo Finance QQQ and RSP,QQQ/RSP,2026-09-11T22:10:47+08:00,confirmed
2008-12-04,27.809999465942383,25.459999084472656,1.0923016679487207,Derived from Yahoo Finance QQQ and RSP,QQQ/RSP,2026-09-11T22:10:47+08:00,confirmed
2008-12-05,28.940000534057617,26.440000534057617,1.0945537045954188,Derived from Yahoo Finance QQQ and RSP,QQQ/RSP,2026-09-11T22:10:47+08:00,confirmed
2008-12-08,30.07999992370605,27.39999961853028,1.0978102314776428,Derived from Yahoo Finance QQQ and RSP,QQQ/RSP,2026-09-11T22:10:47+08:00,confirmed
2008-12-09,30.01000022888184,27.059999465942383,1.1090170296068305,Derived from Yahoo Finance QQQ and RSP,QQQ/RSP,2026-09-11T22:10:47+08:00,confirmed
2008-12-10,29.90999984741211,27.39999961853028,1.0916058490447695,Derived from Yahoo Finance QQQ and RSP,QQQ/RSP,2026-09-11T22:10:47+08:00,confirmed
2008-12-11,29.09000015258789,26.670000076293945,1.090738660268884,Derived from Yahoo Finance QQQ and RSP,QQQ/RSP,2026-09-11T22:10:47+08:00,confirmed
2008-12-12,29.68000030517578,26.8799991607666,1.1041667124936518,Derived from Yahoo Finance QQQ and RSP,QQQ/RSP,2026-09-11T22:10:47+08:00,confirmed
2008-12-15,29.15999984741211,26.3799991607666,1.10538289518902,Derived from Yahoo Finance QQQ and RSP,QQQ/RSP,2026-09-11T22:10:47+08:00,confirmed
2008-12-16,30.559999465942383,27.979999542236328,1.0922087192964924,Derived from Yahoo Finance QQQ and RSP,QQQ/RSP,2026-09-11T22:10:47+08:00,confirmed
2008-12-17,30.190000534057617,27.82999992370605,1.084800597083052,Derived from Yahoo Finance QQQ and RSP,QQQ/RSP,2026-09-11T22:10:47+08:00,confirmed
2008-12-18,29.65999984741211,27.34000015258789,1.0848573402295543,Derived from Yahoo Finance QQQ and RSP,QQQ/RSP,2026-09-11T22:10:47+08:00,confirmed
2008-12-19,29.86000061035156,27.350000381469727,1.0917733160465481,Derived from Yahoo Finance QQQ and RSP,QQQ/RSP,2026-09-11T22:10:47+08:00,confirmed
2008-12-22,29.209999084472656,26.51000022888184,1.1018483150614706,Derived from Yahoo Finance QQQ and RSP,QQQ/RSP,2026-09-11T22:10:47+08:00,confirmed
2008-12-23,29.059999465942383,26.1200008392334,1.112557371066121,Derived from Yahoo Finance QQQ and RSP,QQQ/RSP,2026-09-11T22:10:47+08:00,confirmed
2008-12-24,29.13999938964844,26.270000457763672,1.1092500526027431,Derived from Yahoo Finance QQQ and RSP,QQQ/RSP,2026-09-11T22:10:47+08:00,confirmed
2008-12-26,29.1299991607666,26.61000061035156,1.0947011834879379,Derived from Yahoo Finance QQQ and RSP,QQQ/RSP,2026-09-11T22:10:47+08:00,confirmed
2008-12-29,28.88999938964844,26.299999237060547,1.0984790961110829,Derived from Yahoo Finance QQQ and RSP,QQQ/RSP,2026-09-11T22:10:47+08:00,confirmed
2008-12-30,29.489999771118164,27.1299991607666,1.0869885987230115,Derived from Yahoo Finance QQQ and RSP,QQQ/RSP,2026-09-11T22:10:47+08:00,confirmed
2008-12-31,29.739999771118164,27.799999237060547,1.0697841937877242,Derived from Yahoo Finance QQQ and RSP,QQQ/RSP,2026-09-11T22:10:47+08:00,confirmed
2009-01-02,31.030000686645508,28.75,1.079304371709409,Derived from Yahoo Finance QQQ and RSP,QQQ/RSP,2026-09-11T22:10:47+08:00,confirmed
2009-01-05,31.020000457763672,28.89999961853028,1.0733564313915795,Derived from Yahoo Finance QQQ and RSP,QQQ/RSP,2026-09-11T22:10:47+08:00,confirmed
2009-01-06,31.32999992370605,29.56999969482422,1.0595197919190338,Derived from Yahoo Finance QQQ and RSP,QQQ/RSP,2026-09-11T22:10:47+08:00,confirmed
2009-01-07,30.440000534057617,28.59000015258789,1.0647079528365189,Derived from Yahoo Finance QQQ and RSP,QQQ/RSP,2026-09-11T22:10:47+08:00,confirmed
2009-01-08,30.76000022888184,28.81999969482422,1.0673143842678814,Derived from Yahoo Finance QQQ and RSP,QQQ/RSP,2026-09-11T22:10:47+08:00,confirmed
2009-01-09,30.06999969482422,28.059999465942383,1.071632226198773,Derived from Yahoo Finance QQQ and RSP,QQQ/RSP,2026-09-11T22:10:47+08:00,confirmed
2009-01-12,29.520000457763672,27.14999961853028,1.0872928498170522,Derived from Yahoo Finance QQQ and RSP,QQQ/RSP,2026-09-11T22:10:47+08:00,confirmed
2009-01-13,29.530000686645508,27.15999984741211,1.087260708856713,Derived from Yahoo Finance QQQ and RSP,QQQ/RSP,2026-09-11T22:10:47+08:00,confirmed
2009-01-14,28.6299991607666,26.1299991607666,1.0956754718826656,Derived from Yahoo Finance QQQ and RSP,QQQ/RSP,2026-09-11T22:10:47+08:00,confirmed
2009-01-15,29.100000381469727,26.309999465942383,1.1060433664827294,Derived from Yahoo Finance QQQ and RSP,QQQ/RSP,2026-09-11T22:10:47+08:00,confirmed
2009-01-16,29.420000076293945,26.670000076293945,1.1031121106911574,Derived from Yahoo Finance QQQ and RSP,QQQ/RSP,2026-09-11T22:10:47+08:00,confirmed
2009-01-20,27.959999084472656,24.959999084472656,1.1201923121009354,Derived from Yahoo Finance QQQ and RSP,QQQ/RSP,2026-09-11T22:10:47+08:00,confirmed
2009-01-21,29.14999961853028,26.170000076293945,1.1138708266545159,Derived from Yahoo Finance QQQ and RSP,QQQ/RSP,2026-09-11T22:10:47+08:00,confirmed
2009-01-22,28.76000022888184,25.61000061035156,1.1229988107558675,Derived from Yahoo Finance QQQ and RSP,QQQ/RSP,2026-09-11T22:10:47+08:00,confirmed
2009-01-23,28.89999961853028,25.86000061035156,1.117556030024293,Derived from Yahoo Finance QQQ and RSP,QQQ/RSP,2026-09-11T22:10:47+08:00,confirmed
2009-01-26,29.11000061035156,25.959999084472656,1.1213405869402746,Derived from Yahoo Finance QQQ and RSP,QQQ/RSP,2026-09-11T22:10:47+08:00,confirmed
2009-01-27,29.31999969482422,26.309999465942383,1.1144051801589052,Derived from Yahoo Finance QQQ and RSP,QQQ/RSP,2026-09-11T22:10:47+08:00,confirmed
2009-01-28,30.350000381469727,27.3799991607666,1.1084733861116733,Derived from Yahoo Finance QQQ and RSP,QQQ/RSP,2026-09-11T22:10:47+08:00,confirmed
2009-01-29,29.57999992370605,26.309999465942383,1.1242873631372208,Derived from Yahoo Finance QQQ and RSP,QQQ/RSP,2026-09-11T22:10:47+08:00,confirmed
2009-01-30,29.059999465942383,25.479999542236328,1.1405023543180113,Derived from Yahoo Finance QQQ and RSP,QQQ/RSP,2026-09-11T22:10:47+08:00,confirmed
2009-02-02,29.40999984741211,25.420000076293945,1.156963011768011,Derived from Yahoo Finance QQQ and RSP,QQQ/RSP,2026-09-11T22:10:47+08:00,confirmed
2009-02-03,29.8700008392334,25.84000015258789,1.1559597779739912,Derived from Yahoo Finance QQQ and RSP,QQQ/RSP,2026-09-11T22:10:47+08:00,confirmed
2009-02-04,29.90999984741211,25.700000762939453,1.1638131890853352,Derived from Yahoo Finance QQQ and RSP,QQQ/RSP,2026-09-11T22:10:47+08:00,confirmed
2009-02-05,30.56999969482422,26.209999084472656,1.166348750959496,Derived from Yahoo Finance QQQ and RSP,QQQ/RSP,2026-09-11T22:10:47+08:00,confirmed
2009-02-06,31.3700008392334,27.01000022888184,1.1614217168976326,Derived from Yahoo Finance QQQ and RSP,QQQ/RSP,2026-09-11T22:10:47+08:00,confirmed
2009-02-09,31.5,27.059999465942383,1.1640798455907504,Derived from Yahoo Finance QQQ and RSP,QQQ/RSP,2026-09-11T22:10:47+08:00,confirmed
2009-02-10,30.34000015258789,25.6200008392334,1.18423103664097,Derived from Yahoo Finance QQQ and RSP,QQQ/RSP,2026-09-11T22:10:47+08:00,confirmed
2009-02-11,30.200000762939453,25.850000381469727,1.1682785422544122,Derived from Yahoo Finance QQQ and RSP,QQQ/RSP,2026-09-11T22:10:47+08:00,confirmed
2009-02-12,30.56999969482422,25.96999931335449,1.1771274741275901,Derived from Yahoo Finance QQQ and RSP,QQQ/RSP,2026-09-11T22:10:47+08:00,confirmed
2009-02-13,30.43000030517578,25.709999084472656,1.1835862072649288,Derived from Yahoo Finance QQQ and RSP,QQQ/RSP,2026-09-11T22:10:47+08:00,confirmed
2009-02-17,29.21999931335449,24.3799991607666,1.1985233929120322,Derived from Yahoo Finance QQQ and RSP,QQQ/RSP,2026-09-11T22:10:47+08:00,confirmed
2009-02-18,29.239999771118164,24.200000762939453,1.2082644152597344,Derived from Yahoo Finance QQQ and RSP,QQQ/RSP,2026-09-11T22:10:47+08:00,confirmed
2009-02-19,28.790000915527344,23.8700008392334,1.206116460130462,Derived from Yahoo Finance QQQ and RSP,QQQ/RSP,2026-09-11T22:10:47+08:00,confirmed
2009-02-20,28.8700008392334,23.65999984741211,1.220202917388909,Derived from Yahoo Finance QQQ and RSP,QQQ/RSP,2026-09-11T22:10:47+08:00,confirmed
2009-02-23,27.86000061035156,22.739999771118164,1.2251539529800812,Derived from Yahoo Finance QQQ and RSP,QQQ/RSP,2026-09-11T22:10:47+08:00,confirmed
2009-02-24,28.780000686645508,23.770000457763672,1.2107698835674816,Derived from Yahoo Finance QQQ and RSP,QQQ/RSP,2026-09-11T22:10:47+08:00,confirmed
2009-02-25,28.59000015258789,23.489999771118164,1.2171136837447043,Derived from Yahoo Finance QQQ and RSP,QQQ/RSP,2026-09-11T22:10:47+08:00,confirmed
2009-02-26,27.790000915527344,23.040000915527344,1.2061631862522555,Derived from Yahoo Finance QQQ and RSP,QQQ/RSP,2026-09-11T22:10:47+08:00,confirmed
2009-02-27,27.530000686645508,22.6200008392334,1.2170645298516494,Derived from Yahoo Finance QQQ and RSP,QQQ/RSP,2026-09-11T22:10:47+08:00,confirmed
2009-03-02,26.63999938964844,21.38999938964844,1.2454418022349596,Derived from Yahoo Finance QQQ and RSP,QQQ/RSP,2026-09-11T22:10:47+08:00,confirmed
2009-03-03,26.6200008392334,21.170000076293945,1.2574398083749814,Derived from Yahoo Finance QQQ and RSP,QQQ/RSP,2026-09-11T22:10:47+08:00,confirmed
2009-03-04,27.32999992370605,21.82999992370605,1.251946862996886,Derived from Yahoo Finance QQQ and RSP,QQQ/RSP,2026-09-11T22:10:47+08:00,confirmed
2009-03-05,26.51000022888184,20.82999992370605,1.2726836450302401,Derived from Yahoo Finance QQQ and RSP,QQQ/RSP,2026-09-11T22:10:47+08:00,confirmed
2009-03-06,26.299999237060547,20.739999771118164,1.268080980101314,Derived from Yahoo Finance QQQ and RSP,QQQ/RSP,2026-09-11T22:10:47+08:00,confirmed
2009-03-09,25.739999771118164,20.59000015258789,1.250121397783622,Derived from Yahoo Finance QQQ and RSP,QQQ/RSP,2026-09-11T22:10:47+08:00,confirmed
2009-03-10,27.32999992370605,22.030000686645508,1.2405809837433814,Derived from Yahoo Finance QQQ and RSP,QQQ/RSP,2026-09-11T22:10:47+08:00,confirmed
2009-03-11,27.75,22.14999961853028,1.2528216920051258,Derived from Yahoo Finance QQQ and RSP,QQQ/RSP,2026-09-11T22:10:47+08:00,confirmed
2009-03-12,28.670000076293945,23.040000915527344,1.2443575927539299,Derived from Yahoo Finance QQQ and RSP,QQQ/RSP,2026-09-11T22:10:47+08:00,confirmed
2009-03-13,28.739999771118164,23.299999237060547,1.2334764254157078,Derived from Yahoo Finance QQQ and RSP,QQQ/RSP,2026-09-11T22:10:47+08:00,confirmed
2009-03-16,28.26000022888184,23.13999938964844,1.2212619262869906,Derived from Yahoo Finance QQQ and RSP,QQQ/RSP,2026-09-11T22:10:47+08:00,confirmed
2009-03-17,29.32999992370605,23.940000534057617,1.2251461683127571,Derived from Yahoo Finance QQQ and RSP,QQQ/RSP,2026-09-11T22:10:47+08:00,confirmed
2009-03-18,29.700000762939453,24.809999465942383,1.1970980008971688,Derived from Yahoo Finance QQQ and RSP,QQQ/RSP,2026-09-11T22:10:47+08:00,confirmed
2009-03-19,29.68000030517578,24.57999992370605,1.2074857769446559,Derived from Yahoo Finance QQQ and RSP,QQQ/RSP,2026-09-11T22:10:47+08:00,confirmed
2009-03-20,29.18000030517578,23.670000076293945,1.2327841238327764,Derived from Yahoo Finance QQQ and RSP,QQQ/RSP,2026-09-11T22:10:47+08:00,confirmed
2009-03-23,30.89999961853028,25.63999938964844,1.2051482197384702,Derived from Yahoo Finance QQQ and RSP,QQQ/RSP,2026-09-11T22:10:47+08:00,confirmed
2009-03-24,30.32999992370605,25.09000015258789,1.2088481362794126,Derived from Yahoo Finance QQQ and RSP,QQQ/RSP,2026-09-11T22:10:47+08:00,confirmed
2009-03-25,30.46999931335449,25.3700008392334,1.201024765684446,Derived from Yahoo Finance QQQ and RSP,QQQ/RSP,2026-09-11T22:10:47+08:00,confirmed
2009-03-26,31.40999984741211,26.18000030517578,1.199770797603939,Derived from Yahoo Finance QQQ and RSP,QQQ/RSP,2026-09-11T22:10:47+08:00,confirmed
2009-03-27,30.81999969482422,25.6299991607666,1.202497101209518,Derived from Yahoo Finance QQQ and RSP,QQQ/RSP,2026-09-11T22:10:47+08:00,confirmed
2009-03-30,30.059999465942383,24.450000762939453,1.2294477925541167,Derived from Yahoo Finance QQQ and RSP,QQQ/RSP,2026-09-11T22:10:47+08:00,confirmed
2009-03-31,30.31999969482422,24.770000457763672,1.2240613296121683,Derived from Yahoo Finance QQQ and RSP,QQQ/RSP,2026-09-11T22:10:47+08:00,confirmed
2009-04-01,30.770000457763672,25.299999237060547,1.2162055883658063,Derived from Yahoo Finance QQQ and RSP,QQQ/RSP,2026-09-11T22:10:47+08:00,confirmed
2009-04-02,31.76000022888184,26.40999984741211,1.2025747978939867,Derived from Yahoo Finance QQQ and RSP,QQQ/RSP,2026-09-11T22:10:47+08:00,confirmed
2009-04-03,32.349998474121094,26.920000076293945,1.2017087066284544,Derived from Yahoo Finance QQQ and RSP,QQQ/RSP,2026-09-11T22:10:47+08:00,confirmed
2009-04-06,32.27000045776367,26.530000686645508,1.2163588248230814,Derived from Yahoo Finance QQQ and RSP,QQQ/RSP,2026-09-11T22:10:47+08:00,confirmed
2009-04-07,31.420000076293945,25.729999542236328,1.2211426597469373,Derived from Yahoo Finance QQQ and RSP,QQQ/RSP,2026-09-11T22:10:47+08:00,confirmed
2009-04-08,31.950000762939453,26.26000022888184,1.2166793786924464,Derived from Yahoo Finance QQQ and RSP,QQQ/RSP,2026-09-11T22:10:47+08:00,confirmed
2009-04-09,32.939998626708984,27.850000381469727,1.1827647459791757,Derived from Yahoo Finance QQQ and RSP,QQQ/RSP,2026-09-11T22:10:47+08:00,confirmed
2009-04-13,32.88999938964844,27.93000030517578,1.1775867894836187,Derived from Yahoo Finance QQQ and RSP,QQQ/RSP,2026-09-11T22:10:47+08:00,confirmed
2009-04-14,32.4900016784668,27.209999084472656,1.1940464083663702,Derived from Yahoo Finance QQQ and RSP,QQQ/RSP,2026-09-11T22:10:47+08:00,confirmed
2009-04-15,32.400001525878906,27.709999084472656,1.169253070962182,Derived from Yahoo Finance QQQ and RSP,QQQ/RSP,2026-09-11T22:10:47+08:00,confirmed
2009-04-16,33.2400016784668,28.350000381469727,1.1724868159152935,Derived from Yahoo Finance QQQ and RSP,QQQ/RSP,2026-09-11T22:10:47+08:00,confirmed
2009-04-17,33.310001373291016,28.799999237060547,1.156597300545303,Derived from Yahoo Finance QQQ and RSP,QQQ/RSP,2026-09-11T22:10:47+08:00,confirmed
2009-04-20,32.2400016784668,27.14999961853028,1.1874770582487417,Derived from Yahoo Finance QQQ and RSP,QQQ/RSP,2026-09-11T22:10:47+08:00,confirmed
2009-04-21,32.689998626708984,27.950000762939453,1.169588469924286,Derived from Yahoo Finance QQQ and RSP,QQQ/RSP,2026-09-11T22:10:47+08:00,confirmed
2009-04-22,32.790000915527344,28.01000022888184,1.170653361213354,Derived from Yahoo Finance QQQ and RSP,QQQ/RSP,2026-09-11T22:10:47+08:00,confirmed
2009-04-23,33.11000061035156,28.32999992370605,1.1687257571308953,Derived from Yahoo Finance QQQ and RSP,QQQ/RSP,2026-09-11T22:10:47+08:00,confirmed
2009-04-24,33.689998626708984,29.01000022888184,1.1613236249880419,Derived from Yahoo Finance QQQ and RSP,QQQ/RSP,2026-09-11T22:10:47+08:00,confirmed
2009-04-27,33.72999954223633,28.479999542236328,1.1843398906033744,Derived from Yahoo Finance QQQ and RSP,QQQ/RSP,2026-09-11T22:10:47+08:00,confirmed
2009-04-28,33.47999954223633,28.36000061035156,1.1805359246013536,Derived from Yahoo Finance QQQ and RSP,QQQ/RSP,2026-09-11T22:10:47+08:00,confirmed
2009-04-29,33.939998626708984,29.25,1.1603418333917601,Derived from Yahoo Finance QQQ and RSP,QQQ/RSP,2026-09-11T22:10:47+08:00,confirmed
2009-04-30,34.279998779296875,29.39999961853028,1.165986368166169,Derived from Yahoo Finance QQQ and RSP,QQQ/RSP,2026-09-11T22:10:47+08:00,confirmed
2009-05-01,34.369998931884766,29.549999237060547,1.163113361058201,Derived from Yahoo Finance QQQ and RSP,QQQ/RSP,2026-09-11T22:10:47+08:00,confirmed
2009-05-04,35.04999923706055,30.93000030517578,1.133203973205113,Derived from Yahoo Finance QQQ and RSP,QQQ/RSP,2026-09-11T22:10:47+08:00,confirmed
2009-05-05,35.02000045776367,30.88999938964844,1.1337002638303462,Derived from Yahoo Finance QQQ and RSP,QQQ/RSP,2026-09-11T22:10:47+08:00,confirmed
2009-05-06,35.029998779296875,31.489999771118164,1.1124166095239387,Derived from Yahoo Finance QQQ and RSP,QQQ/RSP,2026-09-11T22:10:47+08:00,confirmed
2009-05-07,34.209999084472656,30.770000457763672,1.1117971587758306,Derived from Yahoo Finance QQQ and RSP,QQQ/RSP,2026-09-11T22:10:47+08:00,confirmed
2009-05-08,34.22999954223633,32.04999923706055,1.0680187318898582,Derived from Yahoo Finance QQQ and RSP,QQQ/RSP,2026-09-11T22:10:47+08:00,confirmed
2009-05-11,34.349998474121094,31.11000061035156,1.1041465059531839,Derived from Yahoo Finance QQQ and RSP,QQQ/RSP,2026-09-11T22:10:47+08:00,confirmed
2009-05-12,33.93000030517578,30.64999961853028,1.1070147056270268,Derived from Yahoo Finance QQQ and RSP,QQQ/RSP,2026-09-11T22:10:47+08:00,confirmed
2009-05-13,33.02000045776367,29.299999237060547,1.1269625023060692,Derived from Yahoo Finance QQQ and RSP,QQQ/RSP,2026-09-11T22:10:47+08:00,confirmed
2009-05-14,33.38999938964844,29.850000381469727,1.118592930081712,Derived from Yahoo Finance QQQ and RSP,QQQ/RSP,2026-09-11T22:10:47+08:00,confirmed
2009-05-15,33.369998931884766,29.43000030517578,1.1338769482111104,Derived from Yahoo Finance QQQ and RSP,QQQ/RSP,2026-09-11T22:10:47+08:00,confirmed
2009-05-18,34.2400016784668,30.690000534057617,1.115672892884757,Derived from Yahoo Finance QQQ and RSP,QQQ/RSP,2026-09-11T22:10:47+08:00,confirmed
2009-05-19,34.400001525878906,30.75,1.118699236613948,Derived from Yahoo Finance QQQ and RSP,QQQ/RSP,2026-09-11T22:10:47+08:00,confirmed
2009-05-20,34.279998779296875,30.540000915527344,1.1224622708464955,Derived from Yahoo Finance QQQ and RSP,QQQ/RSP,2026-09-11T22:10:47+08:00,confirmed
2009-05-21,33.650001525878906,29.93000030517578,1.1242900495413568,Derived from Yahoo Finance QQQ and RSP,QQQ/RSP,2026-09-11T22:10:47+08:00,confirmed
2009-05-22,33.540000915527344,29.8700008392334,1.1228657506923636,Derived from Yahoo Finance QQQ and RSP,QQQ/RSP,2026-09-11T22:10:47+08:00,confirmed
2009-05-26,34.790000915527344,30.81999969482422,1.1288125003249052,Derived from Yahoo Finance QQQ and RSP,QQQ/RSP,2026-09-11T22:10:47+08:00,confirmed
2009-05-27,34.54999923706055,30.200000762939453,1.1440396809346867,Derived from Yahoo Finance QQQ and RSP,QQQ/RSP,2026-09-11T22:10:47+08:00,confirmed
2009-05-28,34.95000076293945,30.6299991607666,1.1410382540168744,Derived from Yahoo Finance QQQ and RSP,QQQ/RSP,2026-09-11T22:10:47+08:00,confirmed
2009-05-29,35.380001068115234,31.299999237060547,1.1303514993771562,Derived from Yahoo Finance QQQ and RSP,QQQ/RSP,2026-09-11T22:10:47+08:00,confirmed
2009-06-01,36.38999938964844,32.43000030517578,1.1221091288069043,Derived from Yahoo Finance QQQ and RSP,QQQ/RSP,2026-09-11T22:10:47+08:00,confirmed
2009-06-02,36.43999862670898,32.43000030517578,1.123650887567004,Derived from Yahoo Finance QQQ and RSP,QQQ/RSP,2026-09-11T22:10:47+08:00,confirmed
2009-06-03,36.33000183105469,31.71999931335449,1.1453342565414033,Derived from Yahoo Finance QQQ and RSP,QQQ/RSP,2026-09-11T22:10:47+08:00,confirmed
2009-06-04,36.7400016784668,32.369998931884766,1.1350016339443723,Derived from Yahoo Finance QQQ and RSP,QQQ/RSP,2026-09-11T22:10:47+08:00,confirmed
2009-06-05,36.77999877929688,32.36000061035156,1.1365883215568116,Derived from Yahoo Finance QQQ and RSP,QQQ/RSP,2026-09-11T22:10:47+08:00,confirmed
2009-06-08,36.66999816894531,31.96999931335449,1.1470127918841568,Derived from Yahoo Finance QQQ and RSP,QQQ/RSP,2026-09-11T22:10:47+08:00,confirmed
2009-06-09,36.95000076293945,32.290000915527344,1.1443171172278055,Derived from Yahoo Finance QQQ and RSP,QQQ/RSP,2026-09-11T22:10:47+08:00,confirmed
2009-06-10,36.81999969482422,32.63999938964844,1.1280637372346716,Derived from Yahoo Finance QQQ and RSP,QQQ/RSP,2026-09-11T22:10:47+08:00,confirmed
2009-06-11,36.81999969482422,32.33000183105469,1.1388802229963577,Derived from Yahoo Finance QQQ and RSP,QQQ/RSP,2026-09-11T22:10:47+08:00,confirmed
2009-06-12,36.650001525878906,32.310001373291016,1.1343237377939432,Derived from Yahoo Finance QQQ and RSP,QQQ/RSP,2026-09-11T22:10:47+08:00,confirmed
2009-06-15,35.900001525878906,31.350000381469727,1.1451356009264544,Derived from Yahoo Finance QQQ and RSP,QQQ/RSP,2026-09-11T22:10:47+08:00,confirmed
2009-06-16,35.54999923706055,30.82999992370605,1.1530976102833252,Derived from Yahoo Finance QQQ and RSP,QQQ/RSP,2026-09-11T22:10:47+08:00,confirmed
2009-06-17,35.88999938964844,30.670000076293945,1.1701988686132816,Derived from Yahoo Finance QQQ and RSP,QQQ/RSP,2026-09-11T22:10:47+08:00,confirmed
2009-06-18,35.81999969482422,30.770000457763672,1.1641208697410457,Derived from Yahoo Finance QQQ and RSP,QQQ/RSP,2026-09-11T22:10:47+08:00,confirmed
2009-06-19,36.15999984741211,30.8799991607666,1.1709844828413665,Derived from Yahoo Finance QQQ and RSP,QQQ/RSP,2026-09-11T22:10:47+08:00,confirmed
2009-06-22,35.08000183105469,29.780000686645508,1.1779718274750042,Derived from Yahoo Finance QQQ and RSP,QQQ/RSP,2026-09-11T22:10:47+08:00,confirmed
2009-06-23,35.0,29.770000457763672,1.1756801969034705,Derived from Yahoo Finance QQQ and RSP,QQQ/RSP,2026-09-11T22:10:47+08:00,confirmed
2009-06-24,35.59000015258789,30.11000061035156,1.1819993168765448,Derived from Yahoo Finance QQQ and RSP,QQQ/RSP,2026-09-11T22:10:47+08:00,confirmed
2009-06-25,36.290000915527344,30.8700008392334,1.1755749895997911,Derived from Yahoo Finance QQQ and RSP,QQQ/RSP,2026-09-11T22:10:47+08:00,confirmed
2009-06-26,36.369998931884766,30.76000022888184,1.1823796703920524,Derived from Yahoo Finance QQQ and RSP,QQQ/RSP,2026-09-11T22:10:47+08:00,confirmed
2009-06-29,36.45000076293945,31.07999992370605,1.1727799502064178,Derived from Yahoo Finance QQQ and RSP,QQQ/RSP,2026-09-11T22:10:47+08:00,confirmed
2009-06-30,36.380001068115234,30.809999465942383,1.1807855144019064,Derived from Yahoo Finance QQQ and RSP,QQQ/RSP,2026-09-11T22:10:47+08:00,confirmed
2009-07-01,36.400001525878906,31.01000022888184,1.1738149389620762,Derived from Yahoo Finance QQQ and RSP,QQQ/RSP,2026-09-11T22:10:47+08:00,confirmed
2009-07-02,35.599998474121094,30.020000457763672,1.1858760136998712,Derived from Yahoo Finance QQQ and RSP,QQQ/RSP,2026-09-11T22:10:47+08:00,confirmed
2009-07-06,35.40999984741211,29.93000030517578,1.1830938685720185,Derived from Yahoo Finance QQQ and RSP,QQQ/RSP,2026-09-11T22:10:47+08:00,confirmed
2009-07-07,34.529998779296875,29.229999542236328,1.1813205378057647,Derived from Yahoo Finance QQQ and RSP,QQQ/RSP,2026-09-11T22:10:47+08:00,confirmed
2009-07-08,34.709999084472656,29.1200008392334,1.191964219922269,Derived from Yahoo Finance QQQ and RSP,QQQ/RSP,2026-09-11T22:10:47+08:00,confirmed
2009-07-09,34.77000045776367,29.350000381469727,1.1846678025842852,Derived from Yahoo Finance QQQ and RSP,QQQ/RSP,2026-09-11T22:10:47+08:00,confirmed
2009-07-10,34.91999816894531,29.25,1.1938460912459936,Derived from Yahoo Finance QQQ and RSP,QQQ/RSP,2026-09-11T22:10:47+08:00,confirmed
2009-07-13,35.59000015258789,29.93000030517578,1.189107911450082,Derived from Yahoo Finance QQQ and RSP,QQQ/RSP,2026-09-11T22:10:47+08:00,confirmed
2009-07-14,35.720001220703125,30.25,1.1808264866348142,Derived from Yahoo Finance QQQ and RSP,QQQ/RSP,2026-09-11T22:10:47+08:00,confirmed
2009-07-15,36.91999816894531,31.209999084472656,1.1829541573845623,Derived from Yahoo Finance QQQ and RSP,QQQ/RSP,2026-09-11T22:10:47+08:00,confirmed
2009-07-16,37.36000061035156,31.559999465942383,1.1837769721976132,Derived from Yahoo Finance QQQ and RSP,QQQ/RSP,2026-09-11T22:10:47+08:00,confirmed
2009-07-17,37.560001373291016,31.489999771118164,1.192759658504034,Derived from Yahoo Finance QQQ and RSP,QQQ/RSP,2026-09-11T22:10:47+08:00,confirmed
2009-07-20,37.91999816894531,32.0,1.184999942779541,Derived from Yahoo Finance QQQ and RSP,QQQ/RSP,2026-09-11T22:10:47+08:00,confirmed
2009-07-21,38.18000030517578,31.979999542236328,1.1938711961127781,Derived from Yahoo Finance QQQ and RSP,QQQ/RSP,2026-09-11T22:10:47+08:00,confirmed
2009-07-22,38.5,32.08000183105469,1.2001246197788713,Derived from Yahoo Finance QQQ and RSP,QQQ/RSP,2026-09-11T22:10:47+08:00,confirmed
2009-07-23,39.34999847412109,32.97999954223633,1.193147332331734,Derived from Yahoo Finance QQQ and RSP,QQQ/RSP,2026-09-11T22:10:47+08:00,confirmed
2009-07-24,39.04999923706055,33.22999954223633,1.175142936352642,Derived from Yahoo Finance QQQ and RSP,QQQ/RSP,2026-09-11T22:10:47+08:00,confirmed
2009-07-27,39.34999847412109,33.45000076293945,1.1763825882395336,Derived from Yahoo Finance QQQ and RSP,QQQ/RSP,2026-09-11T22:10:47+08:00,confirmed
2009-07-28,39.08000183105469,33.33000183105469,1.1725172422475696,Derived from Yahoo Finance QQQ and RSP,QQQ/RSP,2026-09-11T22:10:47+08:00,confirmed
2009-07-29,39.34000015258789,33.11000061035156,1.1881606592386644,Derived from Yahoo Finance QQQ and RSP,QQQ/RSP,2026-09-11T22:10:47+08:00,confirmed
2009-07-30,39.56999969482422,33.630001068115234,1.1766279642595887,Derived from Yahoo Finance QQQ and RSP,QQQ/RSP,2026-09-11T22:10:47+08:00,confirmed
2009-07-31,39.45000076293945,33.63999938964844,1.1727111022207344,Derived from Yahoo Finance QQQ and RSP,QQQ/RSP,2026-09-11T22:10:47+08:00,confirmed
2009-08-03,40.040000915527344,34.349998474121094,1.165647822246427,Derived from Yahoo Finance QQQ and RSP,QQQ/RSP,2026-09-11T22:10:47+08:00,confirmed
2009-08-04,40.040000915527344,34.560001373291016,1.1585647952685394,Derived from Yahoo Finance QQQ and RSP,QQQ/RSP,2026-09-11T22:10:47+08:00,confirmed
2009-08-05,39.72999954223633,34.5,1.1515941896300386,Derived from Yahoo Finance QQQ and RSP,QQQ/RSP,2026-09-11T22:10:47+08:00,confirmed
2009-08-06,39.380001068115234,34.31999969482422,1.1474359387612147,Derived from Yahoo Finance QQQ and RSP,QQQ/RSP,2026-09-11T22:10:47+08:00,confirmed
2009-08-07,39.880001068115234,35.11000061035156,1.1358587403828562,Derived from Yahoo Finance QQQ and RSP,QQQ/RSP,2026-09-11T22:10:47+08:00,confirmed
2009-08-10,39.59999847412109,34.91999816894531,1.1340206343234502,Derived from Yahoo Finance QQQ and RSP,QQQ/RSP,2026-09-11T22:10:47+08:00,confirmed
2009-08-11,39.2599983215332,34.45000076293945,1.139622567549207,Derived from Yahoo Finance QQQ and RSP,QQQ/RSP,2026-09-11T22:10:47+08:00,confirmed
2009-08-12,39.869998931884766,34.93000030517578,1.1414256680088548,Derived from Yahoo Finance QQQ and RSP,QQQ/RSP,2026-09-11T22:10:47+08:00,confirmed
2009-08-13,40.09000015258789,35.279998779296875,1.1363379121235582,Derived from Yahoo Finance QQQ and RSP,QQQ/RSP,2026-09-11T22:10:47+08:00,confirmed
2009-08-14,39.630001068115234,34.81999969482422,1.138139041224805,Derived from Yahoo Finance QQQ and RSP,QQQ/RSP,2026-09-11T22:10:47+08:00,confirmed
2009-08-17,38.47999954223633,33.84000015258789,1.1371158205888363,Derived from Yahoo Finance QQQ and RSP,QQQ/RSP,2026-09-11T22:10:47+08:00,confirmed
2009-08-18,39.02999877929688,34.2400016784668,1.1398947682833342,Derived from Yahoo Finance QQQ and RSP,QQQ/RSP,2026-09-11T22:10:47+08:00,confirmed
2009-08-19,39.29999923706055,34.47999954223633,1.1397911762997546,Derived from Yahoo Finance QQQ and RSP,QQQ/RSP,2026-09-11T22:10:47+08:00,confirmed
2009-08-20,39.7599983215332,34.880001068115234,1.1399081738526353,Derived from Yahoo Finance QQQ and RSP,QQQ/RSP,2026-09-11T22:10:47+08:00,confirmed
2009-08-21,40.290000915527344,35.619998931884766,1.1311061797776274,Derived from Yahoo Finance QQQ and RSP,QQQ/RSP,2026-09-11T22:10:47+08:00,confirmed
2009-08-24,40.25,35.52000045776367,1.1331643998107688,Derived from Yahoo Finance QQQ and RSP,QQQ/RSP,2026-09-11T22:10:47+08:00,confirmed
2009-08-25,40.369998931884766,35.720001220703125,1.1301791028071557,Derived from Yahoo Finance QQQ and RSP,QQQ/RSP,2026-09-11T22:10:47+08:00,confirmed
2009-08-26,40.29999923706055,35.83000183105469,1.124755712463615,Derived from Yahoo Finance QQQ and RSP,QQQ/RSP,2026-09-11T22:10:47+08:00,confirmed
2009-08-27,40.400001525878906,35.88999938964844,1.1256618058770784,Derived from Yahoo Finance QQQ and RSP,QQQ/RSP,2026-09-11T22:10:47+08:00,confirmed
2009-08-28,40.43999862670898,36.02000045776367,1.1227095533807143,Derived from Yahoo Finance QQQ and RSP,QQQ/RSP,2026-09-11T22:10:47+08:00,confirmed
2009-08-31,40.02999877929688,35.540000915527344,1.1263364588662086,Derived from Yahoo Finance QQQ and RSP,QQQ/RSP,2026-09-11T22:10:47+08:00,confirmed
2009-09-01,39.27999877929688,34.56999969482422,1.136245274111988,Derived from Yahoo Finance QQQ and RSP,QQQ/RSP,2026-09-11T22:10:47+08:00,confirmed
2009-09-02,39.25,34.400001525878906,1.1409883214822671,Derived from Yahoo Finance QQQ and RSP,QQQ/RSP,2026-09-11T22:10:47+08:00,confirmed
2009-09-03,39.5099983215332,34.88999938964844,1.1324161367929253,Derived from Yahoo Finance QQQ and RSP,QQQ/RSP,2026-09-11T22:10:47+08:00,confirmed
2009-09-04,40.36000061035156,35.29999923706055,1.1433428182054648,Derived from Yahoo Finance QQQ and RSP,QQQ/RSP,2026-09-11T22:10:47+08:00,confirmed
2009-09-08,40.7400016784668,35.709999084472656,1.1408569790801613,Derived from Yahoo Finance QQQ and RSP,QQQ/RSP,2026-09-11T22:10:47+08:00,confirmed
2009-09-09,41.09000015258789,36.18999862670898,1.135396565676093,Derived from Yahoo Finance QQQ and RSP,QQQ/RSP,2026-09-11T22:10:47+08:00,confirmed
2009-09-10,41.47999954223633,36.66999816894531,1.131169937645769,Derived from Yahoo Finance QQQ and RSP,QQQ/RSP,2026-09-11T22:10:47+08:00,confirmed
2009-09-11,41.52000045776367,36.70000076293945,1.131335138818078,Derived from Yahoo Finance QQQ and RSP,QQQ/RSP,2026-09-11T22:10:47+08:00,confirmed
2009-09-14,41.68000030517578,37.02000045776367,1.1258778981574764,Derived from Yahoo Finance QQQ and RSP,QQQ/RSP,2026-09-11T22:10:47+08:00,confirmed
2009-09-15,41.810001373291016,37.36000061035156,1.1191113675117679,Derived from Yahoo Finance QQQ and RSP,QQQ/RSP,2026-09-11T22:10:47+08:00,confirmed
2009-09-16,42.41999816894531,38.09000015258789,1.1136780782098064,Derived from Yahoo Finance QQQ and RSP,QQQ/RSP,2026-09-11T22:10:47+08:00,confirmed
2009-09-17,42.40999984741211,37.86000061035156,1.1201795869970614,Derived from Yahoo Finance QQQ and RSP,QQQ/RSP,2026-09-11T22:10:47+08:00,confirmed
2009-09-18,42.43999862670898,37.790000915527344,1.1230483619615637,Derived from Yahoo Finance QQQ and RSP,QQQ/RSP,2026-09-11T22:10:47+08:00,confirmed
2009-09-21,42.56999969482422,37.68999862670898,1.1294773479948348,Derived from Yahoo Finance QQQ and RSP,QQQ/RSP,2026-09-11T22:10:47+08:00,confirmed
2009-09-22,42.650001525878906,37.95000076293945,1.1238471849394347,Derived from Yahoo Finance QQQ and RSP,QQQ/RSP,2026-09-11T22:10:47+08:00,confirmed
2009-09-23,42.45000076293945,37.52999877929688,1.1310951810197407,Derived from Yahoo Finance QQQ and RSP,QQQ/RSP,2026-09-11T22:10:47+08:00,confirmed
2009-09-24,42.06999969482422,36.90999984741211,1.1397995087711683,Derived from Yahoo Finance QQQ and RSP,QQQ/RSP,2026-09-11T22:10:47+08:00,confirmed
2009-09-25,41.70000076293945,36.630001068115234,1.1384111260438217,Derived from Yahoo Finance QQQ and RSP,QQQ/RSP,2026-09-11T22:10:47+08:00,confirmed
2009-09-28,42.40999984741211,37.38999938964844,1.134260511893816,Derived from Yahoo Finance QQQ and RSP,QQQ/RSP,2026-09-11T22:10:47+08:00,confirmed
2009-09-29,42.220001220703125,37.41999816894531,1.1282737382852497,Derived from Yahoo Finance QQQ and RSP,QQQ/RSP,2026-09-11T22:10:47+08:00,confirmed
2009-09-30,42.25,37.29999923706055,1.1327077979674924,Derived from Yahoo Finance QQQ and RSP,QQQ/RSP,2026-09-11T22:10:47+08:00,confirmed
2009-10-01,41.0,36.11000061035156,1.1354195321793108,Derived from Yahoo Finance QQQ and RSP,QQQ/RSP,2026-09-11T22:10:47+08:00,confirmed
2009-10-02,40.880001068115234,35.90999984741211,1.1384015940356873,Derived from Yahoo Finance QQQ and RSP,QQQ/RSP,2026-09-11T22:10:47+08:00,confirmed
2009-10-05,41.209999084472656,36.52999877929688,1.1281138916387845,Derived from Yahoo Finance QQQ and RSP,QQQ/RSP,2026-09-11T22:10:47+08:00,confirmed
2009-10-06,41.93999862670898,37.04999923706055,1.1319837919121207,Derived from Yahoo Finance QQQ and RSP,QQQ/RSP,2026-09-11T22:10:47+08:00,confirmed
2009-10-07,42.060001373291016,37.119998931884766,1.1330819661517544,Derived from Yahoo Finance QQQ and RSP,QQQ/RSP,2026-09-11T22:10:47+08:00,confirmed
2009-10-08,42.2400016784668,37.56999969482422,1.1243013580403605,Derived from Yahoo Finance QQQ and RSP,QQQ/RSP,2026-09-11T22:10:47+08:00,confirmed
2009-10-09,42.47999954223633,37.7599983215332,1.12500003788431,Derived from Yahoo Finance QQQ and RSP,QQQ/RSP,2026-09-11T22:10:47+08:00,confirmed
2009-10-12,42.56999969482422,37.91999816894531,1.1226266284392132,Derived from Yahoo Finance QQQ and RSP,QQQ/RSP,2026-09-11T22:10:47+08:00,confirmed
2009-10-13,42.58000183105469,37.84000015258789,1.1252643144649308,Derived from Yahoo Finance QQQ and RSP,QQQ/RSP,2026-09-11T22:10:47+08:00,confirmed
2009-10-14,43.15999984741211,38.540000915527344,1.1198754235115604,Derived from Yahoo Finance QQQ and RSP,QQQ/RSP,2026-09-11T22:10:47+08:00,confirmed
2009-10-15,43.060001373291016,38.66999816894531,1.1135247843862373,Derived from Yahoo Finance QQQ and RSP,QQQ/RSP,2026-09-11T22:10:47+08:00,confirmed
2009-10-16,42.77999877929688,38.34000015258789,1.1158059105122173,Derived from Yahoo Finance QQQ and RSP,QQQ/RSP,2026-09-11T22:10:47+08:00,confirmed
2009-10-19,43.209999084472656,38.72999954223633,1.1156725947634143,Derived from Yahoo Finance QQQ and RSP,QQQ/RSP,2026-09-11T22:10:47+08:00,confirmed
2009-10-20,43.220001220703125,38.45000076293945,1.124057226608986,Derived from Yahoo Finance QQQ and RSP,QQQ/RSP,2026-09-11T22:10:47+08:00,confirmed
2009-10-21,43.13999938964844,38.04999923706055,1.1337713601747001,Derived from Yahoo Finance QQQ and RSP,QQQ/RSP,2026-09-11T22:10:47+08:00,confirmed
2009-10-22,43.310001373291016,38.56999969482422,1.1228934849875787,Derived from Yahoo Finance QQQ and RSP,QQQ/RSP,2026-09-11T22:10:47+08:00,confirmed
2009-10-23,43.130001068115234,37.970001220703125,1.135896752212866,Derived from Yahoo Finance QQQ and RSP,QQQ/RSP,2026-09-11T22:10:47+08:00,confirmed
2009-10-26,42.9900016784668,37.47999954223633,1.1470117983865296,Derived from Yahoo Finance QQQ and RSP,QQQ/RSP,2026-09-11T22:10:47+08:00,confirmed
2009-10-27,42.34000015258789,37.15999984741211,1.1393972100765906,Derived from Yahoo Finance QQQ and RSP,QQQ/RSP,2026-09-11T22:10:47+08:00,confirmed
2009-10-28,41.38999938964844,36.13999938964844,1.1452684031174543,Derived from Yahoo Finance QQQ and RSP,QQQ/RSP,2026-09-11T22:10:47+08:00,confirmed
2009-10-29,42.09000015258789,37.02999877929688,1.1366460043233921,Derived from Yahoo Finance QQQ and RSP,QQQ/RSP,2026-09-11T22:10:47+08:00,confirmed
2009-10-30,40.959999084472656,35.91999816894531,1.1403118366493872,Derived from Yahoo Finance QQQ and RSP,QQQ/RSP,2026-09-11T22:10:47+08:00,confirmed
2009-11-02,41.130001068115234,36.13999938964844,1.1380742048351025,Derived from Yahoo Finance QQQ and RSP,QQQ/RSP,2026-09-11T22:10:47+08:00,confirmed
2009-11-03,41.2599983215332,36.459999084472656,1.131651106900459,Derived from Yahoo Finance QQQ and RSP,QQQ/RSP,2026-09-11T22:10:47+08:00,confirmed
2009-11-04,41.33000183105469,36.400001525878906,1.1354395631459178,Derived from Yahoo Finance QQQ and RSP,QQQ/RSP,2026-09-11T22:10:47+08:00,confirmed
2009-11-05,42.34999847412109,37.220001220703125,1.137829045813262,Derived from Yahoo Finance QQQ and RSP,QQQ/RSP,2026-09-11T22:10:47+08:00,confirmed
2009-11-06,42.59999847412109,37.27000045776367,1.1430104092002267,Derived from Yahoo Finance QQQ and RSP,QQQ/RSP,2026-09-11T22:10:47+08:00,confirmed
2009-11-09,43.5099983215332,38.2599983215332,1.1372190337249763,Derived from Yahoo Finance QQQ and RSP,QQQ/RSP,2026-09-11T22:10:47+08:00,confirmed
2009-11-10,43.619998931884766,38.11000061035156,1.1445814283203282,Derived from Yahoo Finance QQQ and RSP,QQQ/RSP,2026-09-11T22:10:47+08:00,confirmed
2009-11-11,43.900001525878906,38.34000015258789,1.145018292935915,Derived from Yahoo Finance QQQ and RSP,QQQ/RSP,2026-09-11T22:10:47+08:00,confirmed
2009-11-12,43.650001525878906,37.869998931884766,1.1526274823611797,Derived from Yahoo Finance QQQ and RSP,QQQ/RSP,2026-09-11T22:10:47+08:00,confirmed
2009-11-13,44.0099983215332,38.11000061035156,1.1548149466462896,Derived from Yahoo Finance QQQ and RSP,QQQ/RSP,2026-09-11T22:10:47+08:00,confirmed
2009-11-16,44.459999084472656,38.72999954223633,1.1479473175822679,Derived from Yahoo Finance QQQ and RSP,QQQ/RSP,2026-09-11T22:10:47+08:00,confirmed
2009-11-17,44.59999847412109,38.7400016784668,1.151264753272107,Derived from Yahoo Finance QQQ and RSP,QQQ/RSP,2026-09-11T22:10:47+08:00,confirmed
2009-11-18,44.34999847412109,38.630001068115234,1.14807137581798,Derived from Yahoo Finance QQQ and RSP,QQQ/RSP,2026-09-11T22:10:47+08:00,confirmed
2009-11-19,43.65999984741211,38.02000045776367,1.1483429595408317,Derived from Yahoo Finance QQQ and RSP,QQQ/RSP,2026-09-11T22:10:47+08:00,confirmed
2009-11-20,43.43999862670898,37.83000183105469,1.148294912083484,Derived from Yahoo Finance QQQ and RSP,QQQ/RSP,2026-09-11T22:10:47+08:00,confirmed
2009-11-23,44.13999938964844,38.25,1.1539869121476716,Derived from Yahoo Finance QQQ and RSP,QQQ/RSP,2026-09-11T22:10:47+08:00,confirmed
2009-11-24,43.9900016784668,38.2400016784668,1.1503661021865976,Derived from Yahoo Finance QQQ and RSP,QQQ/RSP,2026-09-11T22:10:47+08:00,confirmed
2009-11-25,44.18000030517578,38.54999923706055,1.1460441291708965,Derived from Yahoo Finance QQQ and RSP,QQQ/RSP,2026-09-11T22:10:47+08:00,confirmed
2009-11-27,43.5099983215332,37.77999877929688,1.1516675417516506,Derived from Yahoo Finance QQQ and RSP,QQQ/RSP,2026-09-11T22:10:47+08:00,confirmed
2009-11-30,43.560001373291016,37.90999984741211,1.1490372342025899,Derived from Yahoo Finance QQQ and RSP,QQQ/RSP,2026-09-11T22:10:47+08:00,confirmed
2009-12-01,44.0099983215332,38.38999938964844,1.1463922641634674,Derived from Yahoo Finance QQQ and RSP,QQQ/RSP,2026-09-11T22:10:47+08:00,confirmed
2009-12-02,44.06999969482422,38.61000061035156,1.141414115466468,Derived from Yahoo Finance QQQ and RSP,QQQ/RSP,2026-09-11T22:10:47+08:00,confirmed
2009-12-03,43.88999938964844,38.220001220703125,1.148351595705182,Derived from Yahoo Finance QQQ and RSP,QQQ/RSP,2026-09-11T22:10:47+08:00,confirmed
2009-12-04,44.119998931884766,38.61000061035156,1.1427090969808464,Derived from Yahoo Finance QQQ and RSP,QQQ/RSP,2026-09-11T22:10:47+08:00,confirmed
2009-12-07,43.90999984741211,38.58000183105469,1.1381544262153735,Derived from Yahoo Finance QQQ and RSP,QQQ/RSP,2026-09-11T22:10:47+08:00,confirmed
2009-12-08,43.63999938964844,38.25,1.140915016722835,Derived from Yahoo Finance QQQ and RSP,QQQ/RSP,2026-09-11T22:10:47+08:00,confirmed
2009-12-09,44.08000183105469,38.31999969482422,1.1503132093450528,Derived from Yahoo Finance QQQ and RSP,QQQ/RSP,2026-09-11T22:10:47+08:00,confirmed
2009-12-10,44.29999923706055,38.59999847412109,1.147668419385067,Derived from Yahoo Finance QQQ and RSP,QQQ/RSP,2026-09-11T22:10:47+08:00,confirmed
2009-12-11,44.130001068115234,38.83000183105469,1.136492376696769,Derived from Yahoo Finance QQQ and RSP,QQQ/RSP,2026-09-11T22:10:47+08:00,confirmed
2009-12-14,44.54999923706055,39.31999969482422,1.1330111796243163,Derived from Yahoo Finance QQQ and RSP,QQQ/RSP,2026-09-11T22:10:47+08:00,confirmed
2009-12-15,44.29999923706055,39.15999984741211,1.1312563689907194,Derived from Yahoo Finance QQQ and RSP,QQQ/RSP,2026-09-11T22:10:47+08:00,confirmed
2009-12-16,44.36000061035156,39.33000183105469,1.127892157262124,Derived from Yahoo Finance QQQ and RSP,QQQ/RSP,2026-09-11T22:10:47+08:00,confirmed
2009-12-17,43.81999969482422,38.84999847412109,1.1279279643733775,Derived from Yahoo Finance QQQ and RSP,QQQ/RSP,2026-09-11T22:10:47+08:00,confirmed
2009-12-18,44.459999084472656,38.88999938964844,1.1432244737012471,Derived from Yahoo Finance QQQ and RSP,QQQ/RSP,2026-09-11T22:10:47+08:00,confirmed
2009-12-21,44.959999084472656,39.400001525878906,1.1411166838392584,Derived from Yahoo Finance QQQ and RSP,QQQ/RSP,2026-09-11T22:10:47+08:00,confirmed
2009-12-22,45.22999954223633,39.59999847412109,1.142171749622528,Derived from Yahoo Finance QQQ and RSP,QQQ/RSP,2026-09-11T22:10:47+08:00,confirmed
2009-12-23,45.560001373291016,39.84999847412109,1.1432874057166664,Derived from Yahoo Finance QQQ and RSP,QQQ/RSP,2026-09-11T22:10:47+08:00,confirmed
2009-12-24,45.97999954223633,40.04999923706055,1.148064929291894,Derived from Yahoo Finance QQQ and RSP,QQQ/RSP,2026-09-11T22:10:47+08:00,confirmed
2009-12-28,46.220001220703125,40.060001373291016,1.1537693369007005,Derived from Yahoo Finance QQQ and RSP,QQQ/RSP,2026-09-11T22:10:47+08:00,confirmed
2009-12-29,46.02999877929688,39.959999084472656,1.1519018977451092,Derived from Yahoo Finance QQQ and RSP,QQQ/RSP,2026-09-11T22:10:47+08:00,confirmed
2009-12-30,46.16999816894531,39.970001220703125,1.1551162561644055,Derived from Yahoo Finance QQQ and RSP,QQQ/RSP,2026-09-11T22:10:47+08:00,confirmed
2009-12-31,45.75,39.52999877929688,1.1573488847148847,Derived from Yahoo Finance QQQ and RSP,QQQ/RSP,2026-09-11T22:10:47+08:00,confirmed
2010-01-04,46.41999816894531,40.18000030517578,1.1553010905021255,Derived from Yahoo Finance QQQ and RSP,QQQ/RSP,2026-09-11T22:10:47+08:00,confirmed
2010-01-05,46.41999816894531,40.40999984741211,1.1487255220051205,Derived from Yahoo Finance QQQ and RSP,QQQ/RSP,2026-09-11T22:10:47+08:00,confirmed
2010-01-06,46.13999938964844,40.560001373291016,1.137573910932653,Derived from Yahoo Finance QQQ and RSP,QQQ/RSP,2026-09-11T22:10:47+08:00,confirmed
2010-01-07,46.16999816894531,40.7599983215332,1.1327281665895959,Derived from Yahoo Finance QQQ and RSP,QQQ/RSP,2026-09-11T22:10:47+08:00,confirmed
2010-01-08,46.54999923706055,40.900001525878906,1.138141748175894,Derived from Yahoo Finance QQQ and RSP,QQQ/RSP,2026-09-11T22:10:47+08:00,confirmed
2010-01-11,46.36000061035156,40.93000030517578,1.1326655329755553,Derived from Yahoo Finance QQQ and RSP,QQQ/RSP,2026-09-11T22:10:47+08:00,confirmed
2010-01-12,45.77999877929688,40.459999084472656,1.1314878847060055,Derived from Yahoo Finance QQQ and RSP,QQQ/RSP,2026-09-11T22:10:47+08:00,confirmed
2010-01-13,46.34999847412109,40.88999938964844,1.1335289597938925,Derived from Yahoo Finance QQQ and RSP,QQQ/RSP,2026-09-11T22:10:47+08:00,confirmed
2010-01-14,46.38999938964844,40.95000076293945,1.1328448968340994,Derived from Yahoo Finance QQQ and RSP,QQQ/RSP,2026-09-11T22:10:47+08:00,confirmed
2010-01-15,45.84999847412109,40.470001220703125,1.1329379068727512,Derived from Yahoo Finance QQQ and RSP,QQQ/RSP,2026-09-11T22:10:47+08:00,confirmed
2010-01-19,46.59000015258789,41.040000915527344,1.1352338965216915,Derived from Yahoo Finance QQQ and RSP,QQQ/RSP,2026-09-11T22:10:47+08:00,confirmed
2010-01-20,45.91999816894531,40.54999923706055,1.1324290760276234,Derived from Yahoo Finance QQQ and RSP,QQQ/RSP,2026-09-11T22:10:47+08:00,confirmed
2010-01-21,45.4900016784668,39.869998931884766,1.1409581865347784,Derived from Yahoo Finance QQQ and RSP,QQQ/RSP,2026-09-11T22:10:47+08:00,confirmed
2010-01-22,44.15999984741211,38.900001525878906,1.1352184605451467,Derived from Yahoo Finance QQQ and RSP,QQQ/RSP,2026-09-11T22:10:47+08:00,confirmed
2010-01-25,44.310001373291016,39.13999938964844,1.1320899863123124,Derived from Yahoo Finance QQQ and RSP,QQQ/RSP,2026-09-11T22:10:47+08:00,confirmed
2010-01-26,44.34999847412109,39.0,1.1371794480543869,Derived from Yahoo Finance QQQ and RSP,QQQ/RSP,2026-09-11T22:10:47+08:00,confirmed
2010-01-27,44.70000076293945,39.11000061035156,1.142930198551527,Derived from Yahoo Finance QQQ and RSP,QQQ/RSP,2026-09-11T22:10:47+08:00,confirmed
2010-01-28,43.54999923706055,38.70000076293945,1.1253229555169837,Derived from Yahoo Finance QQQ and RSP,QQQ/RSP,2026-09-11T22:10:47+08:00,confirmed
2010-01-29,42.790000915527344,38.220001220703125,1.119570893481519,Derived from Yahoo Finance QQQ and RSP,QQQ/RSP,2026-09-11T22:10:47+08:00,confirmed
2010-02-01,43.2599983215332,38.869998931884766,1.1129405585356822,Derived from Yahoo Finance QQQ and RSP,QQQ/RSP,2026-09-11T22:10:47+08:00,confirmed
2010-02-02,43.650001525878906,39.459999084472656,1.106183541272686,Derived from Yahoo Finance QQQ and RSP,QQQ/RSP,2026-09-11T22:10:47+08:00,confirmed
2010-02-03,43.88999938964844,39.20000076293945,1.119642819781346,Derived from Yahoo Finance QQQ and RSP,QQQ/RSP,2026-09-11T22:10:47+08:00,confirmed
2010-02-04,42.619998931884766,37.88999938964844,1.1248350387550696,Derived from Yahoo Finance QQQ and RSP,QQQ/RSP,2026-09-11T22:10:47+08:00,confirmed
2010-02-05,42.97999954223633,37.9900016784668,1.1313502933219906,Derived from Yahoo Finance QQQ and RSP,QQQ/RSP,2026-09-11T22:10:47+08:00,confirmed
2010-02-08,42.66999816894531,37.70000076293945,1.131830167252717,Derived from Yahoo Finance QQQ and RSP,QQQ/RSP,2026-09-11T22:10:47+08:00,confirmed
2010-02-09,43.11000061035156,38.27999877929688,1.126175600446124,Derived from Yahoo Finance QQQ and RSP,QQQ/RSP,2026-09-11T22:10:47+08:00,confirmed
2010-02-10,43.02000045776367,38.18999862670898,1.1264729511583886,Derived from Yahoo Finance QQQ and RSP,QQQ/RSP,2026-09-11T22:10:47+08:00,confirmed
2010-02-11,43.66999816894531,38.61000061035156,1.1310540657499273,Derived from Yahoo Finance QQQ and RSP,QQQ/RSP,2026-09-11T22:10:47+08:00,confirmed
2010-02-12,43.7599983215332,38.58000183105469,1.1342663619655122,Derived from Yahoo Finance QQQ and RSP,QQQ/RSP,2026-09-11T22:10:47+08:00,confirmed
2010-02-16,44.31999969482422,39.27999877929688,1.1283095995966208,Derived from Yahoo Finance QQQ and RSP,QQQ/RSP,2026-09-11T22:10:47+08:00,confirmed
2010-02-17,44.56999969482422,39.52999877929688,1.1274981298043183,Derived from Yahoo Finance QQQ and RSP,QQQ/RSP,2026-09-11T22:10:47+08:00,confirmed
2010-02-18,44.84999847412109,39.79999923706055,1.126884405373509,Derived from Yahoo Finance QQQ and RSP,QQQ/RSP,2026-09-11T22:10:47+08:00,confirmed
2010-02-19,44.83000183105469,39.97999954223633,1.1213107139657328,Derived from Yahoo Finance QQQ and RSP,QQQ/RSP,2026-09-11T22:10:47+08:00,confirmed
2010-02-22,44.7400016784668,39.95000076293945,1.1198998954706127,Derived from Yahoo Finance QQQ and RSP,QQQ/RSP,2026-09-11T22:10:47+08:00,confirmed
2010-02-23,44.15999984741211,39.380001068115234,1.1213813775938948,Derived from Yahoo Finance QQQ and RSP,QQQ/RSP,2026-09-11T22:10:47+08:00,confirmed
2010-02-24,44.61000061035156,39.77999877929688,1.1214178476437864,Derived from Yahoo Finance QQQ and RSP,QQQ/RSP,2026-09-11T22:10:47+08:00,confirmed
2010-02-25,44.59999847412109,39.84999847412109,1.1191969932717736,Derived from Yahoo Finance QQQ and RSP,QQQ/RSP,2026-09-11T22:10:47+08:00,confirmed
2010-02-26,44.7599983215332,39.81999969482422,1.1240582286431078,Derived from Yahoo Finance QQQ and RSP,QQQ/RSP,2026-09-11T22:10:47+08:00,confirmed
2010-03-01,45.40999984741211,40.47999954223633,1.121788546465567,Derived from Yahoo Finance QQQ and RSP,QQQ/RSP,2026-09-11T22:10:47+08:00,confirmed
2010-03-02,45.54999923706055,40.59000015258789,1.1221975625973586,Derived from Yahoo Finance QQQ and RSP,QQQ/RSP,2026-09-11T22:10:47+08:00,confirmed
2010-03-03,45.59999847412109,40.720001220703125,1.1198427580335346,Derived from Yahoo Finance QQQ and RSP,QQQ/RSP,2026-09-11T22:10:47+08:00,confirmed
2010-03-04,45.75,40.7599983215332,1.1224239912647547,Derived from Yahoo Finance QQQ and RSP,QQQ/RSP,2026-09-11T22:10:47+08:00,confirmed
2010-03-05,46.43999862670898,41.45000076293945,1.120385953484254,Derived from Yahoo Finance QQQ and RSP,QQQ/RSP,2026-09-11T22:10:47+08:00,confirmed
2010-03-08,46.52999877929688,41.52999877929688,1.1203948987952426,Derived from Yahoo Finance QQQ and RSP,QQQ/RSP,2026-09-11T22:10:47+08:00,confirmed
2010-03-09,46.790000915527344,41.52999877929688,1.1266554849708454,Derived from Yahoo Finance QQQ and RSP,QQQ/RSP,2026-09-11T22:10:47+08:00,confirmed
2010-03-10,47.16999816894531,41.810001373291016,1.1281989146041589,Derived from Yahoo Finance QQQ and RSP,QQQ/RSP,2026-09-11T22:10:47+08:00,confirmed
2010-03-11,47.34999847412109,41.91999816894531,1.129532455685992,Derived from Yahoo Finance QQQ and RSP,QQQ/RSP,2026-09-11T22:10:47+08:00,confirmed
2010-03-12,47.36000061035156,41.93999862670898,1.1292322880571322,Derived from Yahoo Finance QQQ and RSP,QQQ/RSP,2026-09-11T22:10:47+08:00,confirmed
2010-03-15,47.2400016784668,41.91999816894531,1.1269084862093957,Derived from Yahoo Finance QQQ and RSP,QQQ/RSP,2026-09-11T22:10:47+08:00,confirmed
2010-03-16,47.540000915527344,42.34999847412109,1.1225502391594588,Derived from Yahoo Finance QQQ and RSP,QQQ/RSP,2026-09-11T22:10:47+08:00,confirmed
2010-03-17,47.66999816894531,42.68999862670898,1.1166549473515466,Derived from Yahoo Finance QQQ and RSP,QQQ/RSP,2026-09-11T22:10:47+08:00,confirmed
2010-03-18,47.83000183105469,42.5,1.125411807789522,Derived from Yahoo Finance QQQ and RSP,QQQ/RSP,2026-09-11T22:10:47+08:00,confirmed
2010-03-19,47.4900016784668,42.15999984741211,1.1264231937937699,Derived from Yahoo Finance QQQ and RSP,QQQ/RSP,2026-09-11T22:10:47+08:00,confirmed
2010-03-22,47.91999816894531,42.43999862670898,1.129123461818106,Derived from Yahoo Finance QQQ and RSP,QQQ/RSP,2026-09-11T22:10:47+08:00,confirmed
2010-03-23,48.25,42.77000045776367,1.12812717988273,Derived from Yahoo Finance QQQ and RSP,QQQ/RSP,2026-09-11T22:10:47+08:00,confirmed
2010-03-24,48.02000045776367,42.45000076293945,1.1312131824432627,Derived from Yahoo Finance QQQ and RSP,QQQ/RSP,2026-09-11T22:10:47+08:00,confirmed
2010-03-25,47.95000076293945,42.27000045776367,1.1343742664694612,Derived from Yahoo Finance QQQ and RSP,QQQ/RSP,2026-09-11T22:10:47+08:00,confirmed
2010-03-26,48.0,42.34000015258789,1.1336797313890932,Derived from Yahoo Finance QQQ and RSP,QQQ/RSP,2026-09-11T22:10:47+08:00,confirmed
2010-03-29,48.22999954223633,42.68000030517578,1.1300374694792938,Derived from Yahoo Finance QQQ and RSP,QQQ/RSP,2026-09-11T22:10:47+08:00,confirmed
2010-03-30,48.38999938964844,42.709999084472656,1.1329899420962704,Derived from Yahoo Finance QQQ and RSP,QQQ/RSP,2026-09-11T22:10:47+08:00,confirmed
2010-03-31,48.15999984741211,42.56999969482422,1.1313131358388884,Derived from Yahoo Finance QQQ and RSP,QQQ/RSP,2026-09-11T22:10:47+08:00,confirmed
2010-04-01,48.15999984741211,42.91999816894531,1.122087649161602,Derived from Yahoo Finance QQQ and RSP,QQQ/RSP,2026-09-11T22:10:47+08:00,confirmed
2010-04-05,48.61000061035156,43.47999954223633,1.1179853063966105,Derived from Yahoo Finance QQQ and RSP,QQQ/RSP,2026-09-11T22:10:47+08:00,confirmed
2010-04-06,48.75,43.56999969482422,1.1188891517433526,Derived from Yahoo Finance QQQ and RSP,QQQ/RSP,2026-09-11T22:10:47+08:00,confirmed
2010-04-07,48.630001068115234,43.29999923706055,1.1230947326782568,Derived from Yahoo Finance QQQ and RSP,QQQ/RSP,2026-09-11T22:10:47+08:00,confirmed
2010-04-08,48.7400016784668,43.36000061035156,1.1240775136620003,Derived from Yahoo Finance QQQ and RSP,QQQ/RSP,2026-09-11T22:10:47+08:00,confirmed
2010-04-09,49.02999877929688,43.68000030517578,1.1224816491928267,Derived from Yahoo Finance QQQ and RSP,QQQ/RSP,2026-09-11T22:10:47+08:00,confirmed
2010-04-12,49.06999969482422,43.75,1.1215999930245535,Derived from Yahoo Finance QQQ and RSP,QQQ/RSP,2026-09-11T22:10:47+08:00,confirmed
2010-04-13,49.31999969482422,43.81999969482422,1.125513465045725,Derived from Yahoo Finance QQQ and RSP,QQQ/RSP,2026-09-11T22:10:47+08:00,confirmed
2010-04-14,49.90999984741211,44.38999938964844,1.124352343628347,Derived from Yahoo Finance QQQ and RSP,QQQ/RSP,2026-09-11T22:10:47+08:00,confirmed
2010-04-15,50.130001068115234,44.38999938964844,1.1293084423832036,Derived from Yahoo Finance QQQ and RSP,QQQ/RSP,2026-09-11T22:10:47+08:00,confirmed
2010-04-16,49.52999877929688,43.65999984741211,1.1344479833348582,Derived from Yahoo Finance QQQ and RSP,QQQ/RSP,2026-09-11T22:10:47+08:00,confirmed
2010-04-19,49.5,43.66999816894531,1.1335013069728161,Derived from Yahoo Finance QQQ and RSP,QQQ/RSP,2026-09-11T22:10:47+08:00,confirmed
2010-04-20,49.75,44.2599983215332,1.124039807651683,Derived from Yahoo Finance QQQ and RSP,QQQ/RSP,2026-09-11T22:10:47+08:00,confirmed
2010-04-21,50.02999877929688,44.34999847412109,1.1280721646132674,Derived from Yahoo Finance QQQ and RSP,QQQ/RSP,2026-09-11T22:10:47+08:00,confirmed
2010-04-22,50.310001373291016,44.709999084472656,1.12525167531849,Derived from Yahoo Finance QQQ and RSP,QQQ/RSP,2026-09-11T22:10:47+08:00,confirmed
2010-04-23,50.52000045776367,45.08000183105469,1.1206743213342436,Derived from Yahoo Finance QQQ and RSP,QQQ/RSP,2026-09-11T22:10:47+08:00,confirmed
2010-04-26,50.40999984741211,44.91999816894531,1.1222173175034147,Derived from Yahoo Finance QQQ and RSP,QQQ/RSP,2026-09-11T22:10:47+08:00,confirmed
2010-04-27,49.34000015258789,43.709999084472656,1.1288035045993678,Derived from Yahoo Finance QQQ and RSP,QQQ/RSP,2026-09-11T22:10:47+08:00,confirmed
2010-04-28,49.369998931884766,43.95000076293945,1.1233219129660559,Derived from Yahoo Finance QQQ and RSP,QQQ/RSP,2026-09-11T22:10:47+08:00,confirmed
2010-04-29,50.22999954223633,44.560001373291016,1.1272441201571388,Derived from Yahoo Finance QQQ and RSP,QQQ/RSP,2026-09-11T22:10:47+08:00,confirmed
2010-04-30,49.2400016784668,43.70000076293945,1.1267734741145734,Derived from Yahoo Finance QQQ and RSP,QQQ/RSP,2026-09-11T22:10:47+08:00,confirmed
2010-05-03,49.93000030517578,44.34000015258789,1.1260712704860383,Derived from Yahoo Finance QQQ and RSP,QQQ/RSP,2026-09-11T22:10:47+08:00,confirmed
2010-05-04,48.43000030517578,43.13999938964844,1.1226240377925618,Derived from Yahoo Finance QQQ and RSP,QQQ/RSP,2026-09-11T22:10:47+08:00,confirmed
2010-05-05,48.18000030517578,42.81999969482422,1.1251751669442316,Derived from Yahoo Finance QQQ and RSP,QQQ/RSP,2026-09-11T22:10:47+08:00,confirmed
2010-05-06,46.56999969482422,41.25,1.1289696895714962,Derived from Yahoo Finance QQQ and RSP,QQQ/RSP,2026-09-11T22:10:47+08:00,confirmed
2010-05-07,45.40999984741211,40.59000015258789,1.1187484522469733,Derived from Yahoo Finance QQQ and RSP,QQQ/RSP,2026-09-11T22:10:47+08:00,confirmed
2010-05-10,47.77000045776367,42.68999862670898,1.118997470004049,Derived from Yahoo Finance QQQ and RSP,QQQ/RSP,2026-09-11T22:10:47+08:00,confirmed
2010-05-11,47.720001220703125,42.540000915527344,1.1217677525551029,Derived from Yahoo Finance QQQ and RSP,QQQ/RSP,2026-09-11T22:10:47+08:00,confirmed
2010-05-12,48.619998931884766,43.31999969482422,1.1223453202769478,Derived from Yahoo Finance QQQ and RSP,QQQ/RSP,2026-09-11T22:10:47+08:00,confirmed
2010-05-13,47.84999847412109,42.790000915527344,1.1182518684349363,Derived from Yahoo Finance QQQ and RSP,QQQ/RSP,2026-09-11T22:10:47+08:00,confirmed
2010-05-14,46.93000030517578,41.880001068115234,1.12058259570832,Derived from Yahoo Finance QQQ and RSP,QQQ/RSP,2026-09-11T22:10:47+08:00,confirmed
2010-05-17,47.08000183105469,41.91999816894531,1.1230916957895276,Derived from Yahoo Finance QQQ and RSP,QQQ/RSP,2026-09-11T22:10:47+08:00,confirmed
2010-05-18,46.43000030517578,41.369998931884766,1.1223108896285507,Derived from Yahoo Finance QQQ and RSP,QQQ/RSP,2026-09-11T22:10:47+08:00,confirmed
2010-05-19,46.060001373291016,41.0,1.1234146676412442,Derived from Yahoo Finance QQQ and RSP,QQQ/RSP,2026-09-11T22:10:47+08:00,confirmed
2010-05-20,44.34999847412109,39.369998931884766,1.1264922447890429,Derived from Yahoo Finance QQQ and RSP,QQQ/RSP,2026-09-11T22:10:47+08:00,confirmed
2010-05-21,44.84000015258789,40.02000045776367,1.1204397711067282,Derived from Yahoo Finance QQQ and RSP,QQQ/RSP,2026-09-11T22:10:47+08:00,confirmed
2010-05-24,44.65999984741211,39.5099983215332,1.1303467918162913,Derived from Yahoo Finance QQQ and RSP,QQQ/RSP,2026-09-11T22:10:47+08:00,confirmed
2010-05-25,44.70000076293945,39.619998931884766,1.128218121353014,Derived from Yahoo Finance QQQ and RSP,QQQ/RSP,2026-09-11T22:10:47+08:00,confirmed
2010-05-26,44.20000076293945,39.5,1.1189873610870749,Derived from Yahoo Finance QQQ and RSP,QQQ/RSP,2026-09-11T22:10:47+08:00,confirmed
2010-05-27,45.869998931884766,40.970001220703125,1.1195996476735655,Derived from Yahoo Finance QQQ and RSP,QQQ/RSP,2026-09-11T22:10:47+08:00,confirmed
2010-05-28,45.59999847412109,40.47999954223633,1.1264821884827991,Derived from Yahoo Finance QQQ and RSP,QQQ/RSP,2026-09-11T22:10:47+08:00,confirmed
2010-06-01,45.18000030517578,39.5,1.1437974760803995,Derived from Yahoo Finance QQQ and RSP,QQQ/RSP,2026-09-11T22:10:47+08:00,confirmed
2010-06-02,46.25,40.66999816894531,1.13720191989867,Derived from Yahoo Finance QQQ and RSP,QQQ/RSP,2026-09-11T22:10:47+08:00,confirmed
2010-06-03,46.68999862670898,40.90999984741211,1.1412857198938,Derived from Yahoo Finance QQQ and RSP,QQQ/RSP,2026-09-11T22:10:47+08:00,confirmed
2010-06-04,45.09000015258789,39.25,1.148789812804787,Derived from Yahoo Finance QQQ and RSP,QQQ/RSP,2026-09-11T22:10:47+08:00,confirmed
2010-06-07,44.27000045776367,38.61000061035156,1.1465941403247384,Derived from Yahoo Finance QQQ and RSP,QQQ/RSP,2026-09-11T22:10:47+08:00,confirmed
2010-06-08,44.18999862670898,38.970001220703125,1.133949120926193,Derived from Yahoo Finance QQQ and RSP,QQQ/RSP,2026-09-11T22:10:47+08:00,confirmed
2010-06-09,43.81999969482422,38.93000030517578,1.125610052692404,Derived from Yahoo Finance QQQ and RSP,QQQ/RSP,2026-09-11T22:10:47+08:00,confirmed
2010-06-10,45.06999969482422,40.2599983215332,1.119473461843598,Derived from Yahoo Finance QQQ and RSP,QQQ/RSP,2026-09-11T22:10:47+08:00,confirmed
2010-06-11,45.5,40.52999877929688,1.1226252497012619,Derived from Yahoo Finance QQQ and RSP,QQQ/RSP,2026-09-11T22:10:47+08:00,confirmed
2010-06-14,45.4900016784668,40.52999877929688,1.1223785602901013,Derived from Yahoo Finance QQQ and RSP,QQQ/RSP,2026-09-11T22:10:47+08:00,confirmed
2010-06-15,46.709999084472656,41.560001373291016,1.1239171689366532,Derived from Yahoo Finance QQQ and RSP,QQQ/RSP,2026-09-11T22:10:47+08:00,confirmed
2010-06-16,46.900001525878906,41.52000045776367,1.1295761321965314,Derived from Yahoo Finance QQQ and RSP,QQQ/RSP,2026-09-11T22:10:47+08:00,confirmed
2010-06-17,47.04999923706055,41.52000045776367,1.1331887937940242,Derived from Yahoo Finance QQQ and RSP,QQQ/RSP,2026-09-11T22:10:47+08:00,confirmed
2010-06-18,47.0,41.380001068115234,1.1358143737752384,Derived from Yahoo Finance QQQ and RSP,QQQ/RSP,2026-09-11T22:10:47+08:00,confirmed
2010-06-21,46.59999847412109,41.18999862670898,1.1313425595480375,Derived from Yahoo Finance QQQ and RSP,QQQ/RSP,2026-09-11T22:10:47+08:00,confirmed
2010-06-22,46.2400016784668,40.41999816894531,1.143988218039876,Derived from Yahoo Finance QQQ and RSP,QQQ/RSP,2026-09-11T22:10:47+08:00,confirmed
2010-06-23,46.04999923706055,40.310001373291016,1.1423963698391932,Derived from Yahoo Finance QQQ and RSP,QQQ/RSP,2026-09-11T22:10:47+08:00,confirmed
2010-06-24,45.34999847412109,39.560001373291016,1.1463598811889626,Derived from Yahoo Finance QQQ and RSP,QQQ/RSP,2026-09-11T22:10:47+08:00,confirmed
2010-06-25,45.27000045776367,39.790000915527344,1.1377230313180982,Derived from Yahoo Finance QQQ and RSP,QQQ/RSP,2026-09-11T22:10:47+08:00,confirmed
2010-06-28,45.11000061035156,39.66999816894531,1.137131401373868,Derived from Yahoo Finance QQQ and RSP,QQQ/RSP,2026-09-11T22:10:47+08:00,confirmed
2010-06-29,43.369998931884766,38.2400016784668,1.1341526419520715,Derived from Yahoo Finance QQQ and RSP,QQQ/RSP,2026-09-11T22:10:47+08:00,confirmed
2010-06-30,42.709999084472656,37.79999923706055,1.1298941784791932,Derived from Yahoo Finance QQQ and RSP,QQQ/RSP,2026-09-11T22:10:47+08:00,confirmed
2010-07-01,42.59000015258789,37.720001220703125,1.1291091933796598,Derived from Yahoo Finance QQQ and RSP,QQQ/RSP,2026-09-11T22:10:47+08:00,confirmed
2010-07-02,42.470001220703125,37.4900016784668,1.1328354046219395,Derived from Yahoo Finance QQQ and RSP,QQQ/RSP,2026-09-11T22:10:47+08:00,confirmed
2010-07-06,42.59999847412109,37.59000015258789,1.1332800825005658,Derived from Yahoo Finance QQQ and RSP,QQQ/RSP,2026-09-11T22:10:47+08:00,confirmed
2010-07-07,43.959999084472656,38.86000061035156,1.1312403086468956,Derived from Yahoo Finance QQQ and RSP,QQQ/RSP,2026-09-11T22:10:47+08:00,confirmed
2010-07-08,44.20000076293945,39.2599983215332,1.1258278821345944,Derived from Yahoo Finance QQQ and RSP,QQQ/RSP,2026-09-11T22:10:47+08:00,confirmed
2010-07-09,44.619998931884766,39.619998931884766,1.1261988928519677,Derived from Yahoo Finance QQQ and RSP,QQQ/RSP,2026-09-11T22:10:47+08:00,confirmed
2010-07-12,44.75,39.540000915527344,1.1317652747556384,Derived from Yahoo Finance QQQ and RSP,QQQ/RSP,2026-09-11T22:10:47+08:00,confirmed
2010-07-13,45.33000183105469,40.29999923706055,1.1248139625116536,Derived from Yahoo Finance QQQ and RSP,QQQ/RSP,2026-09-11T22:10:47+08:00,confirmed
2010-07-14,45.560001373291016,40.220001220703125,1.1327697660496128,Derived from Yahoo Finance QQQ and RSP,QQQ/RSP,2026-09-11T22:10:47+08:00,confirmed
2010-07-15,45.59999847412109,40.290000915527344,1.1317944263572186,Derived from Yahoo Finance QQQ and RSP,QQQ/RSP,2026-09-11T22:10:47+08:00,confirmed
2010-07-16,44.34000015258789,39.02000045776367,1.1363403288675697,Derived from Yahoo Finance QQQ and RSP,QQQ/RSP,2026-09-11T22:10:47+08:00,confirmed
2010-07-19,44.720001220703125,39.33000183105469,1.137045490432511,Derived from Yahoo Finance QQQ and RSP,QQQ/RSP,2026-09-11T22:10:47+08:00,confirmed
2010-07-20,45.2599983215332,39.90999984741211,1.1340515784158292,Derived from Yahoo Finance QQQ and RSP,QQQ/RSP,2026-09-11T22:10:47+08:00,confirmed
2010-07-21,44.63999938964844,39.29999923706055,1.13587786911589,Derived from Yahoo Finance QQQ and RSP,QQQ/RSP,2026-09-11T22:10:47+08:00,confirmed
2010-07-22,45.77000045776367,40.290000915527344,1.1360138847781558,Derived from Yahoo Finance QQQ and RSP,QQQ/RSP,2026-09-11T22:10:47+08:00,confirmed
2010-07-23,46.060001373291016,40.77999877929688,1.129475300442497,Derived from Yahoo Finance QQQ and RSP,QQQ/RSP,2026-09-11T22:10:47+08:00,confirmed
2010-07-26,46.43999862670898,41.34000015258789,1.123367161473071,Derived from Yahoo Finance QQQ and RSP,QQQ/RSP,2026-09-11T22:10:47+08:00,confirmed
2010-07-27,46.41999816894531,41.11000061035156,1.1291655918209031,Derived from Yahoo Finance QQQ and RSP,QQQ/RSP,2026-09-11T22:10:47+08:00,confirmed
2010-07-28,46.04999923706055,40.7400016784668,1.130338668135116,Derived from Yahoo Finance QQQ and RSP,QQQ/RSP,2026-09-11T22:10:47+08:00,confirmed
2010-07-29,45.709999084472656,40.540000915527344,1.1275283189982646,Derived from Yahoo Finance QQQ and RSP,QQQ/RSP,2026-09-11T22:10:47+08:00,confirmed
2010-07-30,45.810001373291016,40.58000183105469,1.1288812051810693,Derived from Yahoo Finance QQQ and RSP,QQQ/RSP,2026-09-11T22:10:47+08:00,confirmed
2010-08-02,46.66999816894531,41.4900016784668,1.1248492716539686,Derived from Yahoo Finance QQQ and RSP,QQQ/RSP,2026-09-11T22:10:47+08:00,confirmed
2010-08-03,46.470001220703125,41.150001525878906,1.1292830983609687,Derived from Yahoo Finance QQQ and RSP,QQQ/RSP,2026-09-11T22:10:47+08:00,confirmed
2010-08-04,46.93999862670898,41.5099983215332,1.1308118652069175,Derived from Yahoo Finance QQQ and RSP,QQQ/RSP,2026-09-11T22:10:47+08:00,confirmed
2010-08-05,46.83000183105469,41.45000076293945,1.1297949570347297,Derived from Yahoo Finance QQQ and RSP,QQQ/RSP,2026-09-11T22:10:47+08:00,confirmed
2010-08-06,46.7599983215332,41.2599983215332,1.133301023357764,Derived from Yahoo Finance QQQ and RSP,QQQ/RSP,2026-09-11T22:10:47+08:00,confirmed
2010-08-09,47.08000183105469,41.54999923706055,1.1330927243209585,Derived from Yahoo Finance QQQ and RSP,QQQ/RSP,2026-09-11T22:10:47+08:00,confirmed
2010-08-10,46.66999816894531,41.220001220703125,1.1322172922572569,Derived from Yahoo Finance QQQ and RSP,QQQ/RSP,2026-09-11T22:10:47+08:00,confirmed
2010-08-11,45.400001525878906,39.93000030517578,1.1369897615551507,Derived from Yahoo Finance QQQ and RSP,QQQ/RSP,2026-09-11T22:10:47+08:00,confirmed
2010-08-12,45.040000915527344,39.68999862670898,1.134794720935519,Derived from Yahoo Finance QQQ and RSP,QQQ/RSP,2026-09-11T22:10:47+08:00,confirmed
2010-08-13,44.720001220703125,39.54999923706055,1.1307206595037806,Derived from Yahoo Finance QQQ and RSP,QQQ/RSP,2026-09-11T22:10:47+08:00,confirmed
2010-08-16,44.79999923706055,39.52000045776367,1.133603206430622,Derived from Yahoo Finance QQQ and RSP,QQQ/RSP,2026-09-11T22:10:47+08:00,confirmed
2010-08-17,45.369998931884766,40.16999816894531,1.129449863081136,Derived from Yahoo Finance QQQ and RSP,QQQ/RSP,2026-09-11T22:10:47+08:00,confirmed
2010-08-18,45.54999923706055,40.25,1.131676999678523,Derived from Yahoo Finance QQQ and RSP,QQQ/RSP,2026-09-11T22:10:47+08:00,confirmed
2010-08-19,44.86000061035156,39.54999923706055,1.1342604671485113,Derived from Yahoo Finance QQQ and RSP,QQQ/RSP,2026-09-11T22:10:47+08:00,confirmed
2010-08-20,44.91999816894531,39.470001220703125,1.1380794725028667,Derived from Yahoo Finance QQQ and RSP,QQQ/RSP,2026-09-11T22:10:47+08:00,confirmed
2010-08-23,44.47999954223633,39.27000045776367,1.1326712254581255,Derived from Yahoo Finance QQQ and RSP,QQQ/RSP,2026-09-11T22:10:47+08:00,confirmed
2010-08-24,43.650001525878906,38.68999862670898,1.1281985803883146,Derived from Yahoo Finance QQQ and RSP,QQQ/RSP,2026-09-11T22:10:47+08:00,confirmed
2010-08-25,44.06999969482422,38.84000015258789,1.1346549825357777,Derived from Yahoo Finance QQQ and RSP,QQQ/RSP,2026-09-11T22:10:47+08:00,confirmed
2010-08-26,43.540000915527344,38.59000015258789,1.1282715922095559,Derived from Yahoo Finance QQQ and RSP,QQQ/RSP,2026-09-11T22:10:47+08:00,confirmed
2010-08-27,44.06999969482422,39.290000915527344,1.1216594214282094,Derived from Yahoo Finance QQQ and RSP,QQQ/RSP,2026-09-11T22:10:47+08:00,confirmed
2010-08-30,43.61000061035156,38.65999984741211,1.1280393373635982,Derived from Yahoo Finance QQQ and RSP,QQQ/RSP,2026-09-11T22:10:47+08:00,confirmed
2010-08-31,43.459999084472656,38.650001525878906,1.1244501259688986,Derived from Yahoo Finance QQQ and RSP,QQQ/RSP,2026-09-11T22:10:47+08:00,confirmed
2010-09-01,44.7599983215332,39.86000061035156,1.1229301965918466,Derived from Yahoo Finance QQQ and RSP,QQQ/RSP,2026-09-11T22:10:47+08:00,confirmed
2010-09-02,45.2599983215332,40.380001068115234,1.1208518356694968,Derived from Yahoo Finance QQQ and RSP,QQQ/RSP,2026-09-11T22:10:47+08:00,confirmed
2010-09-03,46.0099983215332,40.95000076293945,1.1235652616439789,Derived from Yahoo Finance QQQ and RSP,QQQ/RSP,2026-09-11T22:10:47+08:00,confirmed
2010-09-07,45.70000076293945,40.43000030517578,1.1303487612660001,Derived from Yahoo Finance QQQ and RSP,QQQ/RSP,2026-09-11T22:10:47+08:00,confirmed
2010-09-08,46.25,40.70000076293945,1.1363636150619991,Derived from Yahoo Finance QQQ and RSP,QQQ/RSP,2026-09-11T22:10:47+08:00,confirmed
2010-09-09,46.43000030517578,40.84000015258789,1.1368756153697925,Derived from Yahoo Finance QQQ and RSP,QQQ/RSP,2026-09-11T22:10:47+08:00,confirmed
2010-09-10,46.59999847412109,41.060001373291016,1.1349244256098288,Derived from Yahoo Finance QQQ and RSP,QQQ/RSP,2026-09-11T22:10:47+08:00,confirmed
2010-09-13,47.25,41.54999923706055,1.1371841364043958,Derived from Yahoo Finance QQQ and RSP,QQQ/RSP,2026-09-11T22:10:47+08:00,confirmed
2010-09-14,47.45000076293945,41.560001373291016,1.1417227910255487,Derived from Yahoo Finance QQQ and RSP,QQQ/RSP,2026-09-11T22:10:47+08:00,confirmed
2010-09-15,47.75,41.70000076293945,1.1450839119033647,Derived from Yahoo Finance QQQ and RSP,QQQ/RSP,2026-09-11T22:10:47+08:00,confirmed
2010-09-16,47.93999862670898,41.61000061035156,1.152126842670189,Derived from Yahoo Finance QQQ and RSP,QQQ/RSP,2026-09-11T22:10:47+08:00,confirmed
2010-09-17,47.9900016784668,41.459999084472656,1.1575012720258289,Derived from Yahoo Finance QQQ and RSP,QQQ/RSP,2026-09-11T22:10:47+08:00,confirmed
2010-09-20,48.83000183105469,42.220001220703125,1.1565608815546473,Derived from Yahoo Finance QQQ and RSP,QQQ/RSP,2026-09-11T22:10:47+08:00,confirmed
2010-09-21,48.81999969482422,42.0,1.1623809451148623,Derived from Yahoo Finance QQQ and RSP,QQQ/RSP,2026-09-11T22:10:47+08:00,confirmed
2010-09-22,48.68999862670898,41.720001220703125,1.1670660882566577,Derived from Yahoo Finance QQQ and RSP,QQQ/RSP,2026-09-11T22:10:47+08:00,confirmed
2010-09-23,48.66999816894531,41.400001525878906,1.1756037771767225,Derived from Yahoo Finance QQQ and RSP,QQQ/RSP,2026-09-11T22:10:47+08:00,confirmed
2010-09-24,49.65999984741211,42.36000061035156,1.1723323685523421,Derived from Yahoo Finance QQQ and RSP,QQQ/RSP,2026-09-11T22:10:47+08:00,confirmed
2010-09-27,49.38999938964844,42.20000076293945,1.1703791112966835,Derived from Yahoo Finance QQQ and RSP,QQQ/RSP,2026-09-11T22:10:47+08:00,confirmed
2010-09-28,49.369998931884766,42.5,1.1616470336914062,Derived from Yahoo Finance QQQ and RSP,QQQ/RSP,2026-09-11T22:10:47+08:00,confirmed
2010-09-29,49.290000915527344,42.45000076293945,1.161130742748054,Derived from Yahoo Finance QQQ and RSP,QQQ/RSP,2026-09-11T22:10:47+08:00,confirmed
2010-09-30,49.06999969482422,42.380001068115234,1.1578574435606193,Derived from Yahoo Finance QQQ and RSP,QQQ/RSP,2026-09-11T22:10:47+08:00,confirmed
2010-10-01,49.0099983215332,42.5,1.1531764310948989,Derived from Yahoo Finance QQQ and RSP,QQQ/RSP,2026-09-11T22:10:47+08:00,confirmed
2010-10-04,48.47999954223633,42.15999984741211,1.1499051166436889,Derived from Yahoo Finance QQQ and RSP,QQQ/RSP,2026-09-11T22:10:47+08:00,confirmed
2010-10-05,49.65999984741211,43.060001373291016,1.1532744603722864,Derived from Yahoo Finance QQQ and RSP,QQQ/RSP,2026-09-11T22:10:47+08:00,confirmed
2010-10-06,49.22999954223633,42.90999984741211,1.1472850085597326,Derived from Yahoo Finance QQQ and RSP,QQQ/RSP,2026-09-11T22:10:47+08:00,confirmed
2010-10-07,49.40999984741211,42.88999938964844,1.152016799966131,Derived from Yahoo Finance QQQ and RSP,QQQ/RSP,2026-09-11T22:10:47+08:00,confirmed
2010-10-08,49.75,43.220001220703125,1.1510874269982412,Derived from Yahoo Finance QQQ and RSP,QQQ/RSP,2026-09-11T22:10:47+08:00,confirmed
2010-10-11,49.77000045776367,43.34000015258789,1.148361797012865,Derived from Yahoo Finance QQQ and RSP,QQQ/RSP,2026-09-11T22:10:47+08:00,confirmed
2010-10-12,50.11000061035156,43.4900016784668,1.1522188704619556,Derived from Yahoo Finance QQQ and RSP,QQQ/RSP,2026-09-11T22:10:47+08:00,confirmed
2010-10-13,50.52000045776367,43.84000015258789,1.1523722692045077,Derived from Yahoo Finance QQQ and RSP,QQQ/RSP,2026-09-11T22:10:47+08:00,confirmed
2010-10-14,50.41999816894531,43.619998931884766,1.155891779082323,Derived from Yahoo Finance QQQ and RSP,QQQ/RSP,2026-09-11T22:10:47+08:00,confirmed
2010-10-15,51.4900016784668,43.65999984741211,1.179340399872191,Derived from Yahoo Finance QQQ and RSP,QQQ/RSP,2026-09-11T22:10:47+08:00,confirmed
2010-10-18,51.29999923706055,43.810001373291016,1.170965478862912,Derived from Yahoo Finance QQQ and RSP,QQQ/RSP,2026-09-11T22:10:47+08:00,confirmed
2010-10-19,50.81999969482422,43.16999816894531,1.1772064361907246,Derived from Yahoo Finance QQQ and RSP,QQQ/RSP,2026-09-11T22:10:47+08:00,confirmed
2010-10-20,51.18999862670898,43.59999847412109,1.1740825783994684,Derived from Yahoo Finance QQQ and RSP,QQQ/RSP,2026-09-11T22:10:47+08:00,confirmed
2010-10-21,51.290000915527344,43.630001068115234,1.175567262431493,Derived from Yahoo Finance QQQ and RSP,QQQ/RSP,2026-09-11T22:10:47+08:00,confirmed
2010-10-22,51.63999938964844,43.790000915527344,1.1792646337063124,Derived from Yahoo Finance QQQ and RSP,QQQ/RSP,2026-09-11T22:10:47+08:00,confirmed
2010-10-25,51.88999938964844,43.95000076293945,1.1806598063453126,Derived from Yahoo Finance QQQ and RSP,QQQ/RSP,2026-09-11T22:10:47+08:00,confirmed
2010-10-26,52.02999877929688,43.869998931884766,1.1860041040821958,Derived from Yahoo Finance QQQ and RSP,QQQ/RSP,2026-09-11T22:10:47+08:00,confirmed
2010-10-27,52.18999862670898,43.7599983215332,1.192641696264133,Derived from Yahoo Finance QQQ and RSP,QQQ/RSP,2026-09-11T22:10:47+08:00,confirmed
2010-10-28,52.29999923706055,43.72999954223633,1.195975298068479,Derived from Yahoo Finance QQQ and RSP,QQQ/RSP,2026-09-11T22:10:47+08:00,confirmed
2010-10-29,52.18000030517578,43.88999938964844,1.1888813176306983,Derived from Yahoo Finance QQQ and RSP,QQQ/RSP,2026-09-11T22:10:47+08:00,confirmed
2010-11-01,52.220001220703125,43.81999969482422,1.1916933268913525,Derived from Yahoo Finance QQQ and RSP,QQQ/RSP,2026-09-11T22:10:47+08:00,confirmed
2010-11-02,52.77999877929688,44.2400016784668,1.1930379018269073,Derived from Yahoo Finance QQQ and RSP,QQQ/RSP,2026-09-11T22:10:47+08:00,confirmed
2010-11-03,53.02000045776367,44.34999847412109,1.195490468589343,Derived from Yahoo Finance QQQ and RSP,QQQ/RSP,2026-09-11T22:10:47+08:00,confirmed
2010-11-04,53.66999816894531,45.25,1.1860773076010014,Derived from Yahoo Finance QQQ and RSP,QQQ/RSP,2026-09-11T22:10:47+08:00,confirmed
2010-11-05,53.66999816894531,45.47999954223633,1.1800791272898563,Derived from Yahoo Finance QQQ and RSP,QQQ/RSP,2026-09-11T22:10:47+08:00,confirmed
2010-11-08,53.7400016784668,45.43000030517578,1.1829188051390849,Derived from Yahoo Finance QQQ and RSP,QQQ/RSP,2026-09-11T22:10:47+08:00,confirmed
2010-11-09,53.45000076293945,44.97999954223633,1.1883059427946363,Derived from Yahoo Finance QQQ and RSP,QQQ/RSP,2026-09-11T22:10:47+08:00,confirmed
2010-11-10,53.720001220703125,45.16999816894531,1.1892849988565197,Derived from Yahoo Finance QQQ and RSP,QQQ/RSP,2026-09-11T22:10:47+08:00,confirmed
2010-11-11,53.380001068115234,45.150001525878906,1.1822812683078003,Derived from Yahoo Finance QQQ and RSP,QQQ/RSP,2026-09-11T22:10:47+08:00,confirmed
2010-11-12,52.5099983215332,44.54999923706055,1.1786756278516575,Derived from Yahoo Finance QQQ and RSP,QQQ/RSP,2026-09-11T22:10:47+08:00,confirmed
2010-11-15,52.310001373291016,44.47999954223633,1.1760342156393155,Derived from Yahoo Finance QQQ and RSP,QQQ/RSP,2026-09-11T22:10:47+08:00,confirmed
2010-11-16,51.45000076293945,43.720001220703125,1.176806937932469,Derived from Yahoo Finance QQQ and RSP,QQQ/RSP,2026-09-11T22:10:47+08:00,confirmed
2010-11-17,51.59999847412109,43.81999969482422,1.1775444736074656,Derived from Yahoo Finance QQQ and RSP,QQQ/RSP,2026-09-11T22:10:47+08:00,confirmed
2010-11-18,52.43000030517578,44.45000076293945,1.1795275456753134,Derived from Yahoo Finance QQQ and RSP,QQQ/RSP,2026-09-11T22:10:47+08:00,confirmed
2010-11-19,52.470001220703125,44.65999984741211,1.1748768786380455,Derived from Yahoo Finance QQQ and RSP,QQQ/RSP,2026-09-11T22:10:47+08:00,confirmed
2010-11-22,52.90999984741211,44.72999954223633,1.1828750366396006,Derived from Yahoo Finance QQQ and RSP,QQQ/RSP,2026-09-11T22:10:47+08:00,confirmed
2010-11-23,52.06999969482422,44.11000061035156,1.1804579227914278,Derived from Yahoo Finance QQQ and RSP,QQQ/RSP,2026-09-11T22:10:47+08:00,confirmed
2010-11-24,53.119998931884766,44.869998931884766,1.183864501813873,Derived from Yahoo Finance QQQ and RSP,QQQ/RSP,2026-09-11T22:10:47+08:00,confirmed
2010-11-26,52.77000045776367,44.540000915527344,1.1847777138093236,Derived from Yahoo Finance QQQ and RSP,QQQ/RSP,2026-09-11T22:10:47+08:00,confirmed
2010-11-29,52.72999954223633,44.43000030517578,1.1868106950270187,Derived from Yahoo Finance QQQ and RSP,QQQ/RSP,2026-09-11T22:10:47+08:00,confirmed
2010-11-30,52.09000015258789,44.25,1.1771751446912517,Derived from Yahoo Finance QQQ and RSP,QQQ/RSP,2026-09-11T22:10:47+08:00,confirmed
2010-12-01,53.18999862670898,45.2400016784668,1.1757293689939494,Derived from Yahoo Finance QQQ and RSP,QQQ/RSP,2026-09-11T22:10:47+08:00,confirmed
2010-12-02,53.72999954223633,45.900001525878906,1.170588186406547,Derived from Yahoo Finance QQQ and RSP,QQQ/RSP,2026-09-11T22:10:47+08:00,confirmed
2010-12-03,53.869998931884766,46.08000183105469,1.169053749810838,Derived from Yahoo Finance QQQ and RSP,QQQ/RSP,2026-09-11T22:10:47+08:00,confirmed
2010-12-06,53.84999847412109,46.04999923706055,1.169381093730468,Derived from Yahoo Finance QQQ and RSP,QQQ/RSP,2026-09-11T22:10:47+08:00,confirmed
2010-12-07,53.880001068115234,46.060001373291016,1.1697785380301537,Derived from Yahoo Finance QQQ and RSP,QQQ/RSP,2026-09-11T22:10:47+08:00,confirmed
2010-12-08,54.08000183105469,46.18000030517578,1.1710697590661012,Derived from Yahoo Finance QQQ and RSP,QQQ/RSP,2026-09-11T22:10:47+08:00,confirmed
2010-12-09,54.130001068115234,46.380001068115234,1.1670978831720613,Derived from Yahoo Finance QQQ and RSP,QQQ/RSP,2026-09-11T22:10:47+08:00,confirmed
2010-12-10,54.4900016784668,46.68000030517578,1.1673093685139728,Derived from Yahoo Finance QQQ and RSP,QQQ/RSP,2026-09-11T22:10:47+08:00,confirmed
2010-12-13,54.29999923706055,46.61000061035156,1.1649860228708326,Derived from Yahoo Finance QQQ and RSP,QQQ/RSP,2026-09-11T22:10:47+08:00,confirmed
2010-12-14,54.400001525878906,46.61000061035156,1.1671315342956092,Derived from Yahoo Finance QQQ and RSP,QQQ/RSP,2026-09-11T22:10:47+08:00,confirmed
2010-12-15,54.15999984741211,46.41999816894531,1.1667385175306795,Derived from Yahoo Finance QQQ and RSP,QQQ/RSP,2026-09-11T22:10:47+08:00,confirmed
2010-12-16,54.58000183105469,46.75,1.167486670182988,Derived from Yahoo Finance QQQ and RSP,QQQ/RSP,2026-09-11T22:10:47+08:00,confirmed
2010-12-17,54.52000045776367,46.790000915527344,1.1652062276338002,Derived from Yahoo Finance QQQ and RSP,QQQ/RSP,2026-09-11T22:10:47+08:00,confirmed
2010-12-20,54.560001373291016,46.93999862670898,1.1623349588733527,Derived from Yahoo Finance QQQ and RSP,QQQ/RSP,2026-09-11T22:10:47+08:00,confirmed
2010-12-21,54.88999938964844,47.27000045776367,1.1612015836279361,Derived from Yahoo Finance QQQ and RSP,QQQ/RSP,2026-09-11T22:10:47+08:00,confirmed
2010-12-22,54.880001068115234,47.380001068115234,1.1582946355196937,Derived from Yahoo Finance QQQ and RSP,QQQ/RSP,2026-09-11T22:10:47+08:00,confirmed
2010-12-23,54.7400016784668,47.27000045776367,1.1580283720830014,Derived from Yahoo Finance QQQ and RSP,QQQ/RSP,2026-09-11T22:10:47+08:00,confirmed
2010-12-27,54.77000045776367,47.29999923706055,1.157928146748261,Derived from Yahoo Finance QQQ and RSP,QQQ/RSP,2026-09-11T22:10:47+08:00,confirmed
2010-12-28,54.66999816894531,47.29999923706055,1.155813933419902,Derived from Yahoo Finance QQQ and RSP,QQQ/RSP,2026-09-11T22:10:47+08:00,confirmed
2010-12-29,54.790000915527344,47.31999969482422,1.1578613962146789,Derived from Yahoo Finance QQQ and RSP,QQQ/RSP,2026-09-11T22:10:47+08:00,confirmed
2010-12-30,54.65999984741211,47.34000015258789,1.1546261020538688,Derived from Yahoo Finance QQQ and RSP,QQQ/RSP,2026-09-11T22:10:47+08:00,confirmed
2010-12-31,54.459999084472656,47.310001373291016,1.1511307863799427,Derived from Yahoo Finance QQQ and RSP,QQQ/RSP,2026-09-11T22:10:47+08:00,confirmed
2011-01-03,55.310001373291016,47.790000915527344,1.1573551017723536,Derived from Yahoo Finance QQQ and RSP,QQQ/RSP,2026-09-11T22:10:47+08:00,confirmed
2011-01-04,55.27000045776367,47.560001373291016,1.1621109937310152,Derived from Yahoo Finance QQQ and RSP,QQQ/RSP,2026-09-11T22:10:47+08:00,confirmed
2011-01-05,55.7400016784668,47.810001373291016,1.1658648834426903,Derived from Yahoo Finance QQQ and RSP,QQQ/RSP,2026-09-11T22:10:47+08:00,confirmed
2011-01-06,55.91999816894531,47.709999084472656,1.172081308782599,Derived from Yahoo Finance QQQ and RSP,QQQ/RSP,2026-09-11T22:10:47+08:00,confirmed
2011-01-07,55.869998931884766,47.619998931884766,1.1732465389552136,Derived from Yahoo Finance QQQ and RSP,QQQ/RSP,2026-09-11T22:10:47+08:00,confirmed
2011-01-10,56.08000183105469,47.59999847412109,1.1781513367388858,Derived from Yahoo Finance QQQ and RSP,QQQ/RSP,2026-09-11T22:10:47+08:00,confirmed
2011-01-11,56.15999984741211,47.83000183105469,1.1741584298027141,Derived from Yahoo Finance QQQ and RSP,QQQ/RSP,2026-09-11T22:10:47+08:00,confirmed
2011-01-12,56.560001373291016,48.27000045776367,1.1717423003296035,Derived from Yahoo Finance QQQ and RSP,QQQ/RSP,2026-09-11T22:10:47+08:00,confirmed
2011-01-13,56.58000183105469,48.209999084472656,1.1736154927511255,Derived from Yahoo Finance QQQ and RSP,QQQ/RSP,2026-09-11T22:10:47+08:00,confirmed
2011-01-14,57.0,48.4900016784668,1.1755000624244623,Derived from Yahoo Finance QQQ and RSP,QQQ/RSP,2026-09-11T22:10:47+08:00,confirmed
2011-01-18,57.15999984741211,48.70000076293945,1.1737166109227393,Derived from Yahoo Finance QQQ and RSP,QQQ/RSP,2026-09-11T22:10:47+08:00,confirmed
2011-01-19,56.5099983215332,48.060001373291016,1.1758218207820987,Derived from Yahoo Finance QQQ and RSP,QQQ/RSP,2026-09-11T22:10:47+08:00,confirmed
2011-01-20,56.11000061035156,47.959999084472656,1.1699333127910239,Derived from Yahoo Finance QQQ and RSP,QQQ/RSP,2026-09-11T22:10:47+08:00,confirmed
2011-01-21,55.68000030517578,47.970001220703125,1.1607254302329502,Derived from Yahoo Finance QQQ and RSP,QQQ/RSP,2026-09-11T22:10:47+08:00,confirmed
2011-01-24,56.45000076293945,48.27999877929688,1.1692212549753829,Derived from Yahoo Finance QQQ and RSP,QQQ/RSP,2026-09-11T22:10:47+08:00,confirmed
2011-01-25,56.52999877929688,48.25,1.1716061923170338,Derived from Yahoo Finance QQQ and RSP,QQQ/RSP,2026-09-11T22:10:47+08:00,confirmed
2011-01-26,56.83000183105469,48.61000061035156,1.1691010310119738,Derived from Yahoo Finance QQQ and RSP,QQQ/RSP,2026-09-11T22:10:47+08:00,confirmed
2011-01-27,57.18000030517578,48.84000015258789,1.1707616733524104,Derived from Yahoo Finance QQQ and RSP,QQQ/RSP,2026-09-11T22:10:47+08:00,confirmed
2011-01-28,55.72999954223633,47.869998931884766,1.1641947103766541,Derived from Yahoo Finance QQQ and RSP,QQQ/RSP,2026-09-11T22:10:47+08:00,confirmed
2011-01-31,56.0,48.310001373291016,1.1591802609834023,Derived from Yahoo Finance QQQ and RSP,QQQ/RSP,2026-09-11T22:10:47+08:00,confirmed
2011-02-01,57.04999923706055,49.0,1.1642856987155215,Derived from Yahoo Finance QQQ and RSP,QQQ/RSP,2026-09-11T22:10:47+08:00,confirmed
2011-02-02,56.959999084472656,48.90999984741211,1.1645880037246918,Derived from Yahoo Finance QQQ and RSP,QQQ/RSP,2026-09-11T22:10:47+08:00,confirmed
2011-02-03,57.060001373291016,49.16999816894531,1.1604637685207166,Derived from Yahoo Finance QQQ and RSP,QQQ/RSP,2026-09-11T22:10:47+08:00,confirmed
2011-02-04,57.380001068115234,49.400001525878906,1.1615384472823527,Derived from Yahoo Finance QQQ and RSP,QQQ/RSP,2026-09-11T22:10:47+08:00,confirmed
2011-02-07,57.650001525878906,49.720001220703125,1.1594931639276342,Derived from Yahoo Finance QQQ and RSP,QQQ/RSP,2026-09-11T22:10:47+08:00,confirmed
2011-02-08,58.02999877929688,49.93000030517578,1.162227086413245,Derived from Yahoo Finance QQQ and RSP,QQQ/RSP,2026-09-11T22:10:47+08:00,confirmed
2011-02-09,57.93000030517578,49.810001373291016,1.1630194480628713,Derived from Yahoo Finance QQQ and RSP,QQQ/RSP,2026-09-11T22:10:47+08:00,confirmed
2011-02-10,58.02000045776367,49.95000076293945,1.161561552984235,Derived from Yahoo Finance QQQ and RSP,QQQ/RSP,2026-09-11T22:10:47+08:00,confirmed
2011-02-11,58.43999862670898,50.34000015258789,1.1609058094868654,Derived from Yahoo Finance QQQ and RSP,QQQ/RSP,2026-09-11T22:10:47+08:00,confirmed
2011-02-14,58.58000183105469,50.41999816894531,1.1618406179779532,Derived from Yahoo Finance QQQ and RSP,QQQ/RSP,2026-09-11T22:10:47+08:00,confirmed
2011-02-15,58.5,50.2400016784668,1.1644107891237092,Derived from Yahoo Finance QQQ and RSP,QQQ/RSP,2026-09-11T22:10:47+08:00,confirmed
2011-02-16,58.880001068115234,50.650001525878906,1.1624876464817346,Derived from Yahoo Finance QQQ and RSP,QQQ/RSP,2026-09-11T22:10:47+08:00,confirmed
2011-02-17,58.86000061035156,50.88999938964844,1.1566123269068913,Derived from Yahoo Finance QQQ and RSP,QQQ/RSP,2026-09-11T22:10:47+08:00,confirmed
2011-02-18,58.72999954223633,50.95000076293945,1.1526986979940532,Derived from Yahoo Finance QQQ and RSP,QQQ/RSP,2026-09-11T22:10:47+08:00,confirmed
2011-02-22,57.02999877929688,49.75,1.1463316337547111,Derived from Yahoo Finance QQQ and RSP,QQQ/RSP,2026-09-11T22:10:47+08:00,confirmed
2011-02-23,56.560001373291016,49.29999923706055,1.1472617088961914,Derived from Yahoo Finance QQQ and RSP,QQQ/RSP,2026-09-11T22:10:47+08:00,confirmed
2011-02-24,56.86000061035156,49.31999969482422,1.1528791760377608,Derived from Yahoo Finance QQQ and RSP,QQQ/RSP,2026-09-11T22:10:47+08:00,confirmed
2011-02-25,57.650001525878906,50.0099983215332,1.1527695153122228,Derived from Yahoo Finance QQQ and RSP,QQQ/RSP,2026-09-11T22:10:47+08:00,confirmed
2011-02-28,57.77000045776367,50.25,1.149651750403257,Derived from Yahoo Finance QQQ and RSP,QQQ/RSP,2026-09-11T22:10:47+08:00,confirmed
2011-03-01,56.84000015258789,49.369998931884766,1.1513064894129206,Derived from Yahoo Finance QQQ and RSP,QQQ/RSP,2026-09-11T22:10:47+08:00,confirmed
2011-03-02,57.13999938964844,49.52000045776367,1.1538771983329033,Derived from Yahoo Finance QQQ and RSP,QQQ/RSP,2026-09-11T22:10:47+08:00,confirmed
2011-03-03,58.27000045776367,50.41999816894531,1.1556922366897928,Derived from Yahoo Finance QQQ and RSP,QQQ/RSP,2026-09-11T22:10:47+08:00,confirmed
2011-03-04,57.970001220703125,50.09000015258789,1.1573168505512195,Derived from Yahoo Finance QQQ and RSP,QQQ/RSP,2026-09-11T22:10:47+08:00,confirmed
2011-03-07,57.18999862670898,49.59999847412109,1.1530242013323446,Derived from Yahoo Finance QQQ and RSP,QQQ/RSP,2026-09-11T22:10:47+08:00,confirmed
2011-03-08,57.41999816894531,50.060001373291016,1.14702350367056,Derived from Yahoo Finance QQQ and RSP,QQQ/RSP,2026-09-11T22:10:47+08:00,confirmed
2011-03-09,57.02999877929688,49.970001220703125,1.1412847185536734,Derived from Yahoo Finance QQQ and RSP,QQQ/RSP,2026-09-11T22:10:47+08:00,confirmed
2011-03-10,56.13999938964844,49.0099983215332,1.1454805409569373,Derived from Yahoo Finance QQQ and RSP,QQQ/RSP,2026-09-11T22:10:47+08:00,confirmed
2011-03-11,56.4900016784668,49.470001220703125,1.1419041901059386,Derived from Yahoo Finance QQQ and RSP,QQQ/RSP,2026-09-11T22:10:47+08:00,confirmed
2011-03-14,56.290000915527344,49.15999984741211,1.1450366373117589,Derived from Yahoo Finance QQQ and RSP,QQQ/RSP,2026-09-11T22:10:47+08:00,confirmed
2011-03-15,55.4900016784668,48.709999084472656,1.1391911870545572,Derived from Yahoo Finance QQQ and RSP,QQQ/RSP,2026-09-11T22:10:47+08:00,confirmed
2011-03-16,54.150001525878906,47.900001525878906,1.1304801628581016,Derived from Yahoo Finance QQQ and RSP,QQQ/RSP,2026-09-11T22:10:47+08:00,confirmed
2011-03-17,54.650001525878906,48.41999816894531,1.1286659147568756,Derived from Yahoo Finance QQQ and RSP,QQQ/RSP,2026-09-11T22:10:47+08:00,confirmed
2011-03-18,54.45000076293945,48.5099983215332,1.122449034156522,Derived from Yahoo Finance QQQ and RSP,QQQ/RSP,2026-09-11T22:10:47+08:00,confirmed
2011-03-21,55.5,49.220001220703125,1.1275903824369544,Derived from Yahoo Finance QQQ and RSP,QQQ/RSP,2026-09-11T22:10:47+08:00,confirmed
2011-03-22,55.400001525878906,48.9900016784668,1.130843021592089,Derived from Yahoo Finance QQQ and RSP,QQQ/RSP,2026-09-11T22:10:47+08:00,confirmed
2011-03-23,55.709999084472656,49.18000030517578,1.1327775262052946,Derived from Yahoo Finance QQQ and RSP,QQQ/RSP,2026-09-11T22:10:47+08:00,confirmed
2011-03-24,56.70000076293945,49.709999084472656,1.1406156066627284,Derived from Yahoo Finance QQQ and RSP,QQQ/RSP,2026-09-11T22:10:47+08:00,confirmed
2011-03-25,56.84000015258789,49.88999938964844,1.139306491240036,Derived from Yahoo Finance QQQ and RSP,QQQ/RSP,2026-09-11T22:10:47+08:00,confirmed
2011-03-28,56.52999877929688,49.68999862670898,1.137653458273821,Derived from Yahoo Finance QQQ and RSP,QQQ/RSP,2026-09-11T22:10:47+08:00,confirmed
2011-03-29,57.08000183105469,50.02999877929688,1.1409155151663763,Derived from Yahoo Finance QQQ and RSP,QQQ/RSP,2026-09-11T22:10:47+08:00,confirmed
2011-03-30,57.34999847412109,50.5,1.1356435341410116,Derived from Yahoo Finance QQQ and RSP,QQQ/RSP,2026-09-11T22:10:47+08:00,confirmed
2011-03-31,57.43000030517578,50.459999084472656,1.1381292379541066,Derived from Yahoo Finance QQQ and RSP,QQQ/RSP,2026-09-11T22:10:47+08:00,confirmed
2011-04-01,57.459999084472656,50.720001220703125,1.1328863900148798,Derived from Yahoo Finance QQQ and RSP,QQQ/RSP,2026-09-11T22:10:47+08:00,confirmed
2011-04-04,57.27000045776367,50.72999954223633,1.128917819328627,Derived from Yahoo Finance QQQ and RSP,QQQ/RSP,2026-09-11T22:10:47+08:00,confirmed
2011-04-05,57.119998931884766,50.86000061035156,1.1230829383879146,Derived from Yahoo Finance QQQ and RSP,QQQ/RSP,2026-09-11T22:10:47+08:00,confirmed
2011-04-06,57.2599983215332,50.970001220703125,1.1234058652185237,Derived from Yahoo Finance QQQ and RSP,QQQ/RSP,2026-09-11T22:10:47+08:00,confirmed
2011-04-07,57.220001220703125,50.86000061035156,1.1250491650418326,Derived from Yahoo Finance QQQ and RSP,QQQ/RSP,2026-09-11T22:10:47+08:00,confirmed
2011-04-08,56.95000076293945,50.54999923706055,1.1266073515820505,Derived from Yahoo Finance QQQ and RSP,QQQ/RSP,2026-09-11T22:10:47+08:00,confirmed
2011-04-11,56.7599983215332,50.34999847412109,1.1273088389606751,Derived from Yahoo Finance QQQ and RSP,QQQ/RSP,2026-09-11T22:10:47+08:00,confirmed
2011-04-12,56.369998931884766,50.02000045776367,1.1269491886447094,Derived from Yahoo Finance QQQ and RSP,QQQ/RSP,2026-09-11T22:10:47+08:00,confirmed
2011-04-13,56.84999847412109,50.06999969482422,1.135410401849827,Derived from Yahoo Finance QQQ and RSP,QQQ/RSP,2026-09-11T22:10:47+08:00,confirmed
2011-04-14,56.75,50.130001068115234,1.1320566285823472,Derived from Yahoo Finance QQQ and RSP,QQQ/RSP,2026-09-11T22:10:47+08:00,confirmed
2011-04-15,56.650001525878906,50.459999084472656,1.1226714735179417,Derived from Yahoo Finance QQQ and RSP,QQQ/RSP,2026-09-11T22:10:47+08:00,confirmed
2011-04-18,56.25,49.83000183105469,1.128838007887535,Derived from Yahoo Finance QQQ and RSP,QQQ/RSP,2026-09-11T22:10:47+08:00,confirmed
2011-04-19,56.59999847412109,50.09000015258789,1.129966027185106,Derived from Yahoo Finance QQQ and RSP,QQQ/RSP,2026-09-11T22:10:47+08:00,confirmed
2011-04-20,57.880001068115234,50.880001068115234,1.1375786134640367,Derived from Yahoo Finance QQQ and RSP,QQQ/RSP,2026-09-11T22:10:47+08:00,confirmed
2011-04-21,58.34000015258789,51.15999984741211,1.1403440251483694,Derived from Yahoo Finance QQQ and RSP,QQQ/RSP,2026-09-11T22:10:47+08:00,confirmed
2011-04-25,58.4900016784668,51.09000015258789,1.1448424643526658,Derived from Yahoo Finance QQQ and RSP,QQQ/RSP,2026-09-11T22:10:47+08:00,confirmed
2011-04-26,58.81999969482422,51.5,1.1421359164043539,Derived from Yahoo Finance QQQ and RSP,QQQ/RSP,2026-09-11T22:10:47+08:00,confirmed
2011-04-27,59.220001220703125,51.7599983215332,1.1441267994799453,Derived from Yahoo Finance QQQ and RSP,QQQ/RSP,2026-09-11T22:10:47+08:00,confirmed
2011-04-28,59.130001068115234,51.93999862670898,1.138429007152668,Derived from Yahoo Finance QQQ and RSP,QQQ/RSP,2026-09-11T22:10:47+08:00,confirmed
2011-04-29,59.08000183105469,52.040000915527344,1.1352805686332492,Derived from Yahoo Finance QQQ and RSP,QQQ/RSP,2026-09-11T22:10:47+08:00,confirmed
2011-05-02,58.970001220703125,51.93999862670898,1.1353485325349841,Derived from Yahoo Finance QQQ and RSP,QQQ/RSP,2026-09-11T22:10:47+08:00,confirmed
2011-05-03,58.68999862670898,51.650001525878906,1.1363019727560457,Derived from Yahoo Finance QQQ and RSP,QQQ/RSP,2026-09-11T22:10:47+08:00,confirmed
2011-05-04,58.59999847412109,51.27999877929688,1.1427457072752405,Derived from Yahoo Finance QQQ and RSP,QQQ/RSP,2026-09-11T22:10:47+08:00,confirmed
2011-05-05,58.27999877929688,51.02000045776367,1.142297104202171,Derived from Yahoo Finance QQQ and RSP,QQQ/RSP,2026-09-11T22:10:47+08:00,confirmed
2011-05-06,58.470001220703125,51.22999954223633,1.141323477321092,Derived from Yahoo Finance QQQ and RSP,QQQ/RSP,2026-09-11T22:10:47+08:00,confirmed
2011-05-09,58.68999862670898,51.5,1.1396116238195917,Derived from Yahoo Finance QQQ and RSP,QQQ/RSP,2026-09-11T22:10:47+08:00,confirmed
2011-05-10,59.18999862670898,52.06999969482422,1.1367389854736736,Derived from Yahoo Finance QQQ and RSP,QQQ/RSP,2026-09-11T22:10:47+08:00,confirmed
2011-05-11,58.7599983215332,51.52000045776367,1.1405279075978447,Derived from Yahoo Finance QQQ and RSP,QQQ/RSP,2026-09-11T22:10:47+08:00,confirmed
2011-05-12,59.11000061035156,51.86000061035156,1.1397994584395137,Derived from Yahoo Finance QQQ and RSP,QQQ/RSP,2026-09-11T22:10:47+08:00,confirmed
2011-05-13,58.40999984741211,51.43000030517578,1.1357184425591746,Derived from Yahoo Finance QQQ and RSP,QQQ/RSP,2026-09-11T22:10:47+08:00,confirmed
2011-05-16,57.400001525878906,51.130001068115234,1.122628600171762,Derived from Yahoo Finance QQQ and RSP,QQQ/RSP,2026-09-11T22:10:47+08:00,confirmed
2011-05-17,57.560001373291016,51.040000915527344,1.1277429533858054,Derived from Yahoo Finance QQQ and RSP,QQQ/RSP,2026-09-11T22:10:47+08:00,confirmed
2011-05-18,58.040000915527344,51.56999969482422,1.125460563486342,Derived from Yahoo Finance QQQ and RSP,QQQ/RSP,2026-09-11T22:10:47+08:00,confirmed
2011-05-19,58.209999084472656,51.70000076293945,1.1259187277652773,Derived from Yahoo Finance QQQ and RSP,QQQ/RSP,2026-09-11T22:10:47+08:00,confirmed
2011-05-20,57.77000045776367,51.34000015258789,1.125243480445367,Derived from Yahoo Finance QQQ and RSP,QQQ/RSP,2026-09-11T22:10:47+08:00,confirmed
2011-05-23,56.91999816894531,50.65999984741211,1.1235688578837015,Derived from Yahoo Finance QQQ and RSP,QQQ/RSP,2026-09-11T22:10:47+08:00,confirmed
2011-05-24,56.56999969482422,50.58000183105469,1.1184262089150785,Derived from Yahoo Finance QQQ and RSP,QQQ/RSP,2026-09-11T22:10:47+08:00,confirmed
2011-05-25,56.790000915527344,50.75,1.1190147963650707,Derived from Yahoo Finance QQQ and RSP,QQQ/RSP,2026-09-11T22:10:47+08:00,confirmed
2011-05-26,57.13999938964844,51.02999877929688,1.1197335049286816,Derived from Yahoo Finance QQQ and RSP,QQQ/RSP,2026-09-11T22:10:47+08:00,confirmed
2011-05-27,57.43000030517578,51.27999877929688,1.1199298298026057,Derived from Yahoo Finance QQQ and RSP,QQQ/RSP,2026-09-11T22:10:47+08:00,confirmed
2011-05-31,58.36000061035156,51.720001220703125,1.1283835891904521,Derived from Yahoo Finance QQQ and RSP,QQQ/RSP,2026-09-11T22:10:47+08:00,confirmed
2011-06-01,57.09000015258789,50.5,1.130495052526493,Derived from Yahoo Finance QQQ and RSP,QQQ/RSP,2026-09-11T22:10:47+08:00,confirmed
2011-06-02,57.209999084472656,50.45000076293945,1.133994018222079,Derived from Yahoo Finance QQQ and RSP,QQQ/RSP,2026-09-11T22:10:47+08:00,confirmed
2011-06-03,56.34999847412109,49.81999969482422,1.131071834991907,Derived from Yahoo Finance QQQ and RSP,QQQ/RSP,2026-09-11T22:10:47+08:00,confirmed
2011-06-06,55.88999938964844,49.18000030517578,1.136437556788028,Derived from Yahoo Finance QQQ and RSP,QQQ/RSP,2026-09-11T22:10:47+08:00,confirmed
2011-06-07,55.790000915527344,49.29999923706055,1.1316430381116118,Derived from Yahoo Finance QQQ and RSP,QQQ/RSP,2026-09-11T22:10:47+08:00,confirmed
2011-06-08,55.38999938964844,48.93999862670898,1.1317940527979373,Derived from Yahoo Finance QQQ and RSP,QQQ/RSP,2026-09-11T22:10:47+08:00,confirmed
2011-06-09,55.4900016784668,49.29999923706055,1.1255578607951175,Derived from Yahoo Finance QQQ and RSP,QQQ/RSP,2026-09-11T22:10:47+08:00,confirmed
2011-06-10,54.63999938964844,48.56999969482422,1.1249742584509643,Derived from Yahoo Finance QQQ and RSP,QQQ/RSP,2026-09-11T22:10:47+08:00,confirmed
2011-06-13,54.63999938964844,48.540000915527344,1.1256695170800828,Derived from Yahoo Finance QQQ and RSP,QQQ/RSP,2026-09-11T22:10:47+08:00,confirmed
2011-06-14,55.34000015258789,49.31999969482422,1.122060026257369,Derived from Yahoo Finance QQQ and RSP,QQQ/RSP,2026-09-11T22:10:47+08:00,confirmed
2011-06-15,54.290000915527344,48.43999862670898,1.1207680110377372,Derived from Yahoo Finance QQQ and RSP,QQQ/RSP,2026-09-11T22:10:47+08:00,confirmed
2011-06-16,54.08000183105469,48.43999862670898,1.116432769699459,Derived from Yahoo Finance QQQ and RSP,QQQ/RSP,2026-09-11T22:10:47+08:00,confirmed
2011-06-17,53.790000915527344,48.4900016784668,1.1093008672634084,Derived from Yahoo Finance QQQ and RSP,QQQ/RSP,2026-09-11T22:10:47+08:00,confirmed
2011-06-20,54.06999969482422,48.81999969482422,1.107537894977836,Derived from Yahoo Finance QQQ and RSP,QQQ/RSP,2026-09-11T22:10:47+08:00,confirmed
2011-06-21,55.22999954223633,49.59999847412109,1.113508089542638,Derived from Yahoo Finance QQQ and RSP,QQQ/RSP,2026-09-11T22:10:47+08:00,confirmed
2011-06-22,54.83000183105469,49.31999969482422,1.1117194276221518,Derived from Yahoo Finance QQQ and RSP,QQQ/RSP,2026-09-11T22:10:47+08:00,confirmed
2011-06-23,55.34000015258789,49.220001220703125,1.1243396745246432,Derived from Yahoo Finance QQQ and RSP,QQQ/RSP,2026-09-11T22:10:47+08:00,confirmed
2011-06-24,54.380001068115234,48.68000030517578,1.117091222826747,Derived from Yahoo Finance QQQ and RSP,QQQ/RSP,2026-09-11T22:10:47+08:00,confirmed
2011-06-27,55.25,49.0099983215332,1.1273209935150144,Derived from Yahoo Finance QQQ and RSP,QQQ/RSP,2026-09-11T22:10:47+08:00,confirmed
2011-06-28,56.06999969482422,49.709999084472656,1.1279420786056333,Derived from Yahoo Finance QQQ and RSP,QQQ/RSP,2026-09-11T22:10:47+08:00,confirmed
2011-06-29,56.29999923706055,50.150001525878906,1.1226320543182449,Derived from Yahoo Finance QQQ and RSP,QQQ/RSP,2026-09-11T22:10:47+08:00,confirmed
2011-06-30,57.04999923706055,50.619998931884766,1.1270249000563615,Derived from Yahoo Finance QQQ and RSP,QQQ/RSP,2026-09-11T22:10:47+08:00,confirmed
2011-07-01,57.90999984741211,51.38999938964844,1.1268729428916282,Derived from Yahoo Finance QQQ and RSP,QQQ/RSP,2026-09-11T22:10:47+08:00,confirmed
2011-07-05,58.20000076293945,51.27000045776367,1.135166768935076,Derived from Yahoo Finance QQQ and RSP,QQQ/RSP,2026-09-11T22:10:47+08:00,confirmed
2011-07-06,58.38999938964844,51.29999923706055,1.1382066327101594,Derived from Yahoo Finance QQQ and RSP,QQQ/RSP,2026-09-11T22:10:47+08:00,confirmed
2011-07-07,59.18999862670898,51.91999816894531,1.1400231262356253,Derived from Yahoo Finance QQQ and RSP,QQQ/RSP,2026-09-11T22:10:47+08:00,confirmed
2011-07-08,59.02999877929688,51.459999084472656,1.1471045439079375,Derived from Yahoo Finance QQQ and RSP,QQQ/RSP,2026-09-11T22:10:47+08:00,confirmed
2011-07-11,57.959999084472656,50.369998931884766,1.150684937731522,Derived from Yahoo Finance QQQ and RSP,QQQ/RSP,2026-09-11T22:10:47+08:00,confirmed
2011-07-12,57.52000045776367,50.15999984741211,1.1467304751343872,Derived from Yahoo Finance QQQ and RSP,QQQ/RSP,2026-09-11T22:10:47+08:00,confirmed
2011-07-13,57.7599983215332,50.27000045776367,1.1489953808546818,Derived from Yahoo Finance QQQ and RSP,QQQ/RSP,2026-09-11T22:10:47+08:00,confirmed
2011-07-14,57.09000015258789,49.7599983215332,1.1473071157215593,Derived from Yahoo Finance QQQ and RSP,QQQ/RSP,2026-09-11T22:10:47+08:00,confirmed
2011-07-15,57.84999847412109,50.040000915527344,1.1560750882434598,Derived from Yahoo Finance QQQ and RSP,QQQ/RSP,2026-09-11T22:10:47+08:00,confirmed
2011-07-18,57.540000915527344,49.43999862670898,1.1638350023020125,Derived from Yahoo Finance QQQ and RSP,QQQ/RSP,2026-09-11T22:10:47+08:00,confirmed
2011-07-19,58.84999847412109,50.310001373291016,1.1697475028367592,Derived from Yahoo Finance QQQ and RSP,QQQ/RSP,2026-09-11T22:10:47+08:00,confirmed
2011-07-20,58.59999847412109,50.290000915527344,1.1652415471726105,Derived from Yahoo Finance QQQ and RSP,QQQ/RSP,2026-09-11T22:10:47+08:00,confirmed
2011-07-21,58.9900016784668,50.95000076293945,1.1578017820438495,Derived from Yahoo Finance QQQ and RSP,QQQ/RSP,2026-09-11T22:10:47+08:00,confirmed
2011-07-22,59.59999847412109,51.0,1.1686274210611978,Derived from Yahoo Finance QQQ and RSP,QQQ/RSP,2026-09-11T22:10:47+08:00,confirmed
2011-07-25,59.47999954223633,50.68000030517578,1.1736385000803133,Derived from Yahoo Finance QQQ and RSP,QQQ/RSP,2026-09-11T22:10:47+08:00,confirmed
2011-07-26,59.630001068115234,50.45000076293945,1.1819623422467698,Derived from Yahoo Finance QQQ and RSP,QQQ/RSP,2026-09-11T22:10:47+08:00,confirmed
2011-07-27,58.09000015258789,49.25,1.1794923888850333,Derived from Yahoo Finance QQQ and RSP,QQQ/RSP,2026-09-11T22:10:47+08:00,confirmed
2011-07-28,58.18999862670898,49.02999877929688,1.1868243947678812,Derived from Yahoo Finance QQQ and RSP,QQQ/RSP,2026-09-11T22:10:47+08:00,confirmed
2011-07-29,58.0,48.790000915527344,1.1887681678960902,Derived from Yahoo Finance QQQ and RSP,QQQ/RSP,2026-09-11T22:10:47+08:00,confirmed
2011-08-01,57.72999954223633,48.41999816894531,1.192275954674903,Derived from Yahoo Finance QQQ and RSP,QQQ/RSP,2026-09-11T22:10:47+08:00,confirmed
2011-08-02,56.27000045776367,46.95000076293945,1.1985090424573768,Derived from Yahoo Finance QQQ and RSP,QQQ/RSP,2026-09-11T22:10:47+08:00,confirmed
2011-08-03,56.810001373291016,47.2400016784668,1.2025825434969548,Derived from Yahoo Finance QQQ and RSP,QQQ/RSP,2026-09-11T22:10:47+08:00,confirmed
2011-08-04,54.16999816894531,44.7400016784668,1.210773270824823,Derived from Yahoo Finance QQQ and RSP,QQQ/RSP,2026-09-11T22:10:47+08:00,confirmed
2011-08-05,53.83000183105469,44.56999969482422,1.2077631186815063,Derived from Yahoo Finance QQQ and RSP,QQQ/RSP,2026-09-11T22:10:47+08:00,confirmed
2011-08-08,50.59000015258789,41.29999923706055,1.224939493635413,Derived from Yahoo Finance QQQ and RSP,QQQ/RSP,2026-09-11T22:10:47+08:00,confirmed
2011-08-09,53.02999877929688,43.38999938964844,1.222170996203062,Derived from Yahoo Finance QQQ and RSP,QQQ/RSP,2026-09-11T22:10:47+08:00,confirmed
2011-08-10,50.86000061035156,41.52999877929688,1.2246569252418513,Derived from Yahoo Finance QQQ and RSP,QQQ/RSP,2026-09-11T22:10:47+08:00,confirmed
2011-08-11,53.09999847412109,43.65999984741211,1.216216185517658,Derived from Yahoo Finance QQQ and RSP,QQQ/RSP,2026-09-11T22:10:47+08:00,confirmed
2011-08-12,53.56999969482422,43.900001525878906,1.2202732991534153,Derived from Yahoo Finance QQQ and RSP,QQQ/RSP,2026-09-11T22:10:47+08:00,confirmed
2011-08-15,54.36000061035156,44.970001220703125,1.2088058513399706,Derived from Yahoo Finance QQQ and RSP,QQQ/RSP,2026-09-11T22:10:47+08:00,confirmed
2011-08-16,53.900001525878906,44.43999862670898,1.2128713589447402,Derived from Yahoo Finance QQQ and RSP,QQQ/RSP,2026-09-11T22:10:47+08:00,confirmed
2011-08-17,53.58000183105469,44.36000061035156,1.2078449299784637,Derived from Yahoo Finance QQQ and RSP,QQQ/RSP,2026-09-11T22:10:47+08:00,confirmed
2011-08-18,50.95000076293945,42.209999084472656,1.2070599826589878,Derived from Yahoo Finance QQQ and RSP,QQQ/RSP,2026-09-11T22:10:47+08:00,confirmed
2011-08-19,50.02999877929688,41.5099983215332,1.2052517658942894,Derived from Yahoo Finance QQQ and RSP,QQQ/RSP,2026-09-11T22:10:47+08:00,confirmed
2011-08-22,50.209999084472656,41.56999969482422,1.207842180733145,Derived from Yahoo Finance QQQ and RSP,QQQ/RSP,2026-09-11T22:10:47+08:00,confirmed
2011-08-23,52.27999877929688,43.08000183105469,1.2135560946427415,Derived from Yahoo Finance QQQ and RSP,QQQ/RSP,2026-09-11T22:10:47+08:00,confirmed
2011-08-24,52.68999862670898,43.72999954223633,1.2048936468846447,Derived from Yahoo Finance QQQ and RSP,QQQ/RSP,2026-09-11T22:10:47+08:00,confirmed
2011-08-25,51.83000183105469,42.900001525878906,1.2081585078683241,Derived from Yahoo Finance QQQ and RSP,QQQ/RSP,2026-09-11T22:10:47+08:00,confirmed
2011-08-26,53.130001068115234,43.66999816894531,1.2166247606096108,Derived from Yahoo Finance QQQ and RSP,QQQ/RSP,2026-09-11T22:10:47+08:00,confirmed
2011-08-29,54.61000061035156,45.18000030517578,1.2087206782089261,Derived from Yahoo Finance QQQ and RSP,QQQ/RSP,2026-09-11T22:10:47+08:00,confirmed
2011-08-30,54.970001220703125,45.369998931884766,1.2115936194583365,Derived from Yahoo Finance QQQ and RSP,QQQ/RSP,2026-09-11T22:10:47+08:00,confirmed
2011-08-31,55.060001373291016,45.68999862670898,1.2050777638041912,Derived from Yahoo Finance QQQ and RSP,QQQ/RSP,2026-09-11T22:10:47+08:00,confirmed
2011-09-01,54.560001373291016,45.060001373291016,1.2108299980130728,Derived from Yahoo Finance QQQ and RSP,QQQ/RSP,2026-09-11T22:10:47+08:00,confirmed
2011-09-02,53.27999877929688,43.75,1.217828543526786,Derived from Yahoo Finance QQQ and RSP,QQQ/RSP,2026-09-11T22:10:47+08:00,confirmed
2011-09-06,53.290000915527344,43.459999084472656,1.2261850445957956,Derived from Yahoo Finance QQQ and RSP,QQQ/RSP,2026-09-11T22:10:47+08:00,confirmed
2011-09-07,54.63999938964844,44.90999984741211,1.216655523832005,Derived from Yahoo Finance QQQ and RSP,QQQ/RSP,2026-09-11T22:10:47+08:00,confirmed
2011-09-08,54.38999938964844,44.310001373291016,1.227488099840895,Derived from Yahoo Finance QQQ and RSP,QQQ/RSP,2026-09-11T22:10:47+08:00,confirmed
2011-09-09,53.18000030517578,43.09999847412109,1.233874760740586,Derived from Yahoo Finance QQQ and RSP,QQQ/RSP,2026-09-11T22:10:47+08:00,confirmed
2011-09-12,53.86000061035156,43.369998931884766,1.2418723065901383,Derived from Yahoo Finance QQQ and RSP,QQQ/RSP,2026-09-11T22:10:47+08:00,confirmed
2011-09-13,54.58000183105469,43.88999938964844,1.2435635131024292,Derived from Yahoo Finance QQQ and RSP,QQQ/RSP,2026-09-11T22:10:47+08:00,confirmed
2011-09-14,55.36000061035156,44.56999969482422,1.2420911148621874,Derived from Yahoo Finance QQQ and RSP,QQQ/RSP,2026-09-11T22:10:47+08:00,confirmed
2011-09-15,56.18000030517578,45.310001373291016,1.239902860349334,Derived from Yahoo Finance QQQ and RSP,QQQ/RSP,2026-09-11T22:10:47+08:00,confirmed
2011-09-16,56.59000015258789,45.33000183105469,1.2484005706308885,Derived from Yahoo Finance QQQ and RSP,QQQ/RSP,2026-09-11T22:10:47+08:00,confirmed
2011-09-19,56.61000061035156,44.7400016784668,1.2653106501244893,Derived from Yahoo Finance QQQ and RSP,QQQ/RSP,2026-09-11T22:10:47+08:00,confirmed
2011-09-20,56.36000061035156,44.54999923706055,1.2650954337944507,Derived from Yahoo Finance QQQ and RSP,QQQ/RSP,2026-09-11T22:10:47+08:00,confirmed
2011-09-21,55.380001068115234,42.970001220703125,1.2888061320657567,Derived from Yahoo Finance QQQ and RSP,QQQ/RSP,2026-09-11T22:10:47+08:00,confirmed
2011-09-22,53.58000183105469,41.540000915527344,1.2898411326473245,Derived from Yahoo Finance QQQ and RSP,QQQ/RSP,2026-09-11T22:10:47+08:00,confirmed
2011-09-23,54.150001525878906,41.83000183105469,1.2945254400079376,Derived from Yahoo Finance QQQ and RSP,QQQ/RSP,2026-09-11T22:10:47+08:00,confirmed
2011-09-26,54.77999877929688,42.869998931884766,1.2778166583660444,Derived from Yahoo Finance QQQ and RSP,QQQ/RSP,2026-09-11T22:10:47+08:00,confirmed
2011-09-27,55.34999847412109,43.45000076293945,1.2738779632273725,Derived from Yahoo Finance QQQ and RSP,QQQ/RSP,2026-09-11T22:10:47+08:00,confirmed
2011-09-28,54.52999877929688,42.25,1.290650858681583,Derived from Yahoo Finance QQQ and RSP,QQQ/RSP,2026-09-11T22:10:47+08:00,confirmed
2011-09-29,53.880001068115234,42.59999847412109,1.2647888027706526,Derived from Yahoo Finance QQQ and RSP,QQQ/RSP,2026-09-11T22:10:47+08:00,confirmed
2011-09-30,52.4900016784668,41.400001525878906,1.267874389947923,Derived from Yahoo Finance QQQ and RSP,QQQ/RSP,2026-09-11T22:10:47+08:00,confirmed
2011-10-03,51.13999938964844,39.88999938964844,1.282025574633611,Derived from Yahoo Finance QQQ and RSP,QQQ/RSP,2026-09-11T22:10:47+08:00,confirmed
2011-10-04,52.18999862670898,41.060001373291016,1.2710666556542756,Derived from Yahoo Finance QQQ and RSP,QQQ/RSP,2026-09-11T22:10:47+08:00,confirmed
2011-10-05,53.52999877929688,41.9900016784668,1.274827259812852,Derived from Yahoo Finance QQQ and RSP,QQQ/RSP,2026-09-11T22:10:47+08:00,confirmed
2011-10-06,54.43000030517578,42.959999084472656,1.2669925853152266,Derived from Yahoo Finance QQQ and RSP,QQQ/RSP,2026-09-11T22:10:47+08:00,confirmed
2011-10-07,54.06999969482422,42.47999954223633,1.2728342814849698,Derived from Yahoo Finance QQQ and RSP,QQQ/RSP,2026-09-11T22:10:47+08:00,confirmed
2011-10-10,55.93999862670898,43.959999084472656,1.2725204684198421,Derived from Yahoo Finance QQQ and RSP,QQQ/RSP,2026-09-11T22:10:47+08:00,confirmed
2011-10-11,56.31999969482422,44.02000045776367,1.2794184259235106,Derived from Yahoo Finance QQQ and RSP,QQQ/RSP,2026-09-11T22:10:47+08:00,confirmed
2011-10-12,56.59999847412109,44.4900016784668,1.2721959168078778,Derived from Yahoo Finance QQQ and RSP,QQQ/RSP,2026-09-11T22:10:47+08:00,confirmed
2011-10-13,57.119998931884766,44.36000061035156,1.2876464866088304,Derived from Yahoo Finance QQQ and RSP,QQQ/RSP,2026-09-11T22:10:47+08:00,confirmed
2011-10-14,58.18000030517578,45.130001068115234,1.2891646117482698,Derived from Yahoo Finance QQQ and RSP,QQQ/RSP,2026-09-11T22:10:47+08:00,confirmed
2011-10-17,57.27999877929688,44.09999847412109,1.2988662304129133,Derived from Yahoo Finance QQQ and RSP,QQQ/RSP,2026-09-11T22:10:47+08:00,confirmed
2011-10-18,57.9900016784668,45.150001525878906,1.2843853758283554,Derived from Yahoo Finance QQQ and RSP,QQQ/RSP,2026-09-11T22:10:47+08:00,confirmed
2011-10-19,56.869998931884766,44.58000183105469,1.275684086945658,Derived from Yahoo Finance QQQ and RSP,QQQ/RSP,2026-09-11T22:10:47+08:00,confirmed
2011-10-20,56.59000015258789,44.790000915527344,1.2634516408989365,Derived from Yahoo Finance QQQ and RSP,QQQ/RSP,2026-09-11T22:10:47+08:00,confirmed
2011-10-21,57.29999923706055,45.869998931884766,1.2491824846595028,Derived from Yahoo Finance QQQ and RSP,QQQ/RSP,2026-09-11T22:10:47+08:00,confirmed
2011-10-24,58.4900016784668,46.72999954223633,1.2516585116933574,Derived from Yahoo Finance QQQ and RSP,QQQ/RSP,2026-09-11T22:10:47+08:00,confirmed
2011-10-25,57.34000015258789,45.66999816894531,1.255528847197939,Derived from Yahoo Finance QQQ and RSP,QQQ/RSP,2026-09-11T22:10:47+08:00,confirmed
2011-10-26,57.27000045776367,46.16999816894531,1.2404159135593036,Derived from Yahoo Finance QQQ and RSP,QQQ/RSP,2026-09-11T22:10:47+08:00,confirmed
2011-10-27,58.84999847412109,48.040000915527344,1.2250207608780408,Derived from Yahoo Finance QQQ and RSP,QQQ/RSP,2026-09-11T22:10:47+08:00,confirmed
2011-10-28,58.93999862670898,48.06999969482422,1.226128541728598,Derived from Yahoo Finance QQQ and RSP,QQQ/RSP,2026-09-11T22:10:47+08:00,confirmed
2011-10-31,57.95000076293945,46.810001373291016,1.2379833168730632,Derived from Yahoo Finance QQQ and RSP,QQQ/RSP,2026-09-11T22:10:47+08:00,confirmed
2011-11-01,56.43999862670898,45.36000061035156,1.2442680305835105,Derived from Yahoo Finance QQQ and RSP,QQQ/RSP,2026-09-11T22:10:47+08:00,confirmed
2011-11-02,56.91999816894531,46.220001220703125,1.2315014423549904,Derived from Yahoo Finance QQQ and RSP,QQQ/RSP,2026-09-11T22:10:47+08:00,confirmed
2011-11-03,58.09999847412109,47.13999938964844,1.2324989229185135,Derived from Yahoo Finance QQQ and RSP,QQQ/RSP,2026-09-11T22:10:47+08:00,confirmed
2011-11-04,57.79999923706055,46.959999084472656,1.2308347607309078,Derived from Yahoo Finance QQQ and RSP,QQQ/RSP,2026-09-11T22:10:47+08:00,confirmed
2011-11-07,58.209999084472656,47.18000030517578,1.2337854749459773,Derived from Yahoo Finance QQQ and RSP,QQQ/RSP,2026-09-11T22:10:47+08:00,confirmed
2011-11-08,58.880001068115234,47.709999084472656,1.234122871473244,Derived from Yahoo Finance QQQ and RSP,QQQ/RSP,2026-09-11T22:10:47+08:00,confirmed
2011-11-09,56.810001373291016,45.75,1.2417486638970714,Derived from Yahoo Finance QQQ and RSP,QQQ/RSP,2026-09-11T22:10:47+08:00,confirmed
2011-11-10,56.77999877929688,46.15999984741211,1.230069301711234,Derived from Yahoo Finance QQQ and RSP,QQQ/RSP,2026-09-11T22:10:47+08:00,confirmed
2011-11-11,57.84999847412109,47.18000030517578,1.2261551102146724,Derived from Yahoo Finance QQQ and RSP,QQQ/RSP,2026-09-11T22:10:47+08:00,confirmed
2011-11-14,57.4900016784668,46.75,1.2297326562238886,Derived from Yahoo Finance QQQ and RSP,QQQ/RSP,2026-09-11T22:10:47+08:00,confirmed
2011-11-15,58.130001068115234,46.95000076293945,1.2381256682321686,Derived from Yahoo Finance QQQ and RSP,QQQ/RSP,2026-09-11T22:10:47+08:00,confirmed
2011-11-16,57.16999816894531,46.13999938964844,1.2390550265540634,Derived from Yahoo Finance QQQ and RSP,QQQ/RSP,2026-09-11T22:10:47+08:00,confirmed
2011-11-17,55.83000183105469,45.27000045776367,1.2332670922577824,Derived from Yahoo Finance QQQ and RSP,QQQ/RSP,2026-09-11T22:10:47+08:00,confirmed
2011-11-18,55.400001525878906,45.18000030517578,1.2262063114579558,Derived from Yahoo Finance QQQ and RSP,QQQ/RSP,2026-09-11T22:10:47+08:00,confirmed
2011-11-21,54.34000015258789,44.34999847412109,1.2252537096319434,Derived from Yahoo Finance QQQ and RSP,QQQ/RSP,2026-09-11T22:10:47+08:00,confirmed
2011-11-22,54.52000045776367,44.09999847412109,1.2362812322943115,Derived from Yahoo Finance QQQ and RSP,QQQ/RSP,2026-09-11T22:10:47+08:00,confirmed
2011-11-23,53.290000915527344,43.04999923706055,1.2378629932622964,Derived from Yahoo Finance QQQ and RSP,QQQ/RSP,2026-09-11T22:10:47+08:00,confirmed
2011-11-25,52.880001068115234,42.959999084472656,1.2309125278177213,Derived from Yahoo Finance QQQ and RSP,QQQ/RSP,2026-09-11T22:10:47+08:00,confirmed
2011-11-28,54.720001220703125,44.310001373291016,1.2349356697083518,Derived from Yahoo Finance QQQ and RSP,QQQ/RSP,2026-09-11T22:10:47+08:00,confirmed
2011-11-29,54.380001068115234,44.400001525878906,1.2247747567400287,Derived from Yahoo Finance QQQ and RSP,QQQ/RSP,2026-09-11T22:10:47+08:00,confirmed
2011-11-30,56.38999938964844,46.400001525878906,1.2153016710182167,Derived from Yahoo Finance QQQ and RSP,QQQ/RSP,2026-09-11T22:10:47+08:00,confirmed
2011-12-01,56.77999877929688,46.369998931884766,1.2244986001121951,Derived from Yahoo Finance QQQ and RSP,QQQ/RSP,2026-09-11T22:10:47+08:00,confirmed
2011-12-02,56.619998931884766,46.31999969482422,1.2223661335259348,Derived from Yahoo Finance QQQ and RSP,QQQ/RSP,2026-09-11T22:10:47+08:00,confirmed
2011-12-05,57.2400016784668,46.869998931884766,1.221250330337164,Derived from Yahoo Finance QQQ and RSP,QQQ/RSP,2026-09-11T22:10:47+08:00,confirmed
2011-12-06,57.08000183105469,46.84000015258789,1.2186166021585942,Derived from Yahoo Finance QQQ and RSP,QQQ/RSP,2026-09-11T22:10:47+08:00,confirmed
2011-12-07,57.08000183105469,46.900001525878906,1.2170575687414118,Derived from Yahoo Finance QQQ and RSP,QQQ/RSP,2026-09-11T22:10:47+08:00,confirmed
2011-12-08,56.119998931884766,45.720001220703125,1.227471509919214,Derived from Yahoo Finance QQQ and RSP,QQQ/RSP,2026-09-11T22:10:47+08:00,confirmed
2011-12-09,57.02000045776367,46.58000183105469,1.2241304898306955,Derived from Yahoo Finance QQQ and RSP,QQQ/RSP,2026-09-11T22:10:47+08:00,confirmed
2011-12-12,56.380001068115234,45.84999847412109,1.2296620053310918,Derived from Yahoo Finance QQQ and RSP,QQQ/RSP,2026-09-11T22:10:47+08:00,confirmed
2011-12-13,55.7599983215332,45.15999984741211,1.2347209590331414,Derived from Yahoo Finance QQQ and RSP,QQQ/RSP,2026-09-11T22:10:47+08:00,confirmed
2011-12-14,54.88999938964844,44.63999938964844,1.229614698479966,Derived from Yahoo Finance QQQ and RSP,QQQ/RSP,2026-09-11T22:10:47+08:00,confirmed
2011-12-15,54.7400016784668,44.84999847412109,1.2205128994609074,Derived from Yahoo Finance QQQ and RSP,QQQ/RSP,2026-09-11T22:10:47+08:00,confirmed
2011-12-16,54.86000061035156,44.77999877929688,1.2251005383170077,Derived from Yahoo Finance QQQ and RSP,QQQ/RSP,2026-09-11T22:10:47+08:00,confirmed
2011-12-19,54.31999969482422,44.15999984741211,1.2300724611077531,Derived from Yahoo Finance QQQ and RSP,QQQ/RSP,2026-09-11T22:10:47+08:00,confirmed
2011-12-20,55.93000030517578,45.619998931884766,1.2259974049689235,Derived from Yahoo Finance QQQ and RSP,QQQ/RSP,2026-09-11T22:10:47+08:00,confirmed
2011-12-21,55.130001068115234,45.790000915527344,1.2039746662119133,Derived from Yahoo Finance QQQ and RSP,QQQ/RSP,2026-09-11T22:10:47+08:00,confirmed
2011-12-22,55.59999847412109,46.310001373291016,1.2006045524798454,Derived from Yahoo Finance QQQ and RSP,QQQ/RSP,2026-09-11T22:10:47+08:00,confirmed
2011-12-23,56.08000183105469,46.68000030517578,1.2013710682181948,Derived from Yahoo Finance QQQ and RSP,QQQ/RSP,2026-09-11T22:10:47+08:00,confirmed
2011-12-27,56.2400016784668,46.65999984741211,1.2053150849203447,Derived from Yahoo Finance QQQ and RSP,QQQ/RSP,2026-09-11T22:10:47+08:00,confirmed
2011-12-28,55.59000015258789,46.0,1.2084782641866934,Derived from Yahoo Finance QQQ and RSP,QQQ/RSP,2026-09-11T22:10:47+08:00,confirmed
2011-12-29,55.9900016784668,46.4900016784668,1.2043450130568656,Derived from Yahoo Finance QQQ and RSP,QQQ/RSP,2026-09-11T22:10:47+08:00,confirmed
2011-12-30,55.83000183105469,46.27999877929688,1.2063527075119533,Derived from Yahoo Finance QQQ and RSP,QQQ/RSP,2026-09-11T22:10:47+08:00,confirmed
2012-01-03,56.900001525878906,46.9900016784668,1.2108959245250117,Derived from Yahoo Finance QQQ and RSP,QQQ/RSP,2026-09-11T22:10:47+08:00,confirmed
2012-01-04,57.13999938964844,46.95000076293945,1.2170393708438996,Derived from Yahoo Finance QQQ and RSP,QQQ/RSP,2026-09-11T22:10:47+08:00,confirmed
2012-01-05,57.61000061035156,47.13999938964844,1.2221043987328148,Derived from Yahoo Finance QQQ and RSP,QQQ/RSP,2026-09-11T22:10:47+08:00,confirmed
2012-01-06,57.810001373291016,47.08000183105469,1.227909921939694,Derived from Yahoo Finance QQQ and RSP,QQQ/RSP,2026-09-11T22:10:47+08:00,confirmed
2012-01-09,57.619998931884766,47.209999084472656,1.220504131524882,Derived from Yahoo Finance QQQ and RSP,QQQ/RSP,2026-09-11T22:10:47+08:00,confirmed
2012-01-10,58.040000915527344,47.81999969482422,1.2137181364685221,Derived from Yahoo Finance QQQ and RSP,QQQ/RSP,2026-09-11T22:10:47+08:00,confirmed
2012-01-11,58.15999984741211,47.88999938964844,1.2144497930393283,Derived from Yahoo Finance QQQ and RSP,QQQ/RSP,2026-09-11T22:10:47+08:00,confirmed
2012-01-12,58.38999938964844,48.09000015258789,1.2141817260216055,Derived from Yahoo Finance QQQ and RSP,QQQ/RSP,2026-09-11T22:10:47+08:00,confirmed
2012-01-13,58.18000030517578,47.79999923706055,1.2171548375270131,Derived from Yahoo Finance QQQ and RSP,QQQ/RSP,2026-09-11T22:10:47+08:00,confirmed
2012-01-17,58.709999084472656,47.900001525878906,1.225678438710559,Derived from Yahoo Finance QQQ and RSP,QQQ/RSP,2026-09-11T22:10:47+08:00,confirmed
2012-01-18,59.4900016784668,48.59999847412109,1.2240741470422989,Derived from Yahoo Finance QQQ and RSP,QQQ/RSP,2026-09-11T22:10:47+08:00,confirmed
2012-01-19,59.86000061035156,48.970001220703125,1.2223810316150137,Derived from Yahoo Finance QQQ and RSP,QQQ/RSP,2026-09-11T22:10:47+08:00,confirmed
2012-01-20,59.77000045776367,48.90999984741211,1.2220404956907023,Derived from Yahoo Finance QQQ and RSP,QQQ/RSP,2026-09-11T22:10:47+08:00,confirmed
2012-01-23,59.790000915527344,48.93999862670898,1.221700093855274,Derived from Yahoo Finance QQQ and RSP,QQQ/RSP,2026-09-11T22:10:47+08:00,confirmed
2012-01-24,59.68000030517578,49.02000045776367,1.2174622551584209,Derived from Yahoo Finance QQQ and RSP,QQQ/RSP,2026-09-11T22:10:47+08:00,confirmed
2012-01-25,60.43000030517578,49.5099983215332,1.2205615502695983,Derived from Yahoo Finance QQQ and RSP,QQQ/RSP,2026-09-11T22:10:47+08:00,confirmed
2012-01-26,60.220001220703125,49.18000030517578,1.224481513766186,Derived from Yahoo Finance QQQ and RSP,QQQ/RSP,2026-09-11T22:10:47+08:00,confirmed
2012-01-27,60.400001525878906,49.20000076293945,1.2276422883996376,Derived from Yahoo Finance QQQ and RSP,QQQ/RSP,2026-09-11T22:10:47+08:00,confirmed
2012-01-30,60.45000076293945,48.91999816894531,1.2356909858045222,Derived from Yahoo Finance QQQ and RSP,QQQ/RSP,2026-09-11T22:10:47+08:00,confirmed
2012-01-31,60.52999877929688,48.90999984741211,1.2375792060547226,Derived from Yahoo Finance QQQ and RSP,QQQ/RSP,2026-09-11T22:10:47+08:00,confirmed
2012-02-01,61.02000045776367,49.54999923706055,1.231483378351381,Derived from Yahoo Finance QQQ and RSP,QQQ/RSP,2026-09-11T22:10:47+08:00,confirmed
2012-02-02,61.209999084472656,49.619998931884766,1.2335751794049394,Derived from Yahoo Finance QQQ and RSP,QQQ/RSP,2026-09-11T22:10:47+08:00,confirmed
2012-02-03,62.04999923706055,50.43999862670898,1.2301744830778771,Derived from Yahoo Finance QQQ and RSP,QQQ/RSP,2026-09-11T22:10:47+08:00,confirmed
2012-02-06,62.0,50.36000061035156,1.2311358071599352,Derived from Yahoo Finance QQQ and RSP,QQQ/RSP,2026-09-11T22:10:47+08:00,confirmed
2012-02-07,62.130001068115234,50.459999084472656,1.2312723383943465,Derived from Yahoo Finance QQQ and RSP,QQQ/RSP,2026-09-11T22:10:47+08:00,confirmed
2012-02-08,62.459999084472656,50.619998931884766,1.2338996523591401,Derived from Yahoo Finance QQQ and RSP,QQQ/RSP,2026-09-11T22:10:47+08:00,confirmed
2012-02-09,62.90999984741211,50.68000030517578,1.241318063705444,Derived from Yahoo Finance QQQ and RSP,QQQ/RSP,2026-09-11T22:10:47+08:00,confirmed
2012-02-10,62.470001220703125,50.290000915527344,1.2421952691079616,Derived from Yahoo Finance QQQ and RSP,QQQ/RSP,2026-09-11T22:10:47+08:00,confirmed
2012-02-13,63.04999923706055,50.59000015258789,1.2462937150996485,Derived from Yahoo Finance QQQ and RSP,QQQ/RSP,2026-09-11T22:10:47+08:00,confirmed
2012-02-14,63.209999084472656,50.5099983215332,1.2514353827948008,Derived from Yahoo Finance QQQ and RSP,QQQ/RSP,2026-09-11T22:10:47+08:00,confirmed
2012-02-15,62.77000045776367,50.36000061035156,1.2464257286935223,Derived from Yahoo Finance QQQ and RSP,QQQ/RSP,2026-09-11T22:10:47+08:00,confirmed
2012-02-16,63.630001068115234,50.9900016784668,1.247891723349096,Derived from Yahoo Finance QQQ and RSP,QQQ/RSP,2026-09-11T22:10:47+08:00,confirmed
2012-02-17,63.43000030517578,51.130001068115234,1.2405632501488613,Derived from Yahoo Finance QQQ and RSP,QQQ/RSP,2026-09-11T22:10:47+08:00,confirmed
2012-02-21,63.61000061035156,50.97999954223633,1.2477442365932434,Derived from Yahoo Finance QQQ and RSP,QQQ/RSP,2026-09-11T22:10:47+08:00,confirmed
2012-02-22,63.31999969482422,50.75,1.2476847230507235,Derived from Yahoo Finance QQQ and RSP,QQQ/RSP,2026-09-11T22:10:47+08:00,confirmed
2012-02-23,63.7400016784668,51.04999923706055,1.24857987524109,Derived from Yahoo Finance QQQ and RSP,QQQ/RSP,2026-09-11T22:10:47+08:00,confirmed
2012-02-24,63.959999084472656,51.11000061035156,1.251418476240803,Derived from Yahoo Finance QQQ and RSP,QQQ/RSP,2026-09-11T22:10:47+08:00,confirmed
2012-02-27,64.05000305175781,51.16999816894531,1.2517100907505851,Derived from Yahoo Finance QQQ and RSP,QQQ/RSP,2026-09-11T22:10:47+08:00,confirmed
2012-02-28,64.69999694824219,51.220001220703125,1.2631783562334327,Derived from Yahoo Finance QQQ and RSP,QQQ/RSP,2026-09-11T22:10:47+08:00,confirmed
2012-02-29,64.41000366210938,50.869998931884766,1.2661687638003445,Derived from Yahoo Finance QQQ and RSP,QQQ/RSP,2026-09-11T22:10:47+08:00,confirmed
2012-03-01,64.91999816894531,51.18000030517578,1.2684642005048996,Derived from Yahoo Finance QQQ and RSP,QQQ/RSP,2026-09-11T22:10:47+08:00,confirmed
2012-03-02,64.87000274658203,50.93999862670898,1.2734590595879844,Derived from Yahoo Finance QQQ and RSP,QQQ/RSP,2026-09-11T22:10:47+08:00,confirmed
2012-03-05,64.19999694824219,50.619998931884766,1.2682733761932892,Derived from Yahoo Finance QQQ and RSP,QQQ/RSP,2026-09-11T22:10:47+08:00,confirmed
2012-03-06,63.56999969482422,49.7400016784668,1.2780457890966384,Derived from Yahoo Finance QQQ and RSP,QQQ/RSP,2026-09-11T22:10:47+08:00,confirmed
2012-03-07,64.05999755859375,50.150001525878906,1.2773678087634128,Derived from Yahoo Finance QQQ and RSP,QQQ/RSP,2026-09-11T22:10:47+08:00,confirmed
2012-03-08,64.75,50.75,1.2758620689655173,Derived from Yahoo Finance QQQ and RSP,QQQ/RSP,2026-09-11T22:10:47+08:00,confirmed
2012-03-09,65.0199966430664,51.09000015258789,1.2726560275763263,Derived from Yahoo Finance QQQ and RSP,QQQ/RSP,2026-09-11T22:10:47+08:00,confirmed
2012-03-12,65.05000305175781,50.959999084472656,1.2764914485953813,Derived from Yahoo Finance QQQ and RSP,QQQ/RSP,2026-09-11T22:10:47+08:00,confirmed
2012-03-13,66.26000213623047,51.91999816894531,1.2761942309902137,Derived from Yahoo Finance QQQ and RSP,QQQ/RSP,2026-09-11T22:10:47+08:00,confirmed
2012-03-14,66.48999786376953,51.790000915527344,1.2838385149330038,Derived from Yahoo Finance QQQ and RSP,QQQ/RSP,2026-09-11T22:10:47+08:00,confirmed
2012-03-15,66.68000030517578,52.209999084472656,1.2771499995104678,Derived from Yahoo Finance QQQ and RSP,QQQ/RSP,2026-09-11T22:10:47+08:00,confirmed
2012-03-16,66.5199966430664,52.09000015258789,1.2770204731850363,Derived from Yahoo Finance QQQ and RSP,QQQ/RSP,2026-09-11T22:10:47+08:00,confirmed
2012-03-19,66.98999786376953,52.22999954223633,1.2825961794159577,Derived from Yahoo Finance QQQ and RSP,QQQ/RSP,2026-09-11T22:10:47+08:00,confirmed
2012-03-20,67.11000061035156,51.970001220703125,1.2913218979032304,Derived from Yahoo Finance QQQ and RSP,QQQ/RSP,2026-09-11T22:10:47+08:00,confirmed
2012-03-21,67.12000274658203,51.90999984741211,1.2930071844322726,Derived from Yahoo Finance QQQ and RSP,QQQ/RSP,2026-09-11T22:10:47+08:00,confirmed
2012-03-22,66.9800033569336,51.459999084472656,1.3015935590473784,Derived from Yahoo Finance QQQ and RSP,QQQ/RSP,2026-09-11T22:10:47+08:00,confirmed
2012-03-23,66.94000244140625,51.66999816894531,1.2955294138492637,Derived from Yahoo Finance QQQ and RSP,QQQ/RSP,2026-09-11T22:10:47+08:00,confirmed
2012-03-26,68.11000061035156,52.31999969482422,1.301796655344579,Derived from Yahoo Finance QQQ and RSP,QQQ/RSP,2026-09-11T22:10:47+08:00,confirmed
2012-03-27,68.20999908447266,52.20000076293945,1.3067049442056686,Derived from Yahoo Finance QQQ and RSP,QQQ/RSP,2026-09-11T22:10:47+08:00,confirmed
2012-03-28,67.94000244140625,51.77000045776367,1.3123430913784675,Derived from Yahoo Finance QQQ and RSP,QQQ/RSP,2026-09-11T22:10:47+08:00,confirmed
2012-03-29,67.68000030517578,51.720001220703125,1.3085846617900696,Derived from Yahoo Finance QQQ and RSP,QQQ/RSP,2026-09-11T22:10:47+08:00,confirmed
2012-03-30,67.55000305175781,51.869998931884766,1.3022942826828259,Derived from Yahoo Finance QQQ and RSP,QQQ/RSP,2026-09-11T22:10:47+08:00,confirmed
2012-04-02,68.25,52.27000045776367,1.30572028701528,Derived from Yahoo Finance QQQ and RSP,QQQ/RSP,2026-09-11T22:10:47+08:00,confirmed
2012-04-03,68.2300033569336,52.08000183105469,1.310099864786273,Derived from Yahoo Finance QQQ and RSP,QQQ/RSP,2026-09-11T22:10:47+08:00,confirmed
2012-04-04,67.30000305175781,51.47999954223633,1.3073038782088973,Derived from Yahoo Finance QQQ and RSP,QQQ/RSP,2026-09-11T22:10:47+08:00,confirmed
2012-04-05,67.72000122070312,51.33000183105469,1.3193064251895754,Derived from Yahoo Finance QQQ and RSP,QQQ/RSP,2026-09-11T22:10:47+08:00,confirmed
2012-04-09,67.20999908447266,50.65999984741211,1.3266877079926793,Derived from Yahoo Finance QQQ and RSP,QQQ/RSP,2026-09-11T22:10:47+08:00,confirmed
2012-04-10,66.12999725341797,49.72999954223633,1.3297807734193303,Derived from Yahoo Finance QQQ and RSP,QQQ/RSP,2026-09-11T22:10:47+08:00,confirmed
2012-04-11,66.44999694824219,50.18999862670898,1.3239688935333092,Derived from Yahoo Finance QQQ and RSP,QQQ/RSP,2026-09-11T22:10:47+08:00,confirmed
2012-04-12,67.20999908447266,51.0099983215332,1.3175848127032939,Derived from Yahoo Finance QQQ and RSP,QQQ/RSP,2026-09-11T22:10:47+08:00,confirmed
2012-04-13,66.19000244140625,50.40999984741211,1.3130331807530096,Derived from Yahoo Finance QQQ and RSP,QQQ/RSP,2026-09-11T22:10:47+08:00,confirmed
2012-04-16,65.44999694824219,50.41999816894531,1.2980959802682848,Derived from Yahoo Finance QQQ and RSP,QQQ/RSP,2026-09-11T22:10:47+08:00,confirmed
2012-04-17,66.77999877929688,51.130001068115234,1.3060824835566258,Derived from Yahoo Finance QQQ and RSP,QQQ/RSP,2026-09-11T22:10:47+08:00,confirmed
2012-04-18,66.61000061035156,50.91999816894531,1.3081304596545555,Derived from Yahoo Finance QQQ and RSP,QQQ/RSP,2026-09-11T22:10:47+08:00,confirmed
2012-04-19,65.86000061035156,50.709999084472656,1.2987576769749503,Derived from Yahoo Finance QQQ and RSP,QQQ/RSP,2026-09-11T22:10:47+08:00,confirmed
2012-04-20,65.68000030517578,50.79999923706055,1.2929134112517802,Derived from Yahoo Finance QQQ and RSP,QQQ/RSP,2026-09-11T22:10:47+08:00,confirmed
2012-04-23,65.08000183105469,50.2599983215332,1.2948667728699874,Derived from Yahoo Finance QQQ and RSP,QQQ/RSP,2026-09-11T22:10:47+08:00,confirmed
2012-04-24,64.7300033569336,50.45000076293945,1.2830525743913215,Derived from Yahoo Finance QQQ and RSP,QQQ/RSP,2026-09-11T22:10:47+08:00,confirmed
2012-04-25,66.44999694824219,51.06999969482422,1.3011552250895486,Derived from Yahoo Finance QQQ and RSP,QQQ/RSP,2026-09-11T22:10:47+08:00,confirmed
2012-04-26,66.83999633789062,51.47999954223633,1.2983682387769315,Derived from Yahoo Finance QQQ and RSP,QQQ/RSP,2026-09-11T22:10:47+08:00,confirmed
2012-04-27,67.23999786376953,51.630001068115234,1.3023435303644502,Derived from Yahoo Finance QQQ and RSP,QQQ/RSP,2026-09-11T22:10:47+08:00,confirmed
2012-04-30,66.76000213623047,51.47999954223633,1.2968143498419769,Derived from Yahoo Finance QQQ and RSP,QQQ/RSP,2026-09-11T22:10:47+08:00,confirmed
2012-05-01,66.87000274658203,51.810001373291016,1.290677494192361,Derived from Yahoo Finance QQQ and RSP,QQQ/RSP,2026-09-11T22:10:47+08:00,confirmed
2012-05-02,67.05999755859375,51.66999816894531,1.2978517502425253,Derived from Yahoo Finance QQQ and RSP,QQQ/RSP,2026-09-11T22:10:47+08:00,confirmed
2012-05-03,66.3499984741211,51.150001525878906,1.2971651318632293,Derived from Yahoo Finance QQQ and RSP,QQQ/RSP,2026-09-11T22:10:47+08:00,confirmed
2012-05-04,64.69999694824219,50.34000015258789,1.2852601659143237,Derived from Yahoo Finance QQQ and RSP,QQQ/RSP,2026-09-11T22:10:47+08:00,confirmed
2012-05-07,64.76000213623047,50.290000915527344,1.2877311783113414,Derived from Yahoo Finance QQQ and RSP,QQQ/RSP,2026-09-11T22:10:47+08:00,confirmed
2012-05-08,64.5199966430664,50.0,1.290399932861328,Derived from Yahoo Finance QQQ and RSP,QQQ/RSP,2026-09-11T22:10:47+08:00,confirmed
2012-05-09,64.31999969482422,49.790000915527344,1.2918256379217217,Derived from Yahoo Finance QQQ and RSP,QQQ/RSP,2026-09-11T22:10:47+08:00,confirmed
2012-05-10,64.19000244140625,49.81999969482422,1.288438435058339,Derived from Yahoo Finance QQQ and RSP,QQQ/RSP,2026-09-11T22:10:47+08:00,confirmed
2012-05-11,64.18000030517578,49.7599983215332,1.2897910464237787,Derived from Yahoo Finance QQQ and RSP,QQQ/RSP,2026-09-11T22:10:47+08:00,confirmed
2012-05-14,63.58000183105469,49.16999816894531,1.2930649623495494,Derived from Yahoo Finance QQQ and RSP,QQQ/RSP,2026-09-11T22:10:47+08:00,confirmed
2012-05-15,63.369998931884766,48.81999969482422,1.2980335790252597,Derived from Yahoo Finance QQQ and RSP,QQQ/RSP,2026-09-11T22:10:47+08:00,confirmed
2012-05-16,62.93999862670898,48.5,1.2977319304476078,Derived from Yahoo Finance QQQ and RSP,QQQ/RSP,2026-09-11T22:10:47+08:00,confirmed
2012-05-17,61.61000061035156,47.54999923706055,1.2956887823109076,Derived from Yahoo Finance QQQ and RSP,QQQ/RSP,2026-09-11T22:10:47+08:00,confirmed
2012-05-18,60.810001373291016,47.09999847412109,1.291082873531362,Derived from Yahoo Finance QQQ and RSP,QQQ/RSP,2026-09-11T22:10:47+08:00,confirmed
2012-05-21,62.5099983215332,48.040000915527344,1.301207267490474,Derived from Yahoo Finance QQQ and RSP,QQQ/RSP,2026-09-11T22:10:47+08:00,confirmed
2012-05-22,62.43999862670898,48.130001068115234,1.297319701662623,Derived from Yahoo Finance QQQ and RSP,QQQ/RSP,2026-09-11T22:10:47+08:00,confirmed
2012-05-23,62.560001373291016,48.290000915527344,1.295506319884439,Derived from Yahoo Finance QQQ and RSP,QQQ/RSP,2026-09-11T22:10:47+08:00,confirmed
2012-05-24,62.150001525878906,48.34000015258789,1.2856847606474757,Derived from Yahoo Finance QQQ and RSP,QQQ/RSP,2026-09-11T22:10:47+08:00,confirmed
2012-05-25,62.06999969482422,48.34000015258789,1.2840297786283994,Derived from Yahoo Finance QQQ and RSP,QQQ/RSP,2026-09-11T22:10:47+08:00,confirmed
2012-05-29,62.86000061035156,48.93000030517578,1.2846924222009921,Derived from Yahoo Finance QQQ and RSP,QQQ/RSP,2026-09-11T22:10:47+08:00,confirmed
2012-05-30,62.33000183105469,48.040000915527344,1.2974604630140332,Derived from Yahoo Finance QQQ and RSP,QQQ/RSP,2026-09-11T22:10:47+08:00,confirmed
2012-05-31,62.060001373291016,47.880001068115234,1.2961570590819949,Derived from Yahoo Finance QQQ and RSP,QQQ/RSP,2026-09-11T22:10:47+08:00,confirmed
2012-06-01,60.40999984741211,46.54999923706055,1.2977443788939311,Derived from Yahoo Finance QQQ and RSP,QQQ/RSP,2026-09-11T22:10:47+08:00,confirmed
2012-06-04,60.869998931884766,46.45000076293945,1.310441290249675,Derived from Yahoo Finance QQQ and RSP,QQQ/RSP,2026-09-11T22:10:47+08:00,confirmed
2012-06-05,61.119998931884766,46.90999984741211,1.3029204675057482,Derived from Yahoo Finance QQQ and RSP,QQQ/RSP,2026-09-11T22:10:47+08:00,confirmed
2012-06-06,62.52000045776367,48.02999877929688,1.3016864885849766,Derived from Yahoo Finance QQQ and RSP,QQQ/RSP,2026-09-11T22:10:47+08:00,confirmed
2012-06-07,62.27000045776367,47.97999954223633,1.2978324521022138,Derived from Yahoo Finance QQQ and RSP,QQQ/RSP,2026-09-11T22:10:47+08:00,confirmed
2012-06-08,62.869998931884766,48.34999847412109,1.3003102567942249,Derived from Yahoo Finance QQQ and RSP,QQQ/RSP,2026-09-11T22:10:47+08:00,confirmed
2012-06-11,61.810001373291016,47.61000061035156,1.2982566809682423,Derived from Yahoo Finance QQQ and RSP,QQQ/RSP,2026-09-11T22:10:47+08:00,confirmed
2012-06-12,62.560001373291016,48.16999816894531,1.2987337295275794,Derived from Yahoo Finance QQQ and RSP,QQQ/RSP,2026-09-11T22:10:47+08:00,confirmed
2012-06-13,62.130001068115234,47.7400016784668,1.3014243586870058,Derived from Yahoo Finance QQQ and RSP,QQQ/RSP,2026-09-11T22:10:47+08:00,confirmed
2012-06-14,62.36000061035156,48.220001220703125,1.2932392997032416,Derived from Yahoo Finance QQQ and RSP,QQQ/RSP,2026-09-11T22:10:47+08:00,confirmed
2012-06-15,62.9900016784668,48.56999969482422,1.296891127738245,Derived from Yahoo Finance QQQ and RSP,QQQ/RSP,2026-09-11T22:10:47+08:00,confirmed
2012-06-18,63.58000183105469,48.70000076293945,1.3055441649898056,Derived from Yahoo Finance QQQ and RSP,QQQ/RSP,2026-09-11T22:10:47+08:00,confirmed
2012-06-19,64.23999786376953,49.290000915527344,1.3033068912671217,Derived from Yahoo Finance QQQ and RSP,QQQ/RSP,2026-09-11T22:10:47+08:00,confirmed
2012-06-20,64.29000091552734,49.22999954223633,1.305911060599756,Derived from Yahoo Finance QQQ and RSP,QQQ/RSP,2026-09-11T22:10:47+08:00,confirmed
2012-06-21,62.68999862670898,47.959999084472656,1.3071309387702896,Derived from Yahoo Finance QQQ and RSP,QQQ/RSP,2026-09-11T22:10:47+08:00,confirmed
2012-06-22,63.34999847412109,48.31999969482422,1.3110513012049294,Derived from Yahoo Finance QQQ and RSP,QQQ/RSP,2026-09-11T22:10:47+08:00,confirmed
2012-06-25,62.130001068115234,47.459999084472656,1.3091024497815913,Derived from Yahoo Finance QQQ and RSP,QQQ/RSP,2026-09-11T22:10:47+08:00,confirmed
2012-06-26,62.52000045776367,47.720001220703125,1.3101424739829979,Derived from Yahoo Finance QQQ and RSP,QQQ/RSP,2026-09-11T22:10:47+08:00,confirmed
2012-06-27,62.900001525878906,48.16999816894531,1.3057920680268962,Derived from Yahoo Finance QQQ and RSP,QQQ/RSP,2026-09-11T22:10:47+08:00,confirmed
2012-06-28,62.20000076293945,48.18999862670898,1.290724269256682,Derived from Yahoo Finance QQQ and RSP,QQQ/RSP,2026-09-11T22:10:47+08:00,confirmed
2012-06-29,64.16000366210938,49.52000045776367,1.2956381879849208,Derived from Yahoo Finance QQQ and RSP,QQQ/RSP,2026-09-11T22:10:47+08:00,confirmed
2012-07-02,64.3499984741211,49.63999938964844,1.2963335871341726,Derived from Yahoo Finance QQQ and RSP,QQQ/RSP,2026-09-11T22:10:47+08:00,confirmed
2012-07-03,64.88999938964844,50.09000015258789,1.2954681411853801,Derived from Yahoo Finance QQQ and RSP,QQQ/RSP,2026-09-11T22:10:47+08:00,confirmed
2012-07-05,64.93000030517578,49.880001068115234,1.3017241161745072,Derived from Yahoo Finance QQQ and RSP,QQQ/RSP,2026-09-11T22:10:47+08:00,confirmed
2012-07-06,64.12000274658203,49.33000183105469,1.299817562670687,Derived from Yahoo Finance QQQ and RSP,QQQ/RSP,2026-09-11T22:10:47+08:00,confirmed
2012-07-09,64.0,49.04999923706055,1.3047910498568107,Derived from Yahoo Finance QQQ and RSP,QQQ/RSP,2026-09-11T22:10:47+08:00,confirmed
2012-07-10,63.369998931884766,48.52999877929688,1.3057902436815783,Derived from Yahoo Finance QQQ and RSP,QQQ/RSP,2026-09-11T22:10:47+08:00,confirmed
2012-07-11,63.02000045776367,48.540000915527344,1.2983106565538682,Derived from Yahoo Finance QQQ and RSP,QQQ/RSP,2026-09-11T22:10:47+08:00,confirmed
2012-07-12,62.43000030517578,48.2599983215332,1.2936179543404593,Derived from Yahoo Finance QQQ and RSP,QQQ/RSP,2026-09-11T22:10:47+08:00,confirmed
2012-07-13,63.380001068115234,49.02999877929688,1.2926780062429393,Derived from Yahoo Finance QQQ and RSP,QQQ/RSP,2026-09-11T22:10:47+08:00,confirmed
2012-07-16,63.20000076293945,48.84000015258789,1.2940213055996617,Derived from Yahoo Finance QQQ and RSP,QQQ/RSP,2026-09-11T22:10:47+08:00,confirmed
2012-07-17,63.52999877929688,49.18999862670898,1.2915226784495504,Derived from Yahoo Finance QQQ and RSP,QQQ/RSP,2026-09-11T22:10:47+08:00,confirmed
2012-07-18,64.38999938964844,49.619998931884766,1.297662248603411,Derived from Yahoo Finance QQQ and RSP,QQQ/RSP,2026-09-11T22:10:47+08:00,confirmed
2012-07-19,65.0999984741211,49.77999877929688,1.3077541195359708,Derived from Yahoo Finance QQQ and RSP,QQQ/RSP,2026-09-11T22:10:47+08:00,confirmed
2012-07-20,64.23999786376953,49.22999954223633,1.3048953577311238,Derived from Yahoo Finance QQQ and RSP,QQQ/RSP,2026-09-11T22:10:47+08:00,confirmed
2012-07-23,63.459999084472656,48.63999938964844,1.3046874975491511,Derived from Yahoo Finance QQQ and RSP,QQQ/RSP,2026-09-11T22:10:47+08:00,confirmed
2012-07-24,62.959999084472656,48.11000061035156,1.308667601033576,Derived from Yahoo Finance QQQ and RSP,QQQ/RSP,2026-09-11T22:10:47+08:00,confirmed
2012-07-25,62.540000915527344,48.130001068115234,1.2993974553837757,Derived from Yahoo Finance QQQ and RSP,QQQ/RSP,2026-09-11T22:10:47+08:00,confirmed
2012-07-26,63.369998931884766,48.970001220703125,1.2940575322079781,Derived from Yahoo Finance QQQ and RSP,QQQ/RSP,2026-09-11T22:10:47+08:00,confirmed
2012-07-27,64.87000274658203,49.9900016784668,1.2976595432787272,Derived from Yahoo Finance QQQ and RSP,QQQ/RSP,2026-09-11T22:10:47+08:00,confirmed
2012-07-30,64.81999969482422,49.93999862670898,1.2979575786403226,Derived from Yahoo Finance QQQ and RSP,QQQ/RSP,2026-09-11T22:10:47+08:00,confirmed
2012-07-31,64.80000305175781,49.58000183105469,1.306978633695209,Derived from Yahoo Finance QQQ and RSP,QQQ/RSP,2026-09-11T22:10:47+08:00,confirmed
2012-08-01,64.61000061035156,49.400001525878906,1.3078947087988384,Derived from Yahoo Finance QQQ and RSP,QQQ/RSP,2026-09-11T22:10:47+08:00,confirmed
2012-08-02,64.37999725341797,49.02000045776367,1.3133414249738469,Derived from Yahoo Finance QQQ and RSP,QQQ/RSP,2026-09-11T22:10:47+08:00,confirmed
2012-08-03,65.5999984741211,50.04999923706055,1.3106893001817717,Derived from Yahoo Finance QQQ and RSP,QQQ/RSP,2026-09-11T22:10:47+08:00,confirmed
2012-08-06,66.0999984741211,50.290000915527344,1.3143765613595826,Derived from Yahoo Finance QQQ and RSP,QQQ/RSP,2026-09-11T22:10:47+08:00,confirmed
2012-08-07,66.6500015258789,50.790000915527344,1.312266200521034,Derived from Yahoo Finance QQQ and RSP,QQQ/RSP,2026-09-11T22:10:47+08:00,confirmed
2012-08-08,66.62000274658203,50.93000030517578,1.3080699459530878,Derived from Yahoo Finance QQQ and RSP,QQQ/RSP,2026-09-11T22:10:47+08:00,confirmed
2012-08-09,66.81999969482422,51.0099983215332,1.3099392647228736,Derived from Yahoo Finance QQQ and RSP,QQQ/RSP,2026-09-11T22:10:47+08:00,confirmed
2012-08-10,66.86000061035156,51.08000183105469,1.308927138089945,Derived from Yahoo Finance QQQ and RSP,QQQ/RSP,2026-09-11T22:10:47+08:00,confirmed
2012-08-13,67.0199966430664,51.02000045776367,1.3136024312376897,Derived from Yahoo Finance QQQ and RSP,QQQ/RSP,2026-09-11T22:10:47+08:00,confirmed
2012-08-14,67.05000305175781,50.91999816894531,1.3167715134100249,Derived from Yahoo Finance QQQ and RSP,QQQ/RSP,2026-09-11T22:10:47+08:00,confirmed
2012-08-15,67.22000122070312,51.11000061035156,1.3152025125800668,Derived from Yahoo Finance QQQ and RSP,QQQ/RSP,2026-09-11T22:10:47+08:00,confirmed
2012-08-16,68.0199966430664,51.54999923706055,1.319495589714096,Derived from Yahoo Finance QQQ and RSP,QQQ/RSP,2026-09-11T22:10:47+08:00,confirmed
2012-08-17,68.31999969482422,51.650001525878906,1.3227492289732636,Derived from Yahoo Finance QQQ and RSP,QQQ/RSP,2026-09-11T22:10:47+08:00,confirmed
2012-08-20,68.41999816894531,51.59999847412109,1.3259689959731287,Derived from Yahoo Finance QQQ and RSP,QQQ/RSP,2026-09-11T22:10:47+08:00,confirmed
2012-08-21,68.1500015258789,51.54999923706055,1.3220175079437093,Derived from Yahoo Finance QQQ and RSP,QQQ/RSP,2026-09-11T22:10:47+08:00,confirmed
2012-08-22,68.43000030517578,51.47999954223633,1.3292540970019429,Derived from Yahoo Finance QQQ and RSP,QQQ/RSP,2026-09-11T22:10:47+08:00,confirmed
2012-08-23,67.87000274658203,51.0099983215332,1.3305235244034814,Derived from Yahoo Finance QQQ and RSP,QQQ/RSP,2026-09-11T22:10:47+08:00,confirmed
2012-08-24,68.29000091552734,51.27999877929688,1.3317083178850984,Derived from Yahoo Finance QQQ and RSP,QQQ/RSP,2026-09-11T22:10:47+08:00,confirmed
2012-08-27,68.4000015258789,51.18000030517578,1.3364595763584175,Derived from Yahoo Finance QQQ and RSP,QQQ/RSP,2026-09-11T22:10:47+08:00,confirmed
2012-08-28,68.4000015258789,51.150001525878906,1.3372433916990698,Derived from Yahoo Finance QQQ and RSP,QQQ/RSP,2026-09-11T22:10:47+08:00,confirmed
2012-08-29,68.4000015258789,51.27000045776367,1.3341135345264326,Derived from Yahoo Finance QQQ and RSP,QQQ/RSP,2026-09-11T22:10:47+08:00,confirmed
2012-08-30,67.70999908447266,50.869998931884766,1.3310399155922286,Derived from Yahoo Finance QQQ and RSP,QQQ/RSP,2026-09-11T22:10:47+08:00,confirmed
2012-08-31,68.16000366210938,51.09999847412109,1.3338552974053042,Derived from Yahoo Finance QQQ and RSP,QQQ/RSP,2026-09-11T22:10:47+08:00,confirmed
2012-09-04,68.08999633789062,51.060001373291016,1.333529073767472,Derived from Yahoo Finance QQQ and RSP,QQQ/RSP,2026-09-11T22:10:47+08:00,confirmed
2012-09-05,68.0199966430664,51.0099983215332,1.3334640047292974,Derived from Yahoo Finance QQQ and RSP,QQQ/RSP,2026-09-11T22:10:47+08:00,confirmed
2012-09-06,69.52999877929688,52.11000061035156,1.3342928030111145,Derived from Yahoo Finance QQQ and RSP,QQQ/RSP,2026-09-11T22:10:47+08:00,confirmed
2012-09-07,69.43000030517578,52.470001220703125,1.3232322982638074,Derived from Yahoo Finance QQQ and RSP,QQQ/RSP,2026-09-11T22:10:47+08:00,confirmed
2012-09-10,68.54000091552734,52.20000076293945,1.3130268182714058,Derived from Yahoo Finance QQQ and RSP,QQQ/RSP,2026-09-11T22:10:47+08:00,confirmed
2012-09-11,68.43000030517578,52.4900016784668,1.3036768549628017,Derived from Yahoo Finance QQQ and RSP,QQQ/RSP,2026-09-11T22:10:47+08:00,confirmed
2012-09-12,68.62999725341797,52.68999862670898,1.3025241799613347,Derived from Yahoo Finance QQQ and RSP,QQQ/RSP,2026-09-11T22:10:47+08:00,confirmed
2012-09-13,69.55999755859375,53.459999084472656,1.301159722219249,Derived from Yahoo Finance QQQ and RSP,QQQ/RSP,2026-09-11T22:10:47+08:00,confirmed
2012-09-14,70.18000030517578,53.869998931884766,1.302765949446444,Derived from Yahoo Finance QQQ and RSP,QQQ/RSP,2026-09-11T22:10:47+08:00,confirmed
2012-09-17,70.20999908447266,53.47999954223633,1.312827219249014,Derived from Yahoo Finance QQQ and RSP,QQQ/RSP,2026-09-11T22:10:47+08:00,confirmed
2012-09-18,70.2699966430664,53.310001373291016,1.318139088967883,Derived from Yahoo Finance QQQ and RSP,QQQ/RSP,2026-09-11T22:10:47+08:00,confirmed
2012-09-19,70.4000015258789,53.43000030517578,1.317611849593406,Derived from Yahoo Finance QQQ and RSP,QQQ/RSP,2026-09-11T22:10:47+08:00,confirmed
2012-09-20,70.33000183105469,53.290000915527344,1.3197598165280258,Derived from Yahoo Finance QQQ and RSP,QQQ/RSP,2026-09-11T22:10:47+08:00,confirmed
2012-09-21,70.1500015258789,53.060001373291016,1.322088196574954,Derived from Yahoo Finance QQQ and RSP,QQQ/RSP,2026-09-11T22:10:47+08:00,confirmed
2012-09-24,69.73999786376953,52.88999938964844,1.3185857188234142,Derived from Yahoo Finance QQQ and RSP,QQQ/RSP,2026-09-11T22:10:47+08:00,confirmed
2012-09-25,68.76000213623047,52.209999084472656,1.3169891465613877,Derived from Yahoo Finance QQQ and RSP,QQQ/RSP,2026-09-11T22:10:47+08:00,confirmed
2012-09-26,68.19999694824219,51.880001068115234,1.3145720035491095,Derived from Yahoo Finance QQQ and RSP,QQQ/RSP,2026-09-11T22:10:47+08:00,confirmed
2012-09-27,69.13999938964844,52.34999847412109,1.3207259103135864,Derived from Yahoo Finance QQQ and RSP,QQQ/RSP,2026-09-11T22:10:47+08:00,confirmed
2012-09-28,68.56999969482422,52.18000030517578,1.3141050075467842,Derived from Yahoo Finance QQQ and RSP,QQQ/RSP,2026-09-11T22:10:47+08:00,confirmed
2012-10-01,68.47000122070312,52.25,1.3104306453723087,Derived from Yahoo Finance QQQ and RSP,QQQ/RSP,2026-09-11T22:10:47+08:00,confirmed
2012-10-02,68.66999816894531,52.34999847412109,1.3117478542600516,Derived from Yahoo Finance QQQ and RSP,QQQ/RSP,2026-09-11T22:10:47+08:00,confirmed
2012-10-03,69.11000061035156,52.459999084472656,1.3173847086628534,Derived from Yahoo Finance QQQ and RSP,QQQ/RSP,2026-09-11T22:10:47+08:00,confirmed
2012-10-04,69.3499984741211,52.93000030517578,1.3102210102828902,Derived from Yahoo Finance QQQ and RSP,QQQ/RSP,2026-09-11T22:10:47+08:00,confirmed
2012-10-05,68.9800033569336,52.970001220703125,1.3022465880173137,Derived from Yahoo Finance QQQ and RSP,QQQ/RSP,2026-09-11T22:10:47+08:00,confirmed
2012-10-08,68.3499984741211,52.84999847412109,1.2932828845319617,Derived from Yahoo Finance QQQ and RSP,QQQ/RSP,2026-09-11T22:10:47+08:00,confirmed
2012-10-09,67.26000213623047,52.34999847412109,1.2848138318376467,Derived from Yahoo Finance QQQ and RSP,QQQ/RSP,2026-09-11T22:10:47+08:00,confirmed
2012-10-10,66.91999816894531,51.9900016784668,1.2871705329577285,Derived from Yahoo Finance QQQ and RSP,QQQ/RSP,2026-09-11T22:10:47+08:00,confirmed
2012-10-11,66.70999908447266,52.209999084472656,1.2777245787064633,Derived from Yahoo Finance QQQ and RSP,QQQ/RSP,2026-09-11T22:10:47+08:00,confirmed
2012-10-12,66.68000030517578,51.959999084472656,1.2832948706710416,Derived from Yahoo Finance QQQ and RSP,QQQ/RSP,2026-09-11T22:10:47+08:00,confirmed
2012-10-15,67.16999816894531,52.34000015258789,1.2833396632235998,Derived from Yahoo Finance QQQ and RSP,QQQ/RSP,2026-09-11T22:10:47+08:00,confirmed
2012-10-16,68.12000274658203,52.95000076293945,1.2864967283298,Derived from Yahoo Finance QQQ and RSP,QQQ/RSP,2026-09-11T22:10:47+08:00,confirmed
2012-10-17,68.08000183105469,53.2400016784668,1.2787377852129183,Derived from Yahoo Finance QQQ and RSP,QQQ/RSP,2026-09-11T22:10:47+08:00,confirmed
2012-10-18,67.29000091552734,53.2599983215332,1.2634247659809212,Derived from Yahoo Finance QQQ and RSP,QQQ/RSP,2026-09-11T22:10:47+08:00,confirmed
2012-10-19,65.68000030517578,52.40999984741211,1.2531959644418682,Derived from Yahoo Finance QQQ and RSP,QQQ/RSP,2026-09-11T22:10:47+08:00,confirmed
2012-10-22,66.0199966430664,52.369998931884766,1.260645369287396,Derived from Yahoo Finance QQQ and RSP,QQQ/RSP,2026-09-11T22:10:47+08:00,confirmed
2012-10-23,65.38999938964844,51.75,1.26357486743282,Derived from Yahoo Finance QQQ and RSP,QQQ/RSP,2026-09-11T22:10:47+08:00,confirmed
2012-10-24,65.16000366210938,51.5,1.2652427895555218,Derived from Yahoo Finance QQQ and RSP,QQQ/RSP,2026-09-11T22:10:47+08:00,confirmed
2012-10-25,65.16000366210938,51.70000076293945,1.2603482147106382,Derived from Yahoo Finance QQQ and RSP,QQQ/RSP,2026-09-11T22:10:47+08:00,confirmed
2012-10-26,65.3499984741211,51.650001525878906,1.2652467869023758,Derived from Yahoo Finance QQQ and RSP,QQQ/RSP,2026-09-11T22:10:47+08:00,confirmed
2012-10-31,64.94999694824219,51.75,1.2550724047969506,Derived from Yahoo Finance QQQ and RSP,QQQ/RSP,2026-09-11T22:10:47+08:00,confirmed
2012-11-01,65.87000274658203,52.4900016784668,1.2549057085209463,Derived from Yahoo Finance QQQ and RSP,QQQ/RSP,2026-09-11T22:10:47+08:00,confirmed
2012-11-02,65.16999816894531,51.97999954223633,1.2537514186777061,Derived from Yahoo Finance QQQ and RSP,QQQ/RSP,2026-09-11T22:10:47+08:00,confirmed
2012-11-05,65.5999984741211,52.16999816894531,1.2574276552911614,Derived from Yahoo Finance QQQ and RSP,QQQ/RSP,2026-09-11T22:10:47+08:00,confirmed
2012-11-06,65.72000122070312,52.630001068115234,1.248717459375432,Derived from Yahoo Finance QQQ and RSP,QQQ/RSP,2026-09-11T22:10:47+08:00,confirmed
2012-11-07,64.16999816894531,51.560001373291016,1.244569365007552,Derived from Yahoo Finance QQQ and RSP,QQQ/RSP,2026-09-11T22:10:47+08:00,confirmed
2012-11-08,63.15999984741211,50.880001068115234,1.2413521721993896,Derived from Yahoo Finance QQQ and RSP,QQQ/RSP,2026-09-11T22:10:47+08:00,confirmed
2012-11-09,63.43000030517578,50.90999984741211,1.2459241896540705,Derived from Yahoo Finance QQQ and RSP,QQQ/RSP,2026-09-11T22:10:47+08:00,confirmed
2012-11-12,63.41999816894531,50.95000076293945,1.2447497000839383,Derived from Yahoo Finance QQQ and RSP,QQQ/RSP,2026-09-11T22:10:47+08:00,confirmed
2012-11-13,62.97999954223633,50.790000915527344,1.240007844201127,Derived from Yahoo Finance QQQ and RSP,QQQ/RSP,2026-09-11T22:10:47+08:00,confirmed
2012-11-14,62.2400016784668,50.09999847412109,1.2423154406005934,Derived from Yahoo Finance QQQ and RSP,QQQ/RSP,2026-09-11T22:10:47+08:00,confirmed
2012-11-15,62.02999877929688,50.09999847412109,1.238123765838799,Derived from Yahoo Finance QQQ and RSP,QQQ/RSP,2026-09-11T22:10:47+08:00,confirmed
2012-11-16,62.29999923706055,50.38999938964844,1.2363564197593295,Derived from Yahoo Finance QQQ and RSP,QQQ/RSP,2026-09-11T22:10:47+08:00,confirmed
2012-11-19,63.77999877929688,51.29999923706055,1.2432748484959126,Derived from Yahoo Finance QQQ and RSP,QQQ/RSP,2026-09-11T22:10:47+08:00,confirmed
2012-11-20,63.79999923706055,51.33000183105469,1.242937793905581,Derived from Yahoo Finance QQQ and RSP,QQQ/RSP,2026-09-11T22:10:47+08:00,confirmed
2012-11-21,63.93000030517578,51.45000076293945,1.2425655851734396,Derived from Yahoo Finance QQQ and RSP,QQQ/RSP,2026-09-11T22:10:47+08:00,confirmed
2012-11-23,64.9000015258789,52.06999969482422,1.2463991147733768,Derived from Yahoo Finance QQQ and RSP,QQQ/RSP,2026-09-11T22:10:47+08:00,confirmed
2012-11-26,65.18000030517578,51.91999816894531,1.2553929623241322,Derived from Yahoo Finance QQQ and RSP,QQQ/RSP,2026-09-11T22:10:47+08:00,confirmed
2012-11-27,64.95999908447266,51.720001220703125,1.2559937654925974,Derived from Yahoo Finance QQQ and RSP,QQQ/RSP,2026-09-11T22:10:47+08:00,confirmed
2012-11-28,65.5199966430664,52.18000030517578,1.2556534354134035,Derived from Yahoo Finance QQQ and RSP,QQQ/RSP,2026-09-11T22:10:47+08:00,confirmed
2012-11-29,65.91000366210938,52.34999847412109,1.2590258946175823,Derived from Yahoo Finance QQQ and RSP,QQQ/RSP,2026-09-11T22:10:47+08:00,confirmed
2012-11-30,65.80000305175781,52.40999984741211,1.2554856562360184,Derived from Yahoo Finance QQQ and RSP,QQQ/RSP,2026-09-11T22:10:47+08:00,confirmed
2012-12-03,65.66999816894531,52.18999862670898,1.2582870261915997,Derived from Yahoo Finance QQQ and RSP,QQQ/RSP,2026-09-11T22:10:47+08:00,confirmed
2012-12-04,65.62999725341797,52.13999938964844,1.2587264676195558,Derived from Yahoo Finance QQQ and RSP,QQQ/RSP,2026-09-11T22:10:47+08:00,confirmed
2012-12-05,64.9000015258789,52.34999847412109,1.239732634528382,Derived from Yahoo Finance QQQ and RSP,QQQ/RSP,2026-09-11T22:10:47+08:00,confirmed
2012-12-06,65.31999969482422,52.5,1.244190470377604,Derived from Yahoo Finance QQQ and RSP,QQQ/RSP,2026-09-11T22:10:47+08:00,confirmed
2012-12-07,64.93000030517578,52.7599983215332,1.2306672170358197,Derived from Yahoo Finance QQQ and RSP,QQQ/RSP,2026-09-11T22:10:47+08:00,confirmed
2012-12-10,65.12000274658203,52.880001068115234,1.231467500590636,Derived from Yahoo Finance QQQ and RSP,QQQ/RSP,2026-09-11T22:10:47+08:00,confirmed
2012-12-11,65.97000122070312,53.18000030517578,1.2405039646884422,Derived from Yahoo Finance QQQ and RSP,QQQ/RSP,2026-09-11T22:10:47+08:00,confirmed
2012-12-12,65.83000183105469,53.209999084472656,1.2371735193332245,Derived from Yahoo Finance QQQ and RSP,QQQ/RSP,2026-09-11T22:10:47+08:00,confirmed
2012-12-13,65.30999755859375,52.93999862670898,1.2336607339019448,Derived from Yahoo Finance QQQ and RSP,QQQ/RSP,2026-09-11T22:10:47+08:00,confirmed
2012-12-14,64.69000244140625,52.84000015258789,1.2242619654541766,Derived from Yahoo Finance QQQ and RSP,QQQ/RSP,2026-09-11T22:10:47+08:00,confirmed
2012-12-17,65.55000305175781,53.470001220703125,1.2259211063263902,Derived from Yahoo Finance QQQ and RSP,QQQ/RSP,2026-09-11T22:10:47+08:00,confirmed
2012-12-18,66.55000305175781,54.13999938964844,1.2292206095680556,Derived from Yahoo Finance QQQ and RSP,QQQ/RSP,2026-09-11T22:10:47+08:00,confirmed
2012-12-19,66.26000213623047,53.880001068115234,1.2297698742148206,Derived from Yahoo Finance QQQ and RSP,QQQ/RSP,2026-09-11T22:10:47+08:00,confirmed
2012-12-20,66.26000213623047,54.13999938964844,1.223864109405575,Derived from Yahoo Finance QQQ and RSP,QQQ/RSP,2026-09-11T22:10:47+08:00,confirmed
2012-12-21,65.19999694824219,53.45000076293945,1.219831543827588,Derived from Yahoo Finance QQQ and RSP,QQQ/RSP,2026-09-11T22:10:47+08:00,confirmed
2012-12-24,65.06999969482422,53.27000045776367,1.221513030517363,Derived from Yahoo Finance QQQ and RSP,QQQ/RSP,2026-09-11T22:10:47+08:00,confirmed
2012-12-26,64.5,52.970001220703125,1.2176703513986407,Derived from Yahoo Finance QQQ and RSP,QQQ/RSP,2026-09-11T22:10:47+08:00,confirmed
2012-12-27,64.4000015258789,52.86000061035156,1.2183125384464613,Derived from Yahoo Finance QQQ and RSP,QQQ/RSP,2026-09-11T22:10:47+08:00,confirmed
2012-12-28,63.77999877929688,52.31999969482422,1.219036681026708,Derived from Yahoo Finance QQQ and RSP,QQQ/RSP,2026-09-11T22:10:47+08:00,confirmed
2012-12-31,65.12999725341797,53.31999969482422,1.2214928286981994,Derived from Yahoo Finance QQQ and RSP,QQQ/RSP,2026-09-11T22:10:47+08:00,confirmed
2013-01-02,67.19999694824219,54.59999847412109,1.2307692092719225,Derived from Yahoo Finance QQQ and RSP,QQQ/RSP,2026-09-11T22:10:47+08:00,confirmed
2013-01-03,66.8499984741211,54.56999969482422,1.2250320477912993,Derived from Yahoo Finance QQQ and RSP,QQQ/RSP,2026-09-11T22:10:47+08:00,confirmed
2013-01-04,66.62999725341797,55.0099983215332,1.2112343080609804,Derived from Yahoo Finance QQQ and RSP,QQQ/RSP,2026-09-11T22:10:47+08:00,confirmed
2013-01-07,66.6500015258789,54.79999923706055,1.216240920689728,Derived from Yahoo Finance QQQ and RSP,QQQ/RSP,2026-09-11T22:10:47+08:00,confirmed
2013-01-08,66.5199966430664,54.56999969482422,1.21898473547867,Derived from Yahoo Finance QQQ and RSP,QQQ/RSP,2026-09-11T22:10:47+08:00,confirmed
2013-01-09,66.7699966430664,54.7599983215332,1.2193206480945147,Derived from Yahoo Finance QQQ and RSP,QQQ/RSP,2026-09-11T22:10:47+08:00,confirmed
2013-01-10,67.16999816894531,55.09000015258789,1.2192775092194288,Derived from Yahoo Finance QQQ and RSP,QQQ/RSP,2026-09-11T22:10:47+08:00,confirmed
2013-01-11,67.26000213623047,55.11000061035156,1.22046817984605,Derived from Yahoo Finance QQQ and RSP,QQQ/RSP,2026-09-11T22:10:47+08:00,confirmed
2013-01-14,66.95999908447266,55.13999938964844,1.2143634353583836,Derived from Yahoo Finance QQQ and RSP,QQQ/RSP,2026-09-11T22:10:47+08:00,confirmed
2013-01-15,66.62999725341797,55.369998931884766,1.2033591934033638,Derived from Yahoo Finance QQQ and RSP,QQQ/RSP,2026-09-11T22:10:47+08:00,confirmed
2013-01-16,66.9000015258789,55.290000915527344,1.2099837297541276,Derived from Yahoo Finance QQQ and RSP,QQQ/RSP,2026-09-11T22:10:47+08:00,confirmed
2013-01-17,67.22000122070312,55.77999877929688,1.2050914788770537,Derived from Yahoo Finance QQQ and RSP,QQQ/RSP,2026-09-11T22:10:47+08:00,confirmed
2013-01-18,67.06999969482422,55.93999862670898,1.198963198808538,Derived from Yahoo Finance QQQ and RSP,QQQ/RSP,2026-09-11T22:10:47+08:00,confirmed
2013-01-22,67.18000030517578,56.34999847412109,1.1921916969710018,Derived from Yahoo Finance QQQ and RSP,QQQ/RSP,2026-09-11T22:10:47+08:00,confirmed
2013-01-23,67.58999633789062,56.290000915527344,1.2007460514936006,Derived from Yahoo Finance QQQ and RSP,QQQ/RSP,2026-09-11T22:10:47+08:00,confirmed
2013-01-24,66.66000366210938,56.540000915527344,1.178988372527649,Derived from Yahoo Finance QQQ and RSP,QQQ/RSP,2026-09-11T22:10:47+08:00,confirmed
2013-01-25,67.0,56.95000076293945,1.1764705724745248,Derived from Yahoo Finance QQQ and RSP,QQQ/RSP,2026-09-11T22:10:47+08:00,confirmed
2013-01-28,67.1500015258789,56.81999969482422,1.1818022155321422,Derived from Yahoo Finance QQQ and RSP,QQQ/RSP,2026-09-11T22:10:47+08:00,confirmed
2013-01-29,67.16000366210938,56.97999954223633,1.1786592523983286,Derived from Yahoo Finance QQQ and RSP,QQQ/RSP,2026-09-11T22:10:47+08:00,confirmed
2013-01-30,67.0199966430664,56.810001373291016,1.1797217923422825,Derived from Yahoo Finance QQQ and RSP,QQQ/RSP,2026-09-11T22:10:47+08:00,confirmed
2013-01-31,66.87000274658203,56.790000915527344,1.1774960674159567,Derived from Yahoo Finance QQQ and RSP,QQQ/RSP,2026-09-11T22:10:47+08:00,confirmed
2013-02-01,67.66000366210938,57.310001373291016,1.1805967901030607,Derived from Yahoo Finance QQQ and RSP,QQQ/RSP,2026-09-11T22:10:47+08:00,confirmed
2013-02-04,66.4800033569336,56.7400016784668,1.1716602289450264,Derived from Yahoo Finance QQQ and RSP,QQQ/RSP,2026-09-11T22:10:47+08:00,confirmed
2013-02-05,67.45999908447266,57.220001220703125,1.1789583650002533,Derived from Yahoo Finance QQQ and RSP,QQQ/RSP,2026-09-11T22:10:47+08:00,confirmed
2013-02-06,67.23999786376953,57.40999984741211,1.1712244912468943,Derived from Yahoo Finance QQQ and RSP,QQQ/RSP,2026-09-11T22:10:47+08:00,confirmed
2013-02-07,67.30000305175781,57.290000915527344,1.174725117407311,Derived from Yahoo Finance QQQ and RSP,QQQ/RSP,2026-09-11T22:10:47+08:00,confirmed
2013-02-08,67.98999786376953,57.56999969482422,1.1809970162268755,Derived from Yahoo Finance QQQ and RSP,QQQ/RSP,2026-09-11T22:10:47+08:00,confirmed
2013-02-11,68.01000213623047,57.59000015258789,1.1809342239283591,Derived from Yahoo Finance QQQ and RSP,QQQ/RSP,2026-09-11T22:10:47+08:00,confirmed
2013-02-12,67.7300033569336,57.77999877929688,1.1722049980589804,Derived from Yahoo Finance QQQ and RSP,QQQ/RSP,2026-09-11T22:10:47+08:00,confirmed
2013-02-13,67.97000122070312,57.790000915527344,1.176155046615349,Derived from Yahoo Finance QQQ and RSP,QQQ/RSP,2026-09-11T22:10:47+08:00,confirmed
2013-02-14,67.94999694824219,57.93000030517578,1.1729673155581042,Derived from Yahoo Finance QQQ and RSP,QQQ/RSP,2026-09-11T22:10:47+08:00,confirmed
2013-02-15,67.75,57.880001068115234,1.1705252030018003,Derived from Yahoo Finance QQQ and RSP,QQQ/RSP,2026-09-11T22:10:47+08:00,confirmed
2013-02-19,68.23999786376953,58.27999877929688,1.1708990956261103,Derived from Yahoo Finance QQQ and RSP,QQQ/RSP,2026-09-11T22:10:47+08:00,confirmed
2013-02-20,67.19000244140625,57.34999847412109,1.1715781033843518,Derived from Yahoo Finance QQQ and RSP,QQQ/RSP,2026-09-11T22:10:47+08:00,confirmed
2013-02-21,66.47000122070312,56.81999969482422,1.1698345930606884,Derived from Yahoo Finance QQQ and RSP,QQQ/RSP,2026-09-11T22:10:47+08:00,confirmed
2013-02-22,67.13999938964844,57.380001068115234,1.1700940770277646,Derived from Yahoo Finance QQQ and RSP,QQQ/RSP,2026-09-11T22:10:47+08:00,confirmed
2013-02-25,66.30999755859375,56.2400016784668,1.1790539754550284,Derived from Yahoo Finance QQQ and RSP,QQQ/RSP,2026-09-11T22:10:47+08:00,confirmed
2013-02-26,66.55999755859375,56.619998931884766,1.1755563195730019,Derived from Yahoo Finance QQQ and RSP,QQQ/RSP,2026-09-11T22:10:47+08:00,confirmed
2013-02-27,67.23999786376953,57.40999984741211,1.1712244912468943,Derived from Yahoo Finance QQQ and RSP,QQQ/RSP,2026-09-11T22:10:47+08:00,confirmed
2013-02-28,67.0999984741211,57.34000015258789,1.1702127362323125,Derived from Yahoo Finance QQQ and RSP,QQQ/RSP,2026-09-11T22:10:47+08:00,confirmed
2013-03-01,67.37999725341797,57.58000183105469,1.1701979004988123,Derived from Yahoo Finance QQQ and RSP,QQQ/RSP,2026-09-11T22:10:47+08:00,confirmed
2013-03-04,67.68000030517578,57.79999923706055,1.1709342767911373,Derived from Yahoo Finance QQQ and RSP,QQQ/RSP,2026-09-11T22:10:47+08:00,confirmed
2013-03-05,68.68000030517578,58.40999984741211,1.1758260654783872,Derived from Yahoo Finance QQQ and RSP,QQQ/RSP,2026-09-11T22:10:47+08:00,confirmed
2013-03-06,68.51000213623047,58.470001220703125,1.171712001127381,Derived from Yahoo Finance QQQ and RSP,QQQ/RSP,2026-09-11T22:10:47+08:00,confirmed
2013-03-07,68.69000244140625,58.63999938964844,1.1713847741535262,Derived from Yahoo Finance QQQ and RSP,QQQ/RSP,2026-09-11T22:10:47+08:00,confirmed
2013-03-08,68.7699966430664,59.02000045776367,1.1651981719701967,Derived from Yahoo Finance QQQ and RSP,QQQ/RSP,2026-09-11T22:10:47+08:00,confirmed
2013-03-11,68.97000122070312,59.20000076293945,1.1650337893894067,Derived from Yahoo Finance QQQ and RSP,QQQ/RSP,2026-09-11T22:10:47+08:00,confirmed
2013-03-12,68.72000122070312,59.18999862670898,1.1610069744062101,Derived from Yahoo Finance QQQ and RSP,QQQ/RSP,2026-09-11T22:10:47+08:00,confirmed
2013-03-13,68.62999725341797,59.34000015258789,1.1565553939491342,Derived from Yahoo Finance QQQ and RSP,QQQ/RSP,2026-09-11T22:10:47+08:00,confirmed
2013-03-14,68.86000061035156,59.68000030517578,1.1538203796620898,Derived from Yahoo Finance QQQ and RSP,QQQ/RSP,2026-09-11T22:10:47+08:00,confirmed
2013-03-15,68.51000213623047,59.400001525878906,1.1533670097025601,Derived from Yahoo Finance QQQ and RSP,QQQ/RSP,2026-09-11T22:10:47+08:00,confirmed
2013-03-18,68.36000061035156,59.0099983215332,1.1584477640191098,Derived from Yahoo Finance QQQ and RSP,QQQ/RSP,2026-09-11T22:10:47+08:00,confirmed
2013-03-19,68.2300033569336,58.77000045776367,1.1609665275733416,Derived from Yahoo Finance QQQ and RSP,QQQ/RSP,2026-09-11T22:10:47+08:00,confirmed
2013-03-20,68.70999908447266,59.27000045776367,1.1592711077071107,Derived from Yahoo Finance QQQ and RSP,QQQ/RSP,2026-09-11T22:10:47+08:00,confirmed
2013-03-21,67.93000030517578,58.7400016784668,1.1564521342204506,Derived from Yahoo Finance QQQ and RSP,QQQ/RSP,2026-09-11T22:10:47+08:00,confirmed
2013-03-22,68.58999633789062,59.040000915527344,1.161754662504615,Derived from Yahoo Finance QQQ and RSP,QQQ/RSP,2026-09-11T22:10:47+08:00,confirmed
2013-03-25,68.33999633789062,58.91999816894531,1.1598777742988842,Derived from Yahoo Finance QQQ and RSP,QQQ/RSP,2026-09-11T22:10:47+08:00,confirmed
2013-03-26,68.70999908447266,59.34999847412109,1.157708523184426,Derived from Yahoo Finance QQQ and RSP,QQQ/RSP,2026-09-11T22:10:47+08:00,confirmed
2013-03-27,68.80000305175781,59.34999847412109,1.1592250180386658,Derived from Yahoo Finance QQQ and RSP,QQQ/RSP,2026-09-11T22:10:47+08:00,confirmed
2013-03-28,68.97000122070312,59.63999938964844,1.1564386640935156,Derived from Yahoo Finance QQQ and RSP,QQQ/RSP,2026-09-11T22:10:47+08:00,confirmed
2013-04-01,68.5,59.33000183105469,1.1545592092691548,Derived from Yahoo Finance QQQ and RSP,QQQ/RSP,2026-09-11T22:10:47+08:00,confirmed
2013-04-02,69.04000091552734,59.33000183105469,1.163660859342671,Derived from Yahoo Finance QQQ and RSP,QQQ/RSP,2026-09-11T22:10:47+08:00,confirmed
2013-04-03,68.41000366210938,58.65999984741211,1.1662121350163523,Derived from Yahoo Finance QQQ and RSP,QQQ/RSP,2026-09-11T22:10:47+08:00,confirmed
2013-04-04,68.43000030517578,58.970001220703125,1.160420533977392,Derived from Yahoo Finance QQQ and RSP,QQQ/RSP,2026-09-11T22:10:47+08:00,confirmed
2013-04-05,67.86000061035156,58.7599983215332,1.1548673000128995,Derived from Yahoo Finance QQQ and RSP,QQQ/RSP,2026-09-11T22:10:47+08:00,confirmed
2013-04-08,68.22000122070312,59.27000045776367,1.1510038922526633,Derived from Yahoo Finance QQQ and RSP,QQQ/RSP,2026-09-11T22:10:47+08:00,confirmed
2013-04-09,68.68000030517578,59.4900016784668,1.1544797170519399,Derived from Yahoo Finance QQQ and RSP,QQQ/RSP,2026-09-11T22:10:47+08:00,confirmed
2013-04-10,70.0199966430664,60.20000076293945,1.1631228530842872,Derived from Yahoo Finance QQQ and RSP,QQQ/RSP,2026-09-11T22:10:47+08:00,confirmed
2013-04-11,69.98999786376953,60.5,1.1568594688226368,Derived from Yahoo Finance QQQ and RSP,QQQ/RSP,2026-09-11T22:10:47+08:00,confirmed
2013-04-12,69.94000244140625,60.25,1.1608299160399378,Derived from Yahoo Finance QQQ and RSP,QQQ/RSP,2026-09-11T22:10:47+08:00,confirmed
2013-04-15,68.55999755859375,58.650001525878906,1.1689683849086028,Derived from Yahoo Finance QQQ and RSP,QQQ/RSP,2026-09-11T22:10:47+08:00,confirmed
2013-04-16,69.47000122070312,59.52999877929688,1.1669746790732867,Derived from Yahoo Finance QQQ and RSP,QQQ/RSP,2026-09-11T22:10:47+08:00,confirmed
2013-04-17,68.11000061035156,58.54999923706055,1.1632792740881848,Derived from Yahoo Finance QQQ and RSP,QQQ/RSP,2026-09-11T22:10:47+08:00,confirmed
2013-04-18,67.16999816894531,58.27000045776367,1.1527372171145374,Derived from Yahoo Finance QQQ and RSP,QQQ/RSP,2026-09-11T22:10:47+08:00,confirmed
2013-04-19,68.08999633789062,58.79999923706055,1.1579931500232872,Derived from Yahoo Finance QQQ and RSP,QQQ/RSP,2026-09-11T22:10:47+08:00,confirmed
2013-04-22,68.79000091552734,59.060001373291016,1.164747702607345,Derived from Yahoo Finance QQQ and RSP,QQQ/RSP,2026-09-11T22:10:47+08:00,confirmed
2013-04-23,69.44999694824219,59.66999816894531,1.1639014425910739,Derived from Yahoo Finance QQQ and RSP,QQQ/RSP,2026-09-11T22:10:47+08:00,confirmed
2013-04-24,69.41999816894531,59.95000076293945,1.1579649255294109,Derived from Yahoo Finance QQQ and RSP,QQQ/RSP,2026-09-11T22:10:47+08:00,confirmed
2013-04-25,69.79000091552734,60.27999877929688,1.157763807710903,Derived from Yahoo Finance QQQ and RSP,QQQ/RSP,2026-09-11T22:10:47+08:00,confirmed
2013-04-26,69.56999969482422,60.08000183105469,1.1579560182180997,Derived from Yahoo Finance QQQ and RSP,QQQ/RSP,2026-09-11T22:10:47+08:00,confirmed
2013-04-29,70.20999908447266,60.41999816894531,1.162032459652725,Derived from Yahoo Finance QQQ and RSP,QQQ/RSP,2026-09-11T22:10:47+08:00,confirmed
2013-04-30,70.72000122070312,60.650001525878906,1.166034615687972,Derived from Yahoo Finance QQQ and RSP,QQQ/RSP,2026-09-11T22:10:47+08:00,confirmed
2013-05-01,70.38999938964844,60.02999877929688,1.172580390155272,Derived from Yahoo Finance QQQ and RSP,QQQ/RSP,2026-09-11T22:10:47+08:00,confirmed
2013-05-02,71.27999877929688,60.650001525878906,1.175267881054912,Derived from Yahoo Finance QQQ and RSP,QQQ/RSP,2026-09-11T22:10:47+08:00,confirmed
2013-05-03,72.12000274658203,61.369998931884766,1.1751670849241633,Derived from Yahoo Finance QQQ and RSP,QQQ/RSP,2026-09-11T22:10:47+08:00,confirmed
2013-05-06,72.4000015258789,61.58000183105469,1.1757063880009129,Derived from Yahoo Finance QQQ and RSP,QQQ/RSP,2026-09-11T22:10:47+08:00,confirmed
2013-05-07,72.36000061035156,61.970001220703125,1.1676617586732807,Derived from Yahoo Finance QQQ and RSP,QQQ/RSP,2026-09-11T22:10:47+08:00,confirmed
2013-05-08,72.70999908447266,62.27000045776367,1.1676569543915485,Derived from Yahoo Finance QQQ and RSP,QQQ/RSP,2026-09-11T22:10:47+08:00,confirmed
2013-05-09,72.61000061035156,62.09000015258789,1.169431477402327,Derived from Yahoo Finance QQQ and RSP,QQQ/RSP,2026-09-11T22:10:47+08:00,confirmed
2013-05-10,73.05000305175781,62.47999954223633,1.1691741931332151,Derived from Yahoo Finance QQQ and RSP,QQQ/RSP,2026-09-11T22:10:47+08:00,confirmed
2013-05-13,73.13999938964844,62.400001525878906,1.1721153461721532,Derived from Yahoo Finance QQQ and RSP,QQQ/RSP,2026-09-11T22:10:47+08:00,confirmed
2013-05-14,73.5199966430664,63.130001068115234,1.1645809504064588,Derived from Yahoo Finance QQQ and RSP,QQQ/RSP,2026-09-11T22:10:47+08:00,confirmed
2013-05-15,73.66999816894531,63.540000915527344,1.1594270869917864,Derived from Yahoo Finance QQQ and RSP,QQQ/RSP,2026-09-11T22:10:47+08:00,confirmed
2013-05-16,73.58999633789062,63.13999938964844,1.165505179747522,Derived from Yahoo Finance QQQ and RSP,QQQ/RSP,2026-09-11T22:10:47+08:00,confirmed
2013-05-17,74.30000305175781,63.869998931884766,1.1633005212822425,Derived from Yahoo Finance QQQ and RSP,QQQ/RSP,2026-09-11T22:10:47+08:00,confirmed
2013-05-20,74.19000244140625,63.900001525878906,1.1610328743319356,Derived from Yahoo Finance QQQ and RSP,QQQ/RSP,2026-09-11T22:10:47+08:00,confirmed
2013-05-21,74.2699966430664,63.959999084472656,1.161194460696868,Derived from Yahoo Finance QQQ and RSP,QQQ/RSP,2026-09-11T22:10:47+08:00,confirmed
2013-05-22,73.62000274658203,63.16999816894531,1.1654267038236832,Derived from Yahoo Finance QQQ and RSP,QQQ/RSP,2026-09-11T22:10:47+08:00,confirmed
2013-05-23,73.44999694824219,63.08000183105469,1.164394337605778,Derived from Yahoo Finance QQQ and RSP,QQQ/RSP,2026-09-11T22:10:47+08:00,confirmed
2013-05-24,73.41000366210938,62.869998931884766,1.1676476047286715,Derived from Yahoo Finance QQQ and RSP,QQQ/RSP,2026-09-11T22:10:47+08:00,confirmed
2013-05-28,73.88999938964844,63.310001373291016,1.167114165011231,Derived from Yahoo Finance QQQ and RSP,QQQ/RSP,2026-09-11T22:10:47+08:00,confirmed
2013-05-29,73.54000091552734,62.86000061035156,1.1699013713247886,Derived from Yahoo Finance QQQ and RSP,QQQ/RSP,2026-09-11T22:10:47+08:00,confirmed
2013-05-30,73.93000030517578,63.15999984741211,1.1705193236824392,Derived from Yahoo Finance QQQ and RSP,QQQ/RSP,2026-09-11T22:10:47+08:00,confirmed
2013-05-31,73.25,62.27999877929688,1.1761400358978453,Derived from Yahoo Finance QQQ and RSP,QQQ/RSP,2026-09-11T22:10:47+08:00,confirmed
2013-06-03,73.37999725341797,62.43000030517578,1.1753963942770376,Derived from Yahoo Finance QQQ and RSP,QQQ/RSP,2026-09-11T22:10:47+08:00,confirmed
2013-06-04,73.0,62.13999938964844,1.1747666674769983,Derived from Yahoo Finance QQQ and RSP,QQQ/RSP,2026-09-11T22:10:47+08:00,confirmed
2013-06-05,72.05000305175781,61.22999954223633,1.1767108213361632,Derived from Yahoo Finance QQQ and RSP,QQQ/RSP,2026-09-11T22:10:47+08:00,confirmed
2013-06-06,72.4000015258789,61.79999923706055,1.1715210747520801,Derived from Yahoo Finance QQQ and RSP,QQQ/RSP,2026-09-11T22:10:47+08:00,confirmed
2013-06-07,73.38999938964844,62.68000030517578,1.1708678850084224,Derived from Yahoo Finance QQQ and RSP,QQQ/RSP,2026-09-11T22:10:47+08:00,confirmed
2013-06-10,73.41999816894531,62.650001525878906,1.1719073644175033,Derived from Yahoo Finance QQQ and RSP,QQQ/RSP,2026-09-11T22:10:47+08:00,confirmed
2013-06-11,72.69000244140625,61.959999084472656,1.173176299475165,Derived from Yahoo Finance QQQ and RSP,QQQ/RSP,2026-09-11T22:10:47+08:00,confirmed
2013-06-12,71.8499984741211,61.34999847412109,1.1711491485110495,Derived from Yahoo Finance QQQ and RSP,QQQ/RSP,2026-09-11T22:10:47+08:00,confirmed
2013-06-13,72.76000213623047,62.45000076293945,1.1650920936322777,Derived from Yahoo Finance QQQ and RSP,QQQ/RSP,2026-09-11T22:10:47+08:00,confirmed
2013-06-14,72.27999877929688,62.119998931884766,1.1635544111736489,Derived from Yahoo Finance QQQ and RSP,QQQ/RSP,2026-09-11T22:10:47+08:00,confirmed
2013-06-17,72.9800033569336,62.63999938964844,1.1650703075995543,Derived from Yahoo Finance QQQ and RSP,QQQ/RSP,2026-09-11T22:10:47+08:00,confirmed
2013-06-18,73.58000183105469,63.130001068115234,1.165531452338552,Derived from Yahoo Finance QQQ and RSP,QQQ/RSP,2026-09-11T22:10:47+08:00,confirmed
2013-06-19,72.76000213623047,62.209999084472656,1.1695869346892669,Derived from Yahoo Finance QQQ and RSP,QQQ/RSP,2026-09-11T22:10:47+08:00,confirmed
2013-06-20,71.02999877929688,60.630001068115234,1.171532203990854,Derived from Yahoo Finance QQQ and RSP,QQQ/RSP,2026-09-11T22:10:47+08:00,confirmed
2013-06-21,70.43000030517578,60.5,1.1641322364491864,Derived from Yahoo Finance QQQ and RSP,QQQ/RSP,2026-09-11T22:10:47+08:00,confirmed
2013-06-24,69.7300033569336,59.75,1.167029344885918,Derived from Yahoo Finance QQQ and RSP,QQQ/RSP,2026-09-11T22:10:47+08:00,confirmed
2013-06-25,70.23999786376953,60.43999862670898,1.1621442663754438,Derived from Yahoo Finance QQQ and RSP,QQQ/RSP,2026-09-11T22:10:47+08:00,confirmed
2013-06-26,70.87000274658203,60.97999954223633,1.1621843764937327,Derived from Yahoo Finance QQQ and RSP,QQQ/RSP,2026-09-11T22:10:47+08:00,confirmed
2013-06-27,71.16999816894531,61.560001373291016,1.1561078067133341,Derived from Yahoo Finance QQQ and RSP,QQQ/RSP,2026-09-11T22:10:47+08:00,confirmed
2013-06-28,71.2699966430664,61.27000045776367,1.1632119489242734,Derived from Yahoo Finance QQQ and RSP,QQQ/RSP,2026-09-11T22:10:47+08:00,confirmed
2013-07-01,71.70999908447266,61.810001373291016,1.160168216974989,Derived from Yahoo Finance QQQ and RSP,QQQ/RSP,2026-09-11T22:10:47+08:00,confirmed
2013-07-02,71.73999786376953,61.650001525878906,1.1636657921842084,Derived from Yahoo Finance QQQ and RSP,QQQ/RSP,2026-09-11T22:10:47+08:00,confirmed
2013-07-03,72.02999877929688,61.59999847412109,1.1693181909664747,Derived from Yahoo Finance QQQ and RSP,QQQ/RSP,2026-09-11T22:10:47+08:00,confirmed
2013-07-05,72.58000183105469,62.29999923706055,1.165008069340053,Derived from Yahoo Finance QQQ and RSP,QQQ/RSP,2026-09-11T22:10:47+08:00,confirmed
2013-07-08,72.6500015258789,62.58000183105469,1.160914020456725,Derived from Yahoo Finance QQQ and RSP,QQQ/RSP,2026-09-11T22:10:47+08:00,confirmed
2013-07-09,73.08999633789062,63.11000061035156,1.15813651768373,Derived from Yahoo Finance QQQ and RSP,QQQ/RSP,2026-09-11T22:10:47+08:00,confirmed
2013-07-10,73.51000213623047,63.20000076293945,1.1631329311523808,Derived from Yahoo Finance QQQ and RSP,QQQ/RSP,2026-09-11T22:10:47+08:00,confirmed
2013-07-11,74.97000122070312,64.12000274658203,1.1692139427536046,Derived from Yahoo Finance QQQ and RSP,QQQ/RSP,2026-09-11T22:10:47+08:00,confirmed
2013-07-12,75.30000305175781,64.27999877929688,1.1714375308297336,Derived from Yahoo Finance QQQ and RSP,QQQ/RSP,2026-09-11T22:10:47+08:00,confirmed
2013-07-15,75.47000122070312,64.43000030517578,1.171348763980069,Derived from Yahoo Finance QQQ and RSP,QQQ/RSP,2026-09-11T22:10:47+08:00,confirmed
2013-07-16,75.37000274658203,64.11000061035156,1.1756356579165648,Derived from Yahoo Finance QQQ and RSP,QQQ/RSP,2026-09-11T22:10:47+08:00,confirmed
2013-07-17,75.55999755859375,64.26000213623047,1.175848039942598,Derived from Yahoo Finance QQQ and RSP,QQQ/RSP,2026-09-11T22:10:47+08:00,confirmed
2013-07-18,75.37000274658203,64.7300033569336,1.1643750786011464,Derived from Yahoo Finance QQQ and RSP,QQQ/RSP,2026-09-11T22:10:47+08:00,confirmed
2013-07-19,74.58999633789062,64.8499984741211,1.1501927230986189,Derived from Yahoo Finance QQQ and RSP,QQQ/RSP,2026-09-11T22:10:47+08:00,confirmed
2013-07-22,74.80999755859375,64.98999786376953,1.1511001695277583,Derived from Yahoo Finance QQQ and RSP,QQQ/RSP,2026-09-11T22:10:47+08:00,confirmed
2013-07-23,74.26000213623047,64.83999633789062,1.1452807885622145,Derived from Yahoo Finance QQQ and RSP,QQQ/RSP,2026-09-11T22:10:47+08:00,confirmed
2013-07-24,74.5,64.37999725341797,1.1571917238012115,Derived from Yahoo Finance QQQ and RSP,QQQ/RSP,2026-09-11T22:10:47+08:00,confirmed
2013-07-25,74.97000122070312,64.72000122070312,1.1583745334776223,Derived from Yahoo Finance QQQ and RSP,QQQ/RSP,2026-09-11T22:10:47+08:00,confirmed
2013-07-26,75.37000274658203,64.69999694824219,1.1649150896695635,Derived from Yahoo Finance QQQ and RSP,QQQ/RSP,2026-09-11T22:10:47+08:00,confirmed
2013-07-29,75.2300033569336,64.47000122070312,1.16689936299823,Derived from Yahoo Finance QQQ and RSP,QQQ/RSP,2026-09-11T22:10:47+08:00,confirmed
2013-07-30,75.62999725341797,64.5999984741211,1.1707430191924155,Derived from Yahoo Finance QQQ and RSP,QQQ/RSP,2026-09-11T22:10:47+08:00,confirmed
2013-07-31,75.7699966430664,64.72000122070312,1.1707354019460143,Derived from Yahoo Finance QQQ and RSP,QQQ/RSP,2026-09-11T22:10:47+08:00,confirmed
2013-08-01,76.54000091552734,65.66999816894531,1.1655246390995386,Derived from Yahoo Finance QQQ and RSP,QQQ/RSP,2026-09-11T22:10:47+08:00,confirmed
2013-08-02,76.97000122070312,65.7699966430664,1.1702904842525554,Derived from Yahoo Finance QQQ and RSP,QQQ/RSP,2026-09-11T22:10:47+08:00,confirmed
2013-08-05,77.0199966430664,65.72000122070312,1.1719414974509093,Derived from Yahoo Finance QQQ and RSP,QQQ/RSP,2026-09-11T22:10:47+08:00,confirmed
2013-08-06,76.55999755859375,65.30999755859375,1.1722554037750026,Derived from Yahoo Finance QQQ and RSP,QQQ/RSP,2026-09-11T22:10:47+08:00,confirmed
2013-08-07,76.41999816894531,64.9800033569336,1.1760540815790992,Derived from Yahoo Finance QQQ and RSP,QQQ/RSP,2026-09-11T22:10:47+08:00,confirmed
2013-08-08,76.80000305175781,65.36000061035156,1.1750306354739295,Derived from Yahoo Finance QQQ and RSP,QQQ/RSP,2026-09-11T22:10:47+08:00,confirmed
2013-08-09,76.48999786376953,65.27999877929688,1.1717218029119791,Derived from Yahoo Finance QQQ and RSP,QQQ/RSP,2026-09-11T22:10:47+08:00,confirmed
2013-08-12,76.66999816894531,65.2300033569336,1.1753793380848525,Derived from Yahoo Finance QQQ and RSP,QQQ/RSP,2026-09-11T22:10:47+08:00,confirmed
2013-08-13,77.0999984741211,65.30999755859375,1.1805236771743834,Derived from Yahoo Finance QQQ and RSP,QQQ/RSP,2026-09-11T22:10:47+08:00,confirmed
2013-08-14,76.80999755859375,64.97000122070312,1.1822378961895068,Derived from Yahoo Finance QQQ and RSP,QQQ/RSP,2026-09-11T22:10:47+08:00,confirmed
2013-08-15,75.51000213623047,63.97999954223633,1.180212608260221,Derived from Yahoo Finance QQQ and RSP,QQQ/RSP,2026-09-11T22:10:47+08:00,confirmed
2013-08-16,75.4800033569336,63.790000915527344,1.1832575995238894,Derived from Yahoo Finance QQQ and RSP,QQQ/RSP,2026-09-11T22:10:47+08:00,confirmed
2013-08-19,75.3499984741211,63.27000045776367,1.190927737141736,Derived from Yahoo Finance QQQ and RSP,QQQ/RSP,2026-09-11T22:10:47+08:00,confirmed
2013-08-20,75.68000030517578,63.77999877929688,1.1865788923429967,Derived from Yahoo Finance QQQ and RSP,QQQ/RSP,2026-09-11T22:10:47+08:00,confirmed
2013-08-21,75.41999816894531,63.34000015258789,1.1907167348793235,Derived from Yahoo Finance QQQ and RSP,QQQ/RSP,2026-09-11T22:10:47+08:00,confirmed
2013-08-22,76.16000366210938,64.0,1.190000057220459,Derived from Yahoo Finance QQQ and RSP,QQQ/RSP,2026-09-11T22:10:47+08:00,confirmed
2013-08-23,76.66999816894531,64.22000122070312,1.1938647884084528,Derived from Yahoo Finance QQQ and RSP,QQQ/RSP,2026-09-11T22:10:47+08:00,confirmed
2013-08-26,76.70999908447266,64.01000213623047,1.1984064446867724,Derived from Yahoo Finance QQQ and RSP,QQQ/RSP,2026-09-11T22:10:47+08:00,confirmed
2013-08-27,75.13999938964844,62.810001373291016,1.1963062847758599,Derived from Yahoo Finance QQQ and RSP,QQQ/RSP,2026-09-11T22:10:47+08:00,confirmed
2013-08-28,75.43000030517578,62.97999954223633,1.197681817298047,Derived from Yahoo Finance QQQ and RSP,QQQ/RSP,2026-09-11T22:10:47+08:00,confirmed
2013-08-29,75.95999908447266,63.15999984741211,1.2026598997464217,Derived from Yahoo Finance QQQ and RSP,QQQ/RSP,2026-09-11T22:10:47+08:00,confirmed
2013-08-30,75.47000122070312,62.83000183105469,1.2011777657374016,Derived from Yahoo Finance QQQ and RSP,QQQ/RSP,2026-09-11T22:10:47+08:00,confirmed
2013-09-03,75.9000015258789,63.20000076293945,1.2009493767346082,Derived from Yahoo Finance QQQ and RSP,QQQ/RSP,2026-09-11T22:10:47+08:00,confirmed
2013-09-04,76.70999908447266,63.790000915527344,1.2025395513954353,Derived from Yahoo Finance QQQ and RSP,QQQ/RSP,2026-09-11T22:10:47+08:00,confirmed
2013-09-05,76.83999633789062,63.959999084472656,1.201375819852768,Derived from Yahoo Finance QQQ and RSP,QQQ/RSP,2026-09-11T22:10:47+08:00,confirmed
2013-09-06,76.93000030517578,64.0199966430664,1.201655800360114,Derived from Yahoo Finance QQQ and RSP,QQQ/RSP,2026-09-11T22:10:47+08:00,confirmed
2013-09-09,77.83000183105469,64.7699966430664,1.201636650685026,Derived from Yahoo Finance QQQ and RSP,QQQ/RSP,2026-09-11T22:10:47+08:00,confirmed
2013-09-10,78.20999908447266,65.33000183105469,1.1971528683976778,Derived from Yahoo Finance QQQ and RSP,QQQ/RSP,2026-09-11T22:10:47+08:00,confirmed
2013-09-11,78.05999755859375,65.5199966430664,1.1913919651712066,Derived from Yahoo Finance QQQ and RSP,QQQ/RSP,2026-09-11T22:10:47+08:00,confirmed
2013-09-12,78.01000213623047,65.23999786376953,1.1957388824433524,Derived from Yahoo Finance QQQ and RSP,QQQ/RSP,2026-09-11T22:10:47+08:00,confirmed
2013-09-13,78.05999755859375,65.44999694824219,1.1926661756810095,Derived from Yahoo Finance QQQ and RSP,QQQ/RSP,2026-09-11T22:10:47+08:00,confirmed
2013-09-16,77.8499984741211,65.91000366210938,1.1811560332058642,Derived from Yahoo Finance QQQ and RSP,QQQ/RSP,2026-09-11T22:10:47+08:00,confirmed
2013-09-17,78.37000274658203,66.22000122070312,1.1834793310465888,Derived from Yahoo Finance QQQ and RSP,QQQ/RSP,2026-09-11T22:10:47+08:00,confirmed
2013-09-18,79.30999755859375,67.02999877929688,1.1832015366691266,Derived from Yahoo Finance QQQ and RSP,QQQ/RSP,2026-09-11T22:10:47+08:00,confirmed
2013-09-19,79.5,66.87000274658203,1.1888738856686158,Derived from Yahoo Finance QQQ and RSP,QQQ/RSP,2026-09-11T22:10:47+08:00,confirmed
2013-09-20,78.98999786376953,66.08999633789062,1.1951884133859922,Derived from Yahoo Finance QQQ and RSP,QQQ/RSP,2026-09-11T22:10:47+08:00,confirmed
2013-09-23,78.83000183105469,65.75,1.1989353890654706,Derived from Yahoo Finance QQQ and RSP,QQQ/RSP,2026-09-11T22:10:47+08:00,confirmed
2013-09-24,78.83000183105469,65.75,1.1989353890654706,Derived from Yahoo Finance QQQ and RSP,QQQ/RSP,2026-09-11T22:10:47+08:00,confirmed
2013-09-25,78.55999755859375,65.58000183105469,1.197926126336162,Derived from Yahoo Finance QQQ and RSP,QQQ/RSP,2026-09-11T22:10:47+08:00,confirmed
2013-09-26,79.16999816894531,65.80000305175781,1.2031914057309505,Derived from Yahoo Finance QQQ and RSP,QQQ/RSP,2026-09-11T22:10:47+08:00,confirmed
2013-09-27,79.06999969482422,65.4000015258789,1.2090213738532722,Derived from Yahoo Finance QQQ and RSP,QQQ/RSP,2026-09-11T22:10:47+08:00,confirmed
2013-09-30,78.87999725341797,65.19999694824219,1.2098159654215228,Derived from Yahoo Finance QQQ and RSP,QQQ/RSP,2026-09-11T22:10:47+08:00,confirmed
2013-10-01,79.68000030517578,65.7300033569336,1.2122318003315704,Derived from Yahoo Finance QQQ and RSP,QQQ/RSP,2026-09-11T22:10:47+08:00,confirmed
2013-10-02,79.6500015258789,65.70999908447266,1.2121443103885279,Derived from Yahoo Finance QQQ and RSP,QQQ/RSP,2026-09-11T22:10:47+08:00,confirmed
2013-10-03,78.72000122070312,65.12000274658203,1.2088451766048938,Derived from Yahoo Finance QQQ and RSP,QQQ/RSP,2026-09-11T22:10:47+08:00,confirmed
2013-10-04,79.4000015258789,65.62999725341797,1.2098126595875152,Derived from Yahoo Finance QQQ and RSP,QQQ/RSP,2026-09-11T22:10:47+08:00,confirmed
2013-10-07,78.73999786376953,65.05000305175781,1.2104534076826885,Derived from Yahoo Finance QQQ and RSP,QQQ/RSP,2026-09-11T22:10:47+08:00,confirmed
2013-10-08,77.22000122070312,64.19000244140625,1.2029910933745622,Derived from Yahoo Finance QQQ and RSP,QQQ/RSP,2026-09-11T22:10:47+08:00,confirmed
2013-10-09,76.9800033569336,64.19999694824219,1.1990655298472148,Derived from Yahoo Finance QQQ and RSP,QQQ/RSP,2026-09-11T22:10:47+08:00,confirmed
2013-10-10,78.61000061035156,65.6500015258789,1.1974104917478774,Derived from Yahoo Finance QQQ and RSP,QQQ/RSP,2026-09-11T22:10:47+08:00,confirmed
2013-10-11,79.2300033569336,66.08000183105469,1.1990012282308833,Derived from Yahoo Finance QQQ and RSP,QQQ/RSP,2026-09-11T22:10:47+08:00,confirmed
2013-10-14,79.79000091552734,66.29000091552734,1.2036506232245028,Derived from Yahoo Finance QQQ and RSP,QQQ/RSP,2026-09-11T22:10:47+08:00,confirmed
2013-10-15,79.4800033569336,65.69999694824219,1.2097413553846457,Derived from Yahoo Finance QQQ and RSP,QQQ/RSP,2026-09-11T22:10:47+08:00,confirmed
2013-10-16,80.37999725341797,66.62999725341797,1.2063635084315518,Derived from Yahoo Finance QQQ and RSP,QQQ/RSP,2026-09-11T22:10:47+08:00,confirmed
2013-10-17,80.83999633789062,67.19999694824219,1.2029761906113483,Derived from Yahoo Finance QQQ and RSP,QQQ/RSP,2026-09-11T22:10:47+08:00,confirmed
2013-10-18,82.1500015258789,67.51000213623047,1.2168567460582498,Derived from Yahoo Finance QQQ and RSP,QQQ/RSP,2026-09-11T22:10:47+08:00,confirmed
2013-10-21,82.33000183105469,67.54000091552734,1.21898135497548,Derived from Yahoo Finance QQQ and RSP,QQQ/RSP,2026-09-11T22:10:47+08:00,confirmed
2013-10-22,82.44999694824219,68.01000213623047,1.2123216344426375,Derived from Yahoo Finance QQQ and RSP,QQQ/RSP,2026-09-11T22:10:47+08:00,confirmed
2013-10-23,81.94999694824219,67.62999725341797,1.2117403560015745,Derived from Yahoo Finance QQQ and RSP,QQQ/RSP,2026-09-11T22:10:47+08:00,confirmed
2013-10-24,82.30999755859375,67.81999969482422,1.213653758905507,Derived from Yahoo Finance QQQ and RSP,QQQ/RSP,2026-09-11T22:10:47+08:00,confirmed
2013-10-25,82.9000015258789,68.16000366210938,1.2162558255841702,Derived from Yahoo Finance QQQ and RSP,QQQ/RSP,2026-09-11T22:10:47+08:00,confirmed
2013-10-28,82.91999816894531,68.16999816894531,1.2163708434236005,Derived from Yahoo Finance QQQ and RSP,QQQ/RSP,2026-09-11T22:10:47+08:00,confirmed
2013-10-29,83.05999755859375,68.62000274658203,1.2104341916939223,Derived from Yahoo Finance QQQ and RSP,QQQ/RSP,2026-09-11T22:10:47+08:00,confirmed
2013-10-30,82.9800033569336,68.12000274658203,1.2181444511332933,Derived from Yahoo Finance QQQ and RSP,QQQ/RSP,2026-09-11T22:10:47+08:00,confirmed
2013-10-31,82.79000091552734,67.98999786376953,1.217679122176358,Derived from Yahoo Finance QQQ and RSP,QQQ/RSP,2026-09-11T22:10:47+08:00,confirmed
2013-11-01,82.80999755859375,68.19999694824219,1.2142228924356004,Derived from Yahoo Finance QQQ and RSP,QQQ/RSP,2026-09-11T22:10:47+08:00,confirmed
2013-11-04,82.93000030517578,68.55999755859375,1.2095974804302017,Derived from Yahoo Finance QQQ and RSP,QQQ/RSP,2026-09-11T22:10:47+08:00,confirmed
2013-11-05,83.0199966430664,68.30000305175781,1.2155196622781081,Derived from Yahoo Finance QQQ and RSP,QQQ/RSP,2026-09-11T22:10:47+08:00,confirmed
2013-11-06,83.0,68.43000030517578,1.2129183052732238,Derived from Yahoo Finance QQQ and RSP,QQQ/RSP,2026-09-11T22:10:47+08:00,confirmed
2013-11-07,81.44000244140625,67.45999908447266,1.207233968969196,Derived from Yahoo Finance QQQ and RSP,QQQ/RSP,2026-09-11T22:10:47+08:00,confirmed
2013-11-08,82.54000091552734,68.33000183105469,1.2079613449975715,Derived from Yahoo Finance QQQ and RSP,QQQ/RSP,2026-09-11T22:10:47+08:00,confirmed
2013-11-11,82.41000366210938,68.44000244140625,1.2041204079830843,Derived from Yahoo Finance QQQ and RSP,QQQ/RSP,2026-09-11T22:10:47+08:00,confirmed
2013-11-12,82.54000091552734,68.23999786376953,1.2095545647628174,Derived from Yahoo Finance QQQ and RSP,QQQ/RSP,2026-09-11T22:10:47+08:00,confirmed
2013-11-13,83.54000091552734,68.9000015258789,1.2124818442006804,Derived from Yahoo Finance QQQ and RSP,QQQ/RSP,2026-09-11T22:10:47+08:00,confirmed
2013-11-14,83.80000305175781,69.26000213623047,1.209933590341623,Derived from Yahoo Finance QQQ and RSP,QQQ/RSP,2026-09-11T22:10:47+08:00,confirmed
2013-11-15,83.95999908447266,69.55000305175781,1.2071890064762643,Derived from Yahoo Finance QQQ and RSP,QQQ/RSP,2026-09-11T22:10:47+08:00,confirmed
2013-11-18,83.13999938964844,69.16999816894531,1.2019661932993244,Derived from Yahoo Finance QQQ and RSP,QQQ/RSP,2026-09-11T22:10:47+08:00,confirmed
2013-11-19,82.9000015258789,68.86000061035156,1.2038919661789365,Derived from Yahoo Finance QQQ and RSP,QQQ/RSP,2026-09-11T22:10:47+08:00,confirmed
2013-11-20,82.69999694824219,68.66999816894531,1.2043104580369957,Derived from Yahoo Finance QQQ and RSP,QQQ/RSP,2026-09-11T22:10:47+08:00,confirmed
2013-11-21,83.54000091552734,69.2699966430664,1.2060055574420083,Derived from Yahoo Finance QQQ and RSP,QQQ/RSP,2026-09-11T22:10:47+08:00,confirmed
2013-11-22,83.98999786376953,69.55000305175781,1.2076203332624693,Derived from Yahoo Finance QQQ and RSP,QQQ/RSP,2026-09-11T22:10:47+08:00,confirmed
2013-11-25,84.19000244140625,69.4000015258789,1.213112400437228,Derived from Yahoo Finance QQQ and RSP,QQQ/RSP,2026-09-11T22:10:47+08:00,confirmed
2013-11-26,84.62999725341797,69.45999908447266,1.2183990551237491,Derived from Yahoo Finance QQQ and RSP,QQQ/RSP,2026-09-11T22:10:47+08:00,confirmed
2013-11-27,85.22000122070312,69.61000061035156,1.2242493962574428,Derived from Yahoo Finance QQQ and RSP,QQQ/RSP,2026-09-11T22:10:47+08:00,confirmed
2013-11-29,85.7300033569336,69.5,1.233525228157318,Derived from Yahoo Finance QQQ and RSP,QQQ/RSP,2026-09-11T22:10:47+08:00,confirmed
2013-12-02,85.4800033569336,69.3499984741211,1.2325883956411567,Derived from Yahoo Finance QQQ and RSP,QQQ/RSP,2026-09-11T22:10:47+08:00,confirmed
2013-12-03,85.41000366210938,69.11000061035156,1.2358559240023554,Derived from Yahoo Finance QQQ and RSP,QQQ/RSP,2026-09-11T22:10:47+08:00,confirmed
2013-12-04,85.48999786376953,69.0,1.238985476286515,Derived from Yahoo Finance QQQ and RSP,QQQ/RSP,2026-09-11T22:10:47+08:00,confirmed
2013-12-05,85.37999725341797,68.76000213623047,1.2417102181622857,Derived from Yahoo Finance QQQ and RSP,QQQ/RSP,2026-09-11T22:10:47+08:00,confirmed
2013-12-06,86.0,69.54000091552734,1.2366982868531622,Derived from Yahoo Finance QQQ and RSP,QQQ/RSP,2026-09-11T22:10:47+08:00,confirmed
2013-12-09,86.3499984741211,69.61000061035156,1.2404826564716358,Derived from Yahoo Finance QQQ and RSP,QQQ/RSP,2026-09-11T22:10:47+08:00,confirmed
2013-12-10,86.29000091552734,69.44999694824219,1.2424766696510472,Derived from Yahoo Finance QQQ and RSP,QQQ/RSP,2026-09-11T22:10:47+08:00,confirmed
2013-12-11,85.18000030517578,68.55000305175781,1.2425965939178982,Derived from Yahoo Finance QQQ and RSP,QQQ/RSP,2026-09-11T22:10:47+08:00,confirmed
2013-12-12,84.95999908447266,68.41000366210938,1.241923615500841,Derived from Yahoo Finance QQQ and RSP,QQQ/RSP,2026-09-11T22:10:47+08:00,confirmed
2013-12-13,84.8499984741211,68.4800033569336,1.2390478141752317,Derived from Yahoo Finance QQQ and RSP,QQQ/RSP,2026-09-11T22:10:47+08:00,confirmed
2013-12-16,85.31999969482422,68.9800033569336,1.2368801905291325,Derived from Yahoo Finance QQQ and RSP,QQQ/RSP,2026-09-11T22:10:47+08:00,confirmed
2013-12-17,85.1500015258789,68.9000015258789,1.2358490513805938,Derived from Yahoo Finance QQQ and RSP,QQQ/RSP,2026-09-11T22:10:47+08:00,confirmed
2013-12-18,86.13999938964844,69.91999816894531,1.2319794285679369,Derived from Yahoo Finance QQQ and RSP,QQQ/RSP,2026-09-11T22:10:47+08:00,confirmed
2013-12-19,85.9000015258789,69.80999755859375,1.2304828037528623,Derived from Yahoo Finance QQQ and RSP,QQQ/RSP,2026-09-11T22:10:47+08:00,confirmed
2013-12-20,86.5,70.12000274658203,1.233599495319706,Derived from Yahoo Finance QQQ and RSP,QQQ/RSP,2026-09-11T22:10:47+08:00,confirmed
2013-12-23,87.41000366210938,70.45999908447266,1.2405620890984657,Derived from Yahoo Finance QQQ and RSP,QQQ/RSP,2026-09-11T22:10:47+08:00,confirmed
2013-12-24,87.44999694824219,70.68000030517578,1.2372665049612113,Derived from Yahoo Finance QQQ and RSP,QQQ/RSP,2026-09-11T22:10:47+08:00,confirmed
2013-12-26,87.73999786376953,70.91999816894531,1.2371686425422022,Derived from Yahoo Finance QQQ and RSP,QQQ/RSP,2026-09-11T22:10:47+08:00,confirmed
2013-12-27,87.5199966430664,70.94000244140625,1.2337185456873165,Derived from Yahoo Finance QQQ and RSP,QQQ/RSP,2026-09-11T22:10:47+08:00,confirmed
2013-12-30,87.38999938964844,71.06999969482422,1.2296327531293454,Derived from Yahoo Finance QQQ and RSP,QQQ/RSP,2026-09-11T22:10:47+08:00,confirmed
2013-12-31,87.95999908447266,71.25,1.2345263029399671,Derived from Yahoo Finance QQQ and RSP,QQQ/RSP,2026-09-11T22:10:47+08:00,confirmed
2014-01-02,87.2699966430664,70.5999984741211,1.2361189593375956,Derived from Yahoo Finance QQQ and RSP,QQQ/RSP,2026-09-11T22:10:47+08:00,confirmed
2014-01-03,86.63999938964844,70.54000091552734,1.2282392722591693,Derived from Yahoo Finance QQQ and RSP,QQQ/RSP,2026-09-11T22:10:47+08:00,confirmed
2014-01-06,86.31999969482422,70.31999969482422,1.227531286539207,Derived from Yahoo Finance QQQ and RSP,QQQ/RSP,2026-09-11T22:10:47+08:00,confirmed
2014-01-07,87.12000274658203,70.73999786376953,1.2315522388671396,Derived from Yahoo Finance QQQ and RSP,QQQ/RSP,2026-09-11T22:10:47+08:00,confirmed
2014-01-08,87.30999755859375,70.8499984741211,1.232321798715139,Derived from Yahoo Finance QQQ and RSP,QQQ/RSP,2026-09-11T22:10:47+08:00,confirmed
2014-01-09,87.0199966430664,70.93000030517578,1.2268433140936634,Derived from Yahoo Finance QQQ and RSP,QQQ/RSP,2026-09-11T22:10:47+08:00,confirmed
2014-01-10,87.30000305175781,71.23999786376953,1.2254352283768934,Derived from Yahoo Finance QQQ and RSP,QQQ/RSP,2026-09-11T22:10:47+08:00,confirmed
2014-01-13,86.01000213623047,70.22000122070312,1.2248647200375147,Derived from Yahoo Finance QQQ and RSP,QQQ/RSP,2026-09-11T22:10:47+08:00,confirmed
2014-01-14,87.6500015258789,71.02999877929688,1.2339856825596098,Derived from Yahoo Finance QQQ and RSP,QQQ/RSP,2026-09-11T22:10:47+08:00,confirmed
2014-01-15,88.37000274658203,71.29000091552734,1.239584817109107,Derived from Yahoo Finance QQQ and RSP,QQQ/RSP,2026-09-11T22:10:47+08:00,confirmed
2014-01-16,88.37999725341797,71.22000122070312,1.2409434953467335,Derived from Yahoo Finance QQQ and RSP,QQQ/RSP,2026-09-11T22:10:47+08:00,confirmed
2014-01-17,87.87999725341797,70.9800033569336,1.238095140845517,Derived from Yahoo Finance QQQ and RSP,QQQ/RSP,2026-09-11T22:10:47+08:00,confirmed
2014-01-21,88.55000305175781,71.19999694824219,1.2436798714489827,Derived from Yahoo Finance QQQ and RSP,QQQ/RSP,2026-09-11T22:10:47+08:00,confirmed
2014-01-22,88.77999877929688,71.37000274658203,1.243939965849989,Derived from Yahoo Finance QQQ and RSP,QQQ/RSP,2026-09-11T22:10:47+08:00,confirmed
2014-01-23,88.4800033569336,70.66999816894531,1.2520164942612744,Derived from Yahoo Finance QQQ and RSP,QQQ/RSP,2026-09-11T22:10:47+08:00,confirmed
2014-01-24,86.73999786376953,69.04000091552734,1.2563730694311361,Derived from Yahoo Finance QQQ and RSP,QQQ/RSP,2026-09-11T22:10:47+08:00,confirmed
2014-01-27,85.9000015258789,68.70999908447266,1.2501819628941155,Derived from Yahoo Finance QQQ and RSP,QQQ/RSP,2026-09-11T22:10:47+08:00,confirmed
2014-01-28,85.8499984741211,69.33000183105469,1.2382806318586692,Derived from Yahoo Finance QQQ and RSP,QQQ/RSP,2026-09-11T22:10:47+08:00,confirmed
2014-01-29,84.93000030517578,68.69999694824219,1.2362446008427206,Derived from Yahoo Finance QQQ and RSP,QQQ/RSP,2026-09-11T22:10:47+08:00,confirmed
2014-01-30,86.5,69.47000122070312,1.2451417659428754,Derived from Yahoo Finance QQQ and RSP,QQQ/RSP,2026-09-11T22:10:47+08:00,confirmed
2014-01-31,86.2699966430664,69.13999938964844,1.2477581342874968,Derived from Yahoo Finance QQQ and RSP,QQQ/RSP,2026-09-11T22:10:47+08:00,confirmed
2014-02-03,84.29000091552734,67.44000244140625,1.2498516883768034,Derived from Yahoo Finance QQQ and RSP,QQQ/RSP,2026-09-11T22:10:47+08:00,confirmed
2014-02-04,84.91000366210938,68.0,1.2486765244427849,Derived from Yahoo Finance QQQ and RSP,QQQ/RSP,2026-09-11T22:10:47+08:00,confirmed
2014-02-05,84.69000244140625,67.87999725341797,1.2476429856829707,Derived from Yahoo Finance QQQ and RSP,QQQ/RSP,2026-09-11T22:10:47+08:00,confirmed
2014-02-06,85.7699966430664,68.86000061035156,1.2455706634160675,Derived from Yahoo Finance QQQ and RSP,QQQ/RSP,2026-09-11T22:10:47+08:00,confirmed
2014-02-07,87.30000305175781,69.70999908447266,1.2523311461526498,Derived from Yahoo Finance QQQ and RSP,QQQ/RSP,2026-09-11T22:10:47+08:00,confirmed
2014-02-10,87.80000305175781,69.83000183105469,1.2573392632035065,Derived from Yahoo Finance QQQ and RSP,QQQ/RSP,2026-09-11T22:10:47+08:00,confirmed
2014-02-11,88.80000305175781,70.54000091552734,1.2588602480753732,Derived from Yahoo Finance QQQ and RSP,QQQ/RSP,2026-09-11T22:10:47+08:00,confirmed
2014-02-12,88.97000122070312,70.62999725341797,1.2596630989731157,Derived from Yahoo Finance QQQ and RSP,QQQ/RSP,2026-09-11T22:10:47+08:00,confirmed
2014-02-13,89.62999725341797,71.06999969482422,1.261150944678355,Derived from Yahoo Finance QQQ and RSP,QQQ/RSP,2026-09-11T22:10:47+08:00,confirmed
2014-02-14,89.80999755859375,71.43000030517578,1.257314814152201,Derived from Yahoo Finance QQQ and RSP,QQQ/RSP,2026-09-11T22:10:47+08:00,confirmed
2014-02-18,90.25,71.69000244140625,1.2588924107481128,Derived from Yahoo Finance QQQ and RSP,QQQ/RSP,2026-09-11T22:10:47+08:00,confirmed
2014-02-19,89.62999725341797,71.37000274658203,1.2558497100199484,Derived from Yahoo Finance QQQ and RSP,QQQ/RSP,2026-09-11T22:10:47+08:00,confirmed
2014-02-20,90.05000305175781,71.87999725341797,1.2527825054622668,Derived from Yahoo Finance QQQ and RSP,QQQ/RSP,2026-09-11T22:10:47+08:00,confirmed
2014-02-21,89.93000030517578,71.91999816894531,1.2504171662229977,Derived from Yahoo Finance QQQ and RSP,QQQ/RSP,2026-09-11T22:10:47+08:00,confirmed
2014-02-24,90.41000366210938,72.30000305175781,1.250484091921643,Derived from Yahoo Finance QQQ and RSP,QQQ/RSP,2026-09-11T22:10:47+08:00,confirmed
2014-02-25,90.30999755859376,72.23999786376953,1.2501384306364558,Derived from Yahoo Finance QQQ and RSP,QQQ/RSP,2026-09-11T22:10:47+08:00,confirmed
2014-02-26,90.2300033569336,72.33000183105469,1.2474768570819197,Derived from Yahoo Finance QQQ and RSP,QQQ/RSP,2026-09-11T22:10:47+08:00,confirmed
2014-02-27,90.44000244140624,72.62999725341797,1.2452155564022154,Derived from Yahoo Finance QQQ and RSP,QQQ/RSP,2026-09-11T22:10:47+08:00,confirmed
2014-02-28,90.33999633789062,72.83000183105469,1.2404228211809503,Derived from Yahoo Finance QQQ and RSP,QQQ/RSP,2026-09-11T22:10:47+08:00,confirmed
2014-03-03,89.66999816894531,72.31999969482422,1.2399059533646928,Derived from Yahoo Finance QQQ and RSP,QQQ/RSP,2026-09-11T22:10:47+08:00,confirmed
2014-03-04,90.80999755859376,73.4000015258789,1.2371934015093522,Derived from Yahoo Finance QQQ and RSP,QQQ/RSP,2026-09-11T22:10:47+08:00,confirmed
2014-03-05,91.05999755859376,73.36000061035156,1.2412758560656911,Derived from Yahoo Finance QQQ and RSP,QQQ/RSP,2026-09-11T22:10:47+08:00,confirmed
2014-03-06,90.9800033569336,73.55000305175781,1.2369816394556792,Derived from Yahoo Finance QQQ and RSP,QQQ/RSP,2026-09-11T22:10:47+08:00,confirmed
2014-03-07,90.52999877929688,73.55000305175781,1.2308632905914372,Derived from Yahoo Finance QQQ and RSP,QQQ/RSP,2026-09-11T22:10:47+08:00,confirmed
2014-03-10,90.61000061035156,73.37999725341797,1.234805178547905,Derived from Yahoo Finance QQQ and RSP,QQQ/RSP,2026-09-11T22:10:47+08:00,confirmed
2014-03-11,90.22000122070312,73.0,1.2358904276808647,Derived from Yahoo Finance QQQ and RSP,QQQ/RSP,2026-09-11T22:10:47+08:00,confirmed
2014-03-12,90.55999755859376,73.02999877929688,1.240038327705223,Derived from Yahoo Finance QQQ and RSP,QQQ/RSP,2026-09-11T22:10:47+08:00,confirmed
2014-03-13,89.27999877929688,72.19999694824219,1.2365651323129387,Derived from Yahoo Finance QQQ and RSP,QQQ/RSP,2026-09-11T22:10:47+08:00,confirmed
2014-03-14,88.66999816894531,72.16000366210938,1.228797029780435,Derived from Yahoo Finance QQQ and RSP,QQQ/RSP,2026-09-11T22:10:47+08:00,confirmed
2014-03-17,89.44999694824219,72.76000213623047,1.2293841990378533,Derived from Yahoo Finance QQQ and RSP,QQQ/RSP,2026-09-11T22:10:47+08:00,confirmed
2014-03-18,90.52999877929688,73.31999969482422,1.2347244838530398,Derived from Yahoo Finance QQQ and RSP,QQQ/RSP,2026-09-11T22:10:47+08:00,confirmed
2014-03-19,90.04000091552734,72.91999816894531,1.2347778822884417,Derived from Yahoo Finance QQQ and RSP,QQQ/RSP,2026-09-11T22:10:47+08:00,confirmed
2014-03-20,90.29000091552734,73.2300033569336,1.2329645879632267,Derived from Yahoo Finance QQQ and RSP,QQQ/RSP,2026-09-11T22:10:47+08:00,confirmed
2014-03-21,89.0,72.83999633789062,1.22185618443947,Derived from Yahoo Finance QQQ and RSP,QQQ/RSP,2026-09-11T22:10:47+08:00,confirmed
2014-03-24,88.22000122070312,72.31999969482422,1.2198562167170035,Derived from Yahoo Finance QQQ and RSP,QQQ/RSP,2026-09-11T22:10:47+08:00,confirmed
2014-03-25,88.51000213623047,72.55999755859375,1.2198181520714186,Derived from Yahoo Finance QQQ and RSP,QQQ/RSP,2026-09-11T22:10:47+08:00,confirmed
2014-03-26,87.37000274658203,72.0,1.213472260369195,Derived from Yahoo Finance QQQ and RSP,QQQ/RSP,2026-09-11T22:10:47+08:00,confirmed
2014-03-27,86.87999725341797,71.86000061035156,1.2090174856038445,Derived from Yahoo Finance QQQ and RSP,QQQ/RSP,2026-09-11T22:10:47+08:00,confirmed
2014-03-28,87.05000305175781,72.33000183105469,1.2035116942909179,Derived from Yahoo Finance QQQ and RSP,QQQ/RSP,2026-09-11T22:10:47+08:00,confirmed
2014-03-31,87.66999816894531,72.98999786376953,1.2011234516347695,Derived from Yahoo Finance QQQ and RSP,QQQ/RSP,2026-09-11T22:10:47+08:00,confirmed
2014-04-01,89.20999908447266,73.5999984741211,1.2120924039942784,Derived from Yahoo Finance QQQ and RSP,QQQ/RSP,2026-09-11T22:10:47+08:00,confirmed
2014-04-02,89.44000244140625,73.88999938964844,1.2104480062282459,Derived from Yahoo Finance QQQ and RSP,QQQ/RSP,2026-09-11T22:10:47+08:00,confirmed
2014-04-03,88.7300033569336,73.80000305175781,1.2023035188048026,Derived from Yahoo Finance QQQ and RSP,QQQ/RSP,2026-09-11T22:10:47+08:00,confirmed
2014-04-04,86.37000274658203,72.95999908447266,1.1837993946050267,Derived from Yahoo Finance QQQ and RSP,QQQ/RSP,2026-09-11T22:10:47+08:00,confirmed
2014-04-07,85.55000305175781,71.98999786376953,1.1883595720290003,Derived from Yahoo Finance QQQ and RSP,QQQ/RSP,2026-09-11T22:10:47+08:00,confirmed
2014-04-08,86.33999633789062,72.37999725341797,1.1928709534983222,Derived from Yahoo Finance QQQ and RSP,QQQ/RSP,2026-09-11T22:10:47+08:00,confirmed
2014-04-09,87.81999969482422,73.08000183105469,1.2016967363772821,Derived from Yahoo Finance QQQ and RSP,QQQ/RSP,2026-09-11T22:10:47+08:00,confirmed
2014-04-10,85.0999984741211,71.55000305175781,1.1893779852470654,Derived from Yahoo Finance QQQ and RSP,QQQ/RSP,2026-09-11T22:10:47+08:00,confirmed
2014-04-11,84.11000061035156,70.73999786376953,1.1890020236122973,Derived from Yahoo Finance QQQ and RSP,QQQ/RSP,2026-09-11T22:10:47+08:00,confirmed
2014-04-14,84.7699966430664,71.37000274658203,1.1877538655009525,Derived from Yahoo Finance QQQ and RSP,QQQ/RSP,2026-09-11T22:10:47+08:00,confirmed
2014-04-15,85.05000305175781,71.81999969482422,1.1842105738394626,Derived from Yahoo Finance QQQ and RSP,QQQ/RSP,2026-09-11T22:10:47+08:00,confirmed
2014-04-16,86.18000030517578,72.55999755859375,1.1877067696368593,Derived from Yahoo Finance QQQ and RSP,QQQ/RSP,2026-09-11T22:10:47+08:00,confirmed
2014-04-17,86.19999694824219,72.69000244140625,1.1858576702858972,Derived from Yahoo Finance QQQ and RSP,QQQ/RSP,2026-09-11T22:10:47+08:00,confirmed
2014-04-21,86.83999633789062,72.87999725341797,1.1915477443821934,Derived from Yahoo Finance QQQ and RSP,QQQ/RSP,2026-09-11T22:10:47+08:00,confirmed
2014-04-22,87.52999877929688,73.20999908447266,1.195601692035281,Derived from Yahoo Finance QQQ and RSP,QQQ/RSP,2026-09-11T22:10:47+08:00,confirmed
2014-04-23,86.76000213623047,73.1500015258789,1.1860560536767266,Derived from Yahoo Finance QQQ and RSP,QQQ/RSP,2026-09-11T22:10:47+08:00,confirmed
2014-04-24,87.58999633789062,73.25,1.19576786809407,Derived from Yahoo Finance QQQ and RSP,QQQ/RSP,2026-09-11T22:10:47+08:00,confirmed
2014-04-25,86.19000244140625,72.58000183105469,1.1875172260539717,Derived from Yahoo Finance QQQ and RSP,QQQ/RSP,2026-09-11T22:10:47+08:00,confirmed
2014-04-28,86.47000122070312,72.55999755859375,1.1917034747813593,Derived from Yahoo Finance QQQ and RSP,QQQ/RSP,2026-09-11T22:10:47+08:00,confirmed
2014-04-29,87.16000366210938,72.87999725341797,1.1959386244079708,Derived from Yahoo Finance QQQ and RSP,QQQ/RSP,2026-09-11T22:10:47+08:00,confirmed
2014-04-30,87.38999938964844,73.2699966430664,1.1927119338542813,Derived from Yahoo Finance QQQ and RSP,QQQ/RSP,2026-09-11T22:10:47+08:00,confirmed
2014-05-01,87.6500015258789,73.30000305175781,1.1957707759437395,Derived from Yahoo Finance QQQ and RSP,QQQ/RSP,2026-09-11T22:10:47+08:00,confirmed
2014-05-02,87.48999786376953,73.25,1.1944027012118708,Derived from Yahoo Finance QQQ and RSP,QQQ/RSP,2026-09-11T22:10:47+08:00,confirmed
2014-05-05,87.94999694824219,73.3499984741211,1.199045654776287,Derived from Yahoo Finance QQQ and RSP,QQQ/RSP,2026-09-11T22:10:47+08:00,confirmed
2014-05-06,86.80999755859375,72.7300033569336,1.1935926516125737,Derived from Yahoo Finance QQQ and RSP,QQQ/RSP,2026-09-11T22:10:47+08:00,confirmed
2014-05-07,86.55999755859375,73.16999816894531,1.1829984928895543,Derived from Yahoo Finance QQQ and RSP,QQQ/RSP,2026-09-11T22:10:47+08:00,confirmed
2014-05-08,86.4800033569336,73.06999969482422,1.183522700398468,Derived from Yahoo Finance QQQ and RSP,QQQ/RSP,2026-09-11T22:10:47+08:00,confirmed
2014-05-09,86.80000305175781,73.18000030517578,1.186116462008524,Derived from Yahoo Finance QQQ and RSP,QQQ/RSP,2026-09-11T22:10:47+08:00,confirmed
2014-05-12,88.2300033569336,73.98999786376953,1.1924585201283933,Derived from Yahoo Finance QQQ and RSP,QQQ/RSP,2026-09-11T22:10:47+08:00,confirmed
2014-05-13,88.29000091552734,73.95999908447266,1.193753407361293,Derived from Yahoo Finance QQQ and RSP,QQQ/RSP,2026-09-11T22:10:47+08:00,confirmed
2014-05-14,87.83000183105469,73.52999877929688,1.1944784889046418,Derived from Yahoo Finance QQQ and RSP,QQQ/RSP,2026-09-11T22:10:47+08:00,confirmed
2014-05-15,87.13999938964844,72.9000015258789,1.1953360434253826,Derived from Yahoo Finance QQQ and RSP,QQQ/RSP,2026-09-11T22:10:47+08:00,confirmed
2014-05-16,87.70999908447266,73.19999694824219,1.1982240811634202,Derived from Yahoo Finance QQQ and RSP,QQQ/RSP,2026-09-11T22:10:47+08:00,confirmed
2014-05-19,88.31999969482422,73.47000122070312,1.2021232915120261,Derived from Yahoo Finance QQQ and RSP,QQQ/RSP,2026-09-11T22:10:47+08:00,confirmed
2014-05-20,88.0,72.83000183105469,1.2082932553556085,Derived from Yahoo Finance QQQ and RSP,QQQ/RSP,2026-09-11T22:10:47+08:00,confirmed
2014-05-21,88.83999633789062,73.36000061035156,1.2110141166677517,Derived from Yahoo Finance QQQ and RSP,QQQ/RSP,2026-09-11T22:10:47+08:00,confirmed
2014-05-22,89.2300033569336,73.58000183105469,1.212693682202027,Derived from Yahoo Finance QQQ and RSP,QQQ/RSP,2026-09-11T22:10:47+08:00,confirmed
2014-05-23,89.87999725341797,73.95999908447266,1.215251465197592,Derived from Yahoo Finance QQQ and RSP,QQQ/RSP,2026-09-11T22:10:47+08:00,confirmed
2014-05-27,91.0,74.38999938964844,1.2232827093242709,Derived from Yahoo Finance QQQ and RSP,QQQ/RSP,2026-09-11T22:10:47+08:00,confirmed
2014-05-28,90.72000122070312,74.30999755859375,1.2208317077277524,Derived from Yahoo Finance QQQ and RSP,QQQ/RSP,2026-09-11T22:10:47+08:00,confirmed
2014-05-29,91.3000030517578,74.75,1.2214047231004388,Derived from Yahoo Finance QQQ and RSP,QQQ/RSP,2026-09-11T22:10:47+08:00,confirmed
2014-05-30,91.30999755859376,74.8499984741211,1.219906471877399,Derived from Yahoo Finance QQQ and RSP,QQQ/RSP,2026-09-11T22:10:47+08:00,confirmed
2014-06-02,91.22000122070312,74.9800033569336,1.2165910527699086,Derived from Yahoo Finance QQQ and RSP,QQQ/RSP,2026-09-11T22:10:47+08:00,confirmed
2014-06-03,91.18000030517578,74.95999908447266,1.216382089365086,Derived from Yahoo Finance QQQ and RSP,QQQ/RSP,2026-09-11T22:10:47+08:00,confirmed
2014-06-04,91.5199966430664,75.19000244140625,1.2171830518875928,Derived from Yahoo Finance QQQ and RSP,QQQ/RSP,2026-09-11T22:10:47+08:00,confirmed
2014-06-05,92.29000091552734,75.69999694824219,1.219154618706631,Derived from Yahoo Finance QQQ and RSP,QQQ/RSP,2026-09-11T22:10:47+08:00,confirmed
2014-06-06,92.81999969482422,76.0999984741211,1.2197109271479027,Derived from Yahoo Finance QQQ and RSP,QQQ/RSP,2026-09-11T22:10:47+08:00,confirmed
2014-06-09,92.75,76.20999908447266,1.2170319001997898,Derived from Yahoo Finance QQQ and RSP,QQQ/RSP,2026-09-11T22:10:47+08:00,confirmed
2014-06-10,92.91000366210938,76.06999969482422,1.2213751023378925,Derived from Yahoo Finance QQQ and RSP,QQQ/RSP,2026-09-11T22:10:47+08:00,confirmed
2014-06-11,92.88999938964844,75.80000305175781,1.225461684034778,Derived from Yahoo Finance QQQ and RSP,QQQ/RSP,2026-09-11T22:10:47+08:00,confirmed
2014-06-12,92.0500030517578,75.36000061035156,1.221470306611352,Derived from Yahoo Finance QQQ and RSP,QQQ/RSP,2026-09-11T22:10:47+08:00,confirmed
2014-06-13,92.31999969482422,75.62000274658203,1.2208409989643516,Derived from Yahoo Finance QQQ and RSP,QQQ/RSP,2026-09-11T22:10:47+08:00,confirmed
2014-06-16,92.4000015258789,75.75,1.2198020003416357,Derived from Yahoo Finance QQQ and RSP,QQQ/RSP,2026-09-11T22:10:47+08:00,confirmed
2014-06-17,92.4499969482422,76.0999984741211,1.2148488673055777,Derived from Yahoo Finance QQQ and RSP,QQQ/RSP,2026-09-11T22:10:47+08:00,confirmed
2014-06-18,92.97000122070312,76.66999816894531,1.212599497078898,Derived from Yahoo Finance QQQ and RSP,QQQ/RSP,2026-09-11T22:10:47+08:00,confirmed
2014-06-19,92.91000366210938,76.77999877929688,1.2100808171302269,Derived from Yahoo Finance QQQ and RSP,QQQ/RSP,2026-09-11T22:10:47+08:00,confirmed
2014-06-20,92.7699966430664,76.7300033569336,1.2090446055569393,Derived from Yahoo Finance QQQ and RSP,QQQ/RSP,2026-09-11T22:10:47+08:00,confirmed
2014-06-23,92.79000091552734,76.66000366210938,1.2104095549553244,Derived from Yahoo Finance QQQ and RSP,QQQ/RSP,2026-09-11T22:10:47+08:00,confirmed
2014-06-24,92.6999969482422,76.11000061035156,1.2179739351576653,Derived from Yahoo Finance QQQ and RSP,QQQ/RSP,2026-09-11T22:10:47+08:00,confirmed
2014-06-25,93.29000091552734,76.47000122070312,1.219955530617547,Derived from Yahoo Finance QQQ and RSP,QQQ/RSP,2026-09-11T22:10:47+08:00,confirmed
2014-06-26,93.33999633789062,76.4800033569336,1.2204496893426002,Derived from Yahoo Finance QQQ and RSP,QQQ/RSP,2026-09-11T22:10:47+08:00,confirmed
2014-06-27,93.75,76.68000030517578,1.2226134536631192,Derived from Yahoo Finance QQQ and RSP,QQQ/RSP,2026-09-11T22:10:47+08:00,confirmed
2014-06-30,93.91000366210938,76.70999908447266,1.2242211547766564,Derived from Yahoo Finance QQQ and RSP,QQQ/RSP,2026-09-11T22:10:47+08:00,confirmed
2014-07-01,94.94000244140624,77.11000061035156,1.2312281375946599,Derived from Yahoo Finance QQQ and RSP,QQQ/RSP,2026-09-11T22:10:47+08:00,confirmed
2014-07-02,95.0999984741211,77.05999755859375,1.2341033154304262,Derived from Yahoo Finance QQQ and RSP,QQQ/RSP,2026-09-11T22:10:47+08:00,confirmed
2014-07-03,95.6999969482422,77.5,1.2348386702998995,Derived from Yahoo Finance QQQ and RSP,QQQ/RSP,2026-09-11T22:10:47+08:00,confirmed
2014-07-07,95.41000366210938,77.0,1.239090956650771,Derived from Yahoo Finance QQQ and RSP,QQQ/RSP,2026-09-11T22:10:47+08:00,confirmed
2014-07-08,94.26000213623048,76.5999984741211,1.2305483552728234,Derived from Yahoo Finance QQQ and RSP,QQQ/RSP,2026-09-11T22:10:47+08:00,confirmed
2014-07-09,94.95999908447266,76.91000366210938,1.234689826588265,Derived from Yahoo Finance QQQ and RSP,QQQ/RSP,2026-09-11T22:10:47+08:00,confirmed
2014-07-10,94.66000366210938,76.55000305175781,1.2365773989336988,Derived from Yahoo Finance QQQ and RSP,QQQ/RSP,2026-09-11T22:10:47+08:00,confirmed
2014-07-11,95.2699966430664,76.56999969482422,1.2442209353894802,Derived from Yahoo Finance QQQ and RSP,QQQ/RSP,2026-09-11T22:10:47+08:00,confirmed
2014-07-14,95.83999633789062,76.83999633789062,1.2472670601967597,Derived from Yahoo Finance QQQ and RSP,QQQ/RSP,2026-09-11T22:10:47+08:00,confirmed
2014-07-15,95.51000213623048,76.6500015258789,1.2460534929537344,Derived from Yahoo Finance QQQ and RSP,QQQ/RSP,2026-09-11T22:10:47+08:00,confirmed
2014-07-16,95.88999938964844,76.91000366210938,1.2467818856299155,Derived from Yahoo Finance QQQ and RSP,QQQ/RSP,2026-09-11T22:10:47+08:00,confirmed
2014-07-17,94.62000274658205,75.9800033569336,1.245327698948403,Derived from Yahoo Finance QQQ and RSP,QQQ/RSP,2026-09-11T22:10:47+08:00,confirmed
2014-07-18,96.12000274658205,76.72000122070312,1.2528675862513383,Derived from Yahoo Finance QQQ and RSP,QQQ/RSP,2026-09-11T22:10:47+08:00,confirmed
2014-07-21,96.0,76.55999755859375,1.2539185352837585,Derived from Yahoo Finance QQQ and RSP,QQQ/RSP,2026-09-11T22:10:47+08:00,confirmed
2014-07-22,96.61000061035156,76.9000015258789,1.2563068750764552,Derived from Yahoo Finance QQQ and RSP,QQQ/RSP,2026-09-11T22:10:47+08:00,confirmed
2014-07-23,97.2300033569336,76.93000030517578,1.2638762897599007,Derived from Yahoo Finance QQQ and RSP,QQQ/RSP,2026-09-11T22:10:47+08:00,confirmed
2014-07-24,97.12000274658205,77.08999633789062,1.2598262726709515,Derived from Yahoo Finance QQQ and RSP,QQQ/RSP,2026-09-11T22:10:47+08:00,confirmed
2014-07-25,96.73999786376952,76.73999786376953,1.2606202835124443,Derived from Yahoo Finance QQQ and RSP,QQQ/RSP,2026-09-11T22:10:47+08:00,confirmed
2014-07-28,96.7699966430664,76.75,1.2608468617989108,Derived from Yahoo Finance QQQ and RSP,QQQ/RSP,2026-09-11T22:10:47+08:00,confirmed
2014-07-29,96.5999984741211,76.38999938964844,1.264563414660942,Derived from Yahoo Finance QQQ and RSP,QQQ/RSP,2026-09-11T22:10:47+08:00,confirmed
2014-07-30,96.9800033569336,76.37999725341797,1.269704200632107,Derived from Yahoo Finance QQQ and RSP,QQQ/RSP,2026-09-11T22:10:47+08:00,confirmed
2014-07-31,95.0199966430664,74.91999816894531,1.2682861581068836,Derived from Yahoo Finance QQQ and RSP,QQQ/RSP,2026-09-11T22:10:47+08:00,confirmed
2014-08-01,94.66999816894533,74.76000213623047,1.2663188264285241,Derived from Yahoo Finance QQQ and RSP,QQQ/RSP,2026-09-11T22:10:47+08:00,confirmed
2014-08-04,95.31999969482422,75.27999877929688,1.2662061801339806,Derived from Yahoo Finance QQQ and RSP,QQQ/RSP,2026-09-11T22:10:47+08:00,confirmed
2014-08-05,94.58999633789062,74.58999633789062,1.2681324705983434,Derived from Yahoo Finance QQQ and RSP,QQQ/RSP,2026-09-11T22:10:47+08:00,confirmed
2014-08-06,94.5199966430664,74.5999984741211,1.2670241096031067,Derived from Yahoo Finance QQQ and RSP,QQQ/RSP,2026-09-11T22:10:47+08:00,confirmed
2014-08-07,94.22000122070312,74.18000030517578,1.2701536914678213,Derived from Yahoo Finance QQQ and RSP,QQQ/RSP,2026-09-11T22:10:47+08:00,confirmed
2014-08-08,94.9000015258789,75.16999816894531,1.2624717817950484,Derived from Yahoo Finance QQQ and RSP,QQQ/RSP,2026-09-11T22:10:47+08:00,confirmed
2014-08-11,95.45999908447266,75.38999938964844,1.2662156765792463,Derived from Yahoo Finance QQQ and RSP,QQQ/RSP,2026-09-11T22:10:47+08:00,confirmed
2014-08-12,95.41999816894533,75.2300033569336,1.2683768963324247,Derived from Yahoo Finance QQQ and RSP,QQQ/RSP,2026-09-11T22:10:47+08:00,confirmed
2014-08-13,96.43000030517578,75.7300033569336,1.2733394431620206,Derived from Yahoo Finance QQQ and RSP,QQQ/RSP,2026-09-11T22:10:47+08:00,confirmed
2014-08-14,96.93000030517578,76.08999633789062,1.2738862527308,Derived from Yahoo Finance QQQ and RSP,QQQ/RSP,2026-09-11T22:10:47+08:00,confirmed
2014-08-15,97.4000015258789,76.05999755859375,1.2805680338189023,Derived from Yahoo Finance QQQ and RSP,QQQ/RSP,2026-09-11T22:10:47+08:00,confirmed
2014-08-18,98.1500015258789,76.7300033569336,1.2791606572634109,Derived from Yahoo Finance QQQ and RSP,QQQ/RSP,2026-09-11T22:10:47+08:00,confirmed
2014-08-19,98.6999969482422,77.13999938964844,1.2794918035932334,Derived from Yahoo Finance QQQ and RSP,QQQ/RSP,2026-09-11T22:10:47+08:00,confirmed
2014-08-20,98.6999969482422,77.41000366210938,1.2750289662698189,Derived from Yahoo Finance QQQ and RSP,QQQ/RSP,2026-09-11T22:10:47+08:00,confirmed
2014-08-21,98.9000015258789,77.54000091552734,1.2754707294061205,Derived from Yahoo Finance QQQ and RSP,QQQ/RSP,2026-09-11T22:10:47+08:00,confirmed
2014-08-22,99.0500030517578,77.41000366210938,1.2795504245692313,Derived from Yahoo Finance QQQ and RSP,QQQ/RSP,2026-09-11T22:10:47+08:00,confirmed
2014-08-25,99.4000015258789,77.79000091552734,1.2777992075590539,Derived from Yahoo Finance QQQ and RSP,QQQ/RSP,2026-09-11T22:10:47+08:00,confirmed
2014-08-26,99.5,77.86000061035156,1.2779347446700557,Derived from Yahoo Finance QQQ and RSP,QQQ/RSP,2026-09-11T22:10:47+08:00,confirmed
2014-08-27,99.5199966430664,77.81999969482422,1.2788485869100492,Derived from Yahoo Finance QQQ and RSP,QQQ/RSP,2026-09-11T22:10:47+08:00,confirmed
2014-08-28,99.41000366210938,77.79000091552734,1.2779277862467096,Derived from Yahoo Finance QQQ and RSP,QQQ/RSP,2026-09-11T22:10:47+08:00,confirmed
2014-08-29,99.77999877929688,78.06999969482422,1.2780837603347903,Derived from Yahoo Finance QQQ and RSP,QQQ/RSP,2026-09-11T22:10:47+08:00,confirmed
2014-09-02,100.06999969482422,78.01000213623047,1.282784219388559,Derived from Yahoo Finance QQQ and RSP,QQQ/RSP,2026-09-11T22:10:47+08:00,confirmed
2014-09-03,99.4800033569336,78.06999969482422,1.2742411136902922,Derived from Yahoo Finance QQQ and RSP,QQQ/RSP,2026-09-11T22:10:47+08:00,confirmed
2014-09-04,99.38999938964844,77.97000122070312,1.2747210187712261,Derived from Yahoo Finance QQQ and RSP,QQQ/RSP,2026-09-11T22:10:47+08:00,confirmed
2014-09-05,99.88999938964844,78.31999969482422,1.275408577360473,Derived from Yahoo Finance QQQ and RSP,QQQ/RSP,2026-09-11T22:10:47+08:00,confirmed
2014-09-08,100.08000183105467,78.08999633789062,1.281598239523724,Derived from Yahoo Finance QQQ and RSP,QQQ/RSP,2026-09-11T22:10:47+08:00,confirmed
2014-09-09,99.25,77.52999877929688,1.2801496396579732,Derived from Yahoo Finance QQQ and RSP,QQQ/RSP,2026-09-11T22:10:47+08:00,confirmed
2014-09-10,100.06999969482422,77.69000244140625,1.2880679180091021,Derived from Yahoo Finance QQQ and RSP,QQQ/RSP,2026-09-11T22:10:47+08:00,confirmed
2014-09-11,99.98999786376952,77.83000183105469,1.2847230568080603,Derived from Yahoo Finance QQQ and RSP,QQQ/RSP,2026-09-11T22:10:47+08:00,confirmed
2014-09-12,99.4800033569336,77.2699966430664,1.287433773505413,Derived from Yahoo Finance QQQ and RSP,QQQ/RSP,2026-09-11T22:10:47+08:00,confirmed
2014-09-15,98.5199966430664,77.0999984741211,1.277820993422393,Derived from Yahoo Finance QQQ and RSP,QQQ/RSP,2026-09-11T22:10:47+08:00,confirmed
2014-09-16,99.37999725341795,77.62999725341797,1.2801751999165807,Derived from Yahoo Finance QQQ and RSP,QQQ/RSP,2026-09-11T22:10:47+08:00,confirmed
2014-09-17,99.52999877929688,77.69999694824219,1.280952415552811,Derived from Yahoo Finance QQQ and RSP,QQQ/RSP,2026-09-11T22:10:47+08:00,confirmed
2014-09-18,100.27999877929688,77.98999786376953,1.2858058921153301,Derived from Yahoo Finance QQQ and RSP,QQQ/RSP,2026-09-11T22:10:47+08:00,confirmed
2014-09-19,99.9800033569336,77.55000305175781,1.2892327456158283,Derived from Yahoo Finance QQQ and RSP,QQQ/RSP,2026-09-11T22:10:47+08:00,confirmed
2014-09-22,99.0500030517578,76.83000183105469,1.2892099530280343,Derived from Yahoo Finance QQQ and RSP,QQQ/RSP,2026-09-11T22:10:47+08:00,confirmed
2014-09-23,98.77999877929688,76.29000091552734,1.2947961409604876,Derived from Yahoo Finance QQQ and RSP,QQQ/RSP,2026-09-11T22:10:47+08:00,confirmed
2014-09-24,99.83999633789062,76.88999938964844,1.2984783083680438,Derived from Yahoo Finance QQQ and RSP,QQQ/RSP,2026-09-11T22:10:47+08:00,confirmed
2014-09-25,97.73999786376952,75.75,1.2902970015019077,Derived from Yahoo Finance QQQ and RSP,QQQ/RSP,2026-09-11T22:10:47+08:00,confirmed
2014-09-26,98.77999877929688,76.27999877929688,1.294965919770134,Derived from Yahoo Finance QQQ and RSP,QQQ/RSP,2026-09-11T22:10:47+08:00,confirmed
2014-09-29,98.6500015258789,76.13999938964844,1.2956396416689597,Derived from Yahoo Finance QQQ and RSP,QQQ/RSP,2026-09-11T22:10:47+08:00,confirmed
2014-09-30,98.79000091552734,75.79000091552734,1.303470111125014,Derived from Yahoo Finance QQQ and RSP,QQQ/RSP,2026-09-11T22:10:47+08:00,confirmed
2014-10-01,97.20999908447266,74.77999877929688,1.2999465187392543,Derived from Yahoo Finance QQQ and RSP,QQQ/RSP,2026-09-11T22:10:47+08:00,confirmed
2014-10-02,97.20999908447266,74.86000061035156,1.2985572841557065,Derived from Yahoo Finance QQQ and RSP,QQQ/RSP,2026-09-11T22:10:47+08:00,confirmed
2014-10-03,98.16999816894533,75.5999984741211,1.2985449755339644,Derived from Yahoo Finance QQQ and RSP,QQQ/RSP,2026-09-11T22:10:47+08:00,confirmed
2014-10-06,97.95999908447266,75.4800033569336,1.2978271691541208,Derived from Yahoo Finance QQQ and RSP,QQQ/RSP,2026-09-11T22:10:47+08:00,confirmed
2014-10-07,96.56999969482422,74.26000213623047,1.3004308768758976,Derived from Yahoo Finance QQQ and RSP,QQQ/RSP,2026-09-11T22:10:47+08:00,confirmed
2014-10-08,98.4499969482422,75.5,1.3039734695131417,Derived from Yahoo Finance QQQ and RSP,QQQ/RSP,2026-09-11T22:10:47+08:00,confirmed
2014-10-09,96.86000061035156,73.81999969482422,1.312110552841722,Derived from Yahoo Finance QQQ and RSP,QQQ/RSP,2026-09-11T22:10:47+08:00,confirmed
2014-10-10,94.44000244140624,72.91999816894531,1.2951180034673357,Derived from Yahoo Finance QQQ and RSP,QQQ/RSP,2026-09-11T22:10:47+08:00,confirmed
2014-10-13,92.95999908447266,71.68000030517578,1.2968749817061638,Derived from Yahoo Finance QQQ and RSP,QQQ/RSP,2026-09-11T22:10:47+08:00,confirmed
2014-10-14,92.97000122070312,72.06999969482422,1.289995859780472,Derived from Yahoo Finance QQQ and RSP,QQQ/RSP,2026-09-11T22:10:47+08:00,confirmed
2014-10-15,92.37000274658205,71.79000091552734,1.286669474419849,Derived from Yahoo Finance QQQ and RSP,QQQ/RSP,2026-09-11T22:10:47+08:00,confirmed
2014-10-16,91.79000091552734,72.0199966430664,1.2745071534846324,Derived from Yahoo Finance QQQ and RSP,QQQ/RSP,2026-09-11T22:10:47+08:00,confirmed
2014-10-17,93.0,72.81999969482422,1.2771216752231063,Derived from Yahoo Finance QQQ and RSP,QQQ/RSP,2026-09-11T22:10:47+08:00,confirmed
2014-10-20,94.38999938964844,73.58999633789062,1.2826471543258948,Derived from Yahoo Finance QQQ and RSP,QQQ/RSP,2026-09-11T22:10:47+08:00,confirmed
2014-10-21,96.87000274658205,75.12000274658203,1.2895367306278438,Derived from Yahoo Finance QQQ and RSP,QQQ/RSP,2026-09-11T22:10:47+08:00,confirmed
2014-10-22,96.37000274658205,74.48999786376953,1.2937307760812076,Derived from Yahoo Finance QQQ and RSP,QQQ/RSP,2026-09-11T22:10:47+08:00,confirmed
2014-10-23,97.81999969482422,75.37999725341797,1.297691738644747,Derived from Yahoo Finance QQQ and RSP,QQQ/RSP,2026-09-11T22:10:47+08:00,confirmed
2014-10-24,98.62000274658205,75.91999816894531,1.2989990137660732,Derived from Yahoo Finance QQQ and RSP,QQQ/RSP,2026-09-11T22:10:47+08:00,confirmed
2014-10-27,98.69000244140624,75.79000091552734,1.3021506959922373,Derived from Yahoo Finance QQQ and RSP,QQQ/RSP,2026-09-11T22:10:47+08:00,confirmed
2014-10-28,100.18000030517578,76.75,1.305276876940401,Derived from Yahoo Finance QQQ and RSP,QQQ/RSP,2026-09-11T22:10:47+08:00,confirmed
2014-10-29,99.80999755859376,76.58999633789062,1.3031727683895413,Derived from Yahoo Finance QQQ and RSP,QQQ/RSP,2026-09-11T22:10:47+08:00,confirmed
2014-10-30,100.0199966430664,77.13999938964844,1.2966035446519368,Derived from Yahoo Finance QQQ and RSP,QQQ/RSP,2026-09-11T22:10:47+08:00,confirmed
2014-10-31,101.4000015258789,78.08000183105469,1.2986680218743178,Derived from Yahoo Finance QQQ and RSP,QQQ/RSP,2026-09-11T22:10:47+08:00,confirmed
2014-11-03,101.6999969482422,78.0999984741211,1.3021766829091694,Derived from Yahoo Finance QQQ and RSP,QQQ/RSP,2026-09-11T22:10:47+08:00,confirmed
2014-11-04,101.36000061035156,77.70999908447266,1.3043366594326011,Derived from Yahoo Finance QQQ and RSP,QQQ/RSP,2026-09-11T22:10:47+08:00,confirmed
2014-11-05,101.37000274658205,78.30999755859375,1.2944707688278774,Derived from Yahoo Finance QQQ and RSP,QQQ/RSP,2026-09-11T22:10:47+08:00,confirmed
2014-11-06,101.69000244140624,78.66000366210938,1.2927790199225535,Derived from Yahoo Finance QQQ and RSP,QQQ/RSP,2026-09-11T22:10:47+08:00,confirmed
2014-11-07,101.5999984741211,78.76000213623047,1.2899948669171502,Derived from Yahoo Finance QQQ and RSP,QQQ/RSP,2026-09-11T22:10:47+08:00,confirmed
2014-11-10,101.95999908447266,78.95999908447266,1.2912867308343587,Derived from Yahoo Finance QQQ and RSP,QQQ/RSP,2026-09-11T22:10:47+08:00,confirmed
2014-11-11,102.27999877929688,78.9800033569336,1.2950113247914643,Derived from Yahoo Finance QQQ and RSP,QQQ/RSP,2026-09-11T22:10:47+08:00,confirmed
2014-11-12,102.45999908447266,78.98999786376953,1.2971262419981422,Derived from Yahoo Finance QQQ and RSP,QQQ/RSP,2026-09-11T22:10:47+08:00,confirmed
2014-11-13,102.9000015258789,78.83999633789062,1.3051751180311129,Derived from Yahoo Finance QQQ and RSP,QQQ/RSP,2026-09-11T22:10:47+08:00,confirmed
2014-11-14,103.22000122070312,78.87999725341797,1.3085700407555538,Derived from Yahoo Finance QQQ and RSP,QQQ/RSP,2026-09-11T22:10:47+08:00,confirmed
2014-11-17,102.91000366210938,78.98999786376953,1.3028232237655404,Derived from Yahoo Finance QQQ and RSP,QQQ/RSP,2026-09-11T22:10:47+08:00,confirmed
2014-11-18,103.68000030517578,79.48999786376953,1.3043150470687297,Derived from Yahoo Finance QQQ and RSP,QQQ/RSP,2026-09-11T22:10:47+08:00,confirmed
2014-11-19,103.20999908447266,79.31999969482422,1.3011850665855123,Derived from Yahoo Finance QQQ and RSP,QQQ/RSP,2026-09-11T22:10:47+08:00,confirmed
2014-11-20,103.66999816894533,79.5999984741211,1.3023869366360563,Derived from Yahoo Finance QQQ and RSP,QQQ/RSP,2026-09-11T22:10:47+08:00,confirmed
2014-11-21,103.87000274658205,80.08000183105469,1.2970779267178,Derived from Yahoo Finance QQQ and RSP,QQQ/RSP,2026-09-11T22:10:47+08:00,confirmed
2014-11-24,104.68000030517578,80.36000061035156,1.3026381223258905,Derived from Yahoo Finance QQQ and RSP,QQQ/RSP,2026-09-11T22:10:47+08:00,confirmed
2014-11-25,104.83999633789062,80.30000305175781,1.305603889831927,Derived from Yahoo Finance QQQ and RSP,QQQ/RSP,2026-09-11T22:10:47+08:00,confirmed
2014-11-26,105.5199966430664,80.3499984741211,1.3132544946724796,Derived from Yahoo Finance QQQ and RSP,QQQ/RSP,2026-09-11T22:10:47+08:00,confirmed
2014-11-28,106.01000213623048,80.16000366210938,1.3224800061522461,Derived from Yahoo Finance QQQ and RSP,QQQ/RSP,2026-09-11T22:10:47+08:00,confirmed
2014-12-01,104.80999755859376,79.52999877929688,1.3178674609244145,Derived from Yahoo Finance QQQ and RSP,QQQ/RSP,2026-09-11T22:10:47+08:00,confirmed
2014-12-02,105.2300033569336,79.95999908447266,1.316033073559253,Derived from Yahoo Finance QQQ and RSP,QQQ/RSP,2026-09-11T22:10:47+08:00,confirmed
2014-12-03,105.41999816894533,80.44000244140625,1.3105419563572849,Derived from Yahoo Finance QQQ and RSP,QQQ/RSP,2026-09-11T22:10:47+08:00,confirmed
2014-12-04,105.37000274658205,80.2699966430664,1.3126947446519388,Derived from Yahoo Finance QQQ and RSP,QQQ/RSP,2026-09-11T22:10:47+08:00,confirmed
2014-12-05,105.37999725341795,80.41999816894531,1.3103705502708045,Derived from Yahoo Finance QQQ and RSP,QQQ/RSP,2026-09-11T22:10:47+08:00,confirmed
2014-12-08,104.62999725341795,79.81999969482422,1.310824325400273,Derived from Yahoo Finance QQQ and RSP,QQQ/RSP,2026-09-11T22:10:47+08:00,confirmed
2014-12-09,104.95999908447266,79.9000015258789,1.3136420160202005,Derived from Yahoo Finance QQQ and RSP,QQQ/RSP,2026-09-11T22:10:47+08:00,confirmed
2014-12-10,103.30999755859376,78.58999633789062,1.314543865283079,Derived from Yahoo Finance QQQ and RSP,QQQ/RSP,2026-09-11T22:10:47+08:00,confirmed
2014-12-11,103.8000030517578,78.98999786376953,1.314090465362171,Derived from Yahoo Finance QQQ and RSP,QQQ/RSP,2026-09-11T22:10:47+08:00,confirmed
2014-12-12,102.66999816894533,77.76000213623047,1.3203445903856093,Derived from Yahoo Finance QQQ and RSP,QQQ/RSP,2026-09-11T22:10:47+08:00,confirmed
2014-12-15,101.61000061035156,77.37000274658203,1.3132996898444647,Derived from Yahoo Finance QQQ and RSP,QQQ/RSP,2026-09-11T22:10:47+08:00,confirmed
2014-12-16,99.9800033569336,76.88999938964844,1.3002991826059727,Derived from Yahoo Finance QQQ and RSP,QQQ/RSP,2026-09-11T22:10:47+08:00,confirmed
2014-12-17,101.8000030517578,78.47000122070312,1.2973110930053027,Derived from Yahoo Finance QQQ and RSP,QQQ/RSP,2026-09-11T22:10:47+08:00,confirmed
2014-12-18,104.25,80.19999694824219,1.2998753611833516,Derived from Yahoo Finance QQQ and RSP,QQQ/RSP,2026-09-11T22:10:47+08:00,confirmed
2014-12-19,104.31999969482422,80.23999786376953,1.3000997317065912,Derived from Yahoo Finance QQQ and RSP,QQQ/RSP,2026-09-11T22:10:47+08:00,confirmed
2014-12-22,104.58000183105467,80.56999969482422,1.2980017652621743,Derived from Yahoo Finance QQQ and RSP,QQQ/RSP,2026-09-11T22:10:47+08:00,confirmed
2014-12-23,104.20999908447266,80.83999633789062,1.2890896066954451,Derived from Yahoo Finance QQQ and RSP,QQQ/RSP,2026-09-11T22:10:47+08:00,confirmed
2014-12-24,104.3000030517578,80.8499984741211,1.29004335213615,Derived from Yahoo Finance QQQ and RSP,QQQ/RSP,2026-09-11T22:10:47+08:00,confirmed
2014-12-26,105.04000091552734,81.05000305175781,1.2959900920478649,Derived from Yahoo Finance QQQ and RSP,QQQ/RSP,2026-09-11T22:10:47+08:00,confirmed
2014-12-29,105.0199966430664,81.2699966430664,1.292235769423109,Derived from Yahoo Finance QQQ and RSP,QQQ/RSP,2026-09-11T22:10:47+08:00,confirmed
2014-12-30,104.31999969482422,80.79000091552734,1.2912488985350976,Derived from Yahoo Finance QQQ and RSP,QQQ/RSP,2026-09-11T22:10:47+08:00,confirmed
2014-12-31,103.25,80.05000305175781,1.289818814038543,Derived from Yahoo Finance QQQ and RSP,QQQ/RSP,2026-09-11T22:10:47+08:00,confirmed
2015-01-02,102.94000244140624,80.02999877929688,1.2862676997570566,Derived from Yahoo Finance QQQ and RSP,QQQ/RSP,2026-09-11T22:10:47+08:00,confirmed
2015-01-05,101.43000030517578,78.44000244140625,1.293090223715161,Derived from Yahoo Finance QQQ and RSP,QQQ/RSP,2026-09-11T22:10:47+08:00,confirmed
2015-01-06,100.06999969482422,77.58999633789062,1.2897281146790778,Derived from Yahoo Finance QQQ and RSP,QQQ/RSP,2026-09-11T22:10:47+08:00,confirmed
2015-01-07,101.36000061035156,78.5199966430664,1.2908813670880614,Derived from Yahoo Finance QQQ and RSP,QQQ/RSP,2026-09-11T22:10:47+08:00,confirmed
2015-01-08,103.3000030517578,79.9000015258789,1.2928660961076432,Derived from Yahoo Finance QQQ and RSP,QQQ/RSP,2026-09-11T22:10:47+08:00,confirmed
2015-01-09,102.62000274658205,79.25,1.2948896245625494,Derived from Yahoo Finance QQQ and RSP,QQQ/RSP,2026-09-11T22:10:47+08:00,confirmed
2015-01-12,101.5500030517578,78.45999908447266,1.2942901381177137,Derived from Yahoo Finance QQQ and RSP,QQQ/RSP,2026-09-11T22:10:47+08:00,confirmed
2015-01-13,101.5199966430664,78.26000213623047,1.2972143351893384,Derived from Yahoo Finance QQQ and RSP,QQQ/RSP,2026-09-11T22:10:47+08:00,confirmed
2015-01-14,100.95999908447266,77.8499984741211,1.296852935944935,Derived from Yahoo Finance QQQ and RSP,QQQ/RSP,2026-09-11T22:10:47+08:00,confirmed
2015-01-15,99.6500015258789,77.12999725341797,1.291974654147456,Derived from Yahoo Finance QQQ and RSP,QQQ/RSP,2026-09-11T22:10:47+08:00,confirmed
2015-01-16,100.81999969482422,78.19000244140625,1.289423155733706,Derived from Yahoo Finance QQQ and RSP,QQQ/RSP,2026-09-11T22:10:47+08:00,confirmed
2015-01-20,101.62000274658205,78.2300033569336,1.2989901365966818,Derived from Yahoo Finance QQQ and RSP,QQQ/RSP,2026-09-11T22:10:47+08:00,confirmed
2015-01-21,102.13999938964844,78.7699966430664,1.296686603307595,Derived from Yahoo Finance QQQ and RSP,QQQ/RSP,2026-09-11T22:10:47+08:00,confirmed
2015-01-22,104.02999877929688,79.87000274658203,1.3024914886928403,Derived from Yahoo Finance QQQ and RSP,QQQ/RSP,2026-09-11T22:10:47+08:00,confirmed
2015-01-23,104.26000213623048,79.44000244140625,1.312437045972287,Derived from Yahoo Finance QQQ and RSP,QQQ/RSP,2026-09-11T22:10:47+08:00,confirmed
2015-01-26,104.13999938964844,79.83000183105469,1.3045220719152848,Derived from Yahoo Finance QQQ and RSP,QQQ/RSP,2026-09-11T22:10:47+08:00,confirmed
2015-01-27,101.44000244140624,79.19000244140625,1.2809698107594207,Derived from Yahoo Finance QQQ and RSP,QQQ/RSP,2026-09-11T22:10:47+08:00,confirmed
2015-01-28,100.91999816894533,77.9800033569336,1.294177915163837,Derived from Yahoo Finance QQQ and RSP,QQQ/RSP,2026-09-11T22:10:47+08:00,confirmed
2015-01-29,101.88999938964844,78.69999694824219,1.2946633207197884,Derived from Yahoo Finance QQQ and RSP,QQQ/RSP,2026-09-11T22:10:47+08:00,confirmed
2015-01-30,101.0999984741211,77.70999908447266,1.300990859158587,Derived from Yahoo Finance QQQ and RSP,QQQ/RSP,2026-09-11T22:10:47+08:00,confirmed
2015-02-02,101.9800033569336,78.55000305175781,1.2982813417554853,Derived from Yahoo Finance QQQ and RSP,QQQ/RSP,2026-09-11T22:10:47+08:00,confirmed
2015-02-03,102.95999908447266,80.16000366210938,1.2844310676240718,Derived from Yahoo Finance QQQ and RSP,QQQ/RSP,2026-09-11T22:10:47+08:00,confirmed
2015-02-04,102.87000274658205,79.70999908447266,1.2905533048315003,Derived from Yahoo Finance QQQ and RSP,QQQ/RSP,2026-09-11T22:10:47+08:00,confirmed
2015-02-05,103.76000213623048,80.6500015258789,1.286546809338076,Derived from Yahoo Finance QQQ and RSP,QQQ/RSP,2026-09-11T22:10:47+08:00,confirmed
2015-02-06,103.12999725341795,80.30999755859375,1.2841489277617628,Derived from Yahoo Finance QQQ and RSP,QQQ/RSP,2026-09-11T22:10:47+08:00,confirmed
2015-02-09,102.8000030517578,80.02999877929688,1.284518363360907,Derived from Yahoo Finance QQQ and RSP,QQQ/RSP,2026-09-11T22:10:47+08:00,confirmed
2015-02-10,104.4000015258789,80.80999755859375,1.2919193748295872,Derived from Yahoo Finance QQQ and RSP,QQQ/RSP,2026-09-11T22:10:47+08:00,confirmed
2015-02-11,104.77999877929688,80.7300033569336,1.297906533163766,Derived from Yahoo Finance QQQ and RSP,QQQ/RSP,2026-09-11T22:10:47+08:00,confirmed
2015-02-12,106.0,81.58999633789062,1.299178879246662,Derived from Yahoo Finance QQQ and RSP,QQQ/RSP,2026-09-11T22:10:47+08:00,confirmed
2015-02-13,106.91000366210938,81.91000366210938,1.305213025055262,Derived from Yahoo Finance QQQ and RSP,QQQ/RSP,2026-09-11T22:10:47+08:00,confirmed
2015-02-17,107.01000213623048,82.12000274658203,1.3030930170138653,Derived from Yahoo Finance QQQ and RSP,QQQ/RSP,2026-09-11T22:10:47+08:00,confirmed
2015-02-18,107.16000366210938,82.19999694824219,1.3036497279870147,Derived from Yahoo Finance QQQ and RSP,QQQ/RSP,2026-09-11T22:10:47+08:00,confirmed
2015-02-19,107.69000244140624,82.16000366210938,1.310735122217026,Derived from Yahoo Finance QQQ and RSP,QQQ/RSP,2026-09-11T22:10:47+08:00,confirmed
2015-02-20,108.41000366210938,82.61000061035156,1.3123108928838927,Derived from Yahoo Finance QQQ and RSP,QQQ/RSP,2026-09-11T22:10:47+08:00,confirmed
2015-02-23,108.5199966430664,82.51000213623047,1.3152344422909044,Derived from Yahoo Finance QQQ and RSP,QQQ/RSP,2026-09-11T22:10:47+08:00,confirmed
2015-02-24,108.5999984741211,82.66000366210938,1.313815553626722,Derived from Yahoo Finance QQQ and RSP,QQQ/RSP,2026-09-11T22:10:47+08:00,confirmed
2015-02-25,108.33000183105467,82.6500015258789,1.31070780194886,Derived from Yahoo Finance QQQ and RSP,QQQ/RSP,2026-09-11T22:10:47+08:00,confirmed
2015-02-26,108.87999725341795,82.30999755859375,1.322804039398858,Derived from Yahoo Finance QQQ and RSP,QQQ/RSP,2026-09-11T22:10:47+08:00,confirmed
2015-02-27,108.4000015258789,82.16000366210938,1.3193767854695329,Derived from Yahoo Finance QQQ and RSP,QQQ/RSP,2026-09-11T22:10:47+08:00,confirmed
2015-03-02,109.37999725341795,82.55999755859375,1.324854657072752,Derived from Yahoo Finance QQQ and RSP,QQQ/RSP,2026-09-11T22:10:47+08:00,confirmed
2015-03-03,108.87000274658205,82.25,1.3236474498064685,Derived from Yahoo Finance QQQ and RSP,QQQ/RSP,2026-09-11T22:10:47+08:00,confirmed
2015-03-04,108.4499969482422,81.86000061035156,1.3248228211536102,Derived from Yahoo Finance QQQ and RSP,QQQ/RSP,2026-09-11T22:10:47+08:00,confirmed
2015-03-05,108.63999938964844,82.01000213623047,1.3247164560388829,Derived from Yahoo Finance QQQ and RSP,QQQ/RSP,2026-09-11T22:10:47+08:00,confirmed
2015-03-06,107.41000366210938,80.77999877929688,1.329660872557942,Derived from Yahoo Finance QQQ and RSP,QQQ/RSP,2026-09-11T22:10:47+08:00,confirmed
2015-03-09,107.72000122070312,80.9800033569336,1.3302049488181458,Derived from Yahoo Finance QQQ and RSP,QQQ/RSP,2026-09-11T22:10:47+08:00,confirmed
2015-03-10,105.72000122070312,79.75,1.3256426485354624,Derived from Yahoo Finance QQQ and RSP,QQQ/RSP,2026-09-11T22:10:47+08:00,confirmed
2015-03-11,105.11000061035156,79.75,1.3179937380608346,Derived from Yahoo Finance QQQ and RSP,QQQ/RSP,2026-09-11T22:10:47+08:00,confirmed
2015-03-12,105.8000030517578,80.7699966430664,1.3098923789647088,Derived from Yahoo Finance QQQ and RSP,QQQ/RSP,2026-09-11T22:10:47+08:00,confirmed
2015-03-13,105.33999633789062,80.20999908447266,1.313302550059282,Derived from Yahoo Finance QQQ and RSP,QQQ/RSP,2026-09-11T22:10:47+08:00,confirmed
2015-03-16,106.6999969482422,81.30999755859375,1.3122617162957344,Derived from Yahoo Finance QQQ and RSP,QQQ/RSP,2026-09-11T22:10:47+08:00,confirmed
2015-03-17,106.87000274658205,81.01000213623047,1.3192198485177684,Derived from Yahoo Finance QQQ and RSP,QQQ/RSP,2026-09-11T22:10:47+08:00,confirmed
2015-03-18,107.91999816894533,82.16000366210938,1.3135344858646345,Derived from Yahoo Finance QQQ and RSP,QQQ/RSP,2026-09-11T22:10:47+08:00,confirmed
2015-03-19,108.08000183105467,81.68000030517578,1.3232125542022801,Derived from Yahoo Finance QQQ and RSP,QQQ/RSP,2026-09-11T22:10:47+08:00,confirmed
2015-03-20,108.52999877929688,82.1500015258789,1.3211198632188428,Derived from Yahoo Finance QQQ and RSP,QQQ/RSP,2026-09-11T22:10:47+08:00,confirmed
2015-03-23,108.31999969482422,82.0999984741211,1.31936664686989,Derived from Yahoo Finance QQQ and RSP,QQQ/RSP,2026-09-11T22:10:47+08:00,confirmed
2015-03-24,107.93000030517578,81.61000061035156,1.3225094902337955,Derived from Yahoo Finance QQQ and RSP,QQQ/RSP,2026-09-11T22:10:47+08:00,confirmed
2015-03-25,105.45999908447266,80.5199966430664,1.3097367546096865,Derived from Yahoo Finance QQQ and RSP,QQQ/RSP,2026-09-11T22:10:47+08:00,confirmed
2015-03-26,105.0999984741211,80.30999755859375,1.3086788901648352,Derived from Yahoo Finance QQQ and RSP,QQQ/RSP,2026-09-11T22:10:47+08:00,confirmed
2015-03-27,105.5199966430664,80.66000366210938,1.308207188845383,Derived from Yahoo Finance QQQ and RSP,QQQ/RSP,2026-09-11T22:10:47+08:00,confirmed
2015-03-30,106.7300033569336,81.61000061035156,1.3078054473558693,Derived from Yahoo Finance QQQ and RSP,QQQ/RSP,2026-09-11T22:10:47+08:00,confirmed
2015-03-31,105.5999984741211,81.05000305175781,1.302899376902995,Derived from Yahoo Finance QQQ and RSP,QQQ/RSP,2026-09-11T22:10:47+08:00,confirmed
2015-04-01,105.0500030517578,80.83999633789062,1.2994805518381707,Derived from Yahoo Finance QQQ and RSP,QQQ/RSP,2026-09-11T22:10:47+08:00,confirmed
2015-04-02,105.12000274658205,81.19999694824219,1.294581363267621,Derived from Yahoo Finance QQQ and RSP,QQQ/RSP,2026-09-11T22:10:47+08:00,confirmed
2015-04-06,105.9800033569336,81.83000183105469,1.2951240496821537,Derived from Yahoo Finance QQQ and RSP,QQQ/RSP,2026-09-11T22:10:47+08:00,confirmed
2015-04-07,105.8000030517578,81.52999877929688,1.2976818917679644,Derived from Yahoo Finance QQQ and RSP,QQQ/RSP,2026-09-11T22:10:47+08:00,confirmed
2015-04-08,106.63999938964844,81.80000305175781,1.30366742556444,Derived from Yahoo Finance QQQ and RSP,QQQ/RSP,2026-09-11T22:10:47+08:00,confirmed
2015-04-09,107.30999755859376,82.12000274658203,1.3067461516014158,Derived from Yahoo Finance QQQ and RSP,QQQ/RSP,2026-09-11T22:10:47+08:00,confirmed
2015-04-10,107.75,82.33999633789062,1.3085985522495873,Derived from Yahoo Finance QQQ and RSP,QQQ/RSP,2026-09-11T22:10:47+08:00,confirmed
2015-04-13,107.4800033569336,81.93000030517578,1.3118516167043603,Derived from Yahoo Finance QQQ and RSP,QQQ/RSP,2026-09-11T22:10:47+08:00,confirmed
2015-04-14,107.16999816894533,82.1500015258789,1.3045647739298534,Derived from Yahoo Finance QQQ and RSP,QQQ/RSP,2026-09-11T22:10:47+08:00,confirmed
2015-04-15,107.83999633789062,82.66000366210938,1.3046212383283928,Derived from Yahoo Finance QQQ and RSP,QQQ/RSP,2026-09-11T22:10:47+08:00,confirmed
2015-04-16,107.69000244140624,82.5,1.305333362926136,Derived from Yahoo Finance QQQ and RSP,QQQ/RSP,2026-09-11T22:10:47+08:00,confirmed
2015-04-17,106.01000213623048,81.56999969482422,1.299619989369168,Derived from Yahoo Finance QQQ and RSP,QQQ/RSP,2026-09-11T22:10:47+08:00,confirmed
2015-04-20,107.5999984741211,82.20999908447266,1.3088432024376941,Derived from Yahoo Finance QQQ and RSP,QQQ/RSP,2026-09-11T22:10:47+08:00,confirmed
2015-04-21,108.05999755859376,82.11000061035156,1.3160394197460363,Derived from Yahoo Finance QQQ and RSP,QQQ/RSP,2026-09-11T22:10:47+08:00,confirmed
2015-04-22,108.6500015258789,82.38999938964844,1.3187280292604275,Derived from Yahoo Finance QQQ and RSP,QQQ/RSP,2026-09-11T22:10:47+08:00,confirmed
2015-04-23,109.05999755859376,82.6500015258789,1.3195401759846974,Derived from Yahoo Finance QQQ and RSP,QQQ/RSP,2026-09-11T22:10:47+08:00,confirmed
2015-04-24,110.54000091552734,82.55000305175781,1.3390671935677598,Derived from Yahoo Finance QQQ and RSP,QQQ/RSP,2026-09-11T22:10:47+08:00,confirmed
2015-04-27,110.26000213623048,82.0999984741211,1.3429963968998826,Derived from Yahoo Finance QQQ and RSP,QQQ/RSP,2026-09-11T22:10:47+08:00,confirmed
2015-04-28,110.04000091552734,82.33000183105469,1.336572312257869,Derived from Yahoo Finance QQQ and RSP,QQQ/RSP,2026-09-11T22:10:47+08:00,confirmed
2015-04-29,109.3499984741211,81.98999786376953,1.3336992477522875,Derived from Yahoo Finance QQQ and RSP,QQQ/RSP,2026-09-11T22:10:47+08:00,confirmed
2015-04-30,107.62999725341795,81.37999725341797,1.32256083664217,Derived from Yahoo Finance QQQ and RSP,QQQ/RSP,2026-09-11T22:10:47+08:00,confirmed
2015-05-01,109.0500030517578,82.20999908447266,1.3264810152802267,Derived from Yahoo Finance QQQ and RSP,QQQ/RSP,2026-09-11T22:10:47+08:00,confirmed
2015-05-04,109.2300033569336,82.5,1.3240000406901042,Derived from Yahoo Finance QQQ and RSP,QQQ/RSP,2026-09-11T22:10:47+08:00,confirmed
2015-05-05,107.4499969482422,81.48999786376953,1.318566692416303,Derived from Yahoo Finance QQQ and RSP,QQQ/RSP,2026-09-11T22:10:47+08:00,confirmed
2015-05-06,106.70999908447266,81.20999908447266,1.31400074236518,Derived from Yahoo Finance QQQ and RSP,QQQ/RSP,2026-09-11T22:10:47+08:00,confirmed
2015-05-07,107.3499984741211,81.4000015258789,1.3187960253292144,Derived from Yahoo Finance QQQ and RSP,QQQ/RSP,2026-09-11T22:10:47+08:00,confirmed
2015-05-08,108.69000244140624,82.4000015258789,1.3190534032608068,Derived from Yahoo Finance QQQ and RSP,QQQ/RSP,2026-09-11T22:10:47+08:00,confirmed
2015-05-11,108.2699966430664,82.06999969482422,1.3192396374517654,Derived from Yahoo Finance QQQ and RSP,QQQ/RSP,2026-09-11T22:10:47+08:00,confirmed
2015-05-12,107.77999877929688,81.83000183105469,1.3171208159303023,Derived from Yahoo Finance QQQ and RSP,QQQ/RSP,2026-09-11T22:10:47+08:00,confirmed
2015-05-13,108.0,81.83000183105469,1.3198093313376138,Derived from Yahoo Finance QQQ and RSP,QQQ/RSP,2026-09-11T22:10:47+08:00,confirmed
2015-05-14,109.58000183105467,82.5,1.3282424464370264,Derived from Yahoo Finance QQQ and RSP,QQQ/RSP,2026-09-11T22:10:47+08:00,confirmed
2015-05-15,109.58000183105467,82.68000030517578,1.3253507671334024,Derived from Yahoo Finance QQQ and RSP,QQQ/RSP,2026-09-11T22:10:47+08:00,confirmed
2015-05-18,110.05999755859376,82.98999786376953,1.326183882294592,Derived from Yahoo Finance QQQ and RSP,QQQ/RSP,2026-09-11T22:10:47+08:00,confirmed
2015-05-19,109.94000244140624,82.80999755859375,1.327617506130418,Derived from Yahoo Finance QQQ and RSP,QQQ/RSP,2026-09-11T22:10:47+08:00,confirmed
2015-05-20,110.01000213623048,82.80999755859375,1.328462811007703,Derived from Yahoo Finance QQQ and RSP,QQQ/RSP,2026-09-11T22:10:47+08:00,confirmed
2015-05-21,110.58000183105467,83.02999877929688,1.3318078219534704,Derived from Yahoo Finance QQQ and RSP,QQQ/RSP,2026-09-11T22:10:47+08:00,confirmed
2015-05-22,110.47000122070312,82.88999938964844,1.3327301488012673,Derived from Yahoo Finance QQQ and RSP,QQQ/RSP,2026-09-11T22:10:47+08:00,confirmed
2015-05-26,109.1999969482422,81.94000244140625,1.3326823736224447,Derived from Yahoo Finance QQQ and RSP,QQQ/RSP,2026-09-11T22:10:47+08:00,confirmed
2015-05-27,110.95999908447266,82.61000061035156,1.343178770907413,Derived from Yahoo Finance QQQ and RSP,QQQ/RSP,2026-09-11T22:10:47+08:00,confirmed
2015-05-28,110.70999908447266,82.45999908447266,1.3425903506385015,Derived from Yahoo Finance QQQ and RSP,QQQ/RSP,2026-09-11T22:10:47+08:00,confirmed
2015-05-29,110.0500030517578,81.97000122070312,1.3425643700486187,Derived from Yahoo Finance QQQ and RSP,QQQ/RSP,2026-09-11T22:10:47+08:00,confirmed
2015-06-01,110.41999816894533,82.0999984741211,1.344945191488049,Derived from Yahoo Finance QQQ and RSP,QQQ/RSP,2026-09-11T22:10:47+08:00,confirmed
2015-06-02,110.06999969482422,82.11000061035156,1.3405188025409387,Derived from Yahoo Finance QQQ and RSP,QQQ/RSP,2026-09-11T22:10:47+08:00,confirmed
2015-06-03,110.4000015258789,82.26000213623047,1.342086052259589,Derived from Yahoo Finance QQQ and RSP,QQQ/RSP,2026-09-11T22:10:47+08:00,confirmed
2015-06-04,109.55999755859376,81.5199966430664,1.3439646966412415,Derived from Yahoo Finance QQQ and RSP,QQQ/RSP,2026-09-11T22:10:47+08:00,confirmed
2015-06-05,109.3000030517578,81.51000213623047,1.3409397642890617,Derived from Yahoo Finance QQQ and RSP,QQQ/RSP,2026-09-11T22:10:47+08:00,confirmed
2015-06-08,108.19000244140624,80.98999786376953,1.3358439967289404,Derived from Yahoo Finance QQQ and RSP,QQQ/RSP,2026-09-11T22:10:47+08:00,confirmed
2015-06-09,108.01000213623048,80.94000244140625,1.334445254241506,Derived from Yahoo Finance QQQ and RSP,QQQ/RSP,2026-09-11T22:10:47+08:00,confirmed
2015-06-10,109.48999786376952,81.86000061035156,1.337527449882819,Derived from Yahoo Finance QQQ and RSP,QQQ/RSP,2026-09-11T22:10:47+08:00,confirmed
2015-06-11,109.6500015258789,82.02999877929688,1.3367061216335516,Derived from Yahoo Finance QQQ and RSP,QQQ/RSP,2026-09-11T22:10:47+08:00,confirmed
2015-06-12,108.75,81.5199966430664,1.33402851420811,Derived from Yahoo Finance QQQ and RSP,QQQ/RSP,2026-09-11T22:10:47+08:00,confirmed
2015-06-15,108.20999908447266,81.13999938964844,1.3336209008929043,Derived from Yahoo Finance QQQ and RSP,QQQ/RSP,2026-09-11T22:10:47+08:00,confirmed
2015-06-16,108.8000030517578,81.56999969482422,1.333823752100141,Derived from Yahoo Finance QQQ and RSP,QQQ/RSP,2026-09-11T22:10:47+08:00,confirmed
2015-06-17,109.0999984741211,81.76000213623047,1.3343932928516327,Derived from Yahoo Finance QQQ and RSP,QQQ/RSP,2026-09-11T22:10:47+08:00,confirmed
2015-06-18,110.69000244140624,82.5,1.3416969992897725,Derived from Yahoo Finance QQQ and RSP,QQQ/RSP,2026-09-11T22:10:47+08:00,confirmed
2015-06-19,109.88999938964844,81.77999877929688,1.3437270852279322,Derived from Yahoo Finance QQQ and RSP,QQQ/RSP,2026-09-11T22:10:47+08:00,confirmed
2015-06-22,110.6999969482422,82.2699966430664,1.345569484201162,Derived from Yahoo Finance QQQ and RSP,QQQ/RSP,2026-09-11T22:10:47+08:00,confirmed
2015-06-23,110.79000091552734,82.20999908447266,1.3476462978875365,Derived from Yahoo Finance QQQ and RSP,QQQ/RSP,2026-09-11T22:10:47+08:00,confirmed
2015-06-24,110.22000122070312,81.58000183105469,1.3510664224911328,Derived from Yahoo Finance QQQ and RSP,QQQ/RSP,2026-09-11T22:10:47+08:00,confirmed
2015-06-25,110.0,81.26000213623047,1.3536795115460076,Derived from Yahoo Finance QQQ and RSP,QQQ/RSP,2026-09-11T22:10:47+08:00,confirmed
2015-06-26,109.2699966430664,81.3499984741211,1.3432083428720305,Derived from Yahoo Finance QQQ and RSP,QQQ/RSP,2026-09-11T22:10:47+08:00,confirmed
2015-06-29,106.69000244140624,79.5999984741211,1.3403266895299304,Derived from Yahoo Finance QQQ and RSP,QQQ/RSP,2026-09-11T22:10:47+08:00,confirmed
2015-06-30,107.06999969482422,79.80000305175781,1.341729268172825,Derived from Yahoo Finance QQQ and RSP,QQQ/RSP,2026-09-11T22:10:47+08:00,confirmed
2015-07-01,107.91999816894533,80.30000305175781,1.3439600755604566,Derived from Yahoo Finance QQQ and RSP,QQQ/RSP,2026-09-11T22:10:47+08:00,confirmed
2015-07-02,107.9499969482422,80.2699966430664,1.344836196122686,Derived from Yahoo Finance QQQ and RSP,QQQ/RSP,2026-09-11T22:10:47+08:00,confirmed
2015-07-06,107.6999969482422,79.91000366210938,1.347766137061384,Derived from Yahoo Finance QQQ and RSP,QQQ/RSP,2026-09-11T22:10:47+08:00,confirmed
2015-07-07,107.97000122070312,80.56999969482422,1.3400769719456642,Derived from Yahoo Finance QQQ and RSP,QQQ/RSP,2026-09-11T22:10:47+08:00,confirmed
2015-07-08,106.08999633789062,79.13999938964844,1.3405357234785027,Derived from Yahoo Finance QQQ and RSP,QQQ/RSP,2026-09-11T22:10:47+08:00,confirmed
2015-07-09,106.02999877929688,79.33000183105469,1.3365687171557603,Derived from Yahoo Finance QQQ and RSP,QQQ/RSP,2026-09-11T22:10:47+08:00,confirmed
2015-07-10,107.6500015258789,80.19000244140625,1.342436690964529,Derived from Yahoo Finance QQQ and RSP,QQQ/RSP,2026-09-11T22:10:47+08:00,confirmed
2015-07-13,109.54000091552734,81.0,1.3523456903151523,Derived from Yahoo Finance QQQ and RSP,QQQ/RSP,2026-09-11T22:10:47+08:00,confirmed
2015-07-14,110.26000213623048,81.23999786376953,1.3572132574538502,Derived from Yahoo Finance QQQ and RSP,QQQ/RSP,2026-09-11T22:10:47+08:00,confirmed
2015-07-15,110.37999725341795,80.95999908447266,1.3633893095558072,Derived from Yahoo Finance QQQ and RSP,QQQ/RSP,2026-09-11T22:10:47+08:00,confirmed
2015-07-16,111.94000244140624,81.45999908447266,1.3741714178676374,Derived from Yahoo Finance QQQ and RSP,QQQ/RSP,2026-09-11T22:10:47+08:00,confirmed
2015-07-17,113.58999633789062,81.05000305175781,1.4014804695979228,Derived from Yahoo Finance QQQ and RSP,QQQ/RSP,2026-09-11T22:10:47+08:00,confirmed
2015-07-20,113.9800033569336,80.88999938964844,1.4090741033126983,Derived from Yahoo Finance QQQ and RSP,QQQ/RSP,2026-09-11T22:10:47+08:00,confirmed
2015-07-21,113.91000366210938,80.58999633789062,1.413450910017635,Derived from Yahoo Finance QQQ and RSP,QQQ/RSP,2026-09-11T22:10:47+08:00,confirmed
2015-07-22,112.62000274658205,80.61000061035156,1.3970971578447042,Derived from Yahoo Finance QQQ and RSP,QQQ/RSP,2026-09-11T22:10:47+08:00,confirmed
2015-07-23,112.1999969482422,80.2300033569336,1.3984792752541462,Derived from Yahoo Finance QQQ and RSP,QQQ/RSP,2026-09-11T22:10:47+08:00,confirmed
2015-07-24,111.0999984741211,79.33999633789062,1.4003025409904482,Derived from Yahoo Finance QQQ and RSP,QQQ/RSP,2026-09-11T22:10:47+08:00,confirmed
2015-07-27,110.18000030517578,78.86000061035156,1.3971595162619488,Derived from Yahoo Finance QQQ and RSP,QQQ/RSP,2026-09-11T22:10:47+08:00,confirmed
2015-07-28,111.12999725341795,79.8499984741211,1.3917344943899344,Derived from Yahoo Finance QQQ and RSP,QQQ/RSP,2026-09-11T22:10:47+08:00,confirmed
2015-07-29,111.5500030517578,80.5199966430664,1.3853701900441322,Derived from Yahoo Finance QQQ and RSP,QQQ/RSP,2026-09-11T22:10:47+08:00,confirmed
2015-07-30,112.08000183105467,80.55999755859375,1.391261236689282,Derived from Yahoo Finance QQQ and RSP,QQQ/RSP,2026-09-11T22:10:47+08:00,confirmed
2015-07-31,111.9499969482422,80.56999969482422,1.3894749580771542,Derived from Yahoo Finance QQQ and RSP,QQQ/RSP,2026-09-11T22:10:47+08:00,confirmed
2015-08-03,111.5999984741211,80.26000213623047,1.390480880933634,Derived from Yahoo Finance QQQ and RSP,QQQ/RSP,2026-09-11T22:10:47+08:00,confirmed
2015-08-04,111.38999938964844,80.16999816894531,1.38942250135658,Derived from Yahoo Finance QQQ and RSP,QQQ/RSP,2026-09-11T22:10:47+08:00,confirmed
2015-08-05,112.25,80.44999694824219,1.3952766222255604,Derived from Yahoo Finance QQQ and RSP,QQQ/RSP,2026-09-11T22:10:47+08:00,confirmed
2015-08-06,110.4499969482422,79.91000366210938,1.3821798509141336,Derived from Yahoo Finance QQQ and RSP,QQQ/RSP,2026-09-11T22:10:47+08:00,confirmed
2015-08-07,110.30999755859376,79.7699966430664,1.3828507233387466,Derived from Yahoo Finance QQQ and RSP,QQQ/RSP,2026-09-11T22:10:47+08:00,confirmed
2015-08-10,111.56999969482422,80.9000015258789,1.3791099825768776,Derived from Yahoo Finance QQQ and RSP,QQQ/RSP,2026-09-11T22:10:47+08:00,confirmed
2015-08-11,110.13999938964844,80.2300033569336,1.3728031257788795,Derived from Yahoo Finance QQQ and RSP,QQQ/RSP,2026-09-11T22:10:47+08:00,confirmed
2015-08-12,110.5199966430664,80.37000274658203,1.3751398888407602,Derived from Yahoo Finance QQQ and RSP,QQQ/RSP,2026-09-11T22:10:47+08:00,confirmed
2015-08-13,110.33999633789062,80.23999786376953,1.3751246170921452,Derived from Yahoo Finance QQQ and RSP,QQQ/RSP,2026-09-11T22:10:47+08:00,confirmed
2015-08-14,110.51000213623048,80.55999755859375,1.3717726599464353,Derived from Yahoo Finance QQQ and RSP,QQQ/RSP,2026-09-11T22:10:47+08:00,confirmed
2015-08-17,111.43000030517578,80.97000122070312,1.376188694890181,Derived from Yahoo Finance QQQ and RSP,QQQ/RSP,2026-09-11T22:10:47+08:00,confirmed
2015-08-18,110.86000061035156,80.80000305175781,1.372029658703581,Derived from Yahoo Finance QQQ and RSP,QQQ/RSP,2026-09-11T22:10:47+08:00,confirmed
2015-08-19,110.12999725341795,80.18000030517578,1.3735345077855885,Derived from Yahoo Finance QQQ and RSP,QQQ/RSP,2026-09-11T22:10:47+08:00,confirmed
2015-08-20,107.08000183105467,78.5199966430664,1.3637290678680922,Derived from Yahoo Finance QQQ and RSP,QQQ/RSP,2026-09-11T22:10:47+08:00,confirmed
2015-08-21,102.4000015258789,76.37999725341797,1.340665163761793,Derived from Yahoo Finance QQQ and RSP,QQQ/RSP,2026-09-11T22:10:47+08:00,confirmed
2015-08-24,98.45999908447266,73.33000183105469,1.3426973493238836,Derived from Yahoo Finance QQQ and RSP,QQQ/RSP,2026-09-11T22:10:47+08:00,confirmed
2015-08-25,98.08999633789062,72.2699966430664,1.3572713559452114,Derived from Yahoo Finance QQQ and RSP,QQQ/RSP,2026-09-11T22:10:47+08:00,confirmed
2015-08-26,103.02999877929688,74.63999938964844,1.3803590517390298,Derived from Yahoo Finance QQQ and RSP,QQQ/RSP,2026-09-11T22:10:47+08:00,confirmed
2015-08-27,105.63999938964844,76.55999755859375,1.3798328468963033,Derived from Yahoo Finance QQQ and RSP,QQQ/RSP,2026-09-11T22:10:47+08:00,confirmed
2015-08-28,105.62000274658205,76.7300033569336,1.3765150283554346,Derived from Yahoo Finance QQQ and RSP,QQQ/RSP,2026-09-11T22:10:47+08:00,confirmed
2015-08-31,104.30999755859376,76.16999816894531,1.3694367870041673,Derived from Yahoo Finance QQQ and RSP,QQQ/RSP,2026-09-11T22:10:47+08:00,confirmed
2015-09-01,101.0500030517578,74.0,1.3655405817805109,Derived from Yahoo Finance QQQ and RSP,QQQ/RSP,2026-09-11T22:10:47+08:00,confirmed
2015-09-02,103.9000015258789,75.18000030517578,1.3820165084347025,Derived from Yahoo Finance QQQ and RSP,QQQ/RSP,2026-09-11T22:10:47+08:00,confirmed
2015-09-03,103.38999938964844,75.5,1.3694039654258072,Derived from Yahoo Finance QQQ and RSP,QQQ/RSP,2026-09-11T22:10:47+08:00,confirmed
2015-09-04,102.16000366210938,74.3499984741211,1.3740417721416374,Derived from Yahoo Finance QQQ and RSP,QQQ/RSP,2026-09-11T22:10:47+08:00,confirmed
2015-09-08,105.04000091552734,76.2300033569336,1.3779351474470753,Derived from Yahoo Finance QQQ and RSP,QQQ/RSP,2026-09-11T22:10:47+08:00,confirmed
2015-09-09,103.86000061035156,75.26000213623047,1.38001591366356,Derived from Yahoo Finance QQQ and RSP,QQQ/RSP,2026-09-11T22:10:47+08:00,confirmed
2015-09-10,104.98999786376952,75.52999877929688,1.390043685430957,Derived from Yahoo Finance QQQ and RSP,QQQ/RSP,2026-09-11T22:10:47+08:00,confirmed
2015-09-11,105.56999969482422,75.81999969482422,1.3923766831936675,Derived from Yahoo Finance QQQ and RSP,QQQ/RSP,2026-09-11T22:10:47+08:00,confirmed
2015-09-14,105.25,75.5,1.3940397350993377,Derived from Yahoo Finance QQQ and RSP,QQQ/RSP,2026-09-11T22:10:47+08:00,confirmed
2015-09-15,106.48999786376952,76.4000015258789,1.3938481117398702,Derived from Yahoo Finance QQQ and RSP,QQQ/RSP,2026-09-11T22:10:47+08:00,confirmed
2015-09-16,107.08999633789062,77.18000030517578,1.3875355780571181,Derived from Yahoo Finance QQQ and RSP,QQQ/RSP,2026-09-11T22:10:47+08:00,confirmed
2015-09-17,107.12999725341795,77.04000091552734,1.3905762718108432,Derived from Yahoo Finance QQQ and RSP,QQQ/RSP,2026-09-11T22:10:47+08:00,confirmed
2015-09-18,105.3499984741211,75.37000274658203,1.397770925235884,Derived from Yahoo Finance QQQ and RSP,QQQ/RSP,2026-09-11T22:10:47+08:00,confirmed
2015-09-21,105.68000030517578,75.69000244140625,1.3962213885114567,Derived from Yahoo Finance QQQ and RSP,QQQ/RSP,2026-09-11T22:10:47+08:00,confirmed
2015-09-22,104.0999984741211,74.55000305175781,1.3963781919881024,Derived from Yahoo Finance QQQ and RSP,QQQ/RSP,2026-09-11T22:10:47+08:00,confirmed
2015-09-23,104.18000030517578,74.23999786376953,1.4032866824207912,Derived from Yahoo Finance QQQ and RSP,QQQ/RSP,2026-09-11T22:10:47+08:00,confirmed
2015-09-24,103.8000030517578,73.95999908447266,1.403461389084168,Derived from Yahoo Finance QQQ and RSP,QQQ/RSP,2026-09-11T22:10:47+08:00,confirmed
2015-09-25,102.91999816894533,74.01000213623047,1.3906228239191256,Derived from Yahoo Finance QQQ and RSP,QQQ/RSP,2026-09-11T22:10:47+08:00,confirmed
2015-09-28,99.98999786376952,71.95999908447266,1.3895219446347256,Derived from Yahoo Finance QQQ and RSP,QQQ/RSP,2026-09-11T22:10:47+08:00,confirmed
2015-09-29,99.47000122070312,72.0199966430664,1.3811442079576857,Derived from Yahoo Finance QQQ and RSP,QQQ/RSP,2026-09-11T22:10:47+08:00,confirmed
2015-09-30,101.76000213623048,73.55999755859375,1.3833605969762872,Derived from Yahoo Finance QQQ and RSP,QQQ/RSP,2026-09-11T22:10:47+08:00,confirmed
2015-10-01,102.22000122070312,73.4000015258789,1.392643039450933,Derived from Yahoo Finance QQQ and RSP,QQQ/RSP,2026-09-11T22:10:47+08:00,confirmed
2015-10-02,104.01000213623048,74.62000274658203,1.3938622126490696,Derived from Yahoo Finance QQQ and RSP,QQQ/RSP,2026-09-11T22:10:47+08:00,confirmed
2015-10-05,105.5,76.1500015258789,1.3854234784768422,Derived from Yahoo Finance QQQ and RSP,QQQ/RSP,2026-09-11T22:10:47+08:00,confirmed
2015-10-06,105.0,75.93000030517578,1.3828526218620687,Derived from Yahoo Finance QQQ and RSP,QQQ/RSP,2026-09-11T22:10:47+08:00,confirmed
2015-10-07,105.62999725341795,76.70999908447266,1.3770042825459918,Derived from Yahoo Finance QQQ and RSP,QQQ/RSP,2026-09-11T22:10:47+08:00,confirmed
2015-10-08,106.0500030517578,77.62999725341797,1.3660956692496666,Derived from Yahoo Finance QQQ and RSP,QQQ/RSP,2026-09-11T22:10:47+08:00,confirmed
2015-10-09,106.52999877929688,77.61000061035156,1.3726323662093618,Derived from Yahoo Finance QQQ and RSP,QQQ/RSP,2026-09-11T22:10:47+08:00,confirmed
2015-10-12,106.79000091552734,77.48999786376953,1.3781133547489364,Derived from Yahoo Finance QQQ and RSP,QQQ/RSP,2026-09-11T22:10:47+08:00,confirmed
2015-10-13,106.0999984741211,76.86000061035156,1.3804319233876179,Derived from Yahoo Finance QQQ and RSP,QQQ/RSP,2026-09-11T22:10:47+08:00,confirmed
2015-10-14,105.93000030517578,76.58999633789062,1.38307880102052,Derived from Yahoo Finance QQQ and RSP,QQQ/RSP,2026-09-11T22:10:47+08:00,confirmed
2015-10-15,107.66999816894533,77.58999633789062,1.3876788664876545,Derived from Yahoo Finance QQQ and RSP,QQQ/RSP,2026-09-11T22:10:47+08:00,confirmed
2015-10-16,108.12000274658205,77.69999694824219,1.3915058815073487,Derived from Yahoo Finance QQQ and RSP,QQQ/RSP,2026-09-11T22:10:47+08:00,confirmed
2015-10-19,108.73999786376952,77.58999633789062,1.4014693001173266,Derived from Yahoo Finance QQQ and RSP,QQQ/RSP,2026-09-11T22:10:47+08:00,confirmed
2015-10-20,108.18000030517578,77.69999694824219,1.3922780508889472,Derived from Yahoo Finance QQQ and RSP,QQQ/RSP,2026-09-11T22:10:47+08:00,confirmed
2015-10-21,107.5199966430664,77.08999633789062,1.3947334511704872,Derived from Yahoo Finance QQQ and RSP,QQQ/RSP,2026-09-11T22:10:47+08:00,confirmed
2015-10-22,109.70999908447266,78.27999877929688,1.4015074194595956,Derived from Yahoo Finance QQQ and RSP,QQQ/RSP,2026-09-11T22:10:47+08:00,confirmed
2015-10-23,112.77999877929688,78.58999633789062,1.435042677625399,Derived from Yahoo Finance QQQ and RSP,QQQ/RSP,2026-09-11T22:10:47+08:00,confirmed
2015-10-26,112.8499984741211,78.30000305175781,1.4412515207633525,Derived from Yahoo Finance QQQ and RSP,QQQ/RSP,2026-09-11T22:10:47+08:00,confirmed
2015-10-27,113.08000183105467,77.91999816894531,1.4512320904561087,Derived from Yahoo Finance QQQ and RSP,QQQ/RSP,2026-09-11T22:10:47+08:00,confirmed
2015-10-28,114.0199966430664,78.83999633789062,1.4462202173932397,Derived from Yahoo Finance QQQ and RSP,QQQ/RSP,2026-09-11T22:10:47+08:00,confirmed
2015-10-29,113.83999633789062,78.73999786376953,1.445770884256927,Derived from Yahoo Finance QQQ and RSP,QQQ/RSP,2026-09-11T22:10:47+08:00,confirmed
2015-10-30,113.33000183105467,78.69999694824219,1.4400254920668834,Derived from Yahoo Finance QQQ and RSP,QQQ/RSP,2026-09-11T22:10:47+08:00,confirmed
2015-11-02,114.61000061035156,79.7300033569336,1.4374764302626193,Derived from Yahoo Finance QQQ and RSP,QQQ/RSP,2026-09-11T22:10:47+08:00,confirmed
2015-11-03,115.01000213623048,79.86000061035156,1.4401452699378359,Derived from Yahoo Finance QQQ and RSP,QQQ/RSP,2026-09-11T22:10:47+08:00,confirmed
2015-11-04,115.0199966430664,79.58999633789062,1.4451564510037365,Derived from Yahoo Finance QQQ and RSP,QQQ/RSP,2026-09-11T22:10:47+08:00,confirmed
2015-11-05,114.70999908447266,79.47000122070312,1.4434377415686888,Derived from Yahoo Finance QQQ and RSP,QQQ/RSP,2026-09-11T22:10:47+08:00,confirmed
2015-11-06,114.79000091552734,79.33000183105469,1.446993549300429,Derived from Yahoo Finance QQQ and RSP,QQQ/RSP,2026-09-11T22:10:47+08:00,confirmed
2015-11-09,113.56999969482422,78.56999969482422,1.4454626465055926,Derived from Yahoo Finance QQQ and RSP,QQQ/RSP,2026-09-11T22:10:47+08:00,confirmed
2015-11-10,113.27999877929688,78.83000183105469,1.4370163154641813,Derived from Yahoo Finance QQQ and RSP,QQQ/RSP,2026-09-11T22:10:47+08:00,confirmed
2015-11-11,113.13999938964844,78.36000061035156,1.443848883465965,Derived from Yahoo Finance QQQ and RSP,QQQ/RSP,2026-09-11T22:10:47+08:00,confirmed
2015-11-12,112.04000091552734,77.16999816894531,1.4518595772186293,Derived from Yahoo Finance QQQ and RSP,QQQ/RSP,2026-09-11T22:10:47+08:00,confirmed
2015-11-13,109.83999633789062,76.33999633789062,1.4388263244305737,Derived from Yahoo Finance QQQ and RSP,QQQ/RSP,2026-09-11T22:10:47+08:00,confirmed
2015-11-16,111.41999816894533,77.52999877929688,1.4371211134173039,Derived from Yahoo Finance QQQ and RSP,QQQ/RSP,2026-09-11T22:10:47+08:00,confirmed
2015-11-17,111.48999786376952,77.36000061035156,1.4411840354723446,Derived from Yahoo Finance QQQ and RSP,QQQ/RSP,2026-09-11T22:10:47+08:00,confirmed
2015-11-18,113.62999725341795,78.58999633789062,1.4458582841113263,Derived from Yahoo Finance QQQ and RSP,QQQ/RSP,2026-09-11T22:10:47+08:00,confirmed
2015-11-19,113.70999908447266,78.51000213623047,1.448350477524675,Derived from Yahoo Finance QQQ and RSP,QQQ/RSP,2026-09-11T22:10:47+08:00,confirmed
2015-11-20,114.4800033569336,78.79000091552734,1.4529762917463391,Derived from Yahoo Finance QQQ and RSP,QQQ/RSP,2026-09-11T22:10:47+08:00,confirmed
2015-11-23,114.1500015258789,78.79000091552734,1.4487879197800984,Derived from Yahoo Finance QQQ and RSP,QQQ/RSP,2026-09-11T22:10:47+08:00,confirmed
2015-11-24,114.0500030517578,79.05000305175781,1.4427577311677497,Derived from Yahoo Finance QQQ and RSP,QQQ/RSP,2026-09-11T22:10:47+08:00,confirmed
2015-11-25,114.1500015258789,79.0999984741211,1.4431100344866001,Derived from Yahoo Finance QQQ and RSP,QQQ/RSP,2026-09-11T22:10:47+08:00,confirmed
2015-11-27,114.30999755859376,79.08000183105469,1.4454981652985277,Derived from Yahoo Finance QQQ and RSP,QQQ/RSP,2026-09-11T22:10:47+08:00,confirmed
2015-11-30,114.0199966430664,78.94000244140625,1.4443880556970912,Derived from Yahoo Finance QQQ and RSP,QQQ/RSP,2026-09-11T22:10:47+08:00,confirmed
2015-12-01,115.16000366210938,79.66999816894531,1.4454626121354395,Derived from Yahoo Finance QQQ and RSP,QQQ/RSP,2026-09-11T22:10:47+08:00,confirmed
2015-12-02,114.4499969482422,78.62000274658203,1.4557363641559764,Derived from Yahoo Finance QQQ and RSP,QQQ/RSP,2026-09-11T22:10:47+08:00,confirmed
2015-12-03,112.51000213623048,77.5,1.4517419630481352,Derived from Yahoo Finance QQQ and RSP,QQQ/RSP,2026-09-11T22:10:47+08:00,confirmed
2015-12-04,115.13999938964844,78.7300033569336,1.4624665880889778,Derived from Yahoo Finance QQQ and RSP,QQQ/RSP,2026-09-11T22:10:47+08:00,confirmed
2015-12-07,114.62000274658205,78.0999984741211,1.46760569764367,Derived from Yahoo Finance QQQ and RSP,QQQ/RSP,2026-09-11T22:10:47+08:00,confirmed
2015-12-08,114.62999725341795,77.55000305175781,1.4781430398772841,Derived from Yahoo Finance QQQ and RSP,QQQ/RSP,2026-09-11T22:10:47+08:00,confirmed
2015-12-09,112.88999938964844,77.01000213623047,1.4659134691354294,Derived from Yahoo Finance QQQ and RSP,QQQ/RSP,2026-09-11T22:10:47+08:00,confirmed
2015-12-10,113.4000015258789,77.12000274658203,1.470435652064403,Derived from Yahoo Finance QQQ and RSP,QQQ/RSP,2026-09-11T22:10:47+08:00,confirmed
2015-12-11,110.79000091552734,75.62000274658203,1.4650885597929308,Derived from Yahoo Finance QQQ and RSP,QQQ/RSP,2026-09-11T22:10:47+08:00,confirmed
2015-12-14,111.62999725341795,75.7300033569336,1.4740524535206887,Derived from Yahoo Finance QQQ and RSP,QQQ/RSP,2026-09-11T22:10:47+08:00,confirmed
2015-12-15,112.30999755859376,76.5199966430664,1.4677208897756837,Derived from Yahoo Finance QQQ and RSP,QQQ/RSP,2026-09-11T22:10:47+08:00,confirmed
2015-12-16,113.9800033569336,77.62000274658203,1.4684359613985283,Derived from Yahoo Finance QQQ and RSP,QQQ/RSP,2026-09-11T22:10:47+08:00,confirmed
2015-12-17,112.31999969482422,76.30999755859375,1.471891014130627,Derived from Yahoo Finance QQQ and RSP,QQQ/RSP,2026-09-11T22:10:47+08:00,confirmed
2015-12-18,109.83000183105467,74.80999755859375,1.4681193077841241,Derived from Yahoo Finance QQQ and RSP,QQQ/RSP,2026-09-11T22:10:47+08:00,confirmed
2015-12-21,111.0500030517578,75.4000015258789,1.4728116817563066,Derived from Yahoo Finance QQQ and RSP,QQQ/RSP,2026-09-11T22:10:47+08:00,confirmed
2015-12-22,111.77999877929688,76.2300033569336,1.466351749401173,Derived from Yahoo Finance QQQ and RSP,QQQ/RSP,2026-09-11T22:10:47+08:00,confirmed
2015-12-23,112.61000061035156,77.55000305175781,1.4520953730355664,Derived from Yahoo Finance QQQ and RSP,QQQ/RSP,2026-09-11T22:10:47+08:00,confirmed
2015-12-24,112.58999633789062,77.41000366210938,1.4544631315267738,Derived from Yahoo Finance QQQ and RSP,QQQ/RSP,2026-09-11T22:10:47+08:00,confirmed
2015-12-28,112.52999877929688,77.05000305175781,1.4604801339684,Derived from Yahoo Finance QQQ and RSP,QQQ/RSP,2026-09-11T22:10:47+08:00,confirmed
2015-12-29,114.3000030517578,77.86000061035156,1.4680195499068813,Derived from Yahoo Finance QQQ and RSP,QQQ/RSP,2026-09-11T22:10:47+08:00,confirmed
2015-12-30,113.2699966430664,77.2300033569336,1.4666579272250828,Derived from Yahoo Finance QQQ and RSP,QQQ/RSP,2026-09-11T22:10:47+08:00,confirmed
2015-12-31,111.86000061035156,76.63999938964844,1.4595511678130337,Derived from Yahoo Finance QQQ and RSP,QQQ/RSP,2026-09-11T22:10:47+08:00,confirmed
2016-01-04,109.5,75.79000091552734,1.4447816160082192,Derived from Yahoo Finance QQQ and RSP,QQQ/RSP,2026-09-11T22:10:47+08:00,confirmed
2016-01-05,109.30999755859376,75.97000122070312,1.43885738847145,Derived from Yahoo Finance QQQ and RSP,QQQ/RSP,2026-09-11T22:10:47+08:00,confirmed
2016-01-06,108.26000213623048,74.58000183105469,1.451595595042633,Derived from Yahoo Finance QQQ and RSP,QQQ/RSP,2026-09-11T22:10:47+08:00,confirmed
2016-01-07,104.87000274658205,72.88999938964844,1.4387433615684087,Derived from Yahoo Finance QQQ and RSP,QQQ/RSP,2026-09-11T22:10:47+08:00,confirmed
2016-01-08,104.01000213623048,72.0,1.4445833630032012,Derived from Yahoo Finance QQQ and RSP,QQQ/RSP,2026-09-11T22:10:47+08:00,confirmed
2016-01-11,104.33000183105467,71.7699966430664,1.453671543972879,Derived from Yahoo Finance QQQ and RSP,QQQ/RSP,2026-09-11T22:10:47+08:00,confirmed
2016-01-12,105.54000091552734,72.11000061035156,1.463597282238503,Derived from Yahoo Finance QQQ and RSP,QQQ/RSP,2026-09-11T22:10:47+08:00,confirmed
2016-01-13,101.9000015258789,70.30000305175781,1.449502092494304,Derived from Yahoo Finance QQQ and RSP,QQQ/RSP,2026-09-11T22:10:47+08:00,confirmed
2016-01-14,104.06999969482422,71.26000213623047,1.4604265587288312,Derived from Yahoo Finance QQQ and RSP,QQQ/RSP,2026-09-11T22:10:47+08:00,confirmed
2016-01-15,100.83999633789062,69.9000015258789,1.4426322480201503,Derived from Yahoo Finance QQQ and RSP,QQQ/RSP,2026-09-11T22:10:47+08:00,confirmed
2016-01-19,101.05999755859376,69.69000244140625,1.4501362321455318,Derived from Yahoo Finance QQQ and RSP,QQQ/RSP,2026-09-11T22:10:47+08:00,confirmed
2016-01-20,100.75,68.94999694824219,1.4612038355219756,Derived from Yahoo Finance QQQ and RSP,QQQ/RSP,2026-09-11T22:10:47+08:00,confirmed
2016-01-21,100.8499984741211,69.58000183105469,1.4494106901433006,Derived from Yahoo Finance QQQ and RSP,QQQ/RSP,2026-09-11T22:10:47+08:00,confirmed
2016-01-22,103.7699966430664,70.94999694824219,1.4625792967794813,Derived from Yahoo Finance QQQ and RSP,QQQ/RSP,2026-09-11T22:10:47+08:00,confirmed
2016-01-25,102.2300033569336,69.5999984741211,1.4688219195140515,Derived from Yahoo Finance QQQ and RSP,QQQ/RSP,2026-09-11T22:10:47+08:00,confirmed
2016-01-26,103.1500015258789,70.87999725341797,1.455276601621268,Derived from Yahoo Finance QQQ and RSP,QQQ/RSP,2026-09-11T22:10:47+08:00,confirmed
2016-01-27,100.58000183105467,70.33999633789062,1.4299119571729977,Derived from Yahoo Finance QQQ and RSP,QQQ/RSP,2026-09-11T22:10:47+08:00,confirmed
2016-01-28,102.0,70.38999938964844,1.4490694826600627,Derived from Yahoo Finance QQQ and RSP,QQQ/RSP,2026-09-11T22:10:47+08:00,confirmed
2016-01-29,104.12999725341795,72.37999725341797,1.4386571042388465,Derived from Yahoo Finance QQQ and RSP,QQQ/RSP,2026-09-11T22:10:47+08:00,confirmed
2016-02-01,104.41000366210938,72.3499984741211,1.4431237852680237,Derived from Yahoo Finance QQQ and RSP,QQQ/RSP,2026-09-11T22:10:47+08:00,confirmed
2016-02-02,102.1500015258789,70.8499984741211,1.4417784576691355,Derived from Yahoo Finance QQQ and RSP,QQQ/RSP,2026-09-11T22:10:47+08:00,confirmed
2016-02-03,101.66000366210938,71.54000091552734,1.4210232368063145,Derived from Yahoo Finance QQQ and RSP,QQQ/RSP,2026-09-11T22:10:47+08:00,confirmed
2016-02-04,101.6500015258789,71.94999694824219,1.4127867385317843,Derived from Yahoo Finance QQQ and RSP,QQQ/RSP,2026-09-11T22:10:47+08:00,confirmed
2016-02-05,98.12000274658205,70.7300033569336,1.38724725137403,Derived from Yahoo Finance QQQ and RSP,QQQ/RSP,2026-09-11T22:10:47+08:00,confirmed
2016-02-08,96.62000274658205,69.23999786376953,1.3954362467873407,Derived from Yahoo Finance QQQ and RSP,QQQ/RSP,2026-09-11T22:10:47+08:00,confirmed
2016-02-09,96.31999969482422,69.02999877929688,1.395335381690779,Derived from Yahoo Finance QQQ and RSP,QQQ/RSP,2026-09-11T22:10:47+08:00,confirmed
2016-02-10,96.69000244140624,69.06999969482422,1.399884217006182,Derived from Yahoo Finance QQQ and RSP,QQQ/RSP,2026-09-11T22:10:47+08:00,confirmed
2016-02-11,96.5500030517578,68.08999633789062,1.4179763290430636,Derived from Yahoo Finance QQQ and RSP,QQQ/RSP,2026-09-11T22:10:47+08:00,confirmed
2016-02-12,98.0199966430664,69.56999969482422,1.4089405932591772,Derived from Yahoo Finance QQQ and RSP,QQQ/RSP,2026-09-11T22:10:47+08:00,confirmed
2016-02-16,100.2300033569336,70.95999908447266,1.4124859730848807,Derived from Yahoo Finance QQQ and RSP,QQQ/RSP,2026-09-11T22:10:47+08:00,confirmed
2016-02-17,102.5,72.2699966430664,1.4182925800624604,Derived from Yahoo Finance QQQ and RSP,QQQ/RSP,2026-09-11T22:10:47+08:00,confirmed
2016-02-18,101.33000183105467,72.12000274658203,1.4050193839719034,Derived from Yahoo Finance QQQ and RSP,QQQ/RSP,2026-09-11T22:10:47+08:00,confirmed
2016-02-19,101.62999725341795,71.9000015258789,1.4134908914687345,Derived from Yahoo Finance QQQ and RSP,QQQ/RSP,2026-09-11T22:10:47+08:00,confirmed
2016-02-22,103.27999877929688,73.16000366210938,1.4117002953731,Derived from Yahoo Finance QQQ and RSP,QQQ/RSP,2026-09-11T22:10:47+08:00,confirmed
2016-02-23,101.58000183105467,72.29000091552734,1.4051736138411925,Derived from Yahoo Finance QQQ and RSP,QQQ/RSP,2026-09-11T22:10:47+08:00,confirmed
2016-02-24,102.5500030517578,72.72000122070312,1.410203538645736,Derived from Yahoo Finance QQQ and RSP,QQQ/RSP,2026-09-11T22:10:47+08:00,confirmed
2016-02-25,103.55999755859376,73.52999877929688,1.4084047229408108,Derived from Yahoo Finance QQQ and RSP,QQQ/RSP,2026-09-11T22:10:47+08:00,confirmed
2016-02-26,103.43000030517578,73.66000366210938,1.404154156435103,Derived from Yahoo Finance QQQ and RSP,QQQ/RSP,2026-09-11T22:10:47+08:00,confirmed
2016-02-29,102.5,73.0999984741211,1.4021888117588281,Derived from Yahoo Finance QQQ and RSP,QQQ/RSP,2026-09-11T22:10:47+08:00,confirmed
2016-03-01,105.79000091552734,74.79000091552734,1.4144939112250232,Derived from Yahoo Finance QQQ and RSP,QQQ/RSP,2026-09-11T22:10:47+08:00,confirmed
2016-03-02,105.83000183105467,75.33000183105469,1.4048851620686726,Derived from Yahoo Finance QQQ and RSP,QQQ/RSP,2026-09-11T22:10:47+08:00,confirmed
2016-03-03,105.62999725341795,76.0199966430664,1.3895027876596493,Derived from Yahoo Finance QQQ and RSP,QQQ/RSP,2026-09-11T22:10:47+08:00,confirmed
2016-03-04,105.66999816894533,76.41000366210938,1.3829340806764752,Derived from Yahoo Finance QQQ and RSP,QQQ/RSP,2026-09-11T22:10:47+08:00,confirmed
2016-03-07,105.0199966430664,76.77999877929688,1.3678040936799836,Derived from Yahoo Finance QQQ and RSP,QQQ/RSP,2026-09-11T22:10:47+08:00,confirmed
2016-03-08,104.1500015258789,75.5199966430664,1.3791049543888063,Derived from Yahoo Finance QQQ and RSP,QQQ/RSP,2026-09-11T22:10:47+08:00,confirmed
2016-03-09,104.81999969482422,75.91999816894531,1.3806638859706968,Derived from Yahoo Finance QQQ and RSP,QQQ/RSP,2026-09-11T22:10:47+08:00,confirmed
2016-03-10,104.66000366210938,76.02999877929688,1.3765619537351421,Derived from Yahoo Finance QQQ and RSP,QQQ/RSP,2026-09-11T22:10:47+08:00,confirmed
2016-03-11,106.48999786376952,77.45999908447266,1.3747740656133844,Derived from Yahoo Finance QQQ and RSP,QQQ/RSP,2026-09-11T22:10:47+08:00,confirmed
2016-03-14,106.66999816894533,77.3499984741211,1.3790562414119993,Derived from Yahoo Finance QQQ and RSP,QQQ/RSP,2026-09-11T22:10:47+08:00,confirmed
2016-03-15,106.62999725341795,76.91000366210938,1.3864255906406944,Derived from Yahoo Finance QQQ and RSP,QQQ/RSP,2026-09-11T22:10:47+08:00,confirmed
2016-03-16,107.58000183105467,77.63999938964844,1.3856260004736434,Derived from Yahoo Finance QQQ and RSP,QQQ/RSP,2026-09-11T22:10:47+08:00,confirmed
2016-03-17,107.5199966430664,78.36000061035156,1.3721285835322306,Derived from Yahoo Finance QQQ and RSP,QQQ/RSP,2026-09-11T22:10:47+08:00,confirmed
2016-03-18,107.37000274658205,78.31999969482422,1.3709142385719084,Derived from Yahoo Finance QQQ and RSP,QQQ/RSP,2026-09-11T22:10:47+08:00,confirmed
2016-03-21,107.79000091552734,78.33999633789062,1.3759255291590136,Derived from Yahoo Finance QQQ and RSP,QQQ/RSP,2026-09-11T22:10:47+08:00,confirmed
2016-03-22,108.12000274658205,78.27999877929688,1.3811957643409816,Derived from Yahoo Finance QQQ and RSP,QQQ/RSP,2026-09-11T22:10:47+08:00,confirmed
2016-03-23,107.2300033569336,77.4800033569336,1.3839700401527888,Derived from Yahoo Finance QQQ and RSP,QQQ/RSP,2026-09-11T22:10:47+08:00,confirmed
2016-03-24,107.26000213623048,77.38999938964844,1.38596721775627,Derived from Yahoo Finance QQQ and RSP,QQQ/RSP,2026-09-11T22:10:47+08:00,confirmed
2016-03-28,107.11000061035156,77.5,1.3820645240045364,Derived from Yahoo Finance QQQ and RSP,QQQ/RSP,2026-09-11T22:10:47+08:00,confirmed
2016-03-29,108.83000183105467,78.29000091552734,1.3900881409936259,Derived from Yahoo Finance QQQ and RSP,QQQ/RSP,2026-09-11T22:10:47+08:00,confirmed
2016-03-30,109.36000061035156,78.52999877929688,1.3925888489785958,Derived from Yahoo Finance QQQ and RSP,QQQ/RSP,2026-09-11T22:10:47+08:00,confirmed
2016-03-31,109.1999969482422,78.52999877929688,1.390551364391858,Derived from Yahoo Finance QQQ and RSP,QQQ/RSP,2026-09-11T22:10:47+08:00,confirmed
2016-04-01,110.36000061035156,78.83999633789062,1.3997971300933758,Derived from Yahoo Finance QQQ and RSP,QQQ/RSP,2026-09-11T22:10:47+08:00,confirmed
2016-04-04,109.94000244140624,78.33000183105469,1.4035490855538248,Derived from Yahoo Finance QQQ and RSP,QQQ/RSP,2026-09-11T22:10:47+08:00,confirmed
2016-04-05,108.87999725341795,77.44999694824219,1.405810220059526,Derived from Yahoo Finance QQQ and RSP,QQQ/RSP,2026-09-11T22:10:47+08:00,confirmed
2016-04-06,110.66999816894533,78.2699966430664,1.4139517428834474,Derived from Yahoo Finance QQQ and RSP,QQQ/RSP,2026-09-11T22:10:47+08:00,confirmed
2016-04-07,109.08000183105467,77.29000091552734,1.4113080675244345,Derived from Yahoo Finance QQQ and RSP,QQQ/RSP,2026-09-11T22:10:47+08:00,confirmed
2016-04-08,109.0,77.62999725341797,1.4040964041796464,Derived from Yahoo Finance QQQ and RSP,QQQ/RSP,2026-09-11T22:10:47+08:00,confirmed
2016-04-11,108.5999984741211,77.54000091552734,1.4005674128432206,Derived from Yahoo Finance QQQ and RSP,QQQ/RSP,2026-09-11T22:10:47+08:00,confirmed
2016-04-12,109.51000213623048,78.37999725341797,1.3971677210215137,Derived from Yahoo Finance QQQ and RSP,QQQ/RSP,2026-09-11T22:10:47+08:00,confirmed
2016-04-13,110.91000366210938,79.37000274658203,1.3973793602632272,Derived from Yahoo Finance QQQ and RSP,QQQ/RSP,2026-09-11T22:10:47+08:00,confirmed
2016-04-14,110.91999816894533,79.20999908447266,1.40032823445252,Derived from Yahoo Finance QQQ and RSP,QQQ/RSP,2026-09-11T22:10:47+08:00,confirmed
2016-04-15,110.63999938964844,79.19000244140625,1.3971460535250326,Derived from Yahoo Finance QQQ and RSP,QQQ/RSP,2026-09-11T22:10:47+08:00,confirmed
2016-04-18,111.2300033569336,79.76000213623047,1.3945586807652313,Derived from Yahoo Finance QQQ and RSP,QQQ/RSP,2026-09-11T22:10:47+08:00,confirmed
2016-04-19,110.5500030517578,80.11000061035156,1.3799775584756753,Derived from Yahoo Finance QQQ and RSP,QQQ/RSP,2026-09-11T22:10:47+08:00,confirmed
2016-04-20,110.63999938964844,80.26000213623047,1.3785197663196176,Derived from Yahoo Finance QQQ and RSP,QQQ/RSP,2026-09-11T22:10:47+08:00,confirmed
2016-04-21,110.6500015258789,79.72000122070312,1.387982938178171,Derived from Yahoo Finance QQQ and RSP,QQQ/RSP,2026-09-11T22:10:47+08:00,confirmed
2016-04-22,108.9800033569336,80.22000122070312,1.3585141074369382,Derived from Yahoo Finance QQQ and RSP,QQQ/RSP,2026-09-11T22:10:47+08:00,confirmed
2016-04-25,108.9800033569336,79.87999725341797,1.3642965336014765,Derived from Yahoo Finance QQQ and RSP,QQQ/RSP,2026-09-11T22:10:47+08:00,confirmed
2016-04-26,108.4499969482422,80.44000244140625,1.348209766990483,Derived from Yahoo Finance QQQ and RSP,QQQ/RSP,2026-09-11T22:10:47+08:00,confirmed
2016-04-27,107.58000183105467,80.95999908447266,1.3288043854695086,Derived from Yahoo Finance QQQ and RSP,QQQ/RSP,2026-09-11T22:10:47+08:00,confirmed
2016-04-28,106.27999877929688,80.0,1.328499984741211,Derived from Yahoo Finance QQQ and RSP,QQQ/RSP,2026-09-11T22:10:47+08:00,confirmed
2016-04-29,105.72000122070312,79.51000213623047,1.329644049556999,Derived from Yahoo Finance QQQ and RSP,QQQ/RSP,2026-09-11T22:10:47+08:00,confirmed
2016-05-02,106.72000122070312,79.9800033569336,1.3343335426535887,Derived from Yahoo Finance QQQ and RSP,QQQ/RSP,2026-09-11T22:10:47+08:00,confirmed
2016-05-03,105.7300033569336,79.08000183105469,1.3370005173092125,Derived from Yahoo Finance QQQ and RSP,QQQ/RSP,2026-09-11T22:10:47+08:00,confirmed
2016-05-04,105.0500030517578,78.56999969482422,1.3370243535673316,Derived from Yahoo Finance QQQ and RSP,QQQ/RSP,2026-09-11T22:10:47+08:00,confirmed
2016-05-05,105.0199966430664,78.55000305175781,1.336982718815009,Derived from Yahoo Finance QQQ and RSP,QQQ/RSP,2026-09-11T22:10:47+08:00,confirmed
2016-05-06,105.58000183105467,78.80000305175781,1.3398476870832998,Derived from Yahoo Finance QQQ and RSP,QQQ/RSP,2026-09-11T22:10:47+08:00,confirmed
2016-05-09,105.87999725341795,78.7699966430664,1.3441665832892715,Derived from Yahoo Finance QQQ and RSP,QQQ/RSP,2026-09-11T22:10:47+08:00,confirmed
2016-05-10,107.33000183105467,79.73999786376953,1.3459995573917725,Derived from Yahoo Finance QQQ and RSP,QQQ/RSP,2026-09-11T22:10:47+08:00,confirmed
2016-05-11,106.36000061035156,78.94000244140625,1.3473523856209404,Derived from Yahoo Finance QQQ and RSP,QQQ/RSP,2026-09-11T22:10:47+08:00,confirmed
2016-05-12,105.88999938964844,78.91999816894531,1.3417384927324505,Derived from Yahoo Finance QQQ and RSP,QQQ/RSP,2026-09-11T22:10:47+08:00,confirmed
2016-05-13,105.5,78.16000366210938,1.349795228465996,Derived from Yahoo Finance QQQ and RSP,QQQ/RSP,2026-09-11T22:10:47+08:00,confirmed
2016-05-16,106.81999969482422,78.95999908447266,1.3528368912535889,Derived from Yahoo Finance QQQ and RSP,QQQ/RSP,2026-09-11T22:10:47+08:00,confirmed
2016-05-17,105.4800033569336,78.41999816894531,1.3450651086434757,Derived from Yahoo Finance QQQ and RSP,QQQ/RSP,2026-09-11T22:10:47+08:00,confirmed
2016-05-18,105.86000061035156,78.2300033569336,1.3531892632977767,Derived from Yahoo Finance QQQ and RSP,QQQ/RSP,2026-09-11T22:10:47+08:00,confirmed
2016-05-19,105.30999755859376,78.0,1.3501281738281252,Derived from Yahoo Finance QQQ and RSP,QQQ/RSP,2026-09-11T22:10:47+08:00,confirmed
2016-05-20,106.47000122070312,78.58000183105469,1.354924901244102,Derived from Yahoo Finance QQQ and RSP,QQQ/RSP,2026-09-11T22:10:47+08:00,confirmed
2016-05-23,106.33000183105467,78.52999877929688,1.3540048832789082,Derived from Yahoo Finance QQQ and RSP,QQQ/RSP,2026-09-11T22:10:47+08:00,confirmed
2016-05-24,108.45999908447266,79.54000091552734,1.3635906190101603,Derived from Yahoo Finance QQQ and RSP,QQQ/RSP,2026-09-11T22:10:47+08:00,confirmed
2016-05-25,109.23999786376952,80.16000366210938,1.3627743621898796,Derived from Yahoo Finance QQQ and RSP,QQQ/RSP,2026-09-11T22:10:47+08:00,confirmed
2016-05-26,109.55999755859376,80.0999984741211,1.3677902577487648,Derived from Yahoo Finance QQQ and RSP,QQQ/RSP,2026-09-11T22:10:47+08:00,confirmed
2016-05-27,110.12999725341795,80.55999755859375,1.3670556180605273,Derived from Yahoo Finance QQQ and RSP,QQQ/RSP,2026-09-11T22:10:47+08:00,confirmed
2016-05-31,110.33999633789062,80.58999633789062,1.3691525170849597,Derived from Yahoo Finance QQQ and RSP,QQQ/RSP,2026-09-11T22:10:47+08:00,confirmed
2016-06-01,110.3499984741211,80.76000213623047,1.3663941995441824,Derived from Yahoo Finance QQQ and RSP,QQQ/RSP,2026-09-11T22:10:47+08:00,confirmed
2016-06-02,110.58000183105467,81.11000061035156,1.3633337566137564,Derived from Yahoo Finance QQQ and RSP,QQQ/RSP,2026-09-11T22:10:47+08:00,confirmed
2016-06-03,110.05999755859376,80.83000183105469,1.3616230986686553,Derived from Yahoo Finance QQQ and RSP,QQQ/RSP,2026-09-11T22:10:47+08:00,confirmed
2016-06-06,110.45999908447266,81.37999725341797,1.3573359893402224,Derived from Yahoo Finance QQQ and RSP,QQQ/RSP,2026-09-11T22:10:47+08:00,confirmed
2016-06-07,110.18000030517578,81.68000030517578,1.3489226235739136,Derived from Yahoo Finance QQQ and RSP,QQQ/RSP,2026-09-11T22:10:47+08:00,confirmed
2016-06-08,110.37000274658205,81.91000366210938,1.3474544965456758,Derived from Yahoo Finance QQQ and RSP,QQQ/RSP,2026-09-11T22:10:47+08:00,confirmed
2016-06-09,110.19000244140624,81.69999694824219,1.3487148905429307,Derived from Yahoo Finance QQQ and RSP,QQQ/RSP,2026-09-11T22:10:47+08:00,confirmed
2016-06-10,108.94000244140624,80.61000061035156,1.35144525017429,Derived from Yahoo Finance QQQ and RSP,QQQ/RSP,2026-09-11T22:10:47+08:00,confirmed
2016-06-13,108.02999877929688,79.88999938964844,1.3522343172441507,Derived from Yahoo Finance QQQ and RSP,QQQ/RSP,2026-09-11T22:10:47+08:00,confirmed
2016-06-14,108.02999877929688,79.63999938964844,1.3564791512710452,Derived from Yahoo Finance QQQ and RSP,QQQ/RSP,2026-09-11T22:10:47+08:00,confirmed
2016-06-15,107.72000122070312,79.6500015258789,1.35241681302045,Derived from Yahoo Finance QQQ and RSP,QQQ/RSP,2026-09-11T22:10:47+08:00,confirmed
2016-06-16,108.04000091552734,79.73999786376953,1.354903483946745,Derived from Yahoo Finance QQQ and RSP,QQQ/RSP,2026-09-11T22:10:47+08:00,confirmed
2016-06-17,106.48999786376952,79.69000244140625,1.3363031070562275,Derived from Yahoo Finance QQQ and RSP,QQQ/RSP,2026-09-11T22:10:47+08:00,confirmed
2016-06-20,107.16000366210938,80.3499984741211,1.3336652855895594,Derived from Yahoo Finance QQQ and RSP,QQQ/RSP,2026-09-11T22:10:47+08:00,confirmed
2016-06-21,107.5,80.4000015258789,1.3370646512413091,Derived from Yahoo Finance QQQ and RSP,QQQ/RSP,2026-09-11T22:10:47+08:00,confirmed
2016-06-22,107.23999786376952,80.31999969482422,1.3351593410262428,Derived from Yahoo Finance QQQ and RSP,QQQ/RSP,2026-09-11T22:10:47+08:00,confirmed
2016-06-23,108.7699966430664,81.48999786376953,1.3347649956366678,Derived from Yahoo Finance QQQ and RSP,QQQ/RSP,2026-09-11T22:10:47+08:00,confirmed
2016-06-24,104.29000091552734,78.12000274658203,1.334997404619143,Derived from Yahoo Finance QQQ and RSP,QQQ/RSP,2026-09-11T22:10:47+08:00,confirmed
2016-06-27,102.22000122070312,76.13999938964844,1.3425269508814888,Derived from Yahoo Finance QQQ and RSP,QQQ/RSP,2026-09-11T22:10:47+08:00,confirmed
2016-06-28,104.45999908447266,77.62999725341797,1.3456138449093322,Derived from Yahoo Finance QQQ and RSP,QQQ/RSP,2026-09-11T22:10:47+08:00,confirmed
2016-06-29,106.30999755859376,79.12000274658203,1.3436551297792558,Derived from Yahoo Finance QQQ and RSP,QQQ/RSP,2026-09-11T22:10:47+08:00,confirmed
2016-06-30,107.54000091552734,80.3499984741211,1.3383945607685797,Derived from Yahoo Finance QQQ and RSP,QQQ/RSP,2026-09-11T22:10:47+08:00,confirmed
2016-07-01,108.08000183105467,80.5999984741211,1.3409429761435643,Derived from Yahoo Finance QQQ and RSP,QQQ/RSP,2026-09-11T22:10:47+08:00,confirmed
2016-07-05,107.41999816894533,79.62999725341797,1.34898909800395,Derived from Yahoo Finance QQQ and RSP,QQQ/RSP,2026-09-11T22:10:47+08:00,confirmed
2016-07-06,108.3000030517578,80.11000061035156,1.3518911774638485,Derived from Yahoo Finance QQQ and RSP,QQQ/RSP,2026-09-11T22:10:47+08:00,confirmed
2016-07-07,108.62000274658205,80.0999984741211,1.3560549914576498,Derived from Yahoo Finance QQQ and RSP,QQQ/RSP,2026-09-11T22:10:47+08:00,confirmed
2016-07-08,110.3000030517578,81.5999984741211,1.3517157489499063,Derived from Yahoo Finance QQQ and RSP,QQQ/RSP,2026-09-11T22:10:47+08:00,confirmed
2016-07-11,110.93000030517578,81.91999816894531,1.3541260105548651,Derived from Yahoo Finance QQQ and RSP,QQQ/RSP,2026-09-11T22:10:47+08:00,confirmed
2016-07-12,111.48999786376952,82.88999938964844,1.3450355734674155,Derived from Yahoo Finance QQQ and RSP,QQQ/RSP,2026-09-11T22:10:47+08:00,confirmed
2016-07-13,111.22000122070312,82.83999633789062,1.342588195767841,Derived from Yahoo Finance QQQ and RSP,QQQ/RSP,2026-09-11T22:10:47+08:00,confirmed
2016-07-14,111.9800033569336,83.19000244140625,1.3460752502778828,Derived from Yahoo Finance QQQ and RSP,QQQ/RSP,2026-09-11T22:10:47+08:00,confirmed
2016-07-15,111.8000030517578,83.13999938964844,1.3447197963977584,Derived from Yahoo Finance QQQ and RSP,QQQ/RSP,2026-09-11T22:10:47+08:00,confirmed
2016-07-18,112.54000091552734,83.29000091552734,1.3511826110995644,Derived from Yahoo Finance QQQ and RSP,QQQ/RSP,2026-09-11T22:10:47+08:00,confirmed
2016-07-19,112.12999725341795,83.06999969482422,1.349825420312411,Derived from Yahoo Finance QQQ and RSP,QQQ/RSP,2026-09-11T22:10:47+08:00,confirmed
2016-07-20,113.44000244140624,83.4800033569336,1.3588883310937752,Derived from Yahoo Finance QQQ and RSP,QQQ/RSP,2026-09-11T22:10:47+08:00,confirmed
2016-07-21,113.18000030517578,83.16999816894531,1.3608272549828653,Derived from Yahoo Finance QQQ and RSP,QQQ/RSP,2026-09-11T22:10:47+08:00,confirmed
2016-07-22,113.6500015258789,83.69999694824219,1.3578256352405484,Derived from Yahoo Finance QQQ and RSP,QQQ/RSP,2026-09-11T22:10:47+08:00,confirmed
2016-07-25,113.66000366210938,83.51000213623047,1.3610346156702882,Derived from Yahoo Finance QQQ and RSP,QQQ/RSP,2026-09-11T22:10:47+08:00,confirmed
2016-07-26,113.79000091552734,83.87999725341797,1.356580885091655,Derived from Yahoo Finance QQQ and RSP,QQQ/RSP,2026-09-11T22:10:47+08:00,confirmed
2016-07-27,114.58000183105467,83.44000244140625,1.3732022828201107,Derived from Yahoo Finance QQQ and RSP,QQQ/RSP,2026-09-11T22:10:47+08:00,confirmed
2016-07-28,114.9800033569336,83.5999984741211,1.3753589169325928,Derived from Yahoo Finance QQQ and RSP,QQQ/RSP,2026-09-11T22:10:47+08:00,confirmed
2016-07-29,115.2300033569336,83.68000030517578,1.3770315838515403,Derived from Yahoo Finance QQQ and RSP,QQQ/RSP,2026-09-11T22:10:47+08:00,confirmed
2016-08-01,115.83999633789062,83.37000274658203,1.3894685440998116,Derived from Yahoo Finance QQQ and RSP,QQQ/RSP,2026-09-11T22:10:47+08:00,confirmed
2016-08-02,114.95999908447266,82.5199966430664,1.3931168657425286,Derived from Yahoo Finance QQQ and RSP,QQQ/RSP,2026-09-11T22:10:47+08:00,confirmed
2016-08-03,115.33999633789062,82.98999786376953,1.3898059923706052,Derived from Yahoo Finance QQQ and RSP,QQQ/RSP,2026-09-11T22:10:47+08:00,confirmed
2016-08-04,115.66999816894533,83.04000091552734,1.3929431225152675,Derived from Yahoo Finance QQQ and RSP,QQQ/RSP,2026-09-11T22:10:47+08:00,confirmed
2016-08-05,116.77999877929688,83.7300033569336,1.3947210569367121,Derived from Yahoo Finance QQQ and RSP,QQQ/RSP,2026-09-11T22:10:47+08:00,confirmed
2016-08-08,116.6500015258789,83.79000091552734,1.3921709064483634,Derived from Yahoo Finance QQQ and RSP,QQQ/RSP,2026-09-11T22:10:47+08:00,confirmed
2016-08-09,116.91999816894533,83.66000366210938,1.397561475626612,Derived from Yahoo Finance QQQ and RSP,QQQ/RSP,2026-09-11T22:10:47+08:00,confirmed
2016-08-10,116.62000274658205,83.44000244140625,1.3976509987337986,Derived from Yahoo Finance QQQ and RSP,QQQ/RSP,2026-09-11T22:10:47+08:00,confirmed
2016-08-11,117.12000274658205,84.05999755859375,1.3932905799211321,Derived from Yahoo Finance QQQ and RSP,QQQ/RSP,2026-09-11T22:10:47+08:00,confirmed
2016-08-12,117.1999969482422,83.9800033569336,1.3955702817742968,Derived from Yahoo Finance QQQ and RSP,QQQ/RSP,2026-09-11T22:10:47+08:00,confirmed
2016-08-15,117.6999969482422,84.37999725341797,1.3948803126261602,Derived from Yahoo Finance QQQ and RSP,QQQ/RSP,2026-09-11T22:10:47+08:00,confirmed
2016-08-16,117.0500030517578,83.9000015258789,1.3951132410367573,Derived from Yahoo Finance QQQ and RSP,QQQ/RSP,2026-09-11T22:10:47+08:00,confirmed
2016-08-17,117.26000213623048,83.95999908447266,1.396617477547308,Derived from Yahoo Finance QQQ and RSP,QQQ/RSP,2026-09-11T22:10:47+08:00,confirmed
2016-08-18,117.29000091552734,84.41000366210938,1.3895272577529505,Derived from Yahoo Finance QQQ and RSP,QQQ/RSP,2026-09-11T22:10:47+08:00,confirmed
2016-08-19,117.26000213623048,84.44000244140625,1.3886783366402478,Derived from Yahoo Finance QQQ and RSP,QQQ/RSP,2026-09-11T22:10:47+08:00,confirmed
2016-08-22,117.3499984741211,84.33999633789062,1.3913920271466786,Derived from Yahoo Finance QQQ and RSP,QQQ/RSP,2026-09-11T22:10:47+08:00,confirmed
2016-08-23,117.55999755859376,84.70999908447266,1.3877936350980615,Derived from Yahoo Finance QQQ and RSP,QQQ/RSP,2026-09-11T22:10:47+08:00,confirmed
2016-08-24,116.8000030517578,84.12000274658203,1.3884926205200774,Derived from Yahoo Finance QQQ and RSP,QQQ/RSP,2026-09-11T22:10:47+08:00,confirmed
2016-08-25,116.61000061035156,84.11000061035156,1.3863987607200203,Derived from Yahoo Finance QQQ and RSP,QQQ/RSP,2026-09-11T22:10:47+08:00,confirmed
2016-08-26,116.77999877929688,83.8499984741211,1.3927251151392577,Derived from Yahoo Finance QQQ and RSP,QQQ/RSP,2026-09-11T22:10:47+08:00,confirmed
2016-08-29,116.94000244140624,84.31999969482422,1.386859616516155,Derived from Yahoo Finance QQQ and RSP,QQQ/RSP,2026-09-11T22:10:47+08:00,confirmed
2016-08-30,116.55999755859376,84.19000244140625,1.3844873996733291,Derived from Yahoo Finance QQQ and RSP,QQQ/RSP,2026-09-11T22:10:47+08:00,confirmed
2016-08-31,116.44000244140624,83.80999755859375,1.3893330847551928,Derived from Yahoo Finance QQQ and RSP,QQQ/RSP,2026-09-11T22:10:47+08:00,confirmed
2016-09-01,116.73999786376952,83.79000091552734,1.3932449765868915,Derived from Yahoo Finance QQQ and RSP,QQQ/RSP,2026-09-11T22:10:47+08:00,confirmed
2016-09-02,117.12000274658205,84.20999908447266,1.3908087402910043,Derived from Yahoo Finance QQQ and RSP,QQQ/RSP,2026-09-11T22:10:47+08:00,confirmed
2016-09-06,117.8499984741211,84.3499984741211,1.3971547196918792,Derived from Yahoo Finance QQQ and RSP,QQQ/RSP,2026-09-11T22:10:47+08:00,confirmed
2016-09-07,117.91999816894533,84.58999633789062,1.3940182441658897,Derived from Yahoo Finance QQQ and RSP,QQQ/RSP,2026-09-11T22:10:47+08:00,confirmed
2016-09-08,117.2300033569336,84.44999694824219,1.388158763685707,Derived from Yahoo Finance QQQ and RSP,QQQ/RSP,2026-09-11T22:10:47+08:00,confirmed
2016-09-09,114.27999877929688,82.16999816894531,1.3907752382363685,Derived from Yahoo Finance QQQ and RSP,QQQ/RSP,2026-09-11T22:10:47+08:00,confirmed
2016-09-12,116.33000183105467,83.33000183105469,1.3960158319317573,Derived from Yahoo Finance QQQ and RSP,QQQ/RSP,2026-09-11T22:10:47+08:00,confirmed
2016-09-13,115.29000091552734,81.93000030517578,1.4071768642266698,Derived from Yahoo Finance QQQ and RSP,QQQ/RSP,2026-09-11T22:10:47+08:00,confirmed
2016-09-14,115.83999633789062,81.80999755859375,1.4159638160962418,Derived from Yahoo Finance QQQ and RSP,QQQ/RSP,2026-09-11T22:10:47+08:00,confirmed
2016-09-15,117.63999938964844,82.62999725341797,1.4236960341273919,Derived from Yahoo Finance QQQ and RSP,QQQ/RSP,2026-09-11T22:10:47+08:00,confirmed
2016-09-16,117.29000091552734,81.97000122070312,1.430889339622255,Derived from Yahoo Finance QQQ and RSP,QQQ/RSP,2026-09-11T22:10:47+08:00,confirmed
2016-09-19,116.77999877929688,82.16000366210938,1.4213728526542604,Derived from Yahoo Finance QQQ and RSP,QQQ/RSP,2026-09-11T22:10:47+08:00,confirmed
2016-09-20,117.0,81.95999908447266,1.4275256382008146,Derived from Yahoo Finance QQQ and RSP,QQQ/RSP,2026-09-11T22:10:47+08:00,confirmed
2016-09-21,118.1500015258789,83.06999969482422,1.4222944740571655,Derived from Yahoo Finance QQQ and RSP,QQQ/RSP,2026-09-11T22:10:47+08:00,confirmed
2016-09-22,119.08999633789062,83.72000122070312,1.4224796297356104,Derived from Yahoo Finance QQQ and RSP,QQQ/RSP,2026-09-11T22:10:47+08:00,confirmed
2016-09-23,118.33000183105467,83.30000305175781,1.42052818122385,Derived from Yahoo Finance QQQ and RSP,QQQ/RSP,2026-09-11T22:10:47+08:00,confirmed
2016-09-26,117.33999633789062,82.66000366210938,1.4195498565127485,Derived from Yahoo Finance QQQ and RSP,QQQ/RSP,2026-09-11T22:10:47+08:00,confirmed
2016-09-27,118.5,83.02999877929688,1.4271950107452898,Derived from Yahoo Finance QQQ and RSP,QQQ/RSP,2026-09-11T22:10:47+08:00,confirmed
2016-09-28,118.6999969482422,83.61000061035156,1.419686593490423,Derived from Yahoo Finance QQQ and RSP,QQQ/RSP,2026-09-11T22:10:47+08:00,confirmed
2016-09-29,117.83999633789062,82.91000366210938,1.4213000980935255,Derived from Yahoo Finance QQQ and RSP,QQQ/RSP,2026-09-11T22:10:47+08:00,confirmed
2016-09-30,118.72000122070312,83.58999633789062,1.4202656588332494,Derived from Yahoo Finance QQQ and RSP,QQQ/RSP,2026-09-11T22:10:47+08:00,confirmed
2016-10-03,118.5500030517578,83.23999786376953,1.424195171722332,Derived from Yahoo Finance QQQ and RSP,QQQ/RSP,2026-09-11T22:10:47+08:00,confirmed
2016-10-04,118.37000274658205,82.7300033569336,1.430798959790704,Derived from Yahoo Finance QQQ and RSP,QQQ/RSP,2026-09-11T22:10:47+08:00,confirmed
2016-10-05,118.79000091552734,83.22000122070312,1.4274212830217463,Derived from Yahoo Finance QQQ and RSP,QQQ/RSP,2026-09-11T22:10:47+08:00,confirmed
2016-10-06,118.7300033569336,83.26000213623047,1.426014896836862,Derived from Yahoo Finance QQQ and RSP,QQQ/RSP,2026-09-11T22:10:47+08:00,confirmed
2016-10-07,118.47000122070312,82.80999755859375,1.4306243776529215,Derived from Yahoo Finance QQQ and RSP,QQQ/RSP,2026-09-11T22:10:47+08:00,confirmed
2016-10-10,119.22000122070312,83.18000030517578,1.4332772395203368,Derived from Yahoo Finance QQQ and RSP,QQQ/RSP,2026-09-11T22:10:47+08:00,confirmed
2016-10-11,117.5199966430664,81.94000244140625,1.4342200773926355,Derived from Yahoo Finance QQQ and RSP,QQQ/RSP,2026-09-11T22:10:47+08:00,confirmed
2016-10-12,117.41999816894533,82.05000305175781,1.4310785350596005,Derived from Yahoo Finance QQQ and RSP,QQQ/RSP,2026-09-11T22:10:47+08:00,confirmed
2016-10-13,117.0,81.75,1.4311926605504588,Derived from Yahoo Finance QQQ and RSP,QQQ/RSP,2026-09-11T22:10:47+08:00,confirmed
2016-10-14,117.13999938964844,81.69000244140625,1.4339575944274134,Derived from Yahoo Finance QQQ and RSP,QQQ/RSP,2026-09-11T22:10:47+08:00,confirmed
2016-10-17,116.81999969482422,81.41000366210938,1.4349587819659526,Derived from Yahoo Finance QQQ and RSP,QQQ/RSP,2026-09-11T22:10:47+08:00,confirmed
2016-10-18,117.86000061035156,81.97000122070312,1.4378430993677198,Derived from Yahoo Finance QQQ and RSP,QQQ/RSP,2026-09-11T22:10:47+08:00,confirmed
2016-10-19,117.8499984741211,82.37000274658203,1.43073928061768,Derived from Yahoo Finance QQQ and RSP,QQQ/RSP,2026-09-11T22:10:47+08:00,confirmed
2016-10-20,117.70999908447266,82.20999908447266,1.4318209511658422,Derived from Yahoo Finance QQQ and RSP,QQQ/RSP,2026-09-11T22:10:47+08:00,confirmed
2016-10-21,118.1500015258789,82.16000366210938,1.438047666255977,Derived from Yahoo Finance QQQ and RSP,QQQ/RSP,2026-09-11T22:10:47+08:00,confirmed
2016-10-24,119.56999969482422,82.41999816894531,1.450740140150555,Derived from Yahoo Finance QQQ and RSP,QQQ/RSP,2026-09-11T22:10:47+08:00,confirmed
2016-10-25,119.19000244140624,81.94999694824219,1.4544235128731489,Derived from Yahoo Finance QQQ and RSP,QQQ/RSP,2026-09-11T22:10:47+08:00,confirmed
2016-10-26,118.37999725341795,81.91000366210938,1.4452446827099725,Derived from Yahoo Finance QQQ and RSP,QQQ/RSP,2026-09-11T22:10:47+08:00,confirmed
2016-10-27,117.83999633789062,81.43000030517578,1.4471324560513428,Derived from Yahoo Finance QQQ and RSP,QQQ/RSP,2026-09-11T22:10:47+08:00,confirmed
2016-10-28,117.0999984741211,81.41999816894531,1.4382215807858445,Derived from Yahoo Finance QQQ and RSP,QQQ/RSP,2026-09-11T22:10:47+08:00,confirmed
2016-10-31,116.98999786376952,81.55000305175781,1.4345799323823298,Derived from Yahoo Finance QQQ and RSP,QQQ/RSP,2026-09-11T22:10:47+08:00,confirmed
2016-11-01,116.11000061035156,80.87999725341797,1.4355836369102348,Derived from Yahoo Finance QQQ and RSP,QQQ/RSP,2026-09-11T22:10:47+08:00,confirmed
2016-11-02,115.18000030517578,80.30000305175781,1.434371057631665,Derived from Yahoo Finance QQQ and RSP,QQQ/RSP,2026-09-11T22:10:47+08:00,confirmed
2016-11-03,114.0500030517578,80.04000091552734,1.4249125655573636,Derived from Yahoo Finance QQQ and RSP,QQQ/RSP,2026-09-11T22:10:47+08:00,confirmed
2016-11-04,113.6500015258789,80.05000305175781,1.4197376288967334,Derived from Yahoo Finance QQQ and RSP,QQQ/RSP,2026-09-11T22:10:47+08:00,confirmed
2016-11-07,116.3499984741211,81.77999877929688,1.4227194938962977,Derived from Yahoo Finance QQQ and RSP,QQQ/RSP,2026-09-11T22:10:47+08:00,confirmed
2016-11-08,117.11000061035156,82.08999633789062,1.4266050168685,Derived from Yahoo Finance QQQ and RSP,QQQ/RSP,2026-09-11T22:10:47+08:00,confirmed
2016-11-09,117.6500015258789,83.05999755859375,1.416446002696834,Derived from Yahoo Finance QQQ and RSP,QQQ/RSP,2026-09-11T22:10:47+08:00,confirmed
2016-11-10,115.75,83.66999816894531,1.3834110497562004,Derived from Yahoo Finance QQQ and RSP,QQQ/RSP,2026-09-11T22:10:47+08:00,confirmed
2016-11-11,115.8000030517578,83.66999816894531,1.3840086719965743,Derived from Yahoo Finance QQQ and RSP,QQQ/RSP,2026-09-11T22:10:47+08:00,confirmed
2016-11-14,114.62999725341795,84.37000274658203,1.3586582140778916,Derived from Yahoo Finance QQQ and RSP,QQQ/RSP,2026-09-11T22:10:47+08:00,confirmed
2016-11-15,116.22000122070312,84.98999786376953,1.3674550434392547,Derived from Yahoo Finance QQQ and RSP,QQQ/RSP,2026-09-11T22:10:47+08:00,confirmed
2016-11-16,116.91000366210938,84.62000274658203,1.3815882754368216,Derived from Yahoo Finance QQQ and RSP,QQQ/RSP,2026-09-11T22:10:47+08:00,confirmed
2016-11-17,117.76000213623048,85.06999969482422,1.3842718062616282,Derived from Yahoo Finance QQQ and RSP,QQQ/RSP,2026-09-11T22:10:47+08:00,confirmed
2016-11-18,117.31999969482422,84.87000274658203,1.3823494273369639,Derived from Yahoo Finance QQQ and RSP,QQQ/RSP,2026-09-11T22:10:47+08:00,confirmed
2016-11-21,118.54000091552734,85.54000091552734,1.385784424208602,Derived from Yahoo Finance QQQ and RSP,QQQ/RSP,2026-09-11T22:10:47+08:00,confirmed
2016-11-22,118.9000015258789,85.80000305175781,1.3857808542751906,Derived from Yahoo Finance QQQ and RSP,QQQ/RSP,2026-09-11T22:10:47+08:00,confirmed
2016-11-23,118.41999816894533,86.01000213623047,1.3768165937419807,Derived from Yahoo Finance QQQ and RSP,QQQ/RSP,2026-09-11T22:10:47+08:00,confirmed
2016-11-25,118.8000030517578,86.31999969482422,1.3762743683012442,Derived from Yahoo Finance QQQ and RSP,QQQ/RSP,2026-09-11T22:10:47+08:00,confirmed
2016-11-28,118.52999877929688,85.73999786376953,1.3824352896255805,Derived from Yahoo Finance QQQ and RSP,QQQ/RSP,2026-09-11T22:10:47+08:00,confirmed
2016-11-29,118.94000244140624,85.80000305175781,1.3862470653952905,Derived from Yahoo Finance QQQ and RSP,QQQ/RSP,2026-09-11T22:10:47+08:00,confirmed
2016-11-30,117.5,85.81999969482422,1.369144726378814,Derived from Yahoo Finance QQQ and RSP,QQQ/RSP,2026-09-11T22:10:47+08:00,confirmed
2016-12-01,115.47000122070312,85.55999755859375,1.3495792954134462,Derived from Yahoo Finance QQQ and RSP,QQQ/RSP,2026-09-11T22:10:47+08:00,confirmed
2016-12-02,115.6999969482422,85.58000183105469,1.3519513259259803,Derived from Yahoo Finance QQQ and RSP,QQQ/RSP,2026-09-11T22:10:47+08:00,confirmed
2016-12-05,116.5999984741211,86.22000122070312,1.3523544052806524,Derived from Yahoo Finance QQQ and RSP,QQQ/RSP,2026-09-11T22:10:47+08:00,confirmed
2016-12-06,116.87999725341795,86.66000366210938,1.3487190435525191,Derived from Yahoo Finance QQQ and RSP,QQQ/RSP,2026-09-11T22:10:47+08:00,confirmed
2016-12-07,118.36000061035156,87.9000015258789,1.3465301314642735,Derived from Yahoo Finance QQQ and RSP,QQQ/RSP,2026-09-11T22:10:47+08:00,confirmed
2016-12-08,118.56999969482422,88.26000213623047,1.3434171405503692,Derived from Yahoo Finance QQQ and RSP,QQQ/RSP,2026-09-11T22:10:47+08:00,confirmed
2016-12-09,119.5,88.51000213623047,1.350129896235582,Derived from Yahoo Finance QQQ and RSP,QQQ/RSP,2026-09-11T22:10:47+08:00,confirmed
2016-12-12,118.95999908447266,88.05000305175781,1.3510504822418374,Derived from Yahoo Finance QQQ and RSP,QQQ/RSP,2026-09-11T22:10:47+08:00,confirmed
2016-12-13,120.45999908447266,88.41999816894531,1.3623614745423096,Derived from Yahoo Finance QQQ and RSP,QQQ/RSP,2026-09-11T22:10:47+08:00,confirmed
2016-12-14,120.20999908447266,87.5,1.3738285609654017,Derived from Yahoo Finance QQQ and RSP,QQQ/RSP,2026-09-11T22:10:47+08:00,confirmed
2016-12-15,120.4000015258789,87.80999755859375,1.37114229442426,Derived from Yahoo Finance QQQ and RSP,QQQ/RSP,2026-09-11T22:10:47+08:00,confirmed
2016-12-16,119.5999984741211,87.41999816894531,1.3681079956440363,Derived from Yahoo Finance QQQ and RSP,QQQ/RSP,2026-09-11T22:10:47+08:00,confirmed
2016-12-19,120.08999633789062,87.55000305175781,1.3716732398843643,Derived from Yahoo Finance QQQ and RSP,QQQ/RSP,2026-09-11T22:10:47+08:00,confirmed
2016-12-20,120.5500030517578,87.83999633789062,1.3723816948721501,Derived from Yahoo Finance QQQ and RSP,QQQ/RSP,2026-09-11T22:10:47+08:00,confirmed
2016-12-21,120.45999908447266,87.63999938964844,1.374486534954275,Derived from Yahoo Finance QQQ and RSP,QQQ/RSP,2026-09-11T22:10:47+08:00,confirmed
2016-12-22,120.12000274658205,87.29000091552734,1.3761026633832332,Derived from Yahoo Finance QQQ and RSP,QQQ/RSP,2026-09-11T22:10:47+08:00,confirmed
2016-12-23,120.1999969482422,87.47000122070312,1.3741853809394056,Derived from Yahoo Finance QQQ and RSP,QQQ/RSP,2026-09-11T22:10:47+08:00,confirmed
2016-12-27,120.81999969482422,87.76000213623047,1.3767091699391083,Derived from Yahoo Finance QQQ and RSP,QQQ/RSP,2026-09-11T22:10:47+08:00,confirmed
2016-12-28,119.87999725341795,86.86000061035156,1.3801519273663374,Derived from Yahoo Finance QQQ and RSP,QQQ/RSP,2026-09-11T22:10:47+08:00,confirmed
2016-12-29,119.70999908447266,86.88999938964844,1.3777189541416224,Derived from Yahoo Finance QQQ and RSP,QQQ/RSP,2026-09-11T22:10:47+08:00,confirmed
2016-12-30,118.4800033569336,86.63999938964844,1.3674977399767771,Derived from Yahoo Finance QQQ and RSP,QQQ/RSP,2026-09-11T22:10:47+08:00,confirmed
2017-01-03,119.54000091552734,87.33000183105469,1.3688308531904636,Derived from Yahoo Finance QQQ and RSP,QQQ/RSP,2026-09-11T22:10:47+08:00,confirmed
2017-01-04,120.19000244140624,88.18000030517578,1.3630075076598929,Derived from Yahoo Finance QQQ and RSP,QQQ/RSP,2026-09-11T22:10:47+08:00,confirmed
2017-01-05,120.87000274658205,87.94000244140625,1.3744598520692195,Derived from Yahoo Finance QQQ and RSP,QQQ/RSP,2026-09-11T22:10:47+08:00,confirmed
2017-01-06,121.93000030517578,88.18000030517578,1.3827398489815952,Derived from Yahoo Finance QQQ and RSP,QQQ/RSP,2026-09-11T22:10:47+08:00,confirmed
2017-01-09,122.33000183105467,87.69999694824219,1.3948689405684933,Derived from Yahoo Finance QQQ and RSP,QQQ/RSP,2026-09-11T22:10:47+08:00,confirmed
2017-01-10,122.5999984741211,87.77999877929688,1.3966735039763591,Derived from Yahoo Finance QQQ and RSP,QQQ/RSP,2026-09-11T22:10:47+08:00,confirmed
2017-01-11,122.93000030517578,88.01000213623047,1.3967730635308102,Derived from Yahoo Finance QQQ and RSP,QQQ/RSP,2026-09-11T22:10:47+08:00,confirmed
2017-01-12,122.73999786376952,87.87000274658203,1.3968361673750358,Derived from Yahoo Finance QQQ and RSP,QQQ/RSP,2026-09-11T22:10:47+08:00,confirmed
2017-01-13,123.16000366210938,88.05000305175781,1.398750702935389,Derived from Yahoo Finance QQQ and RSP,QQQ/RSP,2026-09-11T22:10:47+08:00,confirmed
2017-01-17,122.79000091552734,87.81999969482422,1.3982008806903254,Derived from Yahoo Finance QQQ and RSP,QQQ/RSP,2026-09-11T22:10:47+08:00,confirmed
2017-01-18,123.04000091552734,88.08000183105469,1.3969118796288067,Derived from Yahoo Finance QQQ and RSP,QQQ/RSP,2026-09-11T22:10:47+08:00,confirmed
2017-01-19,122.9800033569336,87.63999938964844,1.4032405775148753,Derived from Yahoo Finance QQQ and RSP,QQQ/RSP,2026-09-11T22:10:47+08:00,confirmed
2017-01-20,123.25,87.97000122070312,1.4010457916305448,Derived from Yahoo Finance QQQ and RSP,QQQ/RSP,2026-09-11T22:10:47+08:00,confirmed
2017-01-23,123.3499984741211,87.70999908447266,1.4063390692242956,Derived from Yahoo Finance QQQ and RSP,QQQ/RSP,2026-09-11T22:10:47+08:00,confirmed
2017-01-24,124.18000030517578,88.58000183105469,1.4018965651188362,Derived from Yahoo Finance QQQ and RSP,QQQ/RSP,2026-09-11T22:10:47+08:00,confirmed
2017-01-25,125.43000030517578,89.25,1.4053781546798407,Derived from Yahoo Finance QQQ and RSP,QQQ/RSP,2026-09-11T22:10:47+08:00,confirmed
2017-01-26,125.55999755859376,89.01000213623047,1.4106279580403027,Derived from Yahoo Finance QQQ and RSP,QQQ/RSP,2026-09-11T22:10:47+08:00,confirmed
2017-01-27,125.8000030517578,88.73999786376953,1.4176245895890314,Derived from Yahoo Finance QQQ and RSP,QQQ/RSP,2026-09-11T22:10:47+08:00,confirmed
2017-01-30,124.81999969482422,88.23999786376953,1.4145512547215742,Derived from Yahoo Finance QQQ and RSP,QQQ/RSP,2026-09-11T22:10:47+08:00,confirmed
2017-01-31,124.56999969482422,88.37999725341797,1.40948182355829,Derived from Yahoo Finance QQQ and RSP,QQQ/RSP,2026-09-11T22:10:47+08:00,confirmed
2017-02-01,125.43000030517578,88.16000366210938,1.4227540278459043,Derived from Yahoo Finance QQQ and RSP,QQQ/RSP,2026-09-11T22:10:47+08:00,confirmed
2017-02-02,125.31999969482422,88.3499984741211,1.418449370223047,Derived from Yahoo Finance QQQ and RSP,QQQ/RSP,2026-09-11T22:10:47+08:00,confirmed
2017-02-03,125.68000030517578,88.95999908447266,1.412769802142594,Derived from Yahoo Finance QQQ and RSP,QQQ/RSP,2026-09-11T22:10:47+08:00,confirmed
2017-02-06,125.83000183105467,88.72000122070312,1.4182822373732318,Derived from Yahoo Finance QQQ and RSP,QQQ/RSP,2026-09-11T22:10:47+08:00,confirmed
2017-02-07,126.29000091552734,88.62999725341797,1.4249126123114828,Derived from Yahoo Finance QQQ and RSP,QQQ/RSP,2026-09-11T22:10:47+08:00,confirmed
2017-02-08,126.5,88.81999969482422,1.4242287821959032,Derived from Yahoo Finance QQQ and RSP,QQQ/RSP,2026-09-11T22:10:47+08:00,confirmed
2017-02-09,126.95999908447266,89.37000274658203,1.4206108893660996,Derived from Yahoo Finance QQQ and RSP,QQQ/RSP,2026-09-11T22:10:47+08:00,confirmed
2017-02-10,127.37999725341795,89.87000274658203,1.4173805870753966,Derived from Yahoo Finance QQQ and RSP,QQQ/RSP,2026-09-11T22:10:47+08:00,confirmed
2017-02-13,128.10000610351562,90.2699966430664,1.4190762254044564,Derived from Yahoo Finance QQQ and RSP,QQQ/RSP,2026-09-11T22:10:47+08:00,confirmed
2017-02-14,128.52999877929688,90.51000213623048,1.420064034313477,Derived from Yahoo Finance QQQ and RSP,QQQ/RSP,2026-09-11T22:10:47+08:00,confirmed
2017-02-15,129.2899932861328,90.9499969482422,1.4215502762436498,Derived from Yahoo Finance QQQ and RSP,QQQ/RSP,2026-09-11T22:10:47+08:00,confirmed
2017-02-16,129.25,90.72000122070312,1.424713384709523,Derived from Yahoo Finance QQQ and RSP,QQQ/RSP,2026-09-11T22:10:47+08:00,confirmed
2017-02-17,129.80999755859375,90.9000015258789,1.428052754450585,Derived from Yahoo Finance QQQ and RSP,QQQ/RSP,2026-09-11T22:10:47+08:00,confirmed
2017-02-21,130.4499969482422,91.54000091552734,1.4250600354332614,Derived from Yahoo Finance QQQ and RSP,QQQ/RSP,2026-09-11T22:10:47+08:00,confirmed
2017-02-22,130.5,91.31999969482422,1.4290407406494594,Derived from Yahoo Finance QQQ and RSP,QQQ/RSP,2026-09-11T22:10:47+08:00,confirmed
2017-02-23,130.00999450683594,91.16000366210938,1.4261736428700316,Derived from Yahoo Finance QQQ and RSP,QQQ/RSP,2026-09-11T22:10:47+08:00,confirmed
2017-02-24,130.25999450683594,91.41000366210938,1.4250080876085818,Derived from Yahoo Finance QQQ and RSP,QQQ/RSP,2026-09-11T22:10:47+08:00,confirmed
2017-02-27,130.4199981689453,91.62000274658205,1.4234882586686097,Derived from Yahoo Finance QQQ and RSP,QQQ/RSP,2026-09-11T22:10:47+08:00,confirmed
2017-02-28,130.02000427246094,91.1500015258789,1.4264399571682533,Derived from Yahoo Finance QQQ and RSP,QQQ/RSP,2026-09-11T22:10:47+08:00,confirmed
2017-03-01,131.44000244140625,92.2699966430664,1.4245150885814328,Derived from Yahoo Finance QQQ and RSP,QQQ/RSP,2026-09-11T22:10:47+08:00,confirmed
2017-03-02,130.77999877929688,91.66999816894533,1.4266390464879564,Derived from Yahoo Finance QQQ and RSP,QQQ/RSP,2026-09-11T22:10:47+08:00,confirmed
2017-03-03,131.02000427246094,91.66000366210938,1.4294130377241332,Derived from Yahoo Finance QQQ and RSP,QQQ/RSP,2026-09-11T22:10:47+08:00,confirmed
2017-03-06,130.72999572753906,91.25,1.4326574874250857,Derived from Yahoo Finance QQQ and RSP,QQQ/RSP,2026-09-11T22:10:47+08:00,confirmed
2017-03-07,130.50999450683594,90.83999633789062,1.4367018908872238,Derived from Yahoo Finance QQQ and RSP,QQQ/RSP,2026-09-11T22:10:47+08:00,confirmed
2017-03-08,130.74000549316406,90.62999725341795,1.4425687901941697,Derived from Yahoo Finance QQQ and RSP,QQQ/RSP,2026-09-11T22:10:47+08:00,confirmed
2017-03-09,130.83999633789062,90.5500030517578,1.444947453652799,Derived from Yahoo Finance QQQ and RSP,QQQ/RSP,2026-09-11T22:10:47+08:00,confirmed
2017-03-10,131.38999938964844,90.91000366210938,1.445275482310984,Derived from Yahoo Finance QQQ and RSP,QQQ/RSP,2026-09-11T22:10:47+08:00,confirmed
2017-03-13,131.61000061035156,91.08999633789062,1.444834843577723,Derived from Yahoo Finance QQQ and RSP,QQQ/RSP,2026-09-11T22:10:47+08:00,confirmed
2017-03-14,131.2899932861328,90.66000366210938,1.4481578202384788,Derived from Yahoo Finance QQQ and RSP,QQQ/RSP,2026-09-11T22:10:47+08:00,confirmed
2017-03-15,132.10000610351562,91.6500015258789,1.4413530158667263,Derived from Yahoo Finance QQQ and RSP,QQQ/RSP,2026-09-11T22:10:47+08:00,confirmed
2017-03-16,132.00999450683594,91.44000244140624,1.4436788165160703,Derived from Yahoo Finance QQQ and RSP,QQQ/RSP,2026-09-11T22:10:47+08:00,confirmed
2017-03-17,131.69000244140625,91.05999755859376,1.4461893913039978,Derived from Yahoo Finance QQQ and RSP,QQQ/RSP,2026-09-11T22:10:47+08:00,confirmed
2017-03-20,131.80999755859375,90.8000030517578,1.451651906701583,Derived from Yahoo Finance QQQ and RSP,QQQ/RSP,2026-09-11T22:10:47+08:00,confirmed
2017-03-21,129.80999755859375,89.61000061035156,1.4486106090216717,Derived from Yahoo Finance QQQ and RSP,QQQ/RSP,2026-09-11T22:10:47+08:00,confirmed
2017-03-22,130.69000244140625,89.7699966430664,1.4558316512034803,Derived from Yahoo Finance QQQ and RSP,QQQ/RSP,2026-09-11T22:10:47+08:00,confirmed
2017-03-23,130.36000061035156,89.80999755859375,1.451508786928785,Derived from Yahoo Finance QQQ and RSP,QQQ/RSP,2026-09-11T22:10:47+08:00,confirmed
2017-03-24,130.6300048828125,89.80999755859375,1.4545151813147195,Derived from Yahoo Finance QQQ and RSP,QQQ/RSP,2026-09-11T22:10:47+08:00,confirmed
2017-03-27,130.83999633789062,89.6500015258789,1.4594533643161351,Derived from Yahoo Finance QQQ and RSP,QQQ/RSP,2026-09-11T22:10:47+08:00,confirmed
2017-03-28,131.63999938964844,90.38999938964844,1.4563557946513714,Derived from Yahoo Finance QQQ and RSP,QQQ/RSP,2026-09-11T22:10:47+08:00,confirmed
2017-03-29,132.25,90.6999969482422,1.4581036874286581,Derived from Yahoo Finance QQQ and RSP,QQQ/RSP,2026-09-11T22:10:47+08:00,confirmed
2017-03-30,132.47000122070312,90.87999725341795,1.457636501146802,Derived from Yahoo Finance QQQ and RSP,QQQ/RSP,2026-09-11T22:10:47+08:00,confirmed
2017-03-31,132.3800048828125,90.81999969482422,1.4576085149486822,Derived from Yahoo Finance QQQ and RSP,QQQ/RSP,2026-09-11T22:10:47+08:00,confirmed
2017-04-03,132.3000030517578,90.45999908447266,1.4625249214098979,Derived from Yahoo Finance QQQ and RSP,QQQ/RSP,2026-09-11T22:10:47+08:00,confirmed
2017-04-04,132.50999450683594,90.3499984741211,1.4666297370751002,Derived from Yahoo Finance QQQ and RSP,QQQ/RSP,2026-09-11T22:10:47+08:00,confirmed
2017-04-05,131.97000122070312,90.0999984741211,1.464705920706626,Derived from Yahoo Finance QQQ and RSP,QQQ/RSP,2026-09-11T22:10:47+08:00,confirmed
2017-04-06,132.0399932861328,90.58000183105467,1.457716831717527,Derived from Yahoo Finance QQQ and RSP,QQQ/RSP,2026-09-11T22:10:47+08:00,confirmed
2017-04-07,131.97000122070312,90.5,1.4582320576873273,Derived from Yahoo Finance QQQ and RSP,QQQ/RSP,2026-09-11T22:10:47+08:00,confirmed
2017-04-10,132.02000427246094,90.70999908447266,1.4554074038686606,Derived from Yahoo Finance QQQ and RSP,QQQ/RSP,2026-09-11T22:10:47+08:00,confirmed
2017-04-11,131.4499969482422,90.73999786376952,1.448644479203005,Derived from Yahoo Finance QQQ and RSP,QQQ/RSP,2026-09-11T22:10:47+08:00,confirmed
2017-04-12,130.9199981689453,90.18000030517578,1.4517631151685781,Derived from Yahoo Finance QQQ and RSP,QQQ/RSP,2026-09-11T22:10:47+08:00,confirmed
2017-04-13,130.39999389648438,89.55000305175781,1.4561696197946103,Derived from Yahoo Finance QQQ and RSP,QQQ/RSP,2026-09-11T22:10:47+08:00,confirmed
2017-04-17,131.47999572753906,90.27999877929688,1.4563579697089033,Derived from Yahoo Finance QQQ and RSP,QQQ/RSP,2026-09-11T22:10:47+08:00,confirmed
2017-04-18,131.27999877929688,90.0199966430664,1.458342631358101,Derived from Yahoo Finance QQQ and RSP,QQQ/RSP,2026-09-11T22:10:47+08:00,confirmed
2017-04-19,131.49000549316406,90.05000305175781,1.4601887955249473,Derived from Yahoo Finance QQQ and RSP,QQQ/RSP,2026-09-11T22:10:47+08:00,confirmed
2017-04-20,132.58999633789062,90.79000091552734,1.4604030730350444,Derived from Yahoo Finance QQQ and RSP,QQQ/RSP,2026-09-11T22:10:47+08:00,confirmed
2017-04-21,132.55999755859375,90.5,1.464751354238605,Derived from Yahoo Finance QQQ and RSP,QQQ/RSP,2026-09-11T22:10:47+08:00,confirmed
2017-04-24,134.16000366210938,91.38999938964844,1.4679943599748553,Derived from Yahoo Finance QQQ and RSP,QQQ/RSP,2026-09-11T22:10:47+08:00,confirmed
2017-04-25,135.1300048828125,91.87000274658205,1.4708827783053475,Derived from Yahoo Finance QQQ and RSP,QQQ/RSP,2026-09-11T22:10:47+08:00,confirmed
2017-04-26,134.94000244140625,91.88999938964844,1.4684949759245234,Derived from Yahoo Finance QQQ and RSP,QQQ/RSP,2026-09-11T22:10:47+08:00,confirmed
2017-04-27,135.75,91.8499984741211,1.477953209092843,Derived from Yahoo Finance QQQ and RSP,QQQ/RSP,2026-09-11T22:10:47+08:00,confirmed
2017-04-28,135.99000549316406,91.41999816894533,1.4875301708260023,Derived from Yahoo Finance QQQ and RSP,QQQ/RSP,2026-09-11T22:10:47+08:00,confirmed
2017-05-01,137.1999969482422,91.37999725341795,1.5014226425040782,Derived from Yahoo Finance QQQ and RSP,QQQ/RSP,2026-09-11T22:10:47+08:00,confirmed
2017-05-02,137.42999267578125,91.45999908447266,1.5026240329266853,Derived from Yahoo Finance QQQ and RSP,QQQ/RSP,2026-09-11T22:10:47+08:00,confirmed
2017-05-03,136.99000549316406,91.16999816894533,1.502577692711045,Derived from Yahoo Finance QQQ and RSP,QQQ/RSP,2026-09-11T22:10:47+08:00,confirmed
2017-05-04,137.0399932861328,91.25,1.5018081456014554,Derived from Yahoo Finance QQQ and RSP,QQQ/RSP,2026-09-11T22:10:47+08:00,confirmed
2017-05-05,137.5399932861328,91.8499984741211,1.4974414324556027,Derived from Yahoo Finance QQQ and RSP,QQQ/RSP,2026-09-11T22:10:47+08:00,confirmed
2017-05-08,137.83999633789062,91.63999938964844,1.5041466309029776,Derived from Yahoo Finance QQQ and RSP,QQQ/RSP,2026-09-11T22:10:47+08:00,confirmed
2017-05-09,138.32000732421875,91.58000183105467,1.5103734937611084,Derived from Yahoo Finance QQQ and RSP,QQQ/RSP,2026-09-11T22:10:47+08:00,confirmed
2017-05-10,138.39999389648438,91.93000030517578,1.5054932387364766,Derived from Yahoo Finance QQQ and RSP,QQQ/RSP,2026-09-11T22:10:47+08:00,confirmed
2017-05-11,138.2899932861328,91.5500030517578,1.5105405644601733,Derived from Yahoo Finance QQQ and RSP,QQQ/RSP,2026-09-11T22:10:47+08:00,confirmed
2017-05-12,138.60000610351562,91.13999938964844,1.520737404341673,Derived from Yahoo Finance QQQ and RSP,QQQ/RSP,2026-09-11T22:10:47+08:00,confirmed
2017-05-15,139.0399932861328,91.69000244140624,1.5164138901074324,Derived from Yahoo Finance QQQ and RSP,QQQ/RSP,2026-09-11T22:10:47+08:00,confirmed
2017-05-16,139.6199951171875,91.4499969482422,1.526735918823573,Derived from Yahoo Finance QQQ and RSP,QQQ/RSP,2026-09-11T22:10:47+08:00,confirmed
2017-05-17,136.07000732421875,90.04000091552734,1.5112173027616391,Derived from Yahoo Finance QQQ and RSP,QQQ/RSP,2026-09-11T22:10:47+08:00,confirmed
2017-05-18,137.25999450683594,90.23999786376952,1.5210549396737574,Derived from Yahoo Finance QQQ and RSP,QQQ/RSP,2026-09-11T22:10:47+08:00,confirmed
2017-05-19,137.83999633789062,90.97000122070312,1.5152247387957685,Derived from Yahoo Finance QQQ and RSP,QQQ/RSP,2026-09-11T22:10:47+08:00,confirmed
2017-05-22,139.0,91.44000244140624,1.520122444102839,Derived from Yahoo Finance QQQ and RSP,QQQ/RSP,2026-09-11T22:10:47+08:00,confirmed
2017-05-23,139.13999938964844,91.45999908447266,1.52132080453159,Derived from Yahoo Finance QQQ and RSP,QQQ/RSP,2026-09-11T22:10:47+08:00,confirmed
2017-05-24,139.77999877929688,91.66000366210938,1.5249835609277795,Derived from Yahoo Finance QQQ and RSP,QQQ/RSP,2026-09-11T22:10:47+08:00,confirmed
2017-05-25,140.97000122070312,92.02999877929688,1.5317831477839357,Derived from Yahoo Finance QQQ and RSP,QQQ/RSP,2026-09-11T22:10:47+08:00,confirmed
2017-05-26,141.22000122070312,92.01000213623048,1.5348331479398518,Derived from Yahoo Finance QQQ and RSP,QQQ/RSP,2026-09-11T22:10:47+08:00,confirmed
2017-05-30,141.33999633789062,91.83999633789062,1.5389808577287332,Derived from Yahoo Finance QQQ and RSP,QQQ/RSP,2026-09-11T22:10:47+08:00,confirmed
2017-05-31,141.2899932861328,91.93000030517578,1.5369301948993683,Derived from Yahoo Finance QQQ and RSP,QQQ/RSP,2026-09-11T22:10:47+08:00,confirmed
2017-06-01,141.83999633789062,92.87999725341795,1.5271317886766083,Derived from Yahoo Finance QQQ and RSP,QQQ/RSP,2026-09-11T22:10:47+08:00,confirmed
2017-06-02,143.4600067138672,93.01000213623048,1.5424148308667198,Derived from Yahoo Finance QQQ and RSP,QQQ/RSP,2026-09-11T22:10:47+08:00,confirmed
2017-06-05,143.42999267578125,92.80999755859376,1.5454153264601644,Derived from Yahoo Finance QQQ and RSP,QQQ/RSP,2026-09-11T22:10:47+08:00,confirmed
2017-06-06,142.86000061035156,92.44000244140624,1.5454348424634066,Derived from Yahoo Finance QQQ and RSP,QQQ/RSP,2026-09-11T22:10:47+08:00,confirmed
2017-06-07,143.4199981689453,92.52999877929688,1.5499837897008037,Derived from Yahoo Finance QQQ and RSP,QQQ/RSP,2026-09-11T22:10:47+08:00,confirmed
2017-06-08,143.57000732421875,92.5999984741211,1.5504320700862888,Derived from Yahoo Finance QQQ and RSP,QQQ/RSP,2026-09-11T22:10:47+08:00,confirmed
2017-06-09,139.97999572753906,92.87999725341795,1.5071059417197372,Derived from Yahoo Finance QQQ and RSP,QQQ/RSP,2026-09-11T22:10:47+08:00,confirmed
2017-06-12,139.22999572753906,93.0,1.4970967282531082,Derived from Yahoo Finance QQQ and RSP,QQQ/RSP,2026-09-11T22:10:47+08:00,confirmed
2017-06-13,140.36000061035156,93.58999633789062,1.4997329426491894,Derived from Yahoo Finance QQQ and RSP,QQQ/RSP,2026-09-11T22:10:47+08:00,confirmed
2017-06-14,139.75,93.37999725341795,1.496573186019073,Derived from Yahoo Finance QQQ and RSP,QQQ/RSP,2026-09-11T22:10:47+08:00,confirmed
2017-06-15,139.1300048828125,93.18000030517578,1.4931316208107415,Derived from Yahoo Finance QQQ and RSP,QQQ/RSP,2026-09-11T22:10:47+08:00,confirmed
2017-06-16,138.14999389648438,92.87999725341795,1.4874030790456392,Derived from Yahoo Finance QQQ and RSP,QQQ/RSP,2026-09-11T22:10:47+08:00,confirmed
2017-06-19,140.4600067138672,93.45999908447266,1.502889023002388,Derived from Yahoo Finance QQQ and RSP,QQQ/RSP,2026-09-11T22:10:47+08:00,confirmed
2017-06-20,139.36000061035156,92.6999969482422,1.5033441768952953,Derived from Yahoo Finance QQQ and RSP,QQQ/RSP,2026-09-11T22:10:47+08:00,confirmed
2017-06-21,140.74000549316406,92.44000244140624,1.5225011009965423,Derived from Yahoo Finance QQQ and RSP,QQQ/RSP,2026-09-11T22:10:47+08:00,confirmed
2017-06-22,140.6999969482422,92.47000122070312,1.5215745116345996,Derived from Yahoo Finance QQQ and RSP,QQQ/RSP,2026-09-11T22:10:47+08:00,confirmed
2017-06-23,141.24000549316406,92.68000030517578,1.5239534422538885,Derived from Yahoo Finance QQQ and RSP,QQQ/RSP,2026-09-11T22:10:47+08:00,confirmed
2017-06-26,140.5800018310547,92.9499969482422,1.5124261048586642,Derived from Yahoo Finance QQQ and RSP,QQQ/RSP,2026-09-11T22:10:47+08:00,confirmed
2017-06-27,138.02999877929688,92.33000183105467,1.4949636742330408,Derived from Yahoo Finance QQQ and RSP,QQQ/RSP,2026-09-11T22:10:47+08:00,confirmed
2017-06-28,140.02000427246094,93.0500030517578,1.5047823716306243,Derived from Yahoo Finance QQQ and RSP,QQQ/RSP,2026-09-11T22:10:47+08:00,confirmed
2017-06-29,137.58999633789062,92.38999938964844,1.4892304063951156,Derived from Yahoo Finance QQQ and RSP,QQQ/RSP,2026-09-11T22:10:47+08:00,confirmed
2017-06-30,137.63999938964844,92.68000030517578,1.4851100446312993,Derived from Yahoo Finance QQQ and RSP,QQQ/RSP,2026-09-11T22:10:47+08:00,confirmed
2017-07-03,136.19000244140625,93.06999969482422,1.463307219168069,Derived from Yahoo Finance QQQ and RSP,QQQ/RSP,2026-09-11T22:10:47+08:00,confirmed
2017-07-05,137.52999877929688,92.93000030517578,1.4799311129630661,Derived from Yahoo Finance QQQ and RSP,QQQ/RSP,2026-09-11T22:10:47+08:00,confirmed
2017-07-06,136.2899932861328,91.91000366210938,1.4828635388502267,Derived from Yahoo Finance QQQ and RSP,QQQ/RSP,2026-09-11T22:10:47+08:00,confirmed
2017-07-07,137.75999450683594,92.5,1.48929723791174,Derived from Yahoo Finance QQQ and RSP,QQQ/RSP,2026-09-11T22:10:47+08:00,confirmed
2017-07-10,138.66000366210938,92.5199966430664,1.498703077098531,Derived from Yahoo Finance QQQ and RSP,QQQ/RSP,2026-09-11T22:10:47+08:00,confirmed
2017-07-11,139.0500030517578,92.44000244140624,1.5042189461201676,Derived from Yahoo Finance QQQ and RSP,QQQ/RSP,2026-09-11T22:10:47+08:00,confirmed
2017-07-12,140.6999969482422,93.08000183105467,1.5116028596950442,Derived from Yahoo Finance QQQ and RSP,QQQ/RSP,2026-09-11T22:10:47+08:00,confirmed
2017-07-13,141.00999450683594,93.3499984741211,1.5105516530450438,Derived from Yahoo Finance QQQ and RSP,QQQ/RSP,2026-09-11T22:10:47+08:00,confirmed
2017-07-14,142.1199951171875,93.76000213623048,1.5157848963216893,Derived from Yahoo Finance QQQ and RSP,QQQ/RSP,2026-09-11T22:10:47+08:00,confirmed
2017-07-17,142.19000244140625,93.87000274658205,1.514754429327889,Derived from Yahoo Finance QQQ and RSP,QQQ/RSP,2026-09-11T22:10:47+08:00,confirmed
2017-07-18,143.13999938964844,93.66999816894533,1.528130694862168,Derived from Yahoo Finance QQQ and RSP,QQQ/RSP,2026-09-11T22:10:47+08:00,confirmed
2017-07-19,143.97999572753906,94.33999633789062,1.526181909228155,Derived from Yahoo Finance QQQ and RSP,QQQ/RSP,2026-09-11T22:10:47+08:00,confirmed
2017-07-20,144.1699981689453,94.29000091552734,1.5290062230257535,Derived from Yahoo Finance QQQ and RSP,QQQ/RSP,2026-09-11T22:10:47+08:00,confirmed
2017-07-21,144.11000061035156,94.30999755859376,1.528045852411539,Derived from Yahoo Finance QQQ and RSP,QQQ/RSP,2026-09-11T22:10:47+08:00,confirmed
2017-07-24,144.77000427246094,94.23999786376952,1.536184290684472,Derived from Yahoo Finance QQQ and RSP,QQQ/RSP,2026-09-11T22:10:47+08:00,confirmed
2017-07-25,144.39999389648438,94.61000061035156,1.5262656480808134,Derived from Yahoo Finance QQQ and RSP,QQQ/RSP,2026-09-11T22:10:47+08:00,confirmed
2017-07-26,144.8699951171875,94.41999816894533,1.5343147418619114,Derived from Yahoo Finance QQQ and RSP,QQQ/RSP,2026-09-11T22:10:47+08:00,confirmed
2017-07-27,143.9600067138672,94.31999969482422,1.5262935451617368,Derived from Yahoo Finance QQQ and RSP,QQQ/RSP,2026-09-11T22:10:47+08:00,confirmed
2017-07-28,143.83999633789062,94.1999969482422,1.5269639171742533,Derived from Yahoo Finance QQQ and RSP,QQQ/RSP,2026-09-11T22:10:47+08:00,confirmed
2017-07-31,143.22999572753906,94.16000366210938,1.5211341350571312,Derived from Yahoo Finance QQQ and RSP,QQQ/RSP,2026-09-11T22:10:47+08:00,confirmed
2017-08-01,143.55999755859375,94.26000213623048,1.5230213696697334,Derived from Yahoo Finance QQQ and RSP,QQQ/RSP,2026-09-11T22:10:47+08:00,confirmed
2017-08-02,143.9499969482422,93.95999908447266,1.5320348909202004,Derived from Yahoo Finance QQQ and RSP,QQQ/RSP,2026-09-11T22:10:47+08:00,confirmed
2017-08-03,143.38999938964844,93.72000122070312,1.5299829014297217,Derived from Yahoo Finance QQQ and RSP,QQQ/RSP,2026-09-11T22:10:47+08:00,confirmed
2017-08-04,143.64999389648438,93.86000061035156,1.530470839147231,Derived from Yahoo Finance QQQ and RSP,QQQ/RSP,2026-09-11T22:10:47+08:00,confirmed
2017-08-07,144.55999755859375,93.95999908447266,1.5385270217875404,Derived from Yahoo Finance QQQ and RSP,QQQ/RSP,2026-09-11T22:10:47+08:00,confirmed
2017-08-08,144.30999755859375,93.7300033569336,1.539635040970246,Derived from Yahoo Finance QQQ and RSP,QQQ/RSP,2026-09-11T22:10:47+08:00,confirmed
2017-08-09,144.1199951171875,93.5999984741211,1.5397435626778817,Derived from Yahoo Finance QQQ and RSP,QQQ/RSP,2026-09-11T22:10:47+08:00,confirmed
2017-08-10,141.02999877929688,92.26000213623048,1.5286147356798556,Derived from Yahoo Finance QQQ and RSP,QQQ/RSP,2026-09-11T22:10:47+08:00,confirmed
2017-08-11,142.10000610351562,92.27999877929688,1.5398787167669092,Derived from Yahoo Finance QQQ and RSP,QQQ/RSP,2026-09-11T22:10:47+08:00,confirmed
2017-08-14,143.92999267578125,93.1500015258789,1.5451421397539609,Derived from Yahoo Finance QQQ and RSP,QQQ/RSP,2026-09-11T22:10:47+08:00,confirmed
2017-08-15,144.02999877929688,92.9800033569336,1.5490427358492502,Derived from Yahoo Finance QQQ and RSP,QQQ/RSP,2026-09-11T22:10:47+08:00,confirmed
2017-08-16,144.27999877929688,93.22000122070312,1.5477365038615114,Derived from Yahoo Finance QQQ and RSP,QQQ/RSP,2026-09-11T22:10:47+08:00,confirmed
2017-08-17,141.3300018310547,91.79000091552734,1.5397102126746691,Derived from Yahoo Finance QQQ and RSP,QQQ/RSP,2026-09-11T22:10:47+08:00,confirmed
2017-08-18,141.22999572753906,91.58000183105467,1.542148863330205,Derived from Yahoo Finance QQQ and RSP,QQQ/RSP,2026-09-11T22:10:47+08:00,confirmed
2017-08-21,141.0500030517578,91.66000366210938,1.5388391601173959,Derived from Yahoo Finance QQQ and RSP,QQQ/RSP,2026-09-11T22:10:47+08:00,confirmed
2017-08-22,143.1999969482422,92.52999877929688,1.5476061692144156,Derived from Yahoo Finance QQQ and RSP,QQQ/RSP,2026-09-11T22:10:47+08:00,confirmed
2017-08-23,142.69000244140625,92.26000213623048,1.5466074044818596,Derived from Yahoo Finance QQQ and RSP,QQQ/RSP,2026-09-11T22:10:47+08:00,confirmed
2017-08-24,142.27000427246094,92.13999938964844,1.5440634384076672,Derived from Yahoo Finance QQQ and RSP,QQQ/RSP,2026-09-11T22:10:47+08:00,confirmed
2017-08-25,141.97000122070312,92.45999908447266,1.5354748283200554,Derived from Yahoo Finance QQQ and RSP,QQQ/RSP,2026-09-11T22:10:47+08:00,confirmed
2017-08-28,142.41000366210938,92.3499984741211,1.542068283867015,Derived from Yahoo Finance QQQ and RSP,QQQ/RSP,2026-09-11T22:10:47+08:00,confirmed
2017-08-29,142.97000122070312,92.26000213623048,1.5496422925461741,Derived from Yahoo Finance QQQ and RSP,QQQ/RSP,2026-09-11T22:10:47+08:00,confirmed
2017-08-30,144.64999389648438,92.6999969482422,1.5604099100159383,Derived from Yahoo Finance QQQ and RSP,QQQ/RSP,2026-09-11T22:10:47+08:00,confirmed
2017-08-31,146.1999969482422,93.22000122070312,1.5683329224820133,Derived from Yahoo Finance QQQ and RSP,QQQ/RSP,2026-09-11T22:10:47+08:00,confirmed
2017-09-01,146.0,93.5999984741211,1.5598290852575887,Derived from Yahoo Finance QQQ and RSP,QQQ/RSP,2026-09-11T22:10:47+08:00,confirmed
2017-09-05,144.69000244140625,92.95999908447266,1.5564759452065677,Derived from Yahoo Finance QQQ and RSP,QQQ/RSP,2026-09-11T22:10:47+08:00,confirmed
2017-09-06,145.1300048828125,93.29000091552734,1.555686605837055,Derived from Yahoo Finance QQQ and RSP,QQQ/RSP,2026-09-11T22:10:47+08:00,confirmed
2017-09-07,145.47000122070312,93.25,1.5600000130906502,Derived from Yahoo Finance QQQ and RSP,QQQ/RSP,2026-09-11T22:10:47+08:00,confirmed
2017-09-08,144.2100067138672,93.33000183105467,1.5451623688480705,Derived from Yahoo Finance QQQ and RSP,QQQ/RSP,2026-09-11T22:10:47+08:00,confirmed
2017-09-11,145.8699951171875,94.2699966430664,1.5473639579037397,Derived from Yahoo Finance QQQ and RSP,QQQ/RSP,2026-09-11T22:10:47+08:00,confirmed
2017-09-12,146.22000122070312,94.63999938964844,1.545012702490533,Derived from Yahoo Finance QQQ and RSP,QQQ/RSP,2026-09-11T22:10:47+08:00,confirmed
2017-09-13,146.4199981689453,94.6500015258789,1.5469624491121812,Derived from Yahoo Finance QQQ and RSP,QQQ/RSP,2026-09-11T22:10:47+08:00,confirmed
2017-09-14,145.55999755859375,94.63999938964844,1.5380388683150694,Derived from Yahoo Finance QQQ and RSP,QQQ/RSP,2026-09-11T22:10:47+08:00,confirmed
2017-09-15,146.05999755859375,94.37000274658205,1.5477375575670824,Derived from Yahoo Finance QQQ and RSP,QQQ/RSP,2026-09-11T22:10:47+08:00,confirmed
2017-09-18,145.5500030517578,94.5199966430664,1.5398858254449035,Derived from Yahoo Finance QQQ and RSP,QQQ/RSP,2026-09-11T22:10:47+08:00,confirmed
2017-09-19,145.8000030517578,94.38999938964844,1.5446551964672162,Derived from Yahoo Finance QQQ and RSP,QQQ/RSP,2026-09-11T22:10:47+08:00,confirmed
2017-09-20,145.35000610351562,94.5500030517578,1.5372818763839626,Derived from Yahoo Finance QQQ and RSP,QQQ/RSP,2026-09-11T22:10:47+08:00,confirmed
2017-09-21,144.4600067138672,94.3499984741211,1.5311076740874625,Derived from Yahoo Finance QQQ and RSP,QQQ/RSP,2026-09-11T22:10:47+08:00,confirmed
2017-09-22,144.32000732421875,94.5500030517578,1.5263881826129213,Derived from Yahoo Finance QQQ and RSP,QQQ/RSP,2026-09-11T22:10:47+08:00,confirmed
2017-09-25,142.8000030517578,94.66000366210938,1.5085569145072617,Derived from Yahoo Finance QQQ and RSP,QQQ/RSP,2026-09-11T22:10:47+08:00,confirmed
2017-09-26,143.1699981689453,94.7699966430664,1.5107101745309597,Derived from Yahoo Finance QQQ and RSP,QQQ/RSP,2026-09-11T22:10:47+08:00,confirmed
2017-09-27,144.4600067138672,95.1500015258789,1.5182344130028935,Derived from Yahoo Finance QQQ and RSP,QQQ/RSP,2026-09-11T22:10:47+08:00,confirmed
2017-09-28,144.41000366210938,95.20999908447266,1.516752495018777,Derived from Yahoo Finance QQQ and RSP,QQQ/RSP,2026-09-11T22:10:47+08:00,confirmed
2017-09-29,145.4499969482422,95.54000091552734,1.522398948654431,Derived from Yahoo Finance QQQ and RSP,QQQ/RSP,2026-09-11T22:10:47+08:00,confirmed
2017-10-02,145.5800018310547,95.9499969482422,1.5172486343025537,Derived from Yahoo Finance QQQ and RSP,QQQ/RSP,2026-09-11T22:10:47+08:00,confirmed
2017-10-03,145.88999938964844,96.11000061035156,1.5179481683817126,Derived from Yahoo Finance QQQ and RSP,QQQ/RSP,2026-09-11T22:10:47+08:00,confirmed
2017-10-04,146.02999877929688,96.30999755859376,1.51624963639371,Derived from Yahoo Finance QQQ and RSP,QQQ/RSP,2026-09-11T22:10:47+08:00,confirmed
2017-10-05,147.4600067138672,96.69000244140624,1.5250801839955208,Derived from Yahoo Finance QQQ and RSP,QQQ/RSP,2026-09-11T22:10:47+08:00,confirmed
2017-10-06,147.66000366210938,96.48999786376952,1.5303140940119493,Derived from Yahoo Finance QQQ and RSP,QQQ/RSP,2026-09-11T22:10:47+08:00,confirmed
2017-10-09,147.49000549316406,96.1500015258789,1.533957391081964,Derived from Yahoo Finance QQQ and RSP,QQQ/RSP,2026-09-11T22:10:47+08:00,confirmed
2017-10-10,147.60000610351562,96.38999938964844,1.5312792513552682,Derived from Yahoo Finance QQQ and RSP,QQQ/RSP,2026-09-11T22:10:47+08:00,confirmed
2017-10-11,148.0399932861328,96.41000366210938,1.535525232474551,Derived from Yahoo Finance QQQ and RSP,QQQ/RSP,2026-09-11T22:10:47+08:00,confirmed
2017-10-12,147.77000427246094,96.44000244140624,1.532248035375581,Derived from Yahoo Finance QQQ and RSP,QQQ/RSP,2026-09-11T22:10:47+08:00,confirmed
2017-10-13,148.33999633789062,96.54000091552734,1.5365651018347137,Derived from Yahoo Finance QQQ and RSP,QQQ/RSP,2026-09-11T22:10:47+08:00,confirmed
2017-10-16,148.85000610351562,96.56999969482422,1.5413690232360373,Derived from Yahoo Finance QQQ and RSP,QQQ/RSP,2026-09-11T22:10:47+08:00,confirmed
2017-10-17,149.0399932861328,96.55999755859376,1.5434962412431044,Derived from Yahoo Finance QQQ and RSP,QQQ/RSP,2026-09-11T22:10:47+08:00,confirmed
2017-10-18,148.86000061035156,96.63999938964844,1.5403559763090877,Derived from Yahoo Finance QQQ and RSP,QQQ/RSP,2026-09-11T22:10:47+08:00,confirmed
2017-10-19,148.30999755859375,96.76000213623048,1.5327614126112246,Derived from Yahoo Finance QQQ and RSP,QQQ/RSP,2026-09-11T22:10:47+08:00,confirmed
2017-10-20,148.7100067138672,97.41000366210938,1.5266399868919471,Derived from Yahoo Finance QQQ and RSP,QQQ/RSP,2026-09-11T22:10:47+08:00,confirmed
2017-10-23,147.74000549316406,97.08000183105467,1.5218376875421926,Derived from Yahoo Finance QQQ and RSP,QQQ/RSP,2026-09-11T22:10:47+08:00,confirmed
2017-10-24,147.99000549316406,97.18000030517578,1.522844258370332,Derived from Yahoo Finance QQQ and RSP,QQQ/RSP,2026-09-11T22:10:47+08:00,confirmed
2017-10-25,147.42999267578125,96.52999877929688,1.527297156740471,Derived from Yahoo Finance QQQ and RSP,QQQ/RSP,2026-09-11T22:10:47+08:00,confirmed
2017-10-26,146.9600067138672,96.72000122070312,1.5194376019342943,Derived from Yahoo Finance QQQ and RSP,QQQ/RSP,2026-09-11T22:10:47+08:00,confirmed
2017-10-27,151.24000549316406,96.87000274658205,1.5612676907712837,Derived from Yahoo Finance QQQ and RSP,QQQ/RSP,2026-09-11T22:10:47+08:00,confirmed
2017-10-30,151.5800018310547,96.4000015258789,1.5724066331094666,Derived from Yahoo Finance QQQ and RSP,QQQ/RSP,2026-09-11T22:10:47+08:00,confirmed
2017-10-31,152.14999389648438,96.58000183105467,1.5753778319722658,Derived from Yahoo Finance QQQ and RSP,QQQ/RSP,2026-09-11T22:10:47+08:00,confirmed
2017-11-01,152.10000610351562,96.61000061035156,1.5743712363378086,Derived from Yahoo Finance QQQ and RSP,QQQ/RSP,2026-09-11T22:10:47+08:00,confirmed
2017-11-02,151.80999755859375,96.58999633789062,1.571694826734777,Derived from Yahoo Finance QQQ and RSP,QQQ/RSP,2026-09-11T22:10:47+08:00,confirmed
2017-11-03,153.27000427246094,96.7300033569336,1.5845135837212245,Derived from Yahoo Finance QQQ and RSP,QQQ/RSP,2026-09-11T22:10:47+08:00,confirmed
2017-11-06,153.7899932861328,97.12999725341795,1.583341888550512,Derived from Yahoo Finance QQQ and RSP,QQQ/RSP,2026-09-11T22:10:47+08:00,confirmed
2017-11-07,153.8800048828125,96.9800033569336,1.5867189065405496,Derived from Yahoo Finance QQQ and RSP,QQQ/RSP,2026-09-11T22:10:47+08:00,confirmed
2017-11-08,154.5,97.0999984741211,1.5911431763943544,Derived from Yahoo Finance QQQ and RSP,QQQ/RSP,2026-09-11T22:10:47+08:00,confirmed
2017-11-09,153.69000244140625,96.83999633789062,1.5870508906790604,Derived from Yahoo Finance QQQ and RSP,QQQ/RSP,2026-09-11T22:10:47+08:00,confirmed
2017-11-10,153.67999267578125,96.9000015258789,1.5859648117212692,Derived from Yahoo Finance QQQ and RSP,QQQ/RSP,2026-09-11T22:10:47+08:00,confirmed
2017-11-13,153.8699951171875,97.0500030517578,1.5854713063236794,Derived from Yahoo Finance QQQ and RSP,QQQ/RSP,2026-09-11T22:10:47+08:00,confirmed
2017-11-14,153.30999755859375,97.0,1.580515438748389,Derived from Yahoo Finance QQQ and RSP,QQQ/RSP,2026-09-11T22:10:47+08:00,confirmed
2017-11-15,152.58999633789062,96.47000122070312,1.5817351965073239,Derived from Yahoo Finance QQQ and RSP,QQQ/RSP,2026-09-11T22:10:47+08:00,confirmed
2017-11-16,154.5399932861328,97.3000030517578,1.58828353996995,Derived from Yahoo Finance QQQ and RSP,QQQ/RSP,2026-09-11T22:10:47+08:00,confirmed
2017-11-17,153.9499969482422,97.47000122070312,1.5794602956826722,Derived from Yahoo Finance QQQ and RSP,QQQ/RSP,2026-09-11T22:10:47+08:00,confirmed
2017-11-20,153.8300018310547,97.62000274658205,1.575804112917224,Derived from Yahoo Finance QQQ and RSP,QQQ/RSP,2026-09-11T22:10:47+08:00,confirmed
2017-11-21,155.5,97.9800033569336,1.5870585290094907,Derived from Yahoo Finance QQQ and RSP,QQQ/RSP,2026-09-11T22:10:47+08:00,confirmed
2017-11-22,155.69000244140625,97.94000244140624,1.5896467077846934,Derived from Yahoo Finance QQQ and RSP,QQQ/RSP,2026-09-11T22:10:47+08:00,confirmed
2017-11-24,156.25999450683594,97.98999786376952,1.594652494268611,Derived from Yahoo Finance QQQ and RSP,QQQ/RSP,2026-09-11T22:10:47+08:00,confirmed
2017-11-27,156.19000244140625,97.88999938964844,1.595566487028938,Derived from Yahoo Finance QQQ and RSP,QQQ/RSP,2026-09-11T22:10:47+08:00,confirmed
2017-11-28,156.58999633789062,99.0199966430664,1.5813977140631967,Derived from Yahoo Finance QQQ and RSP,QQQ/RSP,2026-09-11T22:10:47+08:00,confirmed
2017-11-29,153.86000061035156,99.4800033569336,1.5466424951585787,Derived from Yahoo Finance QQQ and RSP,QQQ/RSP,2026-09-11T22:10:47+08:00,confirmed
2017-11-30,155.14999389648438,100.25,1.547630861810318,Derived from Yahoo Finance QQQ and RSP,QQQ/RSP,2026-09-11T22:10:47+08:00,confirmed
2017-12-01,154.49000549316406,100.0500030517578,1.5441279438366773,Derived from Yahoo Finance QQQ and RSP,QQQ/RSP,2026-09-11T22:10:47+08:00,confirmed
2017-12-04,152.7100067138672,100.26000213623048,1.5231398709364588,Derived from Yahoo Finance QQQ and RSP,QQQ/RSP,2026-09-11T22:10:47+08:00,confirmed
2017-12-05,152.80999755859375,99.62000274658205,1.5339288631352366,Derived from Yahoo Finance QQQ and RSP,QQQ/RSP,2026-09-11T22:10:47+08:00,confirmed
2017-12-06,153.5,99.44000244140624,1.5436443707897929,Derived from Yahoo Finance QQQ and RSP,QQQ/RSP,2026-09-11T22:10:47+08:00,confirmed
2017-12-07,154.02000427246094,99.88999938964844,1.5418961378872726,Derived from Yahoo Finance QQQ and RSP,QQQ/RSP,2026-09-11T22:10:47+08:00,confirmed
2017-12-08,154.6999969482422,100.51000213623048,1.5391502702244797,Derived from Yahoo Finance QQQ and RSP,QQQ/RSP,2026-09-11T22:10:47+08:00,confirmed
2017-12-11,155.89999389648438,100.5999984741211,1.549701752098823,Derived from Yahoo Finance QQQ and RSP,QQQ/RSP,2026-09-11T22:10:47+08:00,confirmed
2017-12-12,155.69000244140625,100.61000061035156,1.5474605058832254,Derived from Yahoo Finance QQQ and RSP,QQQ/RSP,2026-09-11T22:10:47+08:00,confirmed
2017-12-13,155.99000549316406,100.5199966430664,1.5518305879681287,Derived from Yahoo Finance QQQ and RSP,QQQ/RSP,2026-09-11T22:10:47+08:00,confirmed
2017-12-14,155.8800048828125,99.91000366210938,1.5602041754496463,Derived from Yahoo Finance QQQ and RSP,QQQ/RSP,2026-09-11T22:10:47+08:00,confirmed
2017-12-15,157.64999389648438,100.33999633789062,1.5711580591014256,Derived from Yahoo Finance QQQ and RSP,QQQ/RSP,2026-09-11T22:10:47+08:00,confirmed
2017-12-18,158.63999938964844,101.0999984741211,1.5691394835209227,Derived from Yahoo Finance QQQ and RSP,QQQ/RSP,2026-09-11T22:10:47+08:00,confirmed
2017-12-19,157.6999969482422,100.76000213623048,1.5651051370069162,Derived from Yahoo Finance QQQ and RSP,QQQ/RSP,2026-09-11T22:10:47+08:00,confirmed
2017-12-20,157.52999877929688,100.7699966430664,1.5632629158188616,Derived from Yahoo Finance QQQ and RSP,QQQ/RSP,2026-09-11T22:10:47+08:00,confirmed
2017-12-21,157.5500030517578,100.97000122070312,1.5603644760524513,Derived from Yahoo Finance QQQ and RSP,QQQ/RSP,2026-09-11T22:10:47+08:00,confirmed
2017-12-22,157.3699951171875,101.06999969482422,1.5570396318626525,Derived from Yahoo Finance QQQ and RSP,QQQ/RSP,2026-09-11T22:10:47+08:00,confirmed
2017-12-26,156.52000427246094,101.19000244140624,1.5467931662823446,Derived from Yahoo Finance QQQ and RSP,QQQ/RSP,2026-09-11T22:10:47+08:00,confirmed
2017-12-27,156.5399932861328,101.19000244140624,1.5469907056952275,Derived from Yahoo Finance QQQ and RSP,QQQ/RSP,2026-09-11T22:10:47+08:00,confirmed
2017-12-28,156.72999572753906,101.44000244140624,1.5450511825260398,Derived from Yahoo Finance QQQ and RSP,QQQ/RSP,2026-09-11T22:10:47+08:00,confirmed
2017-12-29,155.75999450683594,101.02999877929688,1.5417202453609686,Derived from Yahoo Finance QQQ and RSP,QQQ/RSP,2026-09-11T22:10:47+08:00,confirmed
2018-01-02,158.49000549316406,101.77999877929688,1.557182230241907,Derived from Yahoo Finance QQQ and RSP,QQQ/RSP,2026-09-11T22:10:47+08:00,confirmed
2018-01-03,160.02999877929688,102.3000030517578,1.5643205670124085,Derived from Yahoo Finance QQQ and RSP,QQQ/RSP,2026-09-11T22:10:47+08:00,confirmed
2018-01-04,160.30999755859375,102.6500015258789,1.5617145170541307,Derived from Yahoo Finance QQQ and RSP,QQQ/RSP,2026-09-11T22:10:47+08:00,confirmed
2018-01-05,161.9199981689453,103.13999938964844,1.5699049750546759,Derived from Yahoo Finance QQQ and RSP,QQQ/RSP,2026-09-11T22:10:47+08:00,confirmed
2018-01-08,162.5500030517578,103.4800033569336,1.570834922483275,Derived from Yahoo Finance QQQ and RSP,QQQ/RSP,2026-09-11T22:10:47+08:00,confirmed
2018-01-09,162.55999755859375,103.52999877929688,1.5701728916768927,Derived from Yahoo Finance QQQ and RSP,QQQ/RSP,2026-09-11T22:10:47+08:00,confirmed
2018-01-10,162.17999267578125,103.22000122070312,1.5712070408622738,Derived from Yahoo Finance QQQ and RSP,QQQ/RSP,2026-09-11T22:10:47+08:00,confirmed
2018-01-11,163.2899932861328,104.20999908447266,1.5669321055628251,Derived from Yahoo Finance QQQ and RSP,QQQ/RSP,2026-09-11T22:10:47+08:00,confirmed
2018-01-12,164.49000549316406,104.87999725341795,1.5683639378413834,Derived from Yahoo Finance QQQ and RSP,QQQ/RSP,2026-09-11T22:10:47+08:00,confirmed
2018-01-16,164.02000427246094,104.16999816894533,1.5745416833592478,Derived from Yahoo Finance QQQ and RSP,QQQ/RSP,2026-09-11T22:10:47+08:00,confirmed
2018-01-17,165.7899932861328,105.04000091552734,1.5783510266670724,Derived from Yahoo Finance QQQ and RSP,QQQ/RSP,2026-09-11T22:10:47+08:00,confirmed
2018-01-18,165.82000732421875,104.75,1.5830072298254774,Derived from Yahoo Finance QQQ and RSP,QQQ/RSP,2026-09-11T22:10:47+08:00,confirmed
2018-01-19,166.33999633789062,105.44000244140624,1.5775795949011566,Derived from Yahoo Finance QQQ and RSP,QQQ/RSP,2026-09-11T22:10:47+08:00,confirmed
2018-01-22,168.1199951171875,106.19000244140624,1.5831998422822633,Derived from Yahoo Finance QQQ and RSP,QQQ/RSP,2026-09-11T22:10:47+08:00,confirmed
2018-01-23,169.50999450683594,106.4800033569336,1.5919420469833978,Derived from Yahoo Finance QQQ and RSP,QQQ/RSP,2026-09-11T22:10:47+08:00,confirmed
2018-01-24,168.41000366210938,106.52999877929688,1.580869291203243,Derived from Yahoo Finance QQQ and RSP,QQQ/RSP,2026-09-11T22:10:47+08:00,confirmed
2018-01-25,168.35000610351562,106.44000244140624,1.5816422608237912,Derived from Yahoo Finance QQQ and RSP,QQQ/RSP,2026-09-11T22:10:47+08:00,confirmed
2018-01-26,170.92999267578125,107.43000030517578,1.5910824926949774,Derived from Yahoo Finance QQQ and RSP,QQQ/RSP,2026-09-11T22:10:47+08:00,confirmed
2018-01-29,170.10000610351562,106.66000366210938,1.5947871766663282,Derived from Yahoo Finance QQQ and RSP,QQQ/RSP,2026-09-11T22:10:47+08:00,confirmed
2018-01-30,168.6999969482422,105.4800033569336,1.599355248192196,Derived from Yahoo Finance QQQ and RSP,QQQ/RSP,2026-09-11T22:10:47+08:00,confirmed
2018-01-31,169.39999389648438,105.45999908447266,1.6062961821268011,Derived from Yahoo Finance QQQ and RSP,QQQ/RSP,2026-09-11T22:10:47+08:00,confirmed
2018-02-01,167.9600067138672,105.20999908447266,1.5964262729345033,Derived from Yahoo Finance QQQ and RSP,QQQ/RSP,2026-09-11T22:10:47+08:00,confirmed
2018-02-02,164.61000061035156,103.0500030517578,1.5973798712812721,Derived from Yahoo Finance QQQ and RSP,QQQ/RSP,2026-09-11T22:10:47+08:00,confirmed
2018-02-05,158.1199951171875,99.2300033569336,1.593469613705692,Derived from Yahoo Finance QQQ and RSP,QQQ/RSP,2026-09-11T22:10:47+08:00,confirmed
2018-02-06,162.30999755859375,100.58999633789062,1.6135799131891826,Derived from Yahoo Finance QQQ and RSP,QQQ/RSP,2026-09-11T22:10:47+08:00,confirmed
2018-02-07,160.2100067138672,100.31999969482422,1.596989704956437,Derived from Yahoo Finance QQQ and RSP,QQQ/RSP,2026-09-11T22:10:47+08:00,confirmed
2018-02-08,153.4499969482422,96.79000091552734,1.5853910062689676,Derived from Yahoo Finance QQQ and RSP,QQQ/RSP,2026-09-11T22:10:47+08:00,confirmed
2018-02-09,156.10000610351562,98.12000274658205,1.5909091085808524,Derived from Yahoo Finance QQQ and RSP,QQQ/RSP,2026-09-11T22:10:47+08:00,confirmed
2018-02-12,158.8699951171875,99.33000183105467,1.5994160091469782,Derived from Yahoo Finance QQQ and RSP,QQQ/RSP,2026-09-11T22:10:47+08:00,confirmed
2018-02-13,159.69000244140625,99.56999969482422,1.6037963536290656,Derived from Yahoo Finance QQQ and RSP,QQQ/RSP,2026-09-11T22:10:47+08:00,confirmed
2018-02-14,162.67999267578125,101.08000183105467,1.6094181809343941,Derived from Yahoo Finance QQQ and RSP,QQQ/RSP,2026-09-11T22:10:47+08:00,confirmed
2018-02-15,165.6999969482422,102.12999725341795,1.6224419994557158,Derived from Yahoo Finance QQQ and RSP,QQQ/RSP,2026-09-11T22:10:47+08:00,confirmed
2018-02-16,164.9600067138672,102.18000030517578,1.614406011168424,Derived from Yahoo Finance QQQ and RSP,QQQ/RSP,2026-09-11T22:10:47+08:00,confirmed
2018-02-20,165.2899932861328,101.52999877929688,1.6279916800298173,Derived from Yahoo Finance QQQ and RSP,QQQ/RSP,2026-09-11T22:10:47+08:00,confirmed
2018-02-21,164.82000732421875,100.91999816894533,1.6331748941206032,Derived from Yahoo Finance QQQ and RSP,QQQ/RSP,2026-09-11T22:10:47+08:00,confirmed
2018-02-22,164.8000030517578,100.97000122070312,1.632167981176243,Derived from Yahoo Finance QQQ and RSP,QQQ/RSP,2026-09-11T22:10:47+08:00,confirmed
2018-02-23,168.1699981689453,102.51000213623048,1.6405228237675393,Derived from Yahoo Finance QQQ and RSP,QQQ/RSP,2026-09-11T22:10:47+08:00,confirmed
2018-02-26,170.39999389648438,103.27999877929688,1.649883771403008,Derived from Yahoo Finance QQQ and RSP,QQQ/RSP,2026-09-11T22:10:47+08:00,confirmed
2018-02-27,168.2899932861328,101.94000244140624,1.6508729571873777,Derived from Yahoo Finance QQQ and RSP,QQQ/RSP,2026-09-11T22:10:47+08:00,confirmed
2018-02-28,167.2100067138672,100.83000183105467,1.6583358492250677,Derived from Yahoo Finance QQQ and RSP,QQQ/RSP,2026-09-11T22:10:47+08:00,confirmed
2018-03-01,164.47999572753906,99.75,1.6489222629327225,Derived from Yahoo Finance QQQ and RSP,QQQ/RSP,2026-09-11T22:10:47+08:00,confirmed
2018-03-02,165.99000549316406,100.41000366210938,1.6531221933995597,Derived from Yahoo Finance QQQ and RSP,QQQ/RSP,2026-09-11T22:10:47+08:00,confirmed
2018-03-05,167.8300018310547,101.62000274658205,1.6515449448430526,Derived from Yahoo Finance QQQ and RSP,QQQ/RSP,2026-09-11T22:10:47+08:00,confirmed
2018-03-06,168.5399932861328,102.06999969482422,1.6512196903110128,Derived from Yahoo Finance QQQ and RSP,QQQ/RSP,2026-09-11T22:10:47+08:00,confirmed
2018-03-07,168.92999267578125,101.9800033569336,1.656501148411619,Derived from Yahoo Finance QQQ and RSP,QQQ/RSP,2026-09-11T22:10:47+08:00,confirmed
2018-03-08,169.86000061035156,102.33000183105467,1.659923752281251,Derived from Yahoo Finance QQQ and RSP,QQQ/RSP,2026-09-11T22:10:47+08:00,confirmed
2018-03-09,173.16000366210938,103.91999816894533,1.666281819795636,Derived from Yahoo Finance QQQ and RSP,QQQ/RSP,2026-09-11T22:10:47+08:00,confirmed
2018-03-12,174.0800018310547,103.77999877929688,1.6773945257145444,Derived from Yahoo Finance QQQ and RSP,QQQ/RSP,2026-09-11T22:10:47+08:00,confirmed
2018-03-13,171.7100067138672,103.33999633789062,1.6616026011112603,Derived from Yahoo Finance QQQ and RSP,QQQ/RSP,2026-09-11T22:10:47+08:00,confirmed
2018-03-14,171.67999267578125,102.72000122070312,1.6713394726983248,Derived from Yahoo Finance QQQ and RSP,QQQ/RSP,2026-09-11T22:10:47+08:00,confirmed
2018-03-15,171.52999877929688,102.4499969482422,1.6742801746099996,Derived from Yahoo Finance QQQ and RSP,QQQ/RSP,2026-09-11T22:10:47+08:00,confirmed
2018-03-16,171.02000427246094,102.44000244140624,1.6694650546331369,Derived from Yahoo Finance QQQ and RSP,QQQ/RSP,2026-09-11T22:10:47+08:00,confirmed
2018-03-19,167.10000610351562,101.29000091552734,1.6497186750237247,Derived from Yahoo Finance QQQ and RSP,QQQ/RSP,2026-09-11T22:10:47+08:00,confirmed
2018-03-20,167.64999389648438,101.4000015258789,1.653352972126903,Derived from Yahoo Finance QQQ and RSP,QQQ/RSP,2026-09-11T22:10:47+08:00,confirmed
2018-03-21,166.9199981689453,101.43000030517578,1.645666939433379,Derived from Yahoo Finance QQQ and RSP,QQQ/RSP,2026-09-11T22:10:47+08:00,confirmed
2018-03-22,162.8000030517578,99.18000030517578,1.6414599974876385,Derived from Yahoo Finance QQQ and RSP,QQQ/RSP,2026-09-11T22:10:47+08:00,confirmed
2018-03-23,158.50999450683594,97.29000091552734,1.6292526777182708,Derived from Yahoo Finance QQQ and RSP,QQQ/RSP,2026-09-11T22:10:47+08:00,confirmed
2018-03-26,164.39999389648438,99.52999877929688,1.6517632463859835,Derived from Yahoo Finance QQQ and RSP,QQQ/RSP,2026-09-11T22:10:47+08:00,confirmed
2018-03-27,159.0800018310547,98.3499984741211,1.6174886049735275,Derived from Yahoo Finance QQQ and RSP,QQQ/RSP,2026-09-11T22:10:47+08:00,confirmed
2018-03-28,157.25,98.2300033569336,1.6008347208195475,Derived from Yahoo Finance QQQ and RSP,QQQ/RSP,2026-09-11T22:10:47+08:00,confirmed
2018-03-29,160.1300048828125,99.4800033569336,1.609670280249862,Derived from Yahoo Finance QQQ and RSP,QQQ/RSP,2026-09-11T22:10:47+08:00,confirmed
2018-04-02,155.50999450683594,97.3000030517578,1.5982527197261638,Derived from Yahoo Finance QQQ and RSP,QQQ/RSP,2026-09-11T22:10:47+08:00,confirmed
2018-04-03,157.25999450683594,98.47000122070312,1.5970345542533855,Derived from Yahoo Finance QQQ and RSP,QQQ/RSP,2026-09-11T22:10:47+08:00,confirmed
2018-04-04,159.74000549316406,99.62000274658205,1.6034932853748063,Derived from Yahoo Finance QQQ and RSP,QQQ/RSP,2026-09-11T22:10:47+08:00,confirmed
2018-04-05,160.64999389648438,100.26000213623048,1.6023338367597246,Derived from Yahoo Finance QQQ and RSP,QQQ/RSP,2026-09-11T22:10:47+08:00,confirmed
2018-04-06,156.6300048828125,98.13999938964844,1.5959853867630394,Derived from Yahoo Finance QQQ and RSP,QQQ/RSP,2026-09-11T22:10:47+08:00,confirmed
2018-04-09,157.72999572753906,98.33999633789062,1.6039251738996185,Derived from Yahoo Finance QQQ and RSP,QQQ/RSP,2026-09-11T22:10:47+08:00,confirmed
2018-04-10,161.2100067138672,99.73999786376952,1.6163024881357713,Derived from Yahoo Finance QQQ and RSP,QQQ/RSP,2026-09-11T22:10:47+08:00,confirmed
2018-04-11,160.27999877929688,99.38999938964844,1.6126370838471922,Derived from Yahoo Finance QQQ and RSP,QQQ/RSP,2026-09-11T22:10:47+08:00,confirmed
2018-04-12,162.2100067138672,99.86000061035156,1.6243741810777876,Derived from Yahoo Finance QQQ and RSP,QQQ/RSP,2026-09-11T22:10:47+08:00,confirmed
2018-04-13,161.3699951171875,99.6500015258789,1.6193677134593925,Derived from Yahoo Finance QQQ and RSP,QQQ/RSP,2026-09-11T22:10:47+08:00,confirmed
2018-04-16,162.60000610351562,100.61000061035156,1.6161415874873382,Derived from Yahoo Finance QQQ and RSP,QQQ/RSP,2026-09-11T22:10:47+08:00,confirmed
2018-04-17,166.10000610351562,101.43000030517578,1.6375826245071978,Derived from Yahoo Finance QQQ and RSP,QQQ/RSP,2026-09-11T22:10:47+08:00,confirmed
2018-04-18,166.44000244140625,101.6999969482422,1.6365782442069485,Derived from Yahoo Finance QQQ and RSP,QQQ/RSP,2026-09-11T22:10:47+08:00,confirmed
2018-04-19,164.91000366210938,100.98999786376952,1.6329340246601922,Derived from Yahoo Finance QQQ and RSP,QQQ/RSP,2026-09-11T22:10:47+08:00,confirmed
2018-04-20,162.3000030517578,100.27999877929688,1.618468338925281,Derived from Yahoo Finance QQQ and RSP,QQQ/RSP,2026-09-11T22:10:47+08:00,confirmed
2018-04-23,161.88999938964844,100.41000366210938,1.6122895477070787,Derived from Yahoo Finance QQQ and RSP,QQQ/RSP,2026-09-11T22:10:47+08:00,confirmed
2018-04-24,158.4600067138672,99.4499969482422,1.5933636156503472,Derived from Yahoo Finance QQQ and RSP,QQQ/RSP,2026-09-11T22:10:47+08:00,confirmed
2018-04-25,158.64999389648438,99.7300033569336,1.590795032149715,Derived from Yahoo Finance QQQ and RSP,QQQ/RSP,2026-09-11T22:10:47+08:00,confirmed
2018-04-26,161.99000549316406,100.5,1.6118408506782493,Derived from Yahoo Finance QQQ and RSP,QQQ/RSP,2026-09-11T22:10:47+08:00,confirmed
2018-04-27,162.08999633789062,100.7699966430664,1.6085144560639757,Derived from Yahoo Finance QQQ and RSP,QQQ/RSP,2026-09-11T22:10:47+08:00,confirmed
2018-04-30,160.94000244140625,99.8499984741211,1.6118177756719578,Derived from Yahoo Finance QQQ and RSP,QQQ/RSP,2026-09-11T22:10:47+08:00,confirmed
2018-05-01,162.77999877929688,99.88999938964844,1.6295925495437105,Derived from Yahoo Finance QQQ and RSP,QQQ/RSP,2026-09-11T22:10:47+08:00,confirmed
2018-05-02,161.82000732421875,99.05999755859376,1.6335555351543651,Derived from Yahoo Finance QQQ and RSP,QQQ/RSP,2026-09-11T22:10:47+08:00,confirmed
2018-05-03,161.8000030517578,98.7300033569336,1.6388128993251467,Derived from Yahoo Finance QQQ and RSP,QQQ/RSP,2026-09-11T22:10:47+08:00,confirmed
2018-05-04,164.8699951171875,99.83000183105467,1.651507483654082,Derived from Yahoo Finance QQQ and RSP,QQQ/RSP,2026-09-11T22:10:47+08:00,confirmed
2018-05-07,166.24000549316406,100.0,1.6624000549316407,Derived from Yahoo Finance QQQ and RSP,QQQ/RSP,2026-09-11T22:10:47+08:00,confirmed
2018-05-08,166.07000732421875,99.93000030517578,1.661863372531355,Derived from Yahoo Finance QQQ and RSP,QQQ/RSP,2026-09-11T22:10:47+08:00,confirmed
2018-05-09,167.8800048828125,100.73999786376952,1.6664682196026674,Derived from Yahoo Finance QQQ and RSP,QQQ/RSP,2026-09-11T22:10:47+08:00,confirmed
2018-05-10,169.6199951171875,101.62000274658205,1.6691595210854548,Derived from Yahoo Finance QQQ and RSP,QQQ/RSP,2026-09-11T22:10:47+08:00,confirmed
2018-05-11,169.4600067138672,101.72000122070312,1.665945779396795,Derived from Yahoo Finance QQQ and RSP,QQQ/RSP,2026-09-11T22:10:47+08:00,confirmed
2018-05-14,169.75,101.76000213623048,1.6681406882514447,Derived from Yahoo Finance QQQ and RSP,QQQ/RSP,2026-09-11T22:10:47+08:00,confirmed
2018-05-15,167.8699951171875,101.25,1.6579752604166667,Derived from Yahoo Finance QQQ and RSP,QQQ/RSP,2026-09-11T22:10:47+08:00,confirmed
2018-05-16,168.97999572753906,101.80999755859376,1.6597583712767263,Derived from Yahoo Finance QQQ and RSP,QQQ/RSP,2026-09-11T22:10:47+08:00,confirmed
2018-05-17,168.3300018310547,101.94000244140624,1.6512654286800565,Derived from Yahoo Finance QQQ and RSP,QQQ/RSP,2026-09-11T22:10:47+08:00,confirmed
2018-05-18,167.4600067138672,101.7300033569336,1.6461220995571082,Derived from Yahoo Finance QQQ and RSP,QQQ/RSP,2026-09-11T22:10:47+08:00,confirmed
2018-05-21,168.39999389648438,102.38999938964844,1.6446918146335052,Derived from Yahoo Finance QQQ and RSP,QQQ/RSP,2026-09-11T22:10:47+08:00,confirmed
2018-05-22,168.17999267578125,102.0,1.6488234576056986,Derived from Yahoo Finance QQQ and RSP,QQQ/RSP,2026-09-11T22:10:47+08:00,confirmed
2018-05-23,169.60000610351562,102.19000244140624,1.6596536065331926,Derived from Yahoo Finance QQQ and RSP,QQQ/RSP,2026-09-11T22:10:47+08:00,confirmed
2018-05-24,169.5500030517578,102.16999816894533,1.6594891464262813,Derived from Yahoo Finance QQQ and RSP,QQQ/RSP,2026-09-11T22:10:47+08:00,confirmed
2018-05-25,169.72000122070312,101.9499969482422,1.6647376782842502,Derived from Yahoo Finance QQQ and RSP,QQQ/RSP,2026-09-11T22:10:47+08:00,confirmed
2018-05-29,168.97000122070312,100.87000274658205,1.6751263668070895,Derived from Yahoo Finance QQQ and RSP,QQQ/RSP,2026-09-11T22:10:47+08:00,confirmed
2018-05-30,170.17999267578125,102.20999908447266,1.665003367577902,Derived from Yahoo Finance QQQ and RSP,QQQ/RSP,2026-09-11T22:10:47+08:00,confirmed
2018-05-31,170.07000732421875,101.3000030517578,1.678874651537018,Derived from Yahoo Finance QQQ and RSP,QQQ/RSP,2026-09-11T22:10:47+08:00,confirmed
2018-06-01,172.74000549316406,102.16000366210938,1.6908770487567284,Derived from Yahoo Finance QQQ and RSP,QQQ/RSP,2026-09-11T22:10:47+08:00,confirmed
2018-06-04,174.3000030517578,102.51000213623048,1.7003219141496275,Derived from Yahoo Finance QQQ and RSP,QQQ/RSP,2026-09-11T22:10:47+08:00,confirmed
2018-06-05,174.83999633789062,102.6999969482422,1.7024342895161415,Derived from Yahoo Finance QQQ and RSP,QQQ/RSP,2026-09-11T22:10:47+08:00,confirmed
2018-06-06,175.86000061035156,103.4800033569336,1.699458783391779,Derived from Yahoo Finance QQQ and RSP,QQQ/RSP,2026-09-11T22:10:47+08:00,confirmed
2018-06-07,174.42999267578125,103.52999877929688,1.684825603520266,Derived from Yahoo Finance QQQ and RSP,QQQ/RSP,2026-09-11T22:10:47+08:00,confirmed
2018-06-08,174.44000244140625,104.0199966430664,1.6769852727449956,Derived from Yahoo Finance QQQ and RSP,QQQ/RSP,2026-09-11T22:10:47+08:00,confirmed
2018-06-11,174.91000366210938,104.23999786376952,1.6779547893956979,Derived from Yahoo Finance QQQ and RSP,QQQ/RSP,2026-09-11T22:10:47+08:00,confirmed
2018-06-12,175.8300018310547,104.54000091552734,1.6819399300860216,Derived from Yahoo Finance QQQ and RSP,QQQ/RSP,2026-09-11T22:10:47+08:00,confirmed
2018-06-13,175.82000732421875,104.0199966430664,1.6902519995989471,Derived from Yahoo Finance QQQ and RSP,QQQ/RSP,2026-09-11T22:10:47+08:00,confirmed
2018-06-14,177.60000610351562,104.29000091552734,1.7029437582167422,Derived from Yahoo Finance QQQ and RSP,QQQ/RSP,2026-09-11T22:10:47+08:00,confirmed
2018-06-15,176.97999572753906,103.88999938964844,1.7035325514225894,Derived from Yahoo Finance QQQ and RSP,QQQ/RSP,2026-09-11T22:10:47+08:00,confirmed
2018-06-18,176.5,103.6999969482422,1.7020251224124248,Derived from Yahoo Finance QQQ and RSP,QQQ/RSP,2026-09-11T22:10:47+08:00,confirmed
2018-06-19,176.0,103.27999877929688,1.7041053648354643,Derived from Yahoo Finance QQQ and RSP,QQQ/RSP,2026-09-11T22:10:47+08:00,confirmed
2018-06-20,177.25,103.56999969482422,1.711402920945049,Derived from Yahoo Finance QQQ and RSP,QQQ/RSP,2026-09-11T22:10:47+08:00,confirmed
2018-06-21,175.7100067138672,102.97000122070312,1.7064193904130884,Derived from Yahoo Finance QQQ and RSP,QQQ/RSP,2026-09-11T22:10:47+08:00,confirmed
2018-06-22,175.32000732421875,103.23999786376952,1.6981791064695924,Derived from Yahoo Finance QQQ and RSP,QQQ/RSP,2026-09-11T22:10:47+08:00,confirmed
2018-06-25,171.3699951171875,102.11000061035156,1.6782880628032686,Derived from Yahoo Finance QQQ and RSP,QQQ/RSP,2026-09-11T22:10:47+08:00,confirmed
2018-06-26,172.07000732421875,102.20999908447266,1.6834948524166355,Derived from Yahoo Finance QQQ and RSP,QQQ/RSP,2026-09-11T22:10:47+08:00,confirmed
2018-06-27,169.72999572753906,101.3000030517578,1.6755181699334987,Derived from Yahoo Finance QQQ and RSP,QQQ/RSP,2026-09-11T22:10:47+08:00,confirmed
2018-06-28,171.19000244140625,101.70999908447266,1.6831187098844504,Derived from Yahoo Finance QQQ and RSP,QQQ/RSP,2026-09-11T22:10:47+08:00,confirmed
2018-06-29,171.64999389648438,101.88999938964844,1.6846598775612833,Derived from Yahoo Finance QQQ and RSP,QQQ/RSP,2026-09-11T22:10:47+08:00,confirmed
2018-07-02,172.8000030517578,101.8499984741211,1.6966127210661106,Derived from Yahoo Finance QQQ and RSP,QQQ/RSP,2026-09-11T22:10:47+08:00,confirmed
2018-07-03,170.8000030517578,101.8000030517578,1.677799586753633,Derived from Yahoo Finance QQQ and RSP,QQQ/RSP,2026-09-11T22:10:47+08:00,confirmed
2018-07-05,172.9199981689453,102.55999755859376,1.6860374637797162,Derived from Yahoo Finance QQQ and RSP,QQQ/RSP,2026-09-11T22:10:47+08:00,confirmed
2018-07-06,175.61000061035156,103.33999633789062,1.6993420440635572,Derived from Yahoo Finance QQQ and RSP,QQQ/RSP,2026-09-11T22:10:47+08:00,confirmed
2018-07-09,177.19000244140625,104.12999725341795,1.7016230396144583,Derived from Yahoo Finance QQQ and RSP,QQQ/RSP,2026-09-11T22:10:47+08:00,confirmed
2018-07-10,177.32000732421875,104.4000015258789,1.6984674782812552,Derived from Yahoo Finance QQQ and RSP,QQQ/RSP,2026-09-11T22:10:47+08:00,confirmed
2018-07-11,176.4199981689453,103.58000183105467,1.7032245129392558,Derived from Yahoo Finance QQQ and RSP,QQQ/RSP,2026-09-11T22:10:47+08:00,confirmed
2018-07-12,179.4600067138672,104.16000366210938,1.7229262711628528,Derived from Yahoo Finance QQQ and RSP,QQQ/RSP,2026-09-11T22:10:47+08:00,confirmed
2018-07-13,179.61000061035156,104.26000213623048,1.7227124202018107,Derived from Yahoo Finance QQQ and RSP,QQQ/RSP,2026-09-11T22:10:47+08:00,confirmed
2018-07-16,179.17999267578125,103.9499969482422,1.7237133038589396,Derived from Yahoo Finance QQQ and RSP,QQQ/RSP,2026-09-11T22:10:47+08:00,confirmed
2018-07-17,180.2700042724609,104.27999877929688,1.728711223462832,Derived from Yahoo Finance QQQ and RSP,QQQ/RSP,2026-09-11T22:10:47+08:00,confirmed
2018-07-18,179.92999267578125,104.5199966430664,1.721488695509993,Derived from Yahoo Finance QQQ and RSP,QQQ/RSP,2026-09-11T22:10:47+08:00,confirmed
2018-07-19,179.02999877929688,104.5,1.7132057299454246,Derived from Yahoo Finance QQQ and RSP,QQQ/RSP,2026-09-11T22:10:47+08:00,confirmed
2018-07-20,178.99000549316406,104.16000366210938,1.718413970815516,Derived from Yahoo Finance QQQ and RSP,QQQ/RSP,2026-09-11T22:10:47+08:00,confirmed
2018-07-23,179.55999755859375,104.16999816894533,1.723720847795151,Derived from Yahoo Finance QQQ and RSP,QQQ/RSP,2026-09-11T22:10:47+08:00,confirmed
2018-07-24,180.3000030517578,104.12000274658205,1.731655765420891,Derived from Yahoo Finance QQQ and RSP,QQQ/RSP,2026-09-11T22:10:47+08:00,confirmed
2018-07-25,182.82000732421875,105.04000091552734,1.7404798717703907,Derived from Yahoo Finance QQQ and RSP,QQQ/RSP,2026-09-11T22:10:47+08:00,confirmed
2018-07-26,180.0500030517578,105.41000366210938,1.7080921809746459,Derived from Yahoo Finance QQQ and RSP,QQQ/RSP,2026-09-11T22:10:47+08:00,confirmed
2018-07-27,177.6199951171875,104.79000091552734,1.6950090043454566,Derived from Yahoo Finance QQQ and RSP,QQQ/RSP,2026-09-11T22:10:47+08:00,confirmed
2018-07-30,175.11000061035156,104.33999633789062,1.6782634345058063,Derived from Yahoo Finance QQQ and RSP,QQQ/RSP,2026-09-11T22:10:47+08:00,confirmed
2018-07-31,176.4499969482422,105.0500030517578,1.6796762667518044,Derived from Yahoo Finance QQQ and RSP,QQQ/RSP,2026-09-11T22:10:47+08:00,confirmed
2018-08-01,177.1199951171875,104.37000274658205,1.6970392876892773,Derived from Yahoo Finance QQQ and RSP,QQQ/RSP,2026-09-11T22:10:47+08:00,confirmed
2018-08-02,179.52999877929688,104.79000091552734,1.7132359691839154,Derived from Yahoo Finance QQQ and RSP,QQQ/RSP,2026-09-11T22:10:47+08:00,confirmed
2018-08-03,180.0800018310547,105.31999969482422,1.7098367105284413,Derived from Yahoo Finance QQQ and RSP,QQQ/RSP,2026-09-11T22:10:47+08:00,confirmed
2018-08-06,181.13999938964844,105.56999969482422,1.7158283595081718,Derived from Yahoo Finance QQQ and RSP,QQQ/RSP,2026-09-11T22:10:47+08:00,confirmed
2018-08-07,181.8000030517578,105.77999877929688,1.7186614213436677,Derived from Yahoo Finance QQQ and RSP,QQQ/RSP,2026-09-11T22:10:47+08:00,confirmed
2018-08-08,182.0200042724609,105.58999633789062,1.723837584859766,Derived from Yahoo Finance QQQ and RSP,QQQ/RSP,2026-09-11T22:10:47+08:00,confirmed
2018-08-09,181.91000366210932,105.47000122070312,1.7247558695050198,Derived from Yahoo Finance QQQ and RSP,QQQ/RSP,2026-09-11T22:10:47+08:00,confirmed
2018-08-10,180.5200042724609,104.76000213623048,1.7231767906773399,Derived from Yahoo Finance QQQ and RSP,QQQ/RSP,2026-09-11T22:10:47+08:00,confirmed
2018-08-13,180.32000732421875,104.22000122070312,1.7301861947051915,Derived from Yahoo Finance QQQ and RSP,QQQ/RSP,2026-09-11T22:10:47+08:00,confirmed
2018-08-14,181.4499969482422,105.0999984741211,1.7264509950770441,Derived from Yahoo Finance QQQ and RSP,QQQ/RSP,2026-09-11T22:10:47+08:00,confirmed
2018-08-15,179.22999572753906,104.4000015258789,1.7167623860916432,Derived from Yahoo Finance QQQ and RSP,QQQ/RSP,2026-09-11T22:10:47+08:00,confirmed
2018-08-16,179.82000732421875,105.2300033569336,1.7088282959972978,Derived from Yahoo Finance QQQ and RSP,QQQ/RSP,2026-09-11T22:10:47+08:00,confirmed
2018-08-17,179.86000061035156,105.79000091552734,1.7001606867738723,Derived from Yahoo Finance QQQ and RSP,QQQ/RSP,2026-09-11T22:10:47+08:00,confirmed
2018-08-20,179.6999969482422,106.29000091552734,1.6906575914987199,Derived from Yahoo Finance QQQ and RSP,QQQ/RSP,2026-09-11T22:10:47+08:00,confirmed
2018-08-21,180.3600006103516,106.55999755859376,1.6925676120739181,Derived from Yahoo Finance QQQ and RSP,QQQ/RSP,2026-09-11T22:10:47+08:00,confirmed
2018-08-22,181.0599975585937,106.33000183105467,1.7028119480922779,Derived from Yahoo Finance QQQ and RSP,QQQ/RSP,2026-09-11T22:10:47+08:00,confirmed
2018-08-23,180.8000030517578,106.06999969482422,1.7045347748839497,Derived from Yahoo Finance QQQ and RSP,QQQ/RSP,2026-09-11T22:10:47+08:00,confirmed
2018-08-24,182.47999572753903,106.63999938964844,1.7111777641781607,Derived from Yahoo Finance QQQ and RSP,QQQ/RSP,2026-09-11T22:10:47+08:00,confirmed
2018-08-27,184.33999633789065,107.23999786376952,1.718948153766879,Derived from Yahoo Finance QQQ and RSP,QQQ/RSP,2026-09-11T22:10:47+08:00,confirmed
2018-08-28,184.6100006103516,107.33999633789062,1.7198621847277344,Derived from Yahoo Finance QQQ and RSP,QQQ/RSP,2026-09-11T22:10:47+08:00,confirmed
2018-08-29,186.7400054931641,107.76000213623048,1.7329250351822272,Derived from Yahoo Finance QQQ and RSP,QQQ/RSP,2026-09-11T22:10:47+08:00,confirmed
2018-08-30,186.41000366210932,107.06999969482422,1.7410105930085327,Derived from Yahoo Finance QQQ and RSP,QQQ/RSP,2026-09-11T22:10:47+08:00,confirmed
2018-08-31,186.6499938964844,107.11000061035156,1.7426009974128014,Derived from Yahoo Finance QQQ and RSP,QQQ/RSP,2026-09-11T22:10:47+08:00,confirmed
2018-09-04,185.8500061035156,107.01000213623048,1.73675359679852,Derived from Yahoo Finance QQQ and RSP,QQQ/RSP,2026-09-11T22:10:47+08:00,confirmed
2018-09-05,183.4499969482422,107.05999755859376,1.7135251366677857,Derived from Yahoo Finance QQQ and RSP,QQQ/RSP,2026-09-11T22:10:47+08:00,confirmed
2018-09-06,181.8099975585937,106.86000061035156,1.701384957141594,Derived from Yahoo Finance QQQ and RSP,QQQ/RSP,2026-09-11T22:10:47+08:00,confirmed
2018-09-07,181.1100006103516,106.4800033569336,1.7008827470003864,Derived from Yahoo Finance QQQ and RSP,QQQ/RSP,2026-09-11T22:10:47+08:00,confirmed
2018-09-10,181.72000122070312,106.87999725341795,1.7002246060115036,Derived from Yahoo Finance QQQ and RSP,QQQ/RSP,2026-09-11T22:10:47+08:00,confirmed
2018-09-11,183.1199951171875,106.95999908447266,1.7120418538202005,Derived from Yahoo Finance QQQ and RSP,QQQ/RSP,2026-09-11T22:10:47+08:00,confirmed
2018-09-12,182.5800018310547,107.1500015258789,1.7039663950630732,Derived from Yahoo Finance QQQ and RSP,QQQ/RSP,2026-09-11T22:10:47+08:00,confirmed
2018-09-13,184.52999877929688,107.5999984741211,1.7149628382539266,Derived from Yahoo Finance QQQ and RSP,QQQ/RSP,2026-09-11T22:10:47+08:00,confirmed
2018-09-14,183.9900054931641,107.73999786376952,1.7077223792579608,Derived from Yahoo Finance QQQ and RSP,QQQ/RSP,2026-09-11T22:10:47+08:00,confirmed
2018-09-17,181.33999633789065,107.37999725341795,1.6887688673517685,Derived from Yahoo Finance QQQ and RSP,QQQ/RSP,2026-09-11T22:10:47+08:00,confirmed
2018-09-18,182.83999633789065,107.87999725341795,1.6948461345284076,Derived from Yahoo Finance QQQ and RSP,QQQ/RSP,2026-09-11T22:10:47+08:00,confirmed
2018-09-19,182.6999969482422,107.83000183105467,1.694333616301815,Derived from Yahoo Finance QQQ and RSP,QQQ/RSP,2026-09-11T22:10:47+08:00,confirmed
2018-09-20,184.72000122070312,108.51000213623048,1.7023315600786153,Derived from Yahoo Finance QQQ and RSP,QQQ/RSP,2026-09-11T22:10:47+08:00,confirmed
2018-09-21,183.7100067138672,108.58000183105467,1.6919322491789164,Derived from Yahoo Finance QQQ and RSP,QQQ/RSP,2026-09-11T22:10:47+08:00,confirmed
2018-09-24,183.88999938964844,107.33000183105467,1.7133140431610616,Derived from Yahoo Finance QQQ and RSP,QQQ/RSP,2026-09-11T22:10:47+08:00,confirmed
2018-09-25,184.13999938964844,107.04000091552734,1.7202914594046577,Derived from Yahoo Finance QQQ and RSP,QQQ/RSP,2026-09-11T22:10:47+08:00,confirmed
2018-09-26,184.2700042724609,106.62999725341795,1.728125377650746,Derived from Yahoo Finance QQQ and RSP,QQQ/RSP,2026-09-11T22:10:47+08:00,confirmed
2018-09-27,185.8300018310547,106.63999938964844,1.7425919251186084,Derived from Yahoo Finance QQQ and RSP,QQQ/RSP,2026-09-11T22:10:47+08:00,confirmed
2018-09-28,185.7899932861328,106.80999755859376,1.7394438491978454,Derived from Yahoo Finance QQQ and RSP,QQQ/RSP,2026-09-11T22:10:47+08:00,confirmed
2018-10-01,186.1699981689453,106.80999755859376,1.7430016143087756,Derived from Yahoo Finance QQQ and RSP,QQQ/RSP,2026-09-11T22:10:47+08:00,confirmed
2018-10-02,185.75,106.66000366210938,1.7415150348995074,Derived from Yahoo Finance QQQ and RSP,QQQ/RSP,2026-09-11T22:10:47+08:00,confirmed
2018-10-03,185.9499969482422,106.66999816894533,1.7432267754775075,Derived from Yahoo Finance QQQ and RSP,QQQ/RSP,2026-09-11T22:10:47+08:00,confirmed
2018-10-04,182.3800048828125,105.93000030517578,1.7217030525572588,Derived from Yahoo Finance QQQ and RSP,QQQ/RSP,2026-09-11T22:10:47+08:00,confirmed
2018-10-05,180.1499938964844,105.41000366210938,1.7090407706839026,Derived from Yahoo Finance QQQ and RSP,QQQ/RSP,2026-09-11T22:10:47+08:00,confirmed
2018-10-08,179.0500030517578,105.54000091552734,1.696513184560864,Derived from Yahoo Finance QQQ and RSP,QQQ/RSP,2026-09-11T22:10:47+08:00,confirmed
2018-10-09,179.6300048828125,105.04000091552734,1.710110465700301,Derived from Yahoo Finance QQQ and RSP,QQQ/RSP,2026-09-11T22:10:47+08:00,confirmed
2018-10-10,171.72999572753906,102.02999877929688,1.6831323902983832,Derived from Yahoo Finance QQQ and RSP,QQQ/RSP,2026-09-11T22:10:47+08:00,confirmed
2018-10-11,169.60000610351562,99.7699966430664,1.6999099108950617,Derived from Yahoo Finance QQQ and RSP,QQQ/RSP,2026-09-11T22:10:47+08:00,confirmed
2018-10-12,174.32000732421875,100.63999938964844,1.7321145506897613,Derived from Yahoo Finance QQQ and RSP,QQQ/RSP,2026-09-11T22:10:47+08:00,confirmed
2018-10-15,172.2100067138672,100.5999984741211,1.7118291185478243,Derived from Yahoo Finance QQQ and RSP,QQQ/RSP,2026-09-11T22:10:47+08:00,confirmed
2018-10-16,177.22000122070312,102.62000274658205,1.7269537758476212,Derived from Yahoo Finance QQQ and RSP,QQQ/RSP,2026-09-11T22:10:47+08:00,confirmed
2018-10-17,177.2899932861328,102.41000366210938,1.7311784683758218,Derived from Yahoo Finance QQQ and RSP,QQQ/RSP,2026-09-11T22:10:47+08:00,confirmed
2018-10-18,173.17999267578125,101.0999984741211,1.712957421261591,Derived from Yahoo Finance QQQ and RSP,QQQ/RSP,2026-09-11T22:10:47+08:00,confirmed
2018-10-19,173.02000427246094,100.8000030517578,1.7164682443870594,Derived from Yahoo Finance QQQ and RSP,QQQ/RSP,2026-09-11T22:10:47+08:00,confirmed
2018-10-22,173.91000366210938,100.12999725341795,1.7368421894785673,Derived from Yahoo Finance QQQ and RSP,QQQ/RSP,2026-09-11T22:10:47+08:00,confirmed
2018-10-23,173.27000427246094,99.48999786376952,1.7415821488881478,Derived from Yahoo Finance QQQ and RSP,QQQ/RSP,2026-09-11T22:10:47+08:00,confirmed
2018-10-24,165.33999633789062,96.8499984741211,1.7071760345155862,Derived from Yahoo Finance QQQ and RSP,QQQ/RSP,2026-09-11T22:10:47+08:00,confirmed
2018-10-25,171.05999755859375,98.12000274658205,1.7433753849395661,Derived from Yahoo Finance QQQ and RSP,QQQ/RSP,2026-09-11T22:10:47+08:00,confirmed
2018-10-26,166.66000366210938,96.58999633789062,1.7254375192136897,Derived from Yahoo Finance QQQ and RSP,QQQ/RSP,2026-09-11T22:10:47+08:00,confirmed
2018-10-29,163.22999572753906,96.62999725341795,1.6892269519521834,Derived from Yahoo Finance QQQ and RSP,QQQ/RSP,2026-09-11T22:10:47+08:00,confirmed
2018-10-30,165.9199981689453,98.5,1.6844669864867545,Derived from Yahoo Finance QQQ and RSP,QQQ/RSP,2026-09-11T22:10:47+08:00,confirmed
2018-10-31,169.82000732421875,99.06999969482422,1.7141415953097128,Derived from Yahoo Finance QQQ and RSP,QQQ/RSP,2026-09-11T22:10:47+08:00,confirmed
2018-11-01,172.05999755859375,100.51000213623048,1.7118694050507028,Derived from Yahoo Finance QQQ and RSP,QQQ/RSP,2026-09-11T22:10:47+08:00,confirmed
2018-11-02,169.3800048828125,100.1500015258789,1.6912631283290043,Derived from Yahoo Finance QQQ and RSP,QQQ/RSP,2026-09-11T22:10:47+08:00,confirmed
2018-11-05,168.9600067138672,100.9000015258789,1.6745292780846213,Derived from Yahoo Finance QQQ and RSP,QQQ/RSP,2026-09-11T22:10:47+08:00,confirmed
2018-11-06,170.24000549316406,101.5999984741211,1.6755906304125243,Derived from Yahoo Finance QQQ and RSP,QQQ/RSP,2026-09-11T22:10:47+08:00,confirmed
2018-11-07,175.5800018310547,103.16000366210938,1.7020162427111774,Derived from Yahoo Finance QQQ and RSP,QQQ/RSP,2026-09-11T22:10:47+08:00,confirmed
2018-11-08,174.4600067138672,103.08000183105467,1.6924719015799243,Derived from Yahoo Finance QQQ and RSP,QQQ/RSP,2026-09-11T22:10:47+08:00,confirmed
2018-11-09,171.52000427246094,102.16999816894533,1.6787707482272876,Derived from Yahoo Finance QQQ and RSP,QQQ/RSP,2026-09-11T22:10:47+08:00,confirmed
2018-11-12,166.3300018310547,100.61000061035156,1.6532153943148007,Derived from Yahoo Finance QQQ and RSP,QQQ/RSP,2026-09-11T22:10:47+08:00,confirmed
2018-11-13,166.47000122070312,100.56999969482422,1.6552650067201942,Derived from Yahoo Finance QQQ and RSP,QQQ/RSP,2026-09-11T22:10:47+08:00,confirmed
2018-11-14,165.1999969482422,99.93000030517578,1.6531571744595082,Derived from Yahoo Finance QQQ and RSP,QQQ/RSP,2026-09-11T22:10:47+08:00,confirmed
2018-11-15,168.08999633789062,100.77999877929688,1.6678904383200008,Derived from Yahoo Finance QQQ and RSP,QQQ/RSP,2026-09-11T22:10:47+08:00,confirmed
2018-11-16,167.5,101.0999984741211,1.656775494837179,Derived from Yahoo Finance QQQ and RSP,QQQ/RSP,2026-09-11T22:10:47+08:00,confirmed
2018-11-19,162.05999755859375,99.77999877929688,1.624173176400351,Derived from Yahoo Finance QQQ and RSP,QQQ/RSP,2026-09-11T22:10:47+08:00,confirmed
2018-11-20,159.16000366210938,98.02999877929688,1.6235846745284532,Derived from Yahoo Finance QQQ and RSP,QQQ/RSP,2026-09-11T22:10:47+08:00,confirmed
2018-11-21,160.3699951171875,98.63999938964844,1.6258109905667455,Derived from Yahoo Finance QQQ and RSP,QQQ/RSP,2026-09-11T22:10:47+08:00,confirmed
2018-11-23,159.2100067138672,98.3499984741211,1.6188104645040766,Derived from Yahoo Finance QQQ and RSP,QQQ/RSP,2026-09-11T22:10:47+08:00,confirmed
2018-11-26,162.88999938964844,99.68000030517578,1.6341292023570604,Derived from Yahoo Finance QQQ and RSP,QQQ/RSP,2026-09-11T22:10:47+08:00,confirmed
2018-11-27,163.44000244140625,99.7300033569336,1.6388247963499472,Derived from Yahoo Finance QQQ and RSP,QQQ/RSP,2026-09-11T22:10:47+08:00,confirmed
2018-11-28,168.6999969482422,101.5500030517578,1.6612505354850606,Derived from Yahoo Finance QQQ and RSP,QQQ/RSP,2026-09-11T22:10:47+08:00,confirmed
2018-11-29,168.14999389648438,101.25,1.660740680459105,Derived from Yahoo Finance QQQ and RSP,QQQ/RSP,2026-09-11T22:10:47+08:00,confirmed
2018-11-30,169.3699951171875,101.66000366210938,1.6660435669481972,Derived from Yahoo Finance QQQ and RSP,QQQ/RSP,2026-09-11T22:10:47+08:00,confirmed
2018-12-03,172.3300018310547,102.88999938964844,1.6748955472186782,Derived from Yahoo Finance QQQ and RSP,QQQ/RSP,2026-09-11T22:10:47+08:00,confirmed
2018-12-04,165.72000122070312,99.8000030517578,1.66052100353903,Derived from Yahoo Finance QQQ and RSP,QQQ/RSP,2026-09-11T22:10:47+08:00,confirmed
2018-12-06,166.88999938964844,99.5,1.6772864260266174,Derived from Yahoo Finance QQQ and RSP,QQQ/RSP,2026-09-11T22:10:47+08:00,confirmed
2018-12-07,161.3800048828125,97.33999633789062,1.6579002563614607,Derived from Yahoo Finance QQQ and RSP,QQQ/RSP,2026-09-11T22:10:47+08:00,confirmed
2018-12-10,163.07000732421875,97.16000366210938,1.6783655946671507,Derived from Yahoo Finance QQQ and RSP,QQQ/RSP,2026-09-11T22:10:47+08:00,confirmed
2018-12-11,163.61000061035156,97.08999633789062,1.6851375711351289,Derived from Yahoo Finance QQQ and RSP,QQQ/RSP,2026-09-11T22:10:47+08:00,confirmed
2018-12-12,165.0500030517578,97.58000183105467,1.6914326701645022,Derived from Yahoo Finance QQQ and RSP,QQQ/RSP,2026-09-11T22:10:47+08:00,confirmed
2018-12-13,165.10000610351562,97.12000274658205,1.6999588286083116,Derived from Yahoo Finance QQQ and RSP,QQQ/RSP,2026-09-11T22:10:47+08:00,confirmed
2018-12-14,161.0800018310547,95.73999786376952,1.6824734220305588,Derived from Yahoo Finance QQQ and RSP,QQQ/RSP,2026-09-11T22:10:47+08:00,confirmed
2018-12-17,157.42999267578125,93.66999816894533,1.6806874746793201,Derived from Yahoo Finance QQQ and RSP,QQQ/RSP,2026-09-11T22:10:47+08:00,confirmed
2018-12-18,158.4199981689453,93.54000091552734,1.693606976891189,Derived from Yahoo Finance QQQ and RSP,QQQ/RSP,2026-09-11T22:10:47+08:00,confirmed
2018-12-19,154.52999877929688,92.06999969482422,1.6783968642500593,Derived from Yahoo Finance QQQ and RSP,QQQ/RSP,2026-09-11T22:10:47+08:00,confirmed
2018-12-20,152.2899932861328,90.62000274658205,1.6805339734099358,Derived from Yahoo Finance QQQ and RSP,QQQ/RSP,2026-09-11T22:10:47+08:00,confirmed
2018-12-21,147.57000732421875,89.01000213623047,1.6579036488322039,Derived from Yahoo Finance QQQ and RSP,QQQ/RSP,2026-09-11T22:10:47+08:00,confirmed
2018-12-24,143.5,86.19000244140625,1.6649262783993337,Derived from Yahoo Finance QQQ and RSP,QQQ/RSP,2026-09-11T22:10:47+08:00,confirmed
2018-12-26,152.4600067138672,90.08999633789062,1.6923078356230834,Derived from Yahoo Finance QQQ and RSP,QQQ/RSP,2026-09-11T22:10:47+08:00,confirmed
2018-12-27,153.0500030517578,90.9000015258789,1.6837183771463966,Derived from Yahoo Finance QQQ and RSP,QQQ/RSP,2026-09-11T22:10:47+08:00,confirmed
2018-12-28,152.97000122070312,90.66999816894533,1.68710713918483,Derived from Yahoo Finance QQQ and RSP,QQQ/RSP,2026-09-11T22:10:47+08:00,confirmed
2018-12-31,154.25999450683594,91.4000015258789,1.687746082401967,Derived from Yahoo Finance QQQ and RSP,QQQ/RSP,2026-09-11T22:10:47+08:00,confirmed
2019-01-02,154.8800048828125,91.4499969482422,1.6936031716925006,Derived from Yahoo Finance QQQ and RSP,QQQ/RSP,2026-09-11T22:10:47+08:00,confirmed
2019-01-03,149.82000732421875,89.68000030517578,1.670606677234501,Derived from Yahoo Finance QQQ and RSP,QQQ/RSP,2026-09-11T22:10:47+08:00,confirmed
2019-01-04,156.22999572753906,92.66000366210938,1.6860564380856462,Derived from Yahoo Finance QQQ and RSP,QQQ/RSP,2026-09-11T22:10:47+08:00,confirmed
2019-01-07,158.08999633789062,93.62999725341795,1.68845456558122,Derived from Yahoo Finance QQQ and RSP,QQQ/RSP,2026-09-11T22:10:47+08:00,confirmed
2019-01-08,159.52000427246094,94.63999938964844,1.6855452800215145,Derived from Yahoo Finance QQQ and RSP,QQQ/RSP,2026-09-11T22:10:47+08:00,confirmed
2019-01-09,160.82000732421875,95.30999755859376,1.687336181341851,Derived from Yahoo Finance QQQ and RSP,QQQ/RSP,2026-09-11T22:10:47+08:00,confirmed
2019-01-10,161.27999877929688,95.88999938964844,1.6819272062348918,Derived from Yahoo Finance QQQ and RSP,QQQ/RSP,2026-09-11T22:10:47+08:00,confirmed
2019-01-11,160.69000244140625,95.95999908447266,1.6745519380419376,Derived from Yahoo Finance QQQ and RSP,QQQ/RSP,2026-09-11T22:10:47+08:00,confirmed
2019-01-14,159.27000427246094,95.44000244140624,1.6687971521191236,Derived from Yahoo Finance QQQ and RSP,QQQ/RSP,2026-09-11T22:10:47+08:00,confirmed
2019-01-15,162.3800048828125,96.16999816894533,1.6884684202401008,Derived from Yahoo Finance QQQ and RSP,QQQ/RSP,2026-09-11T22:10:47+08:00,confirmed
2019-01-16,162.35000610351562,96.41000366210938,1.6839539460293755,Derived from Yahoo Finance QQQ and RSP,QQQ/RSP,2026-09-11T22:10:47+08:00,confirmed
2019-01-17,163.6300048828125,97.30999755859376,1.6815333366367122,Derived from Yahoo Finance QQQ and RSP,QQQ/RSP,2026-09-11T22:10:47+08:00,confirmed
2019-01-18,165.25,98.79000091552734,1.6727401403842561,Derived from Yahoo Finance QQQ and RSP,QQQ/RSP,2026-09-11T22:10:47+08:00,confirmed
2019-01-22,161.94000244140625,97.47000122070312,1.6614342917132268,Derived from Yahoo Finance QQQ and RSP,QQQ/RSP,2026-09-11T22:10:47+08:00,confirmed
2019-01-23,162.14999389648438,97.38999938964844,1.6649552819867792,Derived from Yahoo Finance QQQ and RSP,QQQ/RSP,2026-09-11T22:10:47+08:00,confirmed
2019-01-24,163.1999969482422,97.83999633789062,1.6680294670558926,Derived from Yahoo Finance QQQ and RSP,QQQ/RSP,2026-09-11T22:10:47+08:00,confirmed
2019-01-25,165.14999389648438,98.87999725341795,1.6702062953463086,Derived from Yahoo Finance QQQ and RSP,QQQ/RSP,2026-09-11T22:10:47+08:00,confirmed
2019-01-28,163.11000061035156,98.48999786376952,1.6561072611247678,Derived from Yahoo Finance QQQ and RSP,QQQ/RSP,2026-09-11T22:10:47+08:00,confirmed
2019-01-29,161.57000732421875,98.66000366210938,1.6376444488849144,Derived from Yahoo Finance QQQ and RSP,QQQ/RSP,2026-09-11T22:10:47+08:00,confirmed
2019-01-30,165.67999267578125,99.70999908447266,1.6616186360148284,Derived from Yahoo Finance QQQ and RSP,QQQ/RSP,2026-09-11T22:10:47+08:00,confirmed
2019-01-31,168.16000366210938,100.37000274658205,1.6754010068793768,Derived from Yahoo Finance QQQ and RSP,QQQ/RSP,2026-09-11T22:10:47+08:00,confirmed
2019-02-01,167.4499969482422,100.62000274658205,1.6641819954028005,Derived from Yahoo Finance QQQ and RSP,QQQ/RSP,2026-09-11T22:10:47+08:00,confirmed
2019-02-04,169.52999877929688,101.16999816894533,1.6756943940652855,Derived from Yahoo Finance QQQ and RSP,QQQ/RSP,2026-09-11T22:10:47+08:00,confirmed
2019-02-05,171.02999877929688,101.55999755859376,1.6840291737957482,Derived from Yahoo Finance QQQ and RSP,QQQ/RSP,2026-09-11T22:10:47+08:00,confirmed
2019-02-06,170.52000427246094,101.47000122070312,1.6804967204205512,Derived from Yahoo Finance QQQ and RSP,QQQ/RSP,2026-09-11T22:10:47+08:00,confirmed
2019-02-07,168.22999572753906,100.73999786376952,1.6699424190482526,Derived from Yahoo Finance QQQ and RSP,QQQ/RSP,2026-09-11T22:10:47+08:00,confirmed
2019-02-08,168.55999755859375,100.93000030517578,1.6700683349740348,Derived from Yahoo Finance QQQ and RSP,QQQ/RSP,2026-09-11T22:10:47+08:00,confirmed
2019-02-11,168.39999389648438,101.20999908447266,1.6638671615433283,Derived from Yahoo Finance QQQ and RSP,QQQ/RSP,2026-09-11T22:10:47+08:00,confirmed
2019-02-12,170.88999938964844,102.45999908447266,1.6678703973904878,Derived from Yahoo Finance QQQ and RSP,QQQ/RSP,2026-09-11T22:10:47+08:00,confirmed
2019-02-13,171.00999450683594,102.91000366210938,1.66174315830678,Derived from Yahoo Finance QQQ and RSP,QQQ/RSP,2026-09-11T22:10:47+08:00,confirmed
2019-02-14,171.22000122070312,102.66999816894533,1.6676731691273388,Derived from Yahoo Finance QQQ and RSP,QQQ/RSP,2026-09-11T22:10:47+08:00,confirmed
2019-02-15,171.94000244140625,103.81999969482422,1.656135647725089,Derived from Yahoo Finance QQQ and RSP,QQQ/RSP,2026-09-11T22:10:47+08:00,confirmed
2019-02-19,172.27999877929688,104.01000213623048,1.656379148551959,Derived from Yahoo Finance QQQ and RSP,QQQ/RSP,2026-09-11T22:10:47+08:00,confirmed
2019-02-20,172.25,104.37999725341795,1.6502203921485505,Derived from Yahoo Finance QQQ and RSP,QQQ/RSP,2026-09-11T22:10:47+08:00,confirmed
2019-02-21,171.6199951171875,103.9800033569336,1.6505096131615342,Derived from Yahoo Finance QQQ and RSP,QQQ/RSP,2026-09-11T22:10:47+08:00,confirmed
2019-02-22,172.88999938964844,104.52999877929688,1.653974948901376,Derived from Yahoo Finance QQQ and RSP,QQQ/RSP,2026-09-11T22:10:47+08:00,confirmed
2019-02-25,173.52000427246094,104.5500030517578,1.6596843539694526,Derived from Yahoo Finance QQQ and RSP,QQQ/RSP,2026-09-11T22:10:47+08:00,confirmed
2019-02-26,173.6999969482422,104.2699966430664,1.665867483844334,Derived from Yahoo Finance QQQ and RSP,QQQ/RSP,2026-09-11T22:10:47+08:00,confirmed
2019-02-27,173.58999633789062,104.3000030517578,1.66433356911551,Derived from Yahoo Finance QQQ and RSP,QQQ/RSP,2026-09-11T22:10:47+08:00,confirmed
2019-02-28,173.19000244140625,104.0500030517578,1.6644882014588314,Derived from Yahoo Finance QQQ and RSP,QQQ/RSP,2026-09-11T22:10:47+08:00,confirmed
2019-03-01,174.38999938964844,104.75,1.6648209965598897,Derived from Yahoo Finance QQQ and RSP,QQQ/RSP,2026-09-11T22:10:47+08:00,confirmed
2019-03-04,174.4199981689453,104.25,1.6730935076157825,Derived from Yahoo Finance QQQ and RSP,QQQ/RSP,2026-09-11T22:10:47+08:00,confirmed
2019-03-05,174.5500030517578,103.93000030517578,1.679495838922509,Derived from Yahoo Finance QQQ and RSP,QQQ/RSP,2026-09-11T22:10:47+08:00,confirmed
2019-03-06,173.55999755859375,103.0199966430664,1.6847214445165188,Derived from Yahoo Finance QQQ and RSP,QQQ/RSP,2026-09-11T22:10:47+08:00,confirmed
2019-03-07,171.42999267578125,102.22000122070312,1.6770689750398935,Derived from Yahoo Finance QQQ and RSP,QQQ/RSP,2026-09-11T22:10:47+08:00,confirmed
2019-03-08,171.1699981689453,101.9000015258789,1.6797840589381574,Derived from Yahoo Finance QQQ and RSP,QQQ/RSP,2026-09-11T22:10:47+08:00,confirmed
2019-03-11,174.72999572753906,103.22000122070312,1.6927920331441826,Derived from Yahoo Finance QQQ and RSP,QQQ/RSP,2026-09-11T22:10:47+08:00,confirmed
2019-03-12,175.69000244140625,103.55999755859376,1.6965045054390009,Derived from Yahoo Finance QQQ and RSP,QQQ/RSP,2026-09-11T22:10:47+08:00,confirmed
2019-03-13,177.00999450683594,104.18000030517578,1.6990784602449447,Derived from Yahoo Finance QQQ and RSP,QQQ/RSP,2026-09-11T22:10:47+08:00,confirmed
2019-03-14,176.7100067138672,104.02999877929688,1.69864470621367,Derived from Yahoo Finance QQQ and RSP,QQQ/RSP,2026-09-11T22:10:47+08:00,confirmed
2019-03-15,178.35000610351562,104.41000366210938,1.708169714088797,Derived from Yahoo Finance QQQ and RSP,QQQ/RSP,2026-09-11T22:10:47+08:00,confirmed
2019-03-18,178.4499969482422,104.41999816894533,1.7089638007800072,Derived from Yahoo Finance QQQ and RSP,QQQ/RSP,2026-09-11T22:10:47+08:00,confirmed
2019-03-19,179.0500030517578,104.23999786376952,1.7176708242622658,Derived from Yahoo Finance QQQ and RSP,QQQ/RSP,2026-09-11T22:10:47+08:00,confirmed
2019-03-20,179.75999450683594,103.51000213623048,1.7366437136215311,Derived from Yahoo Finance QQQ and RSP,QQQ/RSP,2026-09-11T22:10:47+08:00,confirmed
2019-03-21,182.57000732421875,104.83999633789062,1.7414156209602558,Derived from Yahoo Finance QQQ and RSP,QQQ/RSP,2026-09-11T22:10:47+08:00,confirmed
2019-03-22,178.55999755859375,102.69000244140624,1.7388255264720447,Derived from Yahoo Finance QQQ and RSP,QQQ/RSP,2026-09-11T22:10:47+08:00,confirmed
2019-03-25,178.22000122070312,102.72000122070312,1.7350077794273142,Derived from Yahoo Finance QQQ and RSP,QQQ/RSP,2026-09-11T22:10:47+08:00,confirmed
2019-03-26,179.0500030517578,103.58000183105467,1.7286155617548582,Derived from Yahoo Finance QQQ and RSP,QQQ/RSP,2026-09-11T22:10:47+08:00,confirmed
2019-03-27,177.89999389648438,103.23999786376952,1.7231692907552416,Derived from Yahoo Finance QQQ and RSP,QQQ/RSP,2026-09-11T22:10:47+08:00,confirmed
2019-03-28,178.30999755859375,103.81999969482422,1.7174917942855967,Derived from Yahoo Finance QQQ and RSP,QQQ/RSP,2026-09-11T22:10:47+08:00,confirmed
2019-03-29,179.66000366210938,104.44000244140624,1.7202221319642699,Derived from Yahoo Finance QQQ and RSP,QQQ/RSP,2026-09-11T22:10:47+08:00,confirmed
2019-04-01,182.0399932861328,105.7699966430664,1.7210929286539423,Derived from Yahoo Finance QQQ and RSP,QQQ/RSP,2026-09-11T22:10:47+08:00,confirmed
2019-04-02,182.72999572753903,105.69000244140624,1.7289241319569768,Derived from Yahoo Finance QQQ and RSP,QQQ/RSP,2026-09-11T22:10:47+08:00,confirmed
2019-04-03,183.77999877929688,105.9800033569336,1.7341007072847325,Derived from Yahoo Finance QQQ and RSP,QQQ/RSP,2026-09-11T22:10:47+08:00,confirmed
2019-04-04,183.7100067138672,106.33000183105467,1.727734445126408,Derived from Yahoo Finance QQQ and RSP,QQQ/RSP,2026-09-11T22:10:47+08:00,confirmed
2019-04-05,184.66000366210932,107.0199966430664,1.7254719627584014,Derived from Yahoo Finance QQQ and RSP,QQQ/RSP,2026-09-11T22:10:47+08:00,confirmed
2019-04-08,185.1300048828125,107.08999633789062,1.7287329462472838,Derived from Yahoo Finance QQQ and RSP,QQQ/RSP,2026-09-11T22:10:47+08:00,confirmed
2019-04-09,184.47999572753903,106.25,1.736282312729779,Derived from Yahoo Finance QQQ and RSP,QQQ/RSP,2026-09-11T22:10:47+08:00,confirmed
2019-04-10,185.47000122070312,106.7699966430664,1.737098501939004,Derived from Yahoo Finance QQQ and RSP,QQQ/RSP,2026-09-11T22:10:47+08:00,confirmed
2019-04-11,185.02999877929688,106.91000366210938,1.7307080015083236,Derived from Yahoo Finance QQQ and RSP,QQQ/RSP,2026-09-11T22:10:47+08:00,confirmed
2019-04-12,185.8300018310547,107.7699966430664,1.7243203824764193,Derived from Yahoo Finance QQQ and RSP,QQQ/RSP,2026-09-11T22:10:47+08:00,confirmed
2019-04-15,185.8600006103516,107.47000122070312,1.7294128454382798,Derived from Yahoo Finance QQQ and RSP,QQQ/RSP,2026-09-11T22:10:47+08:00,confirmed
2019-04-16,186.5,107.51000213623048,1.7347223169401293,Derived from Yahoo Finance QQQ and RSP,QQQ/RSP,2026-09-11T22:10:47+08:00,confirmed
2019-04-17,187.1499938964844,106.87999725341795,1.7510291795081372,Derived from Yahoo Finance QQQ and RSP,QQQ/RSP,2026-09-11T22:10:47+08:00,confirmed
2019-04-18,187.38999938964844,107.12999725341795,1.7491832744695586,Derived from Yahoo Finance QQQ and RSP,QQQ/RSP,2026-09-11T22:10:47+08:00,confirmed
2019-04-22,187.9199981689453,106.86000061035156,1.758562578098483,Derived from Yahoo Finance QQQ and RSP,QQQ/RSP,2026-09-11T22:10:47+08:00,confirmed
2019-04-23,190.3099975585937,107.8499984741211,1.7645804381189594,Derived from Yahoo Finance QQQ and RSP,QQQ/RSP,2026-09-11T22:10:47+08:00,confirmed
2019-04-24,189.7100067138672,107.81999969482422,1.759506652298516,Derived from Yahoo Finance QQQ and RSP,QQQ/RSP,2026-09-11T22:10:47+08:00,confirmed
2019-04-25,190.47999572753903,107.19000244140624,1.7770313591667468,Derived from Yahoo Finance QQQ and RSP,QQQ/RSP,2026-09-11T22:10:47+08:00,confirmed
2019-04-26,190.6499938964844,107.83999633789062,1.767896887710647,Derived from Yahoo Finance QQQ and RSP,QQQ/RSP,2026-09-11T22:10:47+08:00,confirmed
2019-04-29,191.0200042724609,107.83000183105467,1.7714921731314281,Derived from Yahoo Finance QQQ and RSP,QQQ/RSP,2026-09-11T22:10:47+08:00,confirmed
2019-04-30,189.5399932861328,108.19000244140624,1.7519178205840624,Derived from Yahoo Finance QQQ and RSP,QQQ/RSP,2026-09-11T22:10:47+08:00,confirmed
2019-05-01,188.92999267578125,107.0999984741211,1.7640522443278372,Derived from Yahoo Finance QQQ and RSP,QQQ/RSP,2026-09-11T22:10:47+08:00,confirmed
2019-05-02,188.1100006103516,107.11000061035156,1.756231906810127,Derived from Yahoo Finance QQQ and RSP,QQQ/RSP,2026-09-11T22:10:47+08:00,confirmed
2019-05-03,191.1100006103516,108.06999969482422,1.7683908684188179,Derived from Yahoo Finance QQQ and RSP,QQQ/RSP,2026-09-11T22:10:47+08:00,confirmed
2019-05-06,189.94000244140625,107.55999755859376,1.765898166164755,Derived from Yahoo Finance QQQ and RSP,QQQ/RSP,2026-09-11T22:10:47+08:00,confirmed
2019-05-07,186.2400054931641,105.83000183105467,1.7598034798343354,Derived from Yahoo Finance QQQ and RSP,QQQ/RSP,2026-09-11T22:10:47+08:00,confirmed
2019-05-08,185.7700042724609,105.66000366210938,1.7581866158791333,Derived from Yahoo Finance QQQ and RSP,QQQ/RSP,2026-09-11T22:10:47+08:00,confirmed
2019-05-09,184.7700042724609,105.52999877929688,1.750876588740277,Derived from Yahoo Finance QQQ and RSP,QQQ/RSP,2026-09-11T22:10:47+08:00,confirmed
2019-05-10,185.0,105.98999786376952,1.7454477189232818,Derived from Yahoo Finance QQQ and RSP,QQQ/RSP,2026-09-11T22:10:47+08:00,confirmed
2019-05-13,178.5800018310547,103.3499984741211,1.7279148956714425,Derived from Yahoo Finance QQQ and RSP,QQQ/RSP,2026-09-11T22:10:47+08:00,confirmed
2019-05-14,180.5399932861328,104.37000274658205,1.7298073060752623,Derived from Yahoo Finance QQQ and RSP,QQQ/RSP,2026-09-11T22:10:47+08:00,confirmed
2019-05-15,183.08999633789065,104.6999969482422,1.7487106177128169,Derived from Yahoo Finance QQQ and RSP,QQQ/RSP,2026-09-11T22:10:47+08:00,confirmed
2019-05-16,184.92999267578125,105.41000366210938,1.754387498823853,Derived from Yahoo Finance QQQ and RSP,QQQ/RSP,2026-09-11T22:10:47+08:00,confirmed
2019-05-17,183.0399932861328,104.70999908447266,1.7480660384541598,Derived from Yahoo Finance QQQ and RSP,QQQ/RSP,2026-09-11T22:10:47+08:00,confirmed
2019-05-20,179.9499969482422,104.0500030517578,1.729456911776632,Derived from Yahoo Finance QQQ and RSP,QQQ/RSP,2026-09-11T22:10:47+08:00,confirmed
2019-05-21,181.8300018310547,105.16999816894533,1.728915137366101,Derived from Yahoo Finance QQQ and RSP,QQQ/RSP,2026-09-11T22:10:47+08:00,confirmed
2019-05-22,181.0200042724609,104.63999938964844,1.729931243581108,Derived from Yahoo Finance QQQ and RSP,QQQ/RSP,2026-09-11T22:10:47+08:00,confirmed
2019-05-23,178.25,103.33000183105467,1.725055616387582,Derived from Yahoo Finance QQQ and RSP,QQQ/RSP,2026-09-11T22:10:47+08:00,confirmed
2019-05-24,178.16000366210938,103.5199966430664,1.7210201839205936,Derived from Yahoo Finance QQQ and RSP,QQQ/RSP,2026-09-11T22:10:47+08:00,confirmed
2019-05-28,177.49000549316406,102.38999938964844,1.7334701294187935,Derived from Yahoo Finance QQQ and RSP,QQQ/RSP,2026-09-11T22:10:47+08:00,confirmed
2019-05-29,176.02999877929688,101.69000244140624,1.7310452802941503,Derived from Yahoo Finance QQQ and RSP,QQQ/RSP,2026-09-11T22:10:47+08:00,confirmed
2019-05-30,176.77000427246094,101.8499984741211,1.7355916241606635,Derived from Yahoo Finance QQQ and RSP,QQQ/RSP,2026-09-11T22:10:47+08:00,confirmed
2019-05-31,173.9499969482422,100.69000244140624,1.7275796278728623,Derived from Yahoo Finance QQQ and RSP,QQQ/RSP,2026-09-11T22:10:47+08:00,confirmed
2019-06-03,170.1199951171875,101.2699966430664,1.6798657130086416,Derived from Yahoo Finance QQQ and RSP,QQQ/RSP,2026-09-11T22:10:47+08:00,confirmed
2019-06-04,174.91000366210938,103.54000091552734,1.6892988421432307,Derived from Yahoo Finance QQQ and RSP,QQQ/RSP,2026-09-11T22:10:47+08:00,confirmed
2019-06-05,176.2100067138672,104.36000061035156,1.68848223153794,Derived from Yahoo Finance QQQ and RSP,QQQ/RSP,2026-09-11T22:10:47+08:00,confirmed
2019-06-06,177.61000061035156,104.87999725341795,1.693459241624488,Derived from Yahoo Finance QQQ and RSP,QQQ/RSP,2026-09-11T22:10:47+08:00,confirmed
2019-06-07,181.0399932861328,105.55999755859376,1.715043553175927,Derived from Yahoo Finance QQQ and RSP,QQQ/RSP,2026-09-11T22:10:47+08:00,confirmed
2019-06-10,183.1499938964844,105.88999938964844,1.7296250349623548,Derived from Yahoo Finance QQQ and RSP,QQQ/RSP,2026-09-11T22:10:47+08:00,confirmed
2019-06-11,183.3999938964844,105.77999877929688,1.7337870676207572,Derived from Yahoo Finance QQQ and RSP,QQQ/RSP,2026-09-11T22:10:47+08:00,confirmed
2019-06-12,182.33999633789065,105.6500015258789,1.7258873043482785,Derived from Yahoo Finance QQQ and RSP,QQQ/RSP,2026-09-11T22:10:47+08:00,confirmed
2019-06-13,183.4199981689453,106.2699966430664,1.7259810291046298,Derived from Yahoo Finance QQQ and RSP,QQQ/RSP,2026-09-11T22:10:47+08:00,confirmed
2019-06-14,182.63999938964844,105.9800033569336,1.7233439668286203,Derived from Yahoo Finance QQQ and RSP,QQQ/RSP,2026-09-11T22:10:47+08:00,confirmed
2019-06-17,183.7400054931641,105.80999755859376,1.736508928576579,Derived from Yahoo Finance QQQ and RSP,QQQ/RSP,2026-09-11T22:10:47+08:00,confirmed
2019-06-18,186.41000366210932,106.8499984741211,1.744595286140856,Derived from Yahoo Finance QQQ and RSP,QQQ/RSP,2026-09-11T22:10:47+08:00,confirmed
2019-06-19,187.1100006103516,107.23999786376952,1.7447781083327096,Derived from Yahoo Finance QQQ and RSP,QQQ/RSP,2026-09-11T22:10:47+08:00,confirmed
2019-06-20,188.8500061035156,108.18000030517578,1.7457016599257693,Derived from Yahoo Finance QQQ and RSP,QQQ/RSP,2026-09-11T22:10:47+08:00,confirmed
2019-06-21,188.57000732421875,107.93000030517578,1.7471509940797794,Derived from Yahoo Finance QQQ and RSP,QQQ/RSP,2026-09-11T22:10:47+08:00,confirmed
2019-06-24,188.16000366210932,106.9800033569336,1.7588334058499007,Derived from Yahoo Finance QQQ and RSP,QQQ/RSP,2026-09-11T22:10:47+08:00,confirmed
2019-06-25,184.92999267578125,106.33000183105467,1.7392080268145986,Derived from Yahoo Finance QQQ and RSP,QQQ/RSP,2026-09-11T22:10:47+08:00,confirmed
2019-06-26,185.7899932861328,106.1500015258789,1.7502589789491243,Derived from Yahoo Finance QQQ and RSP,QQQ/RSP,2026-09-11T22:10:47+08:00,confirmed
2019-06-27,186.5,106.81999969482422,1.7459277338776902,Derived from Yahoo Finance QQQ and RSP,QQQ/RSP,2026-09-11T22:10:47+08:00,confirmed
2019-06-28,186.7400054931641,107.8000030517578,1.7322820056276342,Derived from Yahoo Finance QQQ and RSP,QQQ/RSP,2026-09-11T22:10:47+08:00,confirmed
2019-07-01,189.259994506836,108.56999969482422,1.7432071017667918,Derived from Yahoo Finance QQQ and RSP,QQQ/RSP,2026-09-11T22:10:47+08:00,confirmed
2019-07-02,190.009994506836,108.4499969482422,1.752051635349684,Derived from Yahoo Finance QQQ and RSP,QQQ/RSP,2026-09-11T22:10:47+08:00,confirmed
2019-07-03,191.44000244140625,109.44000244140624,1.7492689891331326,Derived from Yahoo Finance QQQ and RSP,QQQ/RSP,2026-09-11T22:10:47+08:00,confirmed
2019-07-05,191.0500030517578,109.3000030517578,1.7479414246794505,Derived from Yahoo Finance QQQ and RSP,QQQ/RSP,2026-09-11T22:10:47+08:00,confirmed
2019-07-08,189.7100067138672,108.6999969482422,1.7452623002758512,Derived from Yahoo Finance QQQ and RSP,QQQ/RSP,2026-09-11T22:10:47+08:00,confirmed
2019-07-09,190.66000366210932,108.66000366210938,1.754647498954521,Derived from Yahoo Finance QQQ and RSP,QQQ/RSP,2026-09-11T22:10:47+08:00,confirmed
2019-07-10,192.5599975585937,108.77999877929688,1.7701783390279089,Derived from Yahoo Finance QQQ and RSP,QQQ/RSP,2026-09-11T22:10:47+08:00,confirmed
2019-07-11,192.4199981689453,109.0,1.7653210841187643,Derived from Yahoo Finance QQQ and RSP,QQQ/RSP,2026-09-11T22:10:47+08:00,confirmed
2019-07-12,193.52999877929688,109.73999786376952,1.7635320078969174,Derived from Yahoo Finance QQQ and RSP,QQQ/RSP,2026-09-11T22:10:47+08:00,confirmed
2019-07-15,194.1499938964844,109.6500015258789,1.7706337546257338,Derived from Yahoo Finance QQQ and RSP,QQQ/RSP,2026-09-11T22:10:47+08:00,confirmed
2019-07-16,193.1499938964844,109.43000030517578,1.7650552257866425,Derived from Yahoo Finance QQQ and RSP,QQQ/RSP,2026-09-11T22:10:47+08:00,confirmed
2019-07-17,192.1999969482422,108.5199966430664,1.771102127660472,Derived from Yahoo Finance QQQ and RSP,QQQ/RSP,2026-09-11T22:10:47+08:00,confirmed
2019-07-18,192.4199981689453,108.94000244140624,1.7662933161070846,Derived from Yahoo Finance QQQ and RSP,QQQ/RSP,2026-09-11T22:10:47+08:00,confirmed
2019-07-19,191.009994506836,108.4800033569336,1.7607852931046892,Derived from Yahoo Finance QQQ and RSP,QQQ/RSP,2026-09-11T22:10:47+08:00,confirmed
2019-07-22,192.52999877929688,108.51000213623048,1.7743064693481643,Derived from Yahoo Finance QQQ and RSP,QQQ/RSP,2026-09-11T22:10:47+08:00,confirmed
2019-07-23,193.7899932861328,109.4499969482422,1.7705801616218788,Derived from Yahoo Finance QQQ and RSP,QQQ/RSP,2026-09-11T22:10:47+08:00,confirmed
2019-07-24,195.1499938964844,110.18000030517578,1.7711925336354994,Derived from Yahoo Finance QQQ and RSP,QQQ/RSP,2026-09-11T22:10:47+08:00,confirmed
2019-07-25,193.3000030517578,109.47000122070312,1.765780587341408,Derived from Yahoo Finance QQQ and RSP,QQQ/RSP,2026-09-11T22:10:47+08:00,confirmed
2019-07-26,195.2899932861328,110.0199966430664,1.7750408947902856,Derived from Yahoo Finance QQQ and RSP,QQQ/RSP,2026-09-11T22:10:47+08:00,confirmed
2019-07-29,194.6199951171875,109.6999969482422,1.7741112172410687,Derived from Yahoo Finance QQQ and RSP,QQQ/RSP,2026-09-11T22:10:47+08:00,confirmed
2019-07-30,193.77999877929688,109.8000030517578,1.7648451128726506,Derived from Yahoo Finance QQQ and RSP,QQQ/RSP,2026-09-11T22:10:47+08:00,confirmed
2019-07-31,191.1000061035156,108.70999908447266,1.757888029738848,Derived from Yahoo Finance QQQ and RSP,QQQ/RSP,2026-09-11T22:10:47+08:00,confirmed
2019-08-01,190.1499938964844,107.31999969482422,1.7718038989675367,Derived from Yahoo Finance QQQ and RSP,QQQ/RSP,2026-09-11T22:10:47+08:00,confirmed
2019-08-02,187.3500061035156,106.45999908447266,1.7598159657587378,Derived from Yahoo Finance QQQ and RSP,QQQ/RSP,2026-09-11T22:10:47+08:00,confirmed
2019-08-05,180.72999572753903,103.44000244140624,1.747196359840709,Derived from Yahoo Finance QQQ and RSP,QQQ/RSP,2026-09-11T22:10:47+08:00,confirmed
2019-08-06,183.259994506836,104.58999633789062,1.7521751689788039,Derived from Yahoo Finance QQQ and RSP,QQQ/RSP,2026-09-11T22:10:47+08:00,confirmed
2019-08-07,184.25,104.7300033569336,1.7592857260975332,Derived from Yahoo Finance QQQ and RSP,QQQ/RSP,2026-09-11T22:10:47+08:00,confirmed
2019-08-08,188.259994506836,106.62000274658205,1.7657099011176973,Derived from Yahoo Finance QQQ and RSP,QQQ/RSP,2026-09-11T22:10:47+08:00,confirmed
2019-08-09,186.4900054931641,105.63999938964844,1.7653351625391818,Derived from Yahoo Finance QQQ and RSP,QQQ/RSP,2026-09-11T22:10:47+08:00,confirmed
2019-08-12,184.3500061035156,104.29000091552734,1.767667125181398,Derived from Yahoo Finance QQQ and RSP,QQQ/RSP,2026-09-11T22:10:47+08:00,confirmed
2019-08-13,188.38999938964844,105.63999938964844,1.7833207163773288,Derived from Yahoo Finance QQQ and RSP,QQQ/RSP,2026-09-11T22:10:47+08:00,confirmed
2019-08-14,182.759994506836,102.4000015258789,1.7847655447607411,Derived from Yahoo Finance QQQ and RSP,QQQ/RSP,2026-09-11T22:10:47+08:00,confirmed
2019-08-15,182.5500030517578,102.43000030517578,1.782192741461249,Derived from Yahoo Finance QQQ and RSP,QQQ/RSP,2026-09-11T22:10:47+08:00,confirmed
2019-08-16,185.47999572753903,104.08999633789062,1.7819195143925757,Derived from Yahoo Finance QQQ and RSP,QQQ/RSP,2026-09-11T22:10:47+08:00,confirmed
2019-08-19,188.42999267578125,105.29000091552734,1.7896285595719192,Derived from Yahoo Finance QQQ and RSP,QQQ/RSP,2026-09-11T22:10:47+08:00,confirmed
2019-08-20,186.97000122070312,104.44000244140624,1.790214447051536,Derived from Yahoo Finance QQQ and RSP,QQQ/RSP,2026-09-11T22:10:47+08:00,confirmed
2019-08-21,188.6300048828125,105.29000091552734,1.7915281911161502,Derived from Yahoo Finance QQQ and RSP,QQQ/RSP,2026-09-11T22:10:47+08:00,confirmed
2019-08-22,188.0200042724609,105.36000061035156,1.784548245854775,Derived from Yahoo Finance QQQ and RSP,QQQ/RSP,2026-09-11T22:10:47+08:00,confirmed
2019-08-23,182.07000732421875,102.51000213623048,1.7761194374209177,Derived from Yahoo Finance QQQ and RSP,QQQ/RSP,2026-09-11T22:10:47+08:00,confirmed
2019-08-26,184.82000732421875,103.41000366210938,1.7872546250758807,Derived from Yahoo Finance QQQ and RSP,QQQ/RSP,2026-09-11T22:10:47+08:00,confirmed
2019-08-27,184.42999267578125,102.83000183105467,1.793542637281986,Derived from Yahoo Finance QQQ and RSP,QQQ/RSP,2026-09-11T22:10:47+08:00,confirmed
2019-08-28,185.08999633789065,103.72000122070312,1.784515948317841,Derived from Yahoo Finance QQQ and RSP,QQQ/RSP,2026-09-11T22:10:47+08:00,confirmed
2019-08-29,187.9199981689453,105.12000274658205,1.7876711687496174,Derived from Yahoo Finance QQQ and RSP,QQQ/RSP,2026-09-11T22:10:47+08:00,confirmed
2019-08-30,187.47000122070312,105.16000366210938,1.7827120073432556,Derived from Yahoo Finance QQQ and RSP,QQQ/RSP,2026-09-11T22:10:47+08:00,confirmed
2019-09-03,185.6499938964844,104.56999969482422,1.775365730499025,Derived from Yahoo Finance QQQ and RSP,QQQ/RSP,2026-09-11T22:10:47+08:00,confirmed
2019-09-04,188.3300018310547,105.80999755859376,1.7798885377231422,Derived from Yahoo Finance QQQ and RSP,QQQ/RSP,2026-09-11T22:10:47+08:00,confirmed
2019-09-05,191.77999877929688,107.36000061035156,1.7863263570138765,Derived from Yahoo Finance QQQ and RSP,QQQ/RSP,2026-09-11T22:10:47+08:00,confirmed
2019-09-06,191.58999633789065,107.62000274658205,1.7802452281016639,Derived from Yahoo Finance QQQ and RSP,QQQ/RSP,2026-09-11T22:10:47+08:00,confirmed
2019-09-09,191.19000244140625,108.20999908447266,1.7668422886886488,Derived from Yahoo Finance QQQ and RSP,QQQ/RSP,2026-09-11T22:10:47+08:00,confirmed
2019-09-10,190.63999938964844,108.70999908447266,1.7536565264940571,Derived from Yahoo Finance QQQ and RSP,QQQ/RSP,2026-09-11T22:10:47+08:00,confirmed
2019-09-11,192.42999267578125,109.54000091552734,1.7567097961243874,Derived from Yahoo Finance QQQ and RSP,QQQ/RSP,2026-09-11T22:10:47+08:00,confirmed
2019-09-12,193.22999572753903,109.66999816894533,1.7619221204861382,Derived from Yahoo Finance QQQ and RSP,QQQ/RSP,2026-09-11T22:10:47+08:00,confirmed
2019-09-13,192.5399932861328,109.69000244140624,1.7553103199991544,Derived from Yahoo Finance QQQ and RSP,QQQ/RSP,2026-09-11T22:10:47+08:00,confirmed
2019-09-16,191.67999267578125,109.7699966430664,1.7461965795540422,Derived from Yahoo Finance QQQ and RSP,QQQ/RSP,2026-09-11T22:10:47+08:00,confirmed
2019-09-17,192.6000061035156,109.79000091552734,1.754258170119722,Derived from Yahoo Finance QQQ and RSP,QQQ/RSP,2026-09-11T22:10:47+08:00,confirmed
2019-09-18,192.5200042724609,109.66999816894533,1.755448230936287,Derived from Yahoo Finance QQQ and RSP,QQQ/RSP,2026-09-11T22:10:47+08:00,confirmed
2019-09-19,192.83999633789065,109.37000274658205,1.763189096600047,Derived from Yahoo Finance QQQ and RSP,QQQ/RSP,2026-09-11T22:10:47+08:00,confirmed
2019-09-20,190.8000030517578,108.87999725341795,1.7523880222707136,Derived from Yahoo Finance QQQ and RSP,QQQ/RSP,2026-09-11T22:10:47+08:00,confirmed
2019-09-23,190.5,108.4800033569336,1.7560840164541167,Derived from Yahoo Finance QQQ and RSP,QQQ/RSP,2026-09-11T22:10:47+08:00,confirmed
2019-09-24,187.97000122070312,107.5999984741211,1.7469331216199957,Derived from Yahoo Finance QQQ and RSP,QQQ/RSP,2026-09-11T22:10:47+08:00,confirmed
2019-09-25,190.0800018310547,108.20999908447266,1.7565844509680786,Derived from Yahoo Finance QQQ and RSP,QQQ/RSP,2026-09-11T22:10:47+08:00,confirmed
2019-09-26,189.3800048828125,107.9499969482422,1.7543308034887004,Derived from Yahoo Finance QQQ and RSP,QQQ/RSP,2026-09-11T22:10:47+08:00,confirmed
2019-09-27,187.02999877929688,107.56999969482422,1.738681782187417,Derived from Yahoo Finance QQQ and RSP,QQQ/RSP,2026-09-11T22:10:47+08:00,confirmed
2019-09-30,188.8099975585937,108.08000183105467,1.7469466539585388,Derived from Yahoo Finance QQQ and RSP,QQQ/RSP,2026-09-11T22:10:47+08:00,confirmed
2019-10-01,187.2700042724609,106.4000015258789,1.7600564058912402,Derived from Yahoo Finance QQQ and RSP,QQQ/RSP,2026-09-11T22:10:47+08:00,confirmed
2019-10-02,184.0500030517578,104.38999938964844,1.7630999533276044,Derived from Yahoo Finance QQQ and RSP,QQQ/RSP,2026-09-11T22:10:47+08:00,confirmed
2019-10-03,186.07000732421875,105.1500015258789,1.769567328807164,Derived from Yahoo Finance QQQ and RSP,QQQ/RSP,2026-09-11T22:10:47+08:00,confirmed
2019-10-04,188.8099975585937,106.31999969482422,1.7758652943994053,Derived from Yahoo Finance QQQ and RSP,QQQ/RSP,2026-09-11T22:10:47+08:00,confirmed
2019-10-07,188.2400054931641,105.75,1.7800473332686912,Derived from Yahoo Finance QQQ and RSP,QQQ/RSP,2026-09-11T22:10:47+08:00,confirmed
2019-10-08,185.4199981689453,103.91999816894533,1.7842571346806937,Derived from Yahoo Finance QQQ and RSP,QQQ/RSP,2026-09-11T22:10:47+08:00,confirmed
2019-10-09,187.22999572753903,104.83999633789062,1.785864195608251,Derived from Yahoo Finance QQQ and RSP,QQQ/RSP,2026-09-11T22:10:47+08:00,confirmed
2019-10-10,188.67999267578125,105.62999725341795,1.7862349482327189,Derived from Yahoo Finance QQQ and RSP,QQQ/RSP,2026-09-11T22:10:47+08:00,confirmed
2019-10-11,191.1100006103516,107.06999969482422,1.7849070809289438,Derived from Yahoo Finance QQQ and RSP,QQQ/RSP,2026-09-11T22:10:47+08:00,confirmed
2019-10-14,191.08999633789065,106.83000183105467,1.78872969262032,Derived from Yahoo Finance QQQ and RSP,QQQ/RSP,2026-09-11T22:10:47+08:00,confirmed
2019-10-15,193.5200042724609,107.73999786376952,1.7961760544784384,Derived from Yahoo Finance QQQ and RSP,QQQ/RSP,2026-09-11T22:10:47+08:00,confirmed
2019-10-16,193.0399932861328,107.55999755859376,1.7947192047951979,Derived from Yahoo Finance QQQ and RSP,QQQ/RSP,2026-09-11T22:10:47+08:00,confirmed
2019-10-17,193.5500030517578,107.97000122070312,1.7926275897331825,Derived from Yahoo Finance QQQ and RSP,QQQ/RSP,2026-09-11T22:10:47+08:00,confirmed
2019-10-18,191.69000244140625,107.83999633789062,1.7775408841891263,Derived from Yahoo Finance QQQ and RSP,QQQ/RSP,2026-09-11T22:10:47+08:00,confirmed
2019-10-21,193.38999938964844,108.66000366210938,1.7797716995392032,Derived from Yahoo Finance QQQ and RSP,QQQ/RSP,2026-09-11T22:10:47+08:00,confirmed
2019-10-22,191.8500061035156,108.66999816894533,1.765436728960401,Derived from Yahoo Finance QQQ and RSP,QQQ/RSP,2026-09-11T22:10:47+08:00,confirmed
2019-10-23,192.22000122070312,108.9800033569336,1.7638098302414265,Derived from Yahoo Finance QQQ and RSP,QQQ/RSP,2026-09-11T22:10:47+08:00,confirmed
2019-10-24,194.08999633789065,109.02999877929688,1.7801522380163997,Derived from Yahoo Finance QQQ and RSP,QQQ/RSP,2026-09-11T22:10:47+08:00,confirmed
2019-10-25,195.63999938964844,109.43000030517578,1.787809548058597,Derived from Yahoo Finance QQQ and RSP,QQQ/RSP,2026-09-11T22:10:47+08:00,confirmed
2019-10-28,197.57000732421875,109.7699966430664,1.7998543624506724,Derived from Yahoo Finance QQQ and RSP,QQQ/RSP,2026-09-11T22:10:47+08:00,confirmed
2019-10-29,196.0399932861328,109.97000122070312,1.7826679195237294,Derived from Yahoo Finance QQQ and RSP,QQQ/RSP,2026-09-11T22:10:47+08:00,confirmed
2019-10-30,196.9900054931641,109.9800033569336,1.791143839610958,Derived from Yahoo Finance QQQ and RSP,QQQ/RSP,2026-09-11T22:10:47+08:00,confirmed
2019-10-31,197.0800018310547,109.41000366210938,1.8012978268394573,Derived from Yahoo Finance QQQ and RSP,QQQ/RSP,2026-09-11T22:10:47+08:00,confirmed
2019-11-01,198.8699951171875,110.76000213623048,1.7955037132681269,Derived from Yahoo Finance QQQ and RSP,QQQ/RSP,2026-09-11T22:10:47+08:00,confirmed
2019-11-04,200.1000061035156,111.4000015258789,1.7962298326991597,Derived from Yahoo Finance QQQ and RSP,QQQ/RSP,2026-09-11T22:10:47+08:00,confirmed
2019-11-05,200.2100067138672,111.4000015258789,1.7972172708395984,Derived from Yahoo Finance QQQ and RSP,QQQ/RSP,2026-09-11T22:10:47+08:00,confirmed
2019-11-06,199.759994506836,111.27999877929688,1.7951114009537572,Derived from Yahoo Finance QQQ and RSP,QQQ/RSP,2026-09-11T22:10:47+08:00,confirmed
2019-11-07,200.42999267578125,111.5500030517578,1.7967726328325089,Derived from Yahoo Finance QQQ and RSP,QQQ/RSP,2026-09-11T22:10:47+08:00,confirmed
2019-11-08,201.22999572753903,111.80999755859376,1.799749576258464,Derived from Yahoo Finance QQQ and RSP,QQQ/RSP,2026-09-11T22:10:47+08:00,confirmed
2019-11-11,200.9600067138672,111.51000213623048,1.8021702346338104,Derived from Yahoo Finance QQQ and RSP,QQQ/RSP,2026-09-11T22:10:47+08:00,confirmed
2019-11-12,201.5399932861328,111.56999969482422,1.806399514541563,Derived from Yahoo Finance QQQ and RSP,QQQ/RSP,2026-09-11T22:10:47+08:00,confirmed
2019-11-13,201.58999633789065,111.48999786376952,1.8081442299802986,Derived from Yahoo Finance QQQ and RSP,QQQ/RSP,2026-09-11T22:10:47+08:00,confirmed
2019-11-14,201.42999267578125,111.73999786376952,1.802666874232085,Derived from Yahoo Finance QQQ and RSP,QQQ/RSP,2026-09-11T22:10:47+08:00,confirmed
2019-11-15,202.91000366210932,112.55999755859376,1.8026830851385132,Derived from Yahoo Finance QQQ and RSP,QQQ/RSP,2026-09-11T22:10:47+08:00,confirmed
2019-11-18,203.07000732421875,112.41999816894533,1.806351277635178,Derived from Yahoo Finance QQQ and RSP,QQQ/RSP,2026-09-11T22:10:47+08:00,confirmed
2019-11-19,203.3699951171875,112.33000183105467,1.8104690804070118,Derived from Yahoo Finance QQQ and RSP,QQQ/RSP,2026-09-11T22:10:47+08:00,confirmed
2019-11-20,202.1499938964844,111.9000015258789,1.8065236026805018,Derived from Yahoo Finance QQQ and RSP,QQQ/RSP,2026-09-11T22:10:47+08:00,confirmed
2019-11-21,201.6999969482422,111.66999816894533,1.8062147421466834,Derived from Yahoo Finance QQQ and RSP,QQQ/RSP,2026-09-11T22:10:47+08:00,confirmed
2019-11-22,201.8300018310547,112.0,1.802053587777274,Derived from Yahoo Finance QQQ and RSP,QQQ/RSP,2026-09-11T22:10:47+08:00,confirmed
2019-11-25,204.22000122070312,113.01000213623048,1.8070966937468196,Derived from Yahoo Finance QQQ and RSP,QQQ/RSP,2026-09-11T22:10:47+08:00,confirmed
2019-11-26,204.6100006103516,113.13999938964844,1.8084674006907593,Derived from Yahoo Finance QQQ and RSP,QQQ/RSP,2026-09-11T22:10:47+08:00,confirmed
2019-11-27,206.0399932861328,113.62000274658205,1.8134130285640304,Derived from Yahoo Finance QQQ and RSP,QQQ/RSP,2026-09-11T22:10:47+08:00,confirmed
2019-11-29,205.1000061035156,113.12999725341795,1.8129586412353509,Derived from Yahoo Finance QQQ and RSP,QQQ/RSP,2026-09-11T22:10:47+08:00,confirmed
2019-12-02,203.0,112.18000030517578,1.8095917226578395,Derived from Yahoo Finance QQQ and RSP,QQQ/RSP,2026-09-11T22:10:47+08:00,confirmed
2019-12-03,201.41000366210932,111.2699966430664,1.8101016422980167,Derived from Yahoo Finance QQQ and RSP,QQQ/RSP,2026-09-11T22:10:47+08:00,confirmed
2019-12-04,202.42999267578125,112.08000183105467,1.8061205332679855,Derived from Yahoo Finance QQQ and RSP,QQQ/RSP,2026-09-11T22:10:47+08:00,confirmed
2019-12-05,202.8300018310547,112.2699966430664,1.806626951953161,Derived from Yahoo Finance QQQ and RSP,QQQ/RSP,2026-09-11T22:10:47+08:00,confirmed
2019-12-06,205.0,113.30999755859376,1.8091960499248303,Derived from Yahoo Finance QQQ and RSP,QQQ/RSP,2026-09-11T22:10:47+08:00,confirmed
2019-12-09,204.07000732421875,112.95999908447266,1.8065687763649245,Derived from Yahoo Finance QQQ and RSP,QQQ/RSP,2026-09-11T22:10:47+08:00,confirmed
2019-12-10,203.8999938964844,112.83999633789062,1.8069833437952414,Derived from Yahoo Finance QQQ and RSP,QQQ/RSP,2026-09-11T22:10:47+08:00,confirmed
2019-12-11,204.97999572753903,113.16999816894533,1.8112573919240995,Derived from Yahoo Finance QQQ and RSP,QQQ/RSP,2026-09-11T22:10:47+08:00,confirmed
2019-12-12,206.509994506836,114.36000061035156,1.805788679649091,Derived from Yahoo Finance QQQ and RSP,QQQ/RSP,2026-09-11T22:10:47+08:00,confirmed
2019-12-13,207.19000244140625,114.04000091552734,1.8168186669419422,Derived from Yahoo Finance QQQ and RSP,QQQ/RSP,2026-09-11T22:10:47+08:00,confirmed
2019-12-16,209.2700042724609,114.76000213623048,1.8235447924098025,Derived from Yahoo Finance QQQ and RSP,QQQ/RSP,2026-09-11T22:10:47+08:00,confirmed
2019-12-17,209.38999938964844,114.77999877929688,1.8242725354290261,Derived from Yahoo Finance QQQ and RSP,QQQ/RSP,2026-09-11T22:10:47+08:00,confirmed
2019-12-18,209.5500030517578,114.9499969482422,1.8229665821227516,Derived from Yahoo Finance QQQ and RSP,QQQ/RSP,2026-09-11T22:10:47+08:00,confirmed
2019-12-19,210.8600006103516,115.33999633789062,1.8281602852893577,Derived from Yahoo Finance QQQ and RSP,QQQ/RSP,2026-09-11T22:10:47+08:00,confirmed
2019-12-20,211.7100067138672,115.93000030517578,1.8261882701333456,Derived from Yahoo Finance QQQ and RSP,QQQ/RSP,2026-09-11T22:10:47+08:00,confirmed
2019-12-23,211.8099975585937,115.5199966430664,1.8335353507068048,Derived from Yahoo Finance QQQ and RSP,QQQ/RSP,2026-09-11T22:10:47+08:00,confirmed
2019-12-24,211.9199981689453,115.5999984741211,1.8332180014378372,Derived from Yahoo Finance QQQ and RSP,QQQ/RSP,2026-09-11T22:10:47+08:00,confirmed
2019-12-26,213.7899932861328,115.8499984741211,1.8454035054121285,Derived from Yahoo Finance QQQ and RSP,QQQ/RSP,2026-09-11T22:10:47+08:00,confirmed
2019-12-27,213.6100006103516,115.69000244140624,1.8463998280105414,Derived from Yahoo Finance QQQ and RSP,QQQ/RSP,2026-09-11T22:10:47+08:00,confirmed
2019-12-30,212.2100067138672,115.29000091552734,1.8406627203459982,Derived from Yahoo Finance QQQ and RSP,QQQ/RSP,2026-09-11T22:10:47+08:00,confirmed
2019-12-31,212.6100006103516,115.72000122070312,1.837279626404931,Derived from Yahoo Finance QQQ and RSP,QQQ/RSP,2026-09-11T22:10:47+08:00,confirmed
2020-01-02,216.16000366210932,116.0500030517578,1.8626453940350427,Derived from Yahoo Finance QQQ and RSP,QQQ/RSP,2026-09-11T22:10:47+08:00,confirmed
2020-01-03,214.17999267578125,115.38999938964844,1.8561399931422065,Derived from Yahoo Finance QQQ and RSP,QQQ/RSP,2026-09-11T22:10:47+08:00,confirmed
2020-01-06,215.5599975585937,115.54000091552734,1.8656741894626792,Derived from Yahoo Finance QQQ and RSP,QQQ/RSP,2026-09-11T22:10:47+08:00,confirmed
2020-01-07,215.52999877929688,115.44000244140624,1.867030441970869,Derived from Yahoo Finance QQQ and RSP,QQQ/RSP,2026-09-11T22:10:47+08:00,confirmed
2020-01-08,217.1499938964844,115.77999877929688,1.8755397839519923,Derived from Yahoo Finance QQQ and RSP,QQQ/RSP,2026-09-11T22:10:47+08:00,confirmed
2020-01-09,218.9900054931641,116.30999755859376,1.8828132584461879,Derived from Yahoo Finance QQQ and RSP,QQQ/RSP,2026-09-11T22:10:47+08:00,confirmed
2020-01-10,218.42999267578125,115.9499969482422,1.8838292231545646,Derived from Yahoo Finance QQQ and RSP,QQQ/RSP,2026-09-11T22:10:47+08:00,confirmed
2020-01-13,220.9499969482422,116.66999816894533,1.8938030377637705,Derived from Yahoo Finance QQQ and RSP,QQQ/RSP,2026-09-11T22:10:47+08:00,confirmed
2020-01-14,220.0800018310547,116.9000015258789,1.8826347216285892,Derived from Yahoo Finance QQQ and RSP,QQQ/RSP,2026-09-11T22:10:47+08:00,confirmed
2020-01-15,220.1699981689453,117.08000183105467,1.8805090085892595,Derived from Yahoo Finance QQQ and RSP,QQQ/RSP,2026-09-11T22:10:47+08:00,confirmed
2020-01-16,222.27999877929688,118.16999816894533,1.8810188899343767,Derived from Yahoo Finance QQQ and RSP,QQQ/RSP,2026-09-11T22:10:47+08:00,confirmed
2020-01-17,223.3800048828125,118.4000015258789,1.8866554223311216,Derived from Yahoo Finance QQQ and RSP,QQQ/RSP,2026-09-11T22:10:47+08:00,confirmed
2020-01-21,223.27999877929688,117.91000366210938,1.8936476282296,Derived from Yahoo Finance QQQ and RSP,QQQ/RSP,2026-09-11T22:10:47+08:00,confirmed
2020-01-22,223.8699951171875,117.76000213623048,1.9010698968755437,Derived from Yahoo Finance QQQ and RSP,QQQ/RSP,2026-09-11T22:10:47+08:00,confirmed
2020-01-23,224.58999633789065,118.0199966430664,1.9029825684297303,Derived from Yahoo Finance QQQ and RSP,QQQ/RSP,2026-09-11T22:10:47+08:00,confirmed
2020-01-24,222.6999969482422,116.80999755859376,1.9065148669019731,Derived from Yahoo Finance QQQ and RSP,QQQ/RSP,2026-09-11T22:10:47+08:00,confirmed
2020-01-27,218.1000061035156,114.88999938964844,1.8983376034656534,Derived from Yahoo Finance QQQ and RSP,QQQ/RSP,2026-09-11T22:10:47+08:00,confirmed
2020-01-28,221.4499969482422,115.95999908447266,1.9097102336722502,Derived from Yahoo Finance QQQ and RSP,QQQ/RSP,2026-09-11T22:10:47+08:00,confirmed
2020-01-29,221.8099975585937,115.5999984741211,1.9187716305052496,Derived from Yahoo Finance QQQ and RSP,QQQ/RSP,2026-09-11T22:10:47+08:00,confirmed
2020-01-30,222.6000061035156,115.8499984741211,1.921450229049771,Derived from Yahoo Finance QQQ and RSP,QQQ/RSP,2026-09-11T22:10:47+08:00,confirmed
2020-01-31,219.07000732421875,113.54000091552734,1.9294522243945085,Derived from Yahoo Finance QQQ and RSP,QQQ/RSP,2026-09-11T22:10:47+08:00,confirmed
2020-02-03,222.3800048828125,114.3000030517578,1.9455817930478398,Derived from Yahoo Finance QQQ and RSP,QQQ/RSP,2026-09-11T22:10:47+08:00,confirmed
2020-02-04,227.47000122070312,115.9800033569336,1.9612863824521036,Derived from Yahoo Finance QQQ and RSP,QQQ/RSP,2026-09-11T22:10:47+08:00,confirmed
2020-02-05,228.22000122070312,117.66999816894533,1.9394918396534266,Derived from Yahoo Finance QQQ and RSP,QQQ/RSP,2026-09-11T22:10:47+08:00,confirmed
2020-02-06,230.19000244140625,117.63999938964844,1.956732434849549,Derived from Yahoo Finance QQQ and RSP,QQQ/RSP,2026-09-11T22:10:47+08:00,confirmed
2020-02-07,229.1999969482422,116.69000244140624,1.9641785256053175,Derived from Yahoo Finance QQQ and RSP,QQQ/RSP,2026-09-11T22:10:47+08:00,confirmed
2020-02-10,231.97000122070312,117.1999969482422,1.9792662735575461,Derived from Yahoo Finance QQQ and RSP,QQQ/RSP,2026-09-11T22:10:47+08:00,confirmed
2020-02-11,232.009994506836,117.9000015258789,1.967854041595666,Derived from Yahoo Finance QQQ and RSP,QQQ/RSP,2026-09-11T22:10:47+08:00,confirmed
2020-02-12,234.2700042724609,118.70999908447266,1.9734647972304094,Derived from Yahoo Finance QQQ and RSP,QQQ/RSP,2026-09-11T22:10:47+08:00,confirmed
2020-02-13,233.97000122070312,118.5999984741211,1.9727656343246593,Derived from Yahoo Finance QQQ and RSP,QQQ/RSP,2026-09-11T22:10:47+08:00,confirmed
2020-02-14,234.63999938964844,118.62000274658205,1.9780812169675104,Derived from Yahoo Finance QQQ and RSP,QQQ/RSP,2026-09-11T22:10:47+08:00,confirmed
2020-02-18,234.72999572753903,118.26000213623048,1.9848637873111155,Derived from Yahoo Finance QQQ and RSP,QQQ/RSP,2026-09-11T22:10:47+08:00,confirmed
2020-02-19,236.97999572753903,118.68000030517578,1.996798071437181,Derived from Yahoo Finance QQQ and RSP,QQQ/RSP,2026-09-11T22:10:47+08:00,confirmed
2020-02-20,234.77999877929688,118.6500015258789,1.9787610262111013,Derived from Yahoo Finance QQQ and RSP,QQQ/RSP,2026-09-11T22:10:47+08:00,confirmed
2020-02-21,230.2700042724609,117.56999969482422,1.9585779099274598,Derived from Yahoo Finance QQQ and RSP,QQQ/RSP,2026-09-11T22:10:47+08:00,confirmed
2020-02-24,221.38999938964844,114.01000213623048,1.9418471646470952,Derived from Yahoo Finance QQQ and RSP,QQQ/RSP,2026-09-11T22:10:47+08:00,confirmed
2020-02-25,215.3699951171875,110.18000030517578,1.954710424039365,Derived from Yahoo Finance QQQ and RSP,QQQ/RSP,2026-09-11T22:10:47+08:00,confirmed
2020-02-26,216.47999572753903,109.12999725341795,1.9836891888197943,Derived from Yahoo Finance QQQ and RSP,QQQ/RSP,2026-09-11T22:10:47+08:00,confirmed
2020-02-27,205.63999938964844,104.58000183105467,1.9663415164387992,Derived from Yahoo Finance QQQ and RSP,QQQ/RSP,2026-09-11T22:10:47+08:00,confirmed
2020-02-28,205.8000030517578,103.47000122070312,1.988982319742929,Derived from Yahoo Finance QQQ and RSP,QQQ/RSP,2026-09-11T22:10:47+08:00,confirmed
2020-03-02,216.4199981689453,107.41999816894533,2.014708637665118,Derived from Yahoo Finance QQQ and RSP,QQQ/RSP,2026-09-11T22:10:47+08:00,confirmed
2020-03-03,209.47999572753903,104.73999786376952,2.0,Derived from Yahoo Finance QQQ and RSP,QQQ/RSP,2026-09-11T22:10:47+08:00,confirmed
2020-03-04,218.22000122070312,108.87000274658205,2.0044088887244387,Derived from Yahoo Finance QQQ and RSP,QQQ/RSP,2026-09-11T22:10:47+08:00,confirmed
2020-03-05,211.58999633789065,104.97000122070312,2.0157187184652425,Derived from Yahoo Finance QQQ and RSP,QQQ/RSP,2026-09-11T22:10:47+08:00,confirmed
2020-03-06,208.0200042724609,102.81999969482422,2.023147295174834,Derived from Yahoo Finance QQQ and RSP,QQQ/RSP,2026-09-11T22:10:47+08:00,confirmed
2020-03-09,193.57000732421875,93.91000366210938,2.0612288337320126,Derived from Yahoo Finance QQQ and RSP,QQQ/RSP,2026-09-11T22:10:47+08:00,confirmed
2020-03-10,204.1100006103516,98.43000030517578,2.0736564053390416,Derived from Yahoo Finance QQQ and RSP,QQQ/RSP,2026-09-11T22:10:47+08:00,confirmed
2020-03-11,195.22000122070312,93.12000274658205,2.096434659178193,Derived from Yahoo Finance QQQ and RSP,QQQ/RSP,2026-09-11T22:10:47+08:00,confirmed
2020-03-12,177.32000732421875,83.72000122070312,2.118012478962665,Derived from Yahoo Finance QQQ and RSP,QQQ/RSP,2026-09-11T22:10:47+08:00,confirmed
2020-03-13,192.33999633789065,90.5199966430664,2.124834329107583,Derived from Yahoo Finance QQQ and RSP,QQQ/RSP,2026-09-11T22:10:47+08:00,confirmed
2020-03-16,169.3000030517578,79.62000274658203,2.1263501282537396,Derived from Yahoo Finance QQQ and RSP,QQQ/RSP,2026-09-11T22:10:47+08:00,confirmed
2020-03-17,182.13999938964844,84.12999725341797,2.164982828193883,Derived from Yahoo Finance QQQ and RSP,QQQ/RSP,2026-09-11T22:10:47+08:00,confirmed
2020-03-18,176.60000610351562,78.6500015258789,2.2453910067046516,Derived from Yahoo Finance QQQ and RSP,QQQ/RSP,2026-09-11T22:10:47+08:00,confirmed
2020-03-19,177.66000366210938,78.86000061035156,2.2528531864960297,Derived from Yahoo Finance QQQ and RSP,QQQ/RSP,2026-09-11T22:10:47+08:00,confirmed
2020-03-20,170.6999969482422,75.02999877929688,2.2750899603552126,Derived from Yahoo Finance QQQ and RSP,QQQ/RSP,2026-09-11T22:10:47+08:00,confirmed
2020-03-23,170.4600067138672,71.66000366210938,2.3787328775144743,Derived from Yahoo Finance QQQ and RSP,QQQ/RSP,2026-09-11T22:10:47+08:00,confirmed
2020-03-24,183.66000366210932,79.30999755859375,2.315723229299338,Derived from Yahoo Finance QQQ and RSP,QQQ/RSP,2026-09-11T22:10:47+08:00,confirmed
2020-03-25,182.3000030517578,81.30000305175781,2.242312376491556,Derived from Yahoo Finance QQQ and RSP,QQQ/RSP,2026-09-11T22:10:47+08:00,confirmed
2020-03-26,191.8999938964844,85.9800033569336,2.2319142405686963,Derived from Yahoo Finance QQQ and RSP,QQQ/RSP,2026-09-11T22:10:47+08:00,confirmed
2020-03-27,185.3000030517578,83.41999816894531,2.2212899438870917,Derived from Yahoo Finance QQQ and RSP,QQQ/RSP,2026-09-11T22:10:47+08:00,confirmed
2020-03-30,192.0399932861328,85.61000061035156,2.243195793914201,Derived from Yahoo Finance QQQ and RSP,QQQ/RSP,2026-09-11T22:10:47+08:00,confirmed
2020-03-31,190.3999938964844,84.0199966430664,2.2661271304894393,Derived from Yahoo Finance QQQ and RSP,QQQ/RSP,2026-09-11T22:10:47+08:00,confirmed
2020-04-01,182.3099975585937,79.87999725341797,2.282298495582295,Derived from Yahoo Finance QQQ and RSP,QQQ/RSP,2026-09-11T22:10:47+08:00,confirmed
2020-04-02,186.009994506836,81.13999938964844,2.2924574304417176,Derived from Yahoo Finance QQQ and RSP,QQQ/RSP,2026-09-11T22:10:47+08:00,confirmed
2020-04-03,183.3699951171875,79.83000183105469,2.297006024191956,Derived from Yahoo Finance QQQ and RSP,QQQ/RSP,2026-09-11T22:10:47+08:00,confirmed
2020-04-06,196.47999572753903,85.87000274658203,2.2881098106796056,Derived from Yahoo Finance QQQ and RSP,QQQ/RSP,2026-09-11T22:10:47+08:00,confirmed
2020-04-07,196.3999938964844,86.55999755859375,2.2689463890469534,Derived from Yahoo Finance QQQ and RSP,QQQ/RSP,2026-09-11T22:10:47+08:00,confirmed
2020-04-08,200.57000732421875,90.13999938964844,2.2250943940793055,Derived from Yahoo Finance QQQ and RSP,QQQ/RSP,2026-09-11T22:10:47+08:00,confirmed
2020-04-09,200.8600006103516,92.22000122070312,2.178052460980223,Derived from Yahoo Finance QQQ and RSP,QQQ/RSP,2026-09-11T22:10:47+08:00,confirmed
2020-04-13,203.02999877929688,90.2300033569336,2.250138437612009,Derived from Yahoo Finance QQQ and RSP,QQQ/RSP,2026-09-11T22:10:47+08:00,confirmed
2020-04-14,211.8600006103516,92.62000274658205,2.287410865124055,Derived from Yahoo Finance QQQ and RSP,QQQ/RSP,2026-09-11T22:10:47+08:00,confirmed
2020-04-15,209.42999267578125,89.62999725341797,2.3366060369682184,Derived from Yahoo Finance QQQ and RSP,QQQ/RSP,2026-09-11T22:10:47+08:00,confirmed
2020-04-16,213.25,89.62999725341797,2.3792257785868434,Derived from Yahoo Finance QQQ and RSP,QQQ/RSP,2026-09-11T22:10:47+08:00,confirmed
2020-04-17,215.2899932861328,92.9800033569336,2.3154440257403848,Derived from Yahoo Finance QQQ and RSP,QQQ/RSP,2026-09-11T22:10:47+08:00,confirmed
2020-04-20,212.7400054931641,91.06999969482422,2.3360053388169137,Derived from Yahoo Finance QQQ and RSP,QQQ/RSP,2026-09-11T22:10:47+08:00,confirmed
2020-04-21,204.88999938964844,88.41000366210938,2.317497917687112,Derived from Yahoo Finance QQQ and RSP,QQQ/RSP,2026-09-11T22:10:47+08:00,confirmed
2020-04-22,210.97000122070312,90.06999969482422,2.3422893520096935,Derived from Yahoo Finance QQQ and RSP,QQQ/RSP,2026-09-11T22:10:47+08:00,confirmed
2020-04-23,210.5200042724609,90.1500015258789,2.335219087179139,Derived from Yahoo Finance QQQ and RSP,QQQ/RSP,2026-09-11T22:10:47+08:00,confirmed
2020-04-24,213.83999633789065,91.44000244140624,2.338582574676953,Derived from Yahoo Finance QQQ and RSP,QQQ/RSP,2026-09-11T22:10:47+08:00,confirmed
2020-04-27,215.5599975585937,94.06999969482422,2.291485045794615,Derived from Yahoo Finance QQQ and RSP,QQQ/RSP,2026-09-11T22:10:47+08:00,confirmed
2020-04-28,211.5,95.37000274658205,2.21767845138895,Derived from Yahoo Finance QQQ and RSP,QQQ/RSP,2026-09-11T22:10:47+08:00,confirmed
2020-04-29,219.0,98.68000030517578,2.2192946830434233,Derived from Yahoo Finance QQQ and RSP,QQQ/RSP,2026-09-11T22:10:47+08:00,confirmed
2020-04-30,218.91000366210932,96.13999938964844,2.2769919393787696,Derived from Yahoo Finance QQQ and RSP,QQQ/RSP,2026-09-11T22:10:47+08:00,confirmed
2020-05-01,212.7400054931641,92.66999816894533,2.295672922161074,Derived from Yahoo Finance QQQ and RSP,QQQ/RSP,2026-09-11T22:10:47+08:00,confirmed
2020-05-04,215.22000122070312,92.73999786376952,2.320681541710306,Derived from Yahoo Finance QQQ and RSP,QQQ/RSP,2026-09-11T22:10:47+08:00,confirmed
2020-05-05,217.66000366210932,93.16000366210938,2.3364104240652512,Derived from Yahoo Finance QQQ and RSP,QQQ/RSP,2026-09-11T22:10:47+08:00,confirmed
2020-05-06,219.0,91.81999969482422,2.385101293050263,Derived from Yahoo Finance QQQ and RSP,QQQ/RSP,2026-09-11T22:10:47+08:00,confirmed
2020-05-07,221.82000732421875,93.47000122070312,2.3731679087117286,Derived from Yahoo Finance QQQ and RSP,QQQ/RSP,2026-09-11T22:10:47+08:00,confirmed
2020-05-08,224.8600006103516,96.02999877929688,2.341559965309811,Derived from Yahoo Finance QQQ and RSP,QQQ/RSP,2026-09-11T22:10:47+08:00,confirmed
2020-05-11,226.8699951171875,94.88999938964844,2.390873607086742,Derived from Yahoo Finance QQQ and RSP,QQQ/RSP,2026-09-11T22:10:47+08:00,confirmed
2020-05-12,222.1199951171875,92.41000366210938,2.4036358220410152,Derived from Yahoo Finance QQQ and RSP,QQQ/RSP,2026-09-11T22:10:47+08:00,confirmed
2020-05-13,219.33999633789065,89.69999694824219,2.445262026758508,Derived from Yahoo Finance QQQ and RSP,QQQ/RSP,2026-09-11T22:10:47+08:00,confirmed
2020-05-14,221.8300018310547,91.08999633789062,2.43528390327512,Derived from Yahoo Finance QQQ and RSP,QQQ/RSP,2026-09-11T22:10:47+08:00,confirmed
2020-05-15,223.2700042724609,91.26000213623048,2.446526397612499,Derived from Yahoo Finance QQQ and RSP,QQQ/RSP,2026-09-11T22:10:47+08:00,confirmed
2020-05-18,227.42999267578125,96.25,2.3629090148133116,Derived from Yahoo Finance QQQ and RSP,QQQ/RSP,2026-09-11T22:10:47+08:00,confirmed
2020-05-19,226.8600006103516,94.91999816894533,2.39001269475975,Derived from Yahoo Finance QQQ and RSP,QQQ/RSP,2026-09-11T22:10:47+08:00,confirmed
2020-05-20,231.38999938964844,96.6500015258789,2.394102387341315,Derived from Yahoo Finance QQQ and RSP,QQQ/RSP,2026-09-11T22:10:47+08:00,confirmed
2020-05-21,228.8699951171875,96.22000122070312,2.3786114343546987,Derived from Yahoo Finance QQQ and RSP,QQQ/RSP,2026-09-11T22:10:47+08:00,confirmed
2020-05-22,229.66000366210932,96.3000030517578,2.384839007104447,Derived from Yahoo Finance QQQ and RSP,QQQ/RSP,2026-09-11T22:10:47+08:00,confirmed
2020-05-26,229.0399932861328,99.41999816894533,2.3037617934464554,Derived from Yahoo Finance QQQ and RSP,QQQ/RSP,2026-09-11T22:10:47+08:00,confirmed
2020-05-27,230.2899932861328,101.87999725341795,2.2604043923686588,Derived from Yahoo Finance QQQ and RSP,QQQ/RSP,2026-09-11T22:10:47+08:00,confirmed
2020-05-28,229.9900054931641,100.86000061035156,2.2802895508763217,Derived from Yahoo Finance QQQ and RSP,QQQ/RSP,2026-09-11T22:10:47+08:00,confirmed
2020-05-29,233.3600006103516,100.70999908447266,2.3171482745682077,Derived from Yahoo Finance QQQ and RSP,QQQ/RSP,2026-09-11T22:10:47+08:00,confirmed
2020-06-01,234.0599975585937,101.88999938964844,2.297183226623644,Derived from Yahoo Finance QQQ and RSP,QQQ/RSP,2026-09-11T22:10:47+08:00,confirmed
2020-06-02,235.6300048828125,103.18000030517578,2.2836790481284064,Derived from Yahoo Finance QQQ and RSP,QQQ/RSP,2026-09-11T22:10:47+08:00,confirmed
2020-06-03,236.69000244140625,105.97000122070312,2.2335566642908056,Derived from Yahoo Finance QQQ and RSP,QQQ/RSP,2026-09-11T22:10:47+08:00,confirmed
2020-06-04,235.02999877929688,106.51000213623048,2.2066472074489707,Derived from Yahoo Finance QQQ and RSP,QQQ/RSP,2026-09-11T22:10:47+08:00,confirmed
2020-06-05,239.69000244140625,110.44000244140624,2.170318699228329,Derived from Yahoo Finance QQQ and RSP,QQQ/RSP,2026-09-11T22:10:47+08:00,confirmed
2020-06-08,241.5500030517578,113.08999633789062,2.1359095487991175,Derived from Yahoo Finance QQQ and RSP,QQQ/RSP,2026-09-11T22:10:47+08:00,confirmed
2020-06-09,243.3000030517578,110.26000213623048,2.2066025606561417,Derived from Yahoo Finance QQQ and RSP,QQQ/RSP,2026-09-11T22:10:47+08:00,confirmed
2020-06-10,246.22000122070312,107.54000091552734,2.2895666647251462,Derived from Yahoo Finance QQQ and RSP,QQQ/RSP,2026-09-11T22:10:47+08:00,confirmed
2020-06-11,234.0200042724609,100.0999984741211,2.337862216181374,Derived from Yahoo Finance QQQ and RSP,QQQ/RSP,2026-09-11T22:10:47+08:00,confirmed
2020-06-12,235.8800048828125,102.0999984741211,2.310284117610444,Derived from Yahoo Finance QQQ and RSP,QQQ/RSP,2026-09-11T22:10:47+08:00,confirmed
2020-06-15,238.75,103.2300033569336,2.3127965924256073,Derived from Yahoo Finance QQQ and RSP,QQQ/RSP,2026-09-11T22:10:47+08:00,confirmed
2020-06-16,242.8500061035156,105.37999725341795,2.3045171041284958,Derived from Yahoo Finance QQQ and RSP,QQQ/RSP,2026-09-11T22:10:47+08:00,confirmed
2020-06-17,243.6199951171875,104.1999969482422,2.338003860385883,Derived from Yahoo Finance QQQ and RSP,QQQ/RSP,2026-09-11T22:10:47+08:00,confirmed
2020-06-18,244.27999877929688,104.12999725341795,2.3459138117981526,Derived from Yahoo Finance QQQ and RSP,QQQ/RSP,2026-09-11T22:10:47+08:00,confirmed
2020-06-19,244.2400054931641,103.0500030517578,2.3701115794289915,Derived from Yahoo Finance QQQ and RSP,QQQ/RSP,2026-09-11T22:10:47+08:00,confirmed
2020-06-22,246.7400054931641,102.73999786376952,2.401596365812025,Derived from Yahoo Finance QQQ and RSP,QQQ/RSP,2026-09-11T22:10:47+08:00,confirmed
2020-06-23,248.83999633789065,102.86000061035156,2.4192105275259745,Derived from Yahoo Finance QQQ and RSP,QQQ/RSP,2026-09-11T22:10:47+08:00,confirmed
2020-06-24,243.7100067138672,99.45999908447266,2.450331881733491,Derived from Yahoo Finance QQQ and RSP,QQQ/RSP,2026-09-11T22:10:47+08:00,confirmed
2020-06-25,246.02999877929688,100.4800033569336,2.4485468805701394,Derived from Yahoo Finance QQQ and RSP,QQQ/RSP,2026-09-11T22:10:47+08:00,confirmed
2020-06-26,240.22000122070312,98.44000244140624,2.44026813554467,Derived from Yahoo Finance QQQ and RSP,QQQ/RSP,2026-09-11T22:10:47+08:00,confirmed
2020-06-29,242.83999633789065,100.4000015258789,2.418725026366625,Derived from Yahoo Finance QQQ and RSP,QQQ/RSP,2026-09-11T22:10:47+08:00,confirmed
2020-06-30,247.6000061035156,101.76000213623048,2.4331761095291924,Derived from Yahoo Finance QQQ and RSP,QQQ/RSP,2026-09-11T22:10:47+08:00,confirmed
2020-07-01,250.4900054931641,101.62000274658205,2.464967513510417,Derived from Yahoo Finance QQQ and RSP,QQQ/RSP,2026-09-11T22:10:47+08:00,confirmed
2020-07-02,252.19000244140625,102.2300033569336,2.4668883318030512,Derived from Yahoo Finance QQQ and RSP,QQQ/RSP,2026-09-11T22:10:47+08:00,confirmed
2020-07-06,258.3900146484375,103.3499984741211,2.500145316529816,Derived from Yahoo Finance QQQ and RSP,QQQ/RSP,2026-09-11T22:10:47+08:00,confirmed
2020-07-07,256.6099853515625,101.6999969482422,2.5232054380705446,Derived from Yahoo Finance QQQ and RSP,QQQ/RSP,2026-09-11T22:10:47+08:00,confirmed
2020-07-08,259.989990234375,102.0,2.5489214728860294,Derived from Yahoo Finance QQQ and RSP,QQQ/RSP,2026-09-11T22:10:47+08:00,confirmed
2020-07-09,262.17999267578125,100.37999725341795,2.611874873973998,Derived from Yahoo Finance QQQ and RSP,QQQ/RSP,2026-09-11T22:10:47+08:00,confirmed
2020-07-10,263.9700012207031,102.06999969482422,2.5861663761138285,Derived from Yahoo Finance QQQ and RSP,QQQ/RSP,2026-09-11T22:10:47+08:00,confirmed
2020-07-13,258.5400085449219,101.58999633789062,2.544935701001622,Derived from Yahoo Finance QQQ and RSP,QQQ/RSP,2026-09-11T22:10:47+08:00,confirmed
2020-07-14,260.3699951171875,103.23999786376952,2.521987606593707,Derived from Yahoo Finance QQQ and RSP,QQQ/RSP,2026-09-11T22:10:47+08:00,confirmed
2020-07-15,260.8999938964844,105.62999725341795,2.4699422576955734,Derived from Yahoo Finance QQQ and RSP,QQQ/RSP,2026-09-11T22:10:47+08:00,confirmed
2020-07-16,259.1199951171875,105.4800033569336,2.456579321867784,Derived from Yahoo Finance QQQ and RSP,QQQ/RSP,2026-09-11T22:10:47+08:00,confirmed
2020-07-17,259.4200134277344,105.83999633789062,2.4510584127341115,Derived from Yahoo Finance QQQ and RSP,QQQ/RSP,2026-09-11T22:10:47+08:00,confirmed
2020-07-20,266.7799987792969,105.27999877929688,2.5340045770570305,Derived from Yahoo Finance QQQ and RSP,QQQ/RSP,2026-09-11T22:10:47+08:00,confirmed
2020-07-21,264.0,106.33000183105467,2.4828364097977125,Derived from Yahoo Finance QQQ and RSP,QQQ/RSP,2026-09-11T22:10:47+08:00,confirmed
2020-07-22,264.92999267578125,107.18000030517578,2.471823025951117,Derived from Yahoo Finance QQQ and RSP,QQQ/RSP,2026-09-11T22:10:47+08:00,confirmed
2020-07-23,258.010009765625,107.0,2.4113085024824765,Derived from Yahoo Finance QQQ and RSP,QQQ/RSP,2026-09-11T22:10:47+08:00,confirmed
2020-07-24,255.5599975585937,106.22000122070312,2.405949864636068,Derived from Yahoo Finance QQQ and RSP,QQQ/RSP,2026-09-11T22:10:47+08:00,confirmed
2020-07-27,260.1199951171875,106.6500015258789,2.439006014023063,Derived from Yahoo Finance QQQ and RSP,QQQ/RSP,2026-09-11T22:10:47+08:00,confirmed
2020-07-28,256.8099975585937,106.0,2.4227358260244687,Derived from Yahoo Finance QQQ and RSP,QQQ/RSP,2026-09-11T22:10:47+08:00,confirmed
2020-07-29,259.7699890136719,107.73999786376952,2.411082180845546,Derived from Yahoo Finance QQQ and RSP,QQQ/RSP,2026-09-11T22:10:47+08:00,confirmed
2020-07-30,261.1300048828125,106.88999938964844,2.4429788228448728,Derived from Yahoo Finance QQQ and RSP,QQQ/RSP,2026-09-11T22:10:47+08:00,confirmed
2020-07-31,265.7900085449219,106.83999633789062,2.4877388399035345,Derived from Yahoo Finance QQQ and RSP,QQQ/RSP,2026-09-11T22:10:47+08:00,confirmed
2020-08-03,269.3800048828125,107.0999984741211,2.5152195025278514,Derived from Yahoo Finance QQQ and RSP,QQQ/RSP,2026-09-11T22:10:47+08:00,confirmed
2020-08-04,270.3800048828125,107.62999725341795,2.51212498172043,Derived from Yahoo Finance QQQ and RSP,QQQ/RSP,2026-09-11T22:10:47+08:00,confirmed
2020-08-05,271.04998779296875,108.5,2.4981565695204493,Derived from Yahoo Finance QQQ and RSP,QQQ/RSP,2026-09-11T22:10:47+08:00,confirmed
2020-08-06,274.6400146484375,108.41999816894533,2.533112149849699,Derived from Yahoo Finance QQQ and RSP,QQQ/RSP,2026-09-11T22:10:47+08:00,confirmed
2020-08-07,271.4700012207031,109.5199966430664,2.478725434090758,Derived from Yahoo Finance QQQ and RSP,QQQ/RSP,2026-09-11T22:10:47+08:00,confirmed
2020-08-10,270.3099975585937,110.66999816894533,2.442486690439327,Derived from Yahoo Finance QQQ and RSP,QQQ/RSP,2026-09-11T22:10:47+08:00,confirmed
2020-08-11,265.19000244140625,110.5500030517578,2.3988240173747295,Derived from Yahoo Finance QQQ and RSP,QQQ/RSP,2026-09-11T22:10:47+08:00,confirmed
2020-08-12,271.8599853515625,111.1999969482422,2.4447841080256425,Derived from Yahoo Finance QQQ and RSP,QQQ/RSP,2026-09-11T22:10:47+08:00,confirmed
2020-08-13,272.4800109863281,110.66000366210938,2.4623170248423447,Derived from Yahoo Finance QQQ and RSP,QQQ/RSP,2026-09-11T22:10:47+08:00,confirmed
2020-08-14,272.1600036621094,110.9800033569336,2.4523337126490174,Derived from Yahoo Finance QQQ and RSP,QQQ/RSP,2026-09-11T22:10:47+08:00,confirmed
2020-08-17,275.32000732421875,111.02999877929688,2.4796902670556102,Derived from Yahoo Finance QQQ and RSP,QQQ/RSP,2026-09-11T22:10:47+08:00,confirmed
2020-08-18,277.9700012207031,110.38999938964844,2.5180723141372634,Derived from Yahoo Finance QQQ and RSP,QQQ/RSP,2026-09-11T22:10:47+08:00,confirmed
2020-08-19,276.1000061035156,109.95999908447266,2.51091313570685,Derived from Yahoo Finance QQQ and RSP,QQQ/RSP,2026-09-11T22:10:47+08:00,confirmed
2020-08-20,279.92999267578125,109.4499969482422,2.557606217277076,Derived from Yahoo Finance QQQ and RSP,QQQ/RSP,2026-09-11T22:10:47+08:00,confirmed
2020-08-21,281.8699951171875,109.25,2.580045721896453,Derived from Yahoo Finance QQQ and RSP,QQQ/RSP,2026-09-11T22:10:47+08:00,confirmed
2020-08-24,283.6300048828125,111.04000091552734,2.5543047779563817,Derived from Yahoo Finance QQQ and RSP,QQQ/RSP,2026-09-11T22:10:47+08:00,confirmed
2020-08-25,285.8599853515625,111.04000091552734,2.574387454922914,Derived from Yahoo Finance QQQ and RSP,QQQ/RSP,2026-09-11T22:10:47+08:00,confirmed
2020-08-26,291.9599914550781,110.8499984741211,2.6338294584933055,Derived from Yahoo Finance QQQ and RSP,QQQ/RSP,2026-09-11T22:10:47+08:00,confirmed
2020-08-27,291.04998779296875,111.41999816894533,2.6121880504041277,Derived from Yahoo Finance QQQ and RSP,QQQ/RSP,2026-09-11T22:10:47+08:00,confirmed
2020-08-28,292.5299987792969,112.33999633789062,2.6039701648150295,Derived from Yahoo Finance QQQ and RSP,QQQ/RSP,2026-09-11T22:10:47+08:00,confirmed
2020-08-31,294.8800048828125,111.4000015258789,2.6470377095489543,Derived from Yahoo Finance QQQ and RSP,QQQ/RSP,2026-09-11T22:10:47+08:00,confirmed
2020-09-01,299.9200134277344,111.97000122070312,2.6785747089219423,Derived from Yahoo Finance QQQ and RSP,QQQ/RSP,2026-09-11T22:10:47+08:00,confirmed
2020-09-02,302.760009765625,113.95999908447266,2.656721763758568,Derived from Yahoo Finance QQQ and RSP,QQQ/RSP,2026-09-11T22:10:47+08:00,confirmed
2020-09-03,287.4100036621094,111.33999633789062,2.5813724907075426,Derived from Yahoo Finance QQQ and RSP,QQQ/RSP,2026-09-11T22:10:47+08:00,confirmed
2020-09-04,283.5799865722656,111.08000183105467,2.5529346587837836,Derived from Yahoo Finance QQQ and RSP,QQQ/RSP,2026-09-11T22:10:47+08:00,confirmed
2020-09-08,269.95001220703125,108.7699966430664,2.4818426086091026,Derived from Yahoo Finance QQQ and RSP,QQQ/RSP,2026-09-11T22:10:47+08:00,confirmed
2020-09-09,277.8800048828125,110.02999877929688,2.5254931197463404,Derived from Yahoo Finance QQQ and RSP,QQQ/RSP,2026-09-11T22:10:47+08:00,confirmed
2020-09-10,272.3399963378906,108.4499969482422,2.511203356399032,Derived from Yahoo Finance QQQ and RSP,QQQ/RSP,2026-09-11T22:10:47+08:00,confirmed
2020-09-11,270.45001220703125,109.0199966430664,2.4807376677187936,Derived from Yahoo Finance QQQ and RSP,QQQ/RSP,2026-09-11T22:10:47+08:00,confirmed
2020-09-14,275.1600036621094,110.77999877929688,2.4838419091365136,Derived from Yahoo Finance QQQ and RSP,QQQ/RSP,2026-09-11T22:10:47+08:00,confirmed
2020-09-15,279.0599975585937,110.88999938964844,2.5165479222163643,Derived from Yahoo Finance QQQ and RSP,QQQ/RSP,2026-09-11T22:10:47+08:00,confirmed
2020-09-16,274.6099853515625,111.62999725341795,2.460001720936657,Derived from Yahoo Finance QQQ and RSP,QQQ/RSP,2026-09-11T22:10:47+08:00,confirmed
2020-09-17,270.32000732421875,111.1500015258789,2.4320288224312843,Derived from Yahoo Finance QQQ and RSP,QQQ/RSP,2026-09-11T22:10:47+08:00,confirmed
2020-09-18,266.8699951171875,109.80999755859376,2.430288690014657,Derived from Yahoo Finance QQQ and RSP,QQQ/RSP,2026-09-11T22:10:47+08:00,confirmed
2020-09-21,267.510009765625,106.55999755859376,2.5104168158274422,Derived from Yahoo Finance QQQ and RSP,QQQ/RSP,2026-09-11T22:10:47+08:00,confirmed
2020-09-22,272.4800109863281,107.05999755859376,2.545115049504837,Derived from Yahoo Finance QQQ and RSP,QQQ/RSP,2026-09-11T22:10:47+08:00,confirmed
2020-09-23,264.1600036621094,104.76000213623048,2.5215731030493322,Derived from Yahoo Finance QQQ and RSP,QQQ/RSP,2026-09-11T22:10:47+08:00,confirmed
2020-09-24,265.3900146484375,104.93000030517578,2.5292100817362417,Derived from Yahoo Finance QQQ and RSP,QQQ/RSP,2026-09-11T22:10:47+08:00,confirmed
2020-09-25,271.5599975585937,106.38999938964844,2.5524955269904437,Derived from Yahoo Finance QQQ and RSP,QQQ/RSP,2026-09-11T22:10:47+08:00,confirmed
2020-09-28,277.20001220703125,108.44000244140624,2.5562523604406198,Derived from Yahoo Finance QQQ and RSP,QQQ/RSP,2026-09-11T22:10:47+08:00,confirmed
2020-09-29,275.95001220703125,107.56999969482422,2.5653064329264725,Derived from Yahoo Finance QQQ and RSP,QQQ/RSP,2026-09-11T22:10:47+08:00,confirmed
2020-09-30,277.8399963378906,108.11000061035156,2.5699749770539486,Derived from Yahoo Finance QQQ and RSP,QQQ/RSP,2026-09-11T22:10:47+08:00,confirmed
2020-10-01,282.25,108.5,2.6013824884792625,Derived from Yahoo Finance QQQ and RSP,QQQ/RSP,2026-09-11T22:10:47+08:00,confirmed
2020-10-02,274.3099975585937,108.9800033569336,2.517067251871592,Derived from Yahoo Finance QQQ and RSP,QQQ/RSP,2026-09-11T22:10:47+08:00,confirmed
2020-10-05,280.1600036621094,110.88999938964844,2.5264677175953008,Derived from Yahoo Finance QQQ and RSP,QQQ/RSP,2026-09-11T22:10:47+08:00,confirmed
2020-10-06,275.1600036621094,109.75,2.5071526529577164,Derived from Yahoo Finance QQQ and RSP,QQQ/RSP,2026-09-11T22:10:47+08:00,confirmed
2020-10-07,279.9200134277344,111.75,2.504877077653104,Derived from Yahoo Finance QQQ and RSP,QQQ/RSP,2026-09-11T22:10:47+08:00,confirmed
2020-10-08,281.4100036621094,113.4000015258789,2.4815696638054194,Derived from Yahoo Finance QQQ and RSP,QQQ/RSP,2026-09-11T22:10:47+08:00,confirmed
2020-10-09,285.7099914550781,113.56999969482422,2.51571711035321,Derived from Yahoo Finance QQQ and RSP,QQQ/RSP,2026-09-11T22:10:47+08:00,confirmed
2020-10-12,294.5299987792969,114.4499969482422,2.573438240566248,Derived from Yahoo Finance QQQ and RSP,QQQ/RSP,2026-09-11T22:10:47+08:00,confirmed
2020-10-13,294.5199890136719,113.29000091552734,2.5996997672660926,Derived from Yahoo Finance QQQ and RSP,QQQ/RSP,2026-09-11T22:10:47+08:00,confirmed
2020-10-14,292.0599975585937,112.9800033569336,2.5850592041133087,Derived from Yahoo Finance QQQ and RSP,QQQ/RSP,2026-09-11T22:10:47+08:00,confirmed
2020-10-15,290.1000061035156,113.5,2.555947190339345,Derived from Yahoo Finance QQQ and RSP,QQQ/RSP,2026-09-11T22:10:47+08:00,confirmed
2020-10-16,288.510009765625,113.4000015258789,2.544179946062738,Derived from Yahoo Finance QQQ and RSP,QQQ/RSP,2026-09-11T22:10:47+08:00,confirmed
2020-10-19,283.79998779296875,111.88999938964844,2.5364196026550756,Derived from Yahoo Finance QQQ and RSP,QQQ/RSP,2026-09-11T22:10:47+08:00,confirmed
2020-10-20,284.4100036621094,112.5,2.5280889214409723,Derived from Yahoo Finance QQQ and RSP,QQQ/RSP,2026-09-11T22:10:47+08:00,confirmed
2020-10-21,284.19000244140625,112.12000274658205,2.5346949293583543,Derived from Yahoo Finance QQQ and RSP,QQQ/RSP,2026-09-11T22:10:47+08:00,confirmed
2020-10-22,284.17999267578125,113.5500030517578,2.502685909627389,Derived from Yahoo Finance QQQ and RSP,QQQ/RSP,2026-09-11T22:10:47+08:00,confirmed
2020-10-23,284.739990234375,114.1500015258789,2.4944370252138954,Derived from Yahoo Finance QQQ and RSP,QQQ/RSP,2026-09-11T22:10:47+08:00,confirmed
2020-10-26,280.4700012207031,111.48999786376952,2.5156516870994254,Derived from Yahoo Finance QQQ and RSP,QQQ/RSP,2026-09-11T22:10:47+08:00,confirmed
2020-10-27,282.6600036621094,110.1500015258789,2.5661370834906485,Derived from Yahoo Finance QQQ and RSP,QQQ/RSP,2026-09-11T22:10:47+08:00,confirmed
2020-10-28,271.6400146484375,106.77999877929688,2.543922249052363,Derived from Yahoo Finance QQQ and RSP,QQQ/RSP,2026-09-11T22:10:47+08:00,confirmed
2020-10-29,276.3900146484375,107.86000061035156,2.5624885322122997,Derived from Yahoo Finance QQQ and RSP,QQQ/RSP,2026-09-11T22:10:47+08:00,confirmed
2020-10-30,269.3800048828125,107.51000213623048,2.505627379129522,Derived from Yahoo Finance QQQ and RSP,QQQ/RSP,2026-09-11T22:10:47+08:00,confirmed
2020-11-02,269.9800109863281,109.91000366210938,2.4563734145284326,Derived from Yahoo Finance QQQ and RSP,QQQ/RSP,2026-09-11T22:10:47+08:00,confirmed
2020-11-03,274.6499938964844,112.1999969482422,2.447860974748335,Derived from Yahoo Finance QQQ and RSP,QQQ/RSP,2026-09-11T22:10:47+08:00,confirmed
2020-11-04,286.9100036621094,112.29000091552734,2.555080606669011,Derived from Yahoo Finance QQQ and RSP,QQQ/RSP,2026-09-11T22:10:47+08:00,confirmed
2020-11-05,294.3900146484375,114.47000122070312,2.5717656286282446,Derived from Yahoo Finance QQQ and RSP,QQQ/RSP,2026-09-11T22:10:47+08:00,confirmed
2020-11-06,294.6099853515625,114.0,2.584298117118969,Derived from Yahoo Finance QQQ and RSP,QQQ/RSP,2026-09-11T22:10:47+08:00,confirmed
2020-11-09,288.5899963378906,118.88999938964844,2.4273698193240776,Derived from Yahoo Finance QQQ and RSP,QQQ/RSP,2026-09-11T22:10:47+08:00,confirmed
2020-11-10,283.4200134277344,119.54000091552734,2.3709219613275097,Derived from Yahoo Finance QQQ and RSP,QQQ/RSP,2026-09-11T22:10:47+08:00,confirmed
2020-11-11,289.760009765625,119.31999969482422,2.4284278453463153,Derived from Yahoo Finance QQQ and RSP,QQQ/RSP,2026-09-11T22:10:47+08:00,confirmed
2020-11-12,288.3999938964844,117.45999908447266,2.4553039004289308,Derived from Yahoo Finance QQQ and RSP,QQQ/RSP,2026-09-11T22:10:47+08:00,confirmed
2020-11-13,290.92999267578125,120.0500030517578,2.423406791171434,Derived from Yahoo Finance QQQ and RSP,QQQ/RSP,2026-09-11T22:10:47+08:00,confirmed
2020-11-16,293.20001220703125,122.55999755859376,2.392297797385787,Derived from Yahoo Finance QQQ and RSP,QQQ/RSP,2026-09-11T22:10:47+08:00,confirmed
2020-11-17,292.2699890136719,122.2699966430664,2.390365560137158,Derived from Yahoo Finance QQQ and RSP,QQQ/RSP,2026-09-11T22:10:47+08:00,confirmed
2020-11-18,290.1099853515625,120.81999969482422,2.401175186925534,Derived from Yahoo Finance QQQ and RSP,QQQ/RSP,2026-09-11T22:10:47+08:00,confirmed
2020-11-19,292.3800048828125,121.43000030517578,2.4078070011365242,Derived from Yahoo Finance QQQ and RSP,QQQ/RSP,2026-09-11T22:10:47+08:00,confirmed
2020-11-20,290.3800048828125,120.73999786376952,2.4050025676698055,Derived from Yahoo Finance QQQ and RSP,QQQ/RSP,2026-09-11T22:10:47+08:00,confirmed
2020-11-23,290.3900146484375,122.52999877929688,2.3699503594339615,Derived from Yahoo Finance QQQ and RSP,QQQ/RSP,2026-09-11T22:10:47+08:00,confirmed
2020-11-24,294.4700012207031,125.1999969482422,2.351996872191916,Derived from Yahoo Finance QQQ and RSP,QQQ/RSP,2026-09-11T22:10:47+08:00,confirmed
2020-11-25,296.2799987792969,124.2699966430664,2.3841635695081327,Derived from Yahoo Finance QQQ and RSP,QQQ/RSP,2026-09-11T22:10:47+08:00,confirmed
2020-11-27,299.010009765625,124.20999908447266,2.407294195069388,Derived from Yahoo Finance QQQ and RSP,QQQ/RSP,2026-09-11T22:10:47+08:00,confirmed
2020-11-30,299.6199951171875,122.87999725341795,2.4383138168474647,Derived from Yahoo Finance QQQ and RSP,QQQ/RSP,2026-09-11T22:10:47+08:00,confirmed
2020-12-01,303.4599914550781,124.0199966430664,2.4468634064589265,Derived from Yahoo Finance QQQ and RSP,QQQ/RSP,2026-09-11T22:10:47+08:00,confirmed
2020-12-02,303.8500061035156,124.37000274658205,2.4431132861084226,Derived from Yahoo Finance QQQ and RSP,QQQ/RSP,2026-09-11T22:10:47+08:00,confirmed
2020-12-03,304.2799987792969,125.06999969482422,2.4328775847265707,Derived from Yahoo Finance QQQ and RSP,QQQ/RSP,2026-09-11T22:10:47+08:00,confirmed
2020-12-04,305.5199890136719,127.08000183105467,2.404154741985624,Derived from Yahoo Finance QQQ and RSP,QQQ/RSP,2026-09-11T22:10:47+08:00,confirmed
2020-12-07,307.25,126.4499969482422,2.429814214434199,Derived from Yahoo Finance QQQ and RSP,QQQ/RSP,2026-09-11T22:10:47+08:00,confirmed
2020-12-08,308.2900085449219,126.8000030517578,2.4313091571384478,Derived from Yahoo Finance QQQ and RSP,QQQ/RSP,2026-09-11T22:10:47+08:00,confirmed
2020-12-09,301.3099975585937,126.38999938964844,2.3839702430069916,Derived from Yahoo Finance QQQ and RSP,QQQ/RSP,2026-09-11T22:10:47+08:00,confirmed
2020-12-10,302.5199890136719,126.5,2.391462363744442,Derived from Yahoo Finance QQQ and RSP,QQQ/RSP,2026-09-11T22:10:47+08:00,confirmed
2020-12-11,301.8500061035156,125.72000122070312,2.4009704356716792,Derived from Yahoo Finance QQQ and RSP,QQQ/RSP,2026-09-11T22:10:47+08:00,confirmed
2020-12-14,304.0400085449219,124.81999969482422,2.435827666145469,Derived from Yahoo Finance QQQ and RSP,QQQ/RSP,2026-09-11T22:10:47+08:00,confirmed
2020-12-15,307.2900085449219,126.88999938964844,2.421703916959671,Derived from Yahoo Finance QQQ and RSP,QQQ/RSP,2026-09-11T22:10:47+08:00,confirmed
2020-12-16,308.9800109863281,126.62000274658205,2.4402148498189686,Derived from Yahoo Finance QQQ and RSP,QQQ/RSP,2026-09-11T22:10:47+08:00,confirmed
2020-12-17,311.0,127.33999633789062,2.442280579110245,Derived from Yahoo Finance QQQ and RSP,QQQ/RSP,2026-09-11T22:10:47+08:00,confirmed
2020-12-18,310.0599975585937,127.04000091552734,2.440648577803158,Derived from Yahoo Finance QQQ and RSP,QQQ/RSP,2026-09-11T22:10:47+08:00,confirmed
2020-12-21,308.9200134277344,125.58999633789062,2.459750158735636,Derived from Yahoo Finance QQQ and RSP,QQQ/RSP,2026-09-11T22:10:47+08:00,confirmed
2020-12-22,309.760009765625,125.11000061035156,2.475901272915473,Derived from Yahoo Finance QQQ and RSP,QQQ/RSP,2026-09-11T22:10:47+08:00,confirmed
2020-12-23,308.20001220703125,125.83999633789062,2.449141935601215,Derived from Yahoo Finance QQQ and RSP,QQQ/RSP,2026-09-11T22:10:47+08:00,confirmed
2020-12-24,309.5599975585937,126.08000183105467,2.455266442440249,Derived from Yahoo Finance QQQ and RSP,QQQ/RSP,2026-09-11T22:10:47+08:00,confirmed
2020-12-28,312.67999267578125,126.45999908447266,2.4725604534198795,Derived from Yahoo Finance QQQ and RSP,QQQ/RSP,2026-09-11T22:10:47+08:00,confirmed
2020-12-29,312.9599914550781,125.83000183105467,2.487165118818587,Derived from Yahoo Finance QQQ and RSP,QQQ/RSP,2026-09-11T22:10:47+08:00,confirmed
2020-12-30,312.9700012207031,126.7300033569336,2.46958094319012,Derived from Yahoo Finance QQQ and RSP,QQQ/RSP,2026-09-11T22:10:47+08:00,confirmed
2020-12-31,313.739990234375,127.54000091552734,2.4599340440821558,Derived from Yahoo Finance QQQ and RSP,QQQ/RSP,2026-09-11T22:10:47+08:00,confirmed
2021-01-04,309.3099975585937,125.6999969482422,2.460700119873146,Derived from Yahoo Finance QQQ and RSP,QQQ/RSP,2026-09-11T22:10:47+08:00,confirmed
2021-01-05,311.8599853515625,126.7699966430664,2.4600457017415205,Derived from Yahoo Finance QQQ and RSP,QQQ/RSP,2026-09-11T22:10:47+08:00,confirmed
2021-01-06,307.5400085449219,129.8000030517578,2.369337452344205,Derived from Yahoo Finance QQQ and RSP,QQQ/RSP,2026-09-11T22:10:47+08:00,confirmed
2021-01-07,314.9800109863281,131.08999633789062,2.4027768692162623,Derived from Yahoo Finance QQQ and RSP,QQQ/RSP,2026-09-11T22:10:47+08:00,confirmed
2021-01-08,319.0299987792969,131.32000732421875,2.429408932270594,Derived from Yahoo Finance QQQ and RSP,QQQ/RSP,2026-09-11T22:10:47+08:00,confirmed
2021-01-11,314.4200134277344,131.1699981689453,2.397042142386595,Derived from Yahoo Finance QQQ and RSP,QQQ/RSP,2026-09-11T22:10:47+08:00,confirmed
2021-01-12,313.9200134277344,132.1999969482422,2.3745841200785933,Derived from Yahoo Finance QQQ and RSP,QQQ/RSP,2026-09-11T22:10:47+08:00,confirmed
2021-01-13,316.0400085449219,131.77000427246094,2.398421479075357,Derived from Yahoo Finance QQQ and RSP,QQQ/RSP,2026-09-11T22:10:47+08:00,confirmed
2021-01-14,314.3500061035156,132.2100067138672,2.3776566836112583,Derived from Yahoo Finance QQQ and RSP,QQQ/RSP,2026-09-11T22:10:47+08:00,confirmed
2021-01-15,311.8599853515625,131.22000122070312,2.376619284029995,Derived from Yahoo Finance QQQ and RSP,QQQ/RSP,2026-09-11T22:10:47+08:00,confirmed
2021-01-19,316.4100036621094,131.85000610351562,2.3997723854005395,Derived from Yahoo Finance QQQ and RSP,QQQ/RSP,2026-09-11T22:10:47+08:00,confirmed
2021-01-20,323.7699890136719,132.6699981689453,2.440416020820133,Derived from Yahoo Finance QQQ and RSP,QQQ/RSP,2026-09-11T22:10:47+08:00,confirmed
2021-01-21,326.3599853515625,132.0,2.472424131451231,Derived from Yahoo Finance QQQ and RSP,QQQ/RSP,2026-09-11T22:10:47+08:00,confirmed
2021-01-22,325.4200134277344,131.44000244140625,2.4758065077851863,Derived from Yahoo Finance QQQ and RSP,QQQ/RSP,2026-09-11T22:10:47+08:00,confirmed
2021-01-25,328.1099853515625,131.32000732421875,2.4985529017028214,Derived from Yahoo Finance QQQ and RSP,QQQ/RSP,2026-09-11T22:10:47+08:00,confirmed
2021-01-26,328.5899963378906,130.6699981689453,2.5146552455985454,Derived from Yahoo Finance QQQ and RSP,QQQ/RSP,2026-09-11T22:10:47+08:00,confirmed
2021-01-27,319.42999267578125,127.66000366210938,2.5021931968704063,Derived from Yahoo Finance QQQ and RSP,QQQ/RSP,2026-09-11T22:10:47+08:00,confirmed
2021-01-28,321.32000732421875,128.7899932861328,2.49491438834337,Derived from Yahoo Finance QQQ and RSP,QQQ/RSP,2026-09-11T22:10:47+08:00,confirmed
2021-01-29,314.5599975585937,126.5,2.486640296905879,Derived from Yahoo Finance QQQ and RSP,QQQ/RSP,2026-09-11T22:10:47+08:00,confirmed
2021-02-01,322.4200134277344,128.17999267578125,2.5153692608117417,Derived from Yahoo Finance QQQ and RSP,QQQ/RSP,2026-09-11T22:10:47+08:00,confirmed
2021-02-02,327.67999267578125,129.8699951171875,2.5231385616061734,Derived from Yahoo Finance QQQ and RSP,QQQ/RSP,2026-09-11T22:10:47+08:00,confirmed
2021-02-03,326.3800048828125,130.2100067138672,2.5065662242075093,Derived from Yahoo Finance QQQ and RSP,QQQ/RSP,2026-09-11T22:10:47+08:00,confirmed
2021-02-04,330.239990234375,131.8699951171875,2.5042845413083104,Derived from Yahoo Finance QQQ and RSP,QQQ/RSP,2026-09-11T22:10:47+08:00,confirmed
2021-02-05,331.3599853515625,132.5500030517578,2.4998866670879956,Derived from Yahoo Finance QQQ and RSP,QQQ/RSP,2026-09-11T22:10:47+08:00,confirmed
2021-02-08,333.5799865722656,134.10000610351562,2.487546393657624,Derived from Yahoo Finance QQQ and RSP,QQQ/RSP,2026-09-11T22:10:47+08:00,confirmed
2021-02-09,333.510009765625,134.0500030517578,2.4879522728310124,Derived from Yahoo Finance QQQ and RSP,QQQ/RSP,2026-09-11T22:10:47+08:00,confirmed
2021-02-10,332.75,134.4600067138672,2.4747135459251965,Derived from Yahoo Finance QQQ and RSP,QQQ/RSP,2026-09-11T22:10:47+08:00,confirmed
2021-02-11,334.5799865722656,134.5,2.48758354328822,Derived from Yahoo Finance QQQ and RSP,QQQ/RSP,2026-09-11T22:10:47+08:00,confirmed
2021-02-12,336.45001220703125,135.30999755859375,2.4865125879655503,Derived from Yahoo Finance QQQ and RSP,QQQ/RSP,2026-09-11T22:10:47+08:00,confirmed
2021-02-16,335.5400085449219,135.41000366210938,2.4779558339146046,Derived from Yahoo Finance QQQ and RSP,QQQ/RSP,2026-09-11T22:10:47+08:00,confirmed
2021-02-17,333.92999267578125,135.33999633789062,2.467341522916032,Derived from Yahoo Finance QQQ and RSP,QQQ/RSP,2026-09-11T22:10:47+08:00,confirmed
2021-02-18,332.4700012207031,134.5800018310547,2.4704264875703457,Derived from Yahoo Finance QQQ and RSP,QQQ/RSP,2026-09-11T22:10:47+08:00,confirmed
2021-02-19,331.0199890136719,135.60000610351562,2.4411502515787107,Derived from Yahoo Finance QQQ and RSP,QQQ/RSP,2026-09-11T22:10:47+08:00,confirmed
2021-02-22,322.44000244140625,135.8300018310547,2.373849650995787,Derived from Yahoo Finance QQQ and RSP,QQQ/RSP,2026-09-11T22:10:47+08:00,confirmed
2021-02-23,321.4800109863281,136.19000244140625,2.3605257744571975,Derived from Yahoo Finance QQQ and RSP,QQQ/RSP,2026-09-11T22:10:47+08:00,confirmed
2021-02-24,324.1300048828125,138.33999633789062,2.342995615607335,Derived from Yahoo Finance QQQ and RSP,QQQ/RSP,2026-09-11T22:10:47+08:00,confirmed
2021-02-25,312.8299865722656,135.1199951171875,2.315201286833625,Derived from Yahoo Finance QQQ and RSP,QQQ/RSP,2026-09-11T22:10:47+08:00,confirmed
2021-02-26,314.1400146484375,134.1999969482422,2.3408347376460372,Derived from Yahoo Finance QQQ and RSP,QQQ/RSP,2026-09-11T22:10:47+08:00,confirmed
2021-03-01,323.5899963378906,137.24000549316406,2.357840158742989,Derived from Yahoo Finance QQQ and RSP,QQQ/RSP,2026-09-11T22:10:47+08:00,confirmed
2021-03-02,318.3999938964844,136.55999755859375,2.331575861077975,Derived from Yahoo Finance QQQ and RSP,QQQ/RSP,2026-09-11T22:10:47+08:00,confirmed
2021-03-03,309.1600036621094,135.86000061035156,2.2755778174091486,Derived from Yahoo Finance QQQ and RSP,QQQ/RSP,2026-09-11T22:10:47+08:00,confirmed
2021-03-04,304.1000061035156,134.00999450683594,2.269233777843363,Derived from Yahoo Finance QQQ and RSP,QQQ/RSP,2026-09-11T22:10:47+08:00,confirmed
2021-03-05,308.67999267578125,137.07000732421875,2.2519878615432227,Derived from Yahoo Finance QQQ and RSP,QQQ/RSP,2026-09-11T22:10:47+08:00,confirmed
2021-03-08,299.94000244140625,137.97000122070312,2.1739508573433186,Derived from Yahoo Finance QQQ and RSP,QQQ/RSP,2026-09-11T22:10:47+08:00,confirmed
2021-03-09,311.7699890136719,138.1699981689453,2.2564231971144686,Derived from Yahoo Finance QQQ and RSP,QQQ/RSP,2026-09-11T22:10:47+08:00,confirmed
2021-03-10,310.8800048828125,139.58999633789062,2.22709372475588,Derived from Yahoo Finance QQQ and RSP,QQQ/RSP,2026-09-11T22:10:47+08:00,confirmed
2021-03-11,318.0400085449219,140.52999877929688,2.2631467395399714,Derived from Yahoo Finance QQQ and RSP,QQQ/RSP,2026-09-11T22:10:47+08:00,confirmed
2021-03-12,315.4599914550781,141.60000610351562,2.2278247023835824,Derived from Yahoo Finance QQQ and RSP,QQQ/RSP,2026-09-11T22:10:47+08:00,confirmed
2021-03-15,318.8299865722656,142.8000030517578,2.232702939485973,Derived from Yahoo Finance QQQ and RSP,QQQ/RSP,2026-09-11T22:10:47+08:00,confirmed
2021-03-16,320.5799865722656,141.47999572753906,2.265903281405491,Derived from Yahoo Finance QQQ and RSP,QQQ/RSP,2026-09-11T22:10:47+08:00,confirmed
2021-03-17,321.8999938964844,142.2100067138672,2.263553749379686,Derived from Yahoo Finance QQQ and RSP,QQQ/RSP,2026-09-11T22:10:47+08:00,confirmed
2021-03-18,312.0400085449219,140.82000732421875,2.2158783717891204,Derived from Yahoo Finance QQQ and RSP,QQQ/RSP,2026-09-11T22:10:47+08:00,confirmed
2021-03-19,313.1400146484375,140.55999755859375,2.2278032163304653,Derived from Yahoo Finance QQQ and RSP,QQQ/RSP,2026-09-11T22:10:47+08:00,confirmed
2021-03-22,318.6099853515625,140.10000610351562,2.2741611097158074,Derived from Yahoo Finance QQQ and RSP,QQQ/RSP,2026-09-11T22:10:47+08:00,confirmed
2021-03-23,317.2200012207031,138.0800018310547,2.2973638254208018,Derived from Yahoo Finance QQQ and RSP,QQQ/RSP,2026-09-11T22:10:47+08:00,confirmed
2021-03-24,311.8699951171875,137.89999389648438,2.261566417118879,Derived from Yahoo Finance QQQ and RSP,QQQ/RSP,2026-09-11T22:10:47+08:00,confirmed
2021-03-25,311.3299865722656,139.55999755859375,2.2307967327210285,Derived from Yahoo Finance QQQ and RSP,QQQ/RSP,2026-09-11T22:10:47+08:00,confirmed
2021-03-26,316.0,142.1699981689453,2.2226911730313645,Derived from Yahoo Finance QQQ and RSP,QQQ/RSP,2026-09-11T22:10:47+08:00,confirmed
2021-03-29,315.9100036621094,141.42999267578125,2.2336846498062957,Derived from Yahoo Finance QQQ and RSP,QQQ/RSP,2026-09-11T22:10:47+08:00,confirmed
2021-03-30,314.32000732421875,141.6999969482422,2.2182075800539947,Derived from Yahoo Finance QQQ and RSP,QQQ/RSP,2026-09-11T22:10:47+08:00,confirmed
2021-03-31,319.1300048828125,141.66000366210938,2.2527883427421656,Derived from Yahoo Finance QQQ and RSP,QQQ/RSP,2026-09-11T22:10:47+08:00,confirmed
2021-04-01,324.57000732421875,143.0800018310547,2.268451238262234,Derived from Yahoo Finance QQQ and RSP,QQQ/RSP,2026-09-11T22:10:47+08:00,confirmed
2021-04-05,331.04998779296875,144.3800048828125,2.292907442839255,Derived from Yahoo Finance QQQ and RSP,QQQ/RSP,2026-09-11T22:10:47+08:00,confirmed
2021-04-06,330.82000732421875,144.57000732421875,2.2883031788350676,Derived from Yahoo Finance QQQ and RSP,QQQ/RSP,2026-09-11T22:10:47+08:00,confirmed
2021-04-07,331.6199951171875,144.02999877929688,2.30243697790585,Derived from Yahoo Finance QQQ and RSP,QQQ/RSP,2026-09-11T22:10:47+08:00,confirmed
2021-04-08,335.0799865722656,144.3000030517578,2.3221065799428877,Derived from Yahoo Finance QQQ and RSP,QQQ/RSP,2026-09-11T22:10:47+08:00,confirmed
2021-04-09,337.1099853515625,145.1300048828125,2.322813849718859,Derived from Yahoo Finance QQQ and RSP,QQQ/RSP,2026-09-11T22:10:47+08:00,confirmed
2021-04-12,336.6700134277344,145.3800048828125,2.315793108544166,Derived from Yahoo Finance QQQ and RSP,QQQ/RSP,2026-09-11T22:10:47+08:00,confirmed
2021-04-13,340.6000061035156,145.1300048828125,2.3468613976726482,Derived from Yahoo Finance QQQ and RSP,QQQ/RSP,2026-09-11T22:10:47+08:00,confirmed
2021-04-14,336.510009765625,145.36000061035156,2.3150110646164994,Derived from Yahoo Finance QQQ and RSP,QQQ/RSP,2026-09-11T22:10:47+08:00,confirmed
2021-04-15,341.6099853515625,146.5,2.331808773730802,Derived from Yahoo Finance QQQ and RSP,QQQ/RSP,2026-09-11T22:10:47+08:00,confirmed
2021-04-16,342.010009765625,147.14999389648438,2.3242271420426888,Derived from Yahoo Finance QQQ and RSP,QQQ/RSP,2026-09-11T22:10:47+08:00,confirmed
2021-04-19,338.8800048828125,146.4600067138672,2.313805744559798,Derived from Yahoo Finance QQQ and RSP,QQQ/RSP,2026-09-11T22:10:47+08:00,confirmed
2021-04-20,336.4100036621094,145.3699951171875,2.3141639606640854,Derived from Yahoo Finance QQQ and RSP,QQQ/RSP,2026-09-11T22:10:47+08:00,confirmed
2021-04-21,339.2900085449219,147.2899932861328,2.3035509811301327,Derived from Yahoo Finance QQQ and RSP,QQQ/RSP,2026-09-11T22:10:47+08:00,confirmed
2021-04-22,335.20001220703125,146.36000061035156,2.2902433097101507,Derived from Yahoo Finance QQQ and RSP,QQQ/RSP,2026-09-11T22:10:47+08:00,confirmed
2021-04-23,339.4200134277344,147.94000244140625,2.2943085563498387,Derived from Yahoo Finance QQQ and RSP,QQQ/RSP,2026-09-11T22:10:47+08:00,confirmed
2021-04-26,341.6300048828125,148.19000244140625,2.305351233244575,Derived from Yahoo Finance QQQ and RSP,QQQ/RSP,2026-09-11T22:10:47+08:00,confirmed
2021-04-27,340.1499938964844,148.35000610351562,2.292888304022951,Derived from Yahoo Finance QQQ and RSP,QQQ/RSP,2026-09-11T22:10:47+08:00,confirmed
2021-04-28,339.0,148.38999938964844,2.2845205296472852,Derived from Yahoo Finance QQQ and RSP,QQQ/RSP,2026-09-11T22:10:47+08:00,confirmed
2021-04-29,340.2200012207031,149.36000061035156,2.277852168120062,Derived from Yahoo Finance QQQ and RSP,QQQ/RSP,2026-09-11T22:10:47+08:00,confirmed
2021-04-30,337.989990234375,148.27999877929688,2.279403783496428,Derived from Yahoo Finance QQQ and RSP,QQQ/RSP,2026-09-11T22:10:47+08:00,confirmed
2021-05-03,336.19000244140625,149.16000366210938,2.2538884029727835,Derived from Yahoo Finance QQQ and RSP,QQQ/RSP,2026-09-11T22:10:47+08:00,confirmed
2021-05-04,330.1400146484375,148.99000549316406,2.215853429601927,Derived from Yahoo Finance QQQ and RSP,QQQ/RSP,2026-09-11T22:10:47+08:00,confirmed
2021-05-05,329.0299987792969,149.3000030517578,2.2038177632537095,Derived from Yahoo Finance QQQ and RSP,QQQ/RSP,2026-09-11T22:10:47+08:00,confirmed
2021-05-06,331.510009765625,150.05999755859375,2.2091830944897937,Derived from Yahoo Finance QQQ and RSP,QQQ/RSP,2026-09-11T22:10:47+08:00,confirmed
2021-05-07,334.20001220703125,151.63999938964844,2.203904072488707,Derived from Yahoo Finance QQQ and RSP,QQQ/RSP,2026-09-11T22:10:47+08:00,confirmed
2021-05-10,325.760009765625,151.1300048828125,2.1554952639498826,Derived from Yahoo Finance QQQ and RSP,QQQ/RSP,2026-09-11T22:10:47+08:00,confirmed
2021-05-11,325.3099975585937,149.30999755859375,2.178755628409492,Derived from Yahoo Finance QQQ and RSP,QQQ/RSP,2026-09-11T22:10:47+08:00,confirmed
2021-05-12,316.8900146484375,146.0,2.170479552386558,Derived from Yahoo Finance QQQ and RSP,QQQ/RSP,2026-09-11T22:10:47+08:00,confirmed
2021-05-13,319.3399963378906,147.97000122070312,2.15814012099373,Derived from Yahoo Finance QQQ and RSP,QQQ/RSP,2026-09-11T22:10:47+08:00,confirmed
2021-05-14,326.3900146484375,150.2899932861328,2.1717348408355632,Derived from Yahoo Finance QQQ and RSP,QQQ/RSP,2026-09-11T22:10:47+08:00,confirmed
2021-05-17,324.4100036621094,150.1300048828125,2.1608605416041597,Derived from Yahoo Finance QQQ and RSP,QQQ/RSP,2026-09-11T22:10:47+08:00,confirmed
2021-05-18,322.2200012207031,148.8000030517578,2.1654569530393344,Derived from Yahoo Finance QQQ and RSP,QQQ/RSP,2026-09-11T22:10:47+08:00,confirmed
2021-05-19,322.5899963378906,148.02999877929688,2.179220421523149,Derived from Yahoo Finance QQQ and RSP,QQQ/RSP,2026-09-11T22:10:47+08:00,confirmed
2021-05-20,328.8299865722656,149.14999389648438,2.2046932620090205,Derived from Yahoo Finance QQQ and RSP,QQQ/RSP,2026-09-11T22:10:47+08:00,confirmed
2021-05-21,327.010009765625,149.35000610351562,2.189554713101062,Derived from Yahoo Finance QQQ and RSP,QQQ/RSP,2026-09-11T22:10:47+08:00,confirmed
2021-05-24,332.510009765625,150.2100067138672,2.213634211461147,Derived from Yahoo Finance QQQ and RSP,QQQ/RSP,2026-09-11T22:10:47+08:00,confirmed
2021-05-25,332.9700012207031,149.5800018310547,2.226032873009194,Derived from Yahoo Finance QQQ and RSP,QQQ/RSP,2026-09-11T22:10:47+08:00,confirmed
2021-05-26,334.1300048828125,150.08999633789062,2.2261977016149777,Derived from Yahoo Finance QQQ and RSP,QQQ/RSP,2026-09-11T22:10:47+08:00,confirmed
2021-05-27,332.8800048828125,150.8300018310547,2.206988005315234,Derived from Yahoo Finance QQQ and RSP,QQQ/RSP,2026-09-11T22:10:47+08:00,confirmed
2021-05-28,333.92999267578125,151.1199951171875,2.209700922878087,Derived from Yahoo Finance QQQ and RSP,QQQ/RSP,2026-09-11T22:10:47+08:00,confirmed
2021-06-01,332.82000732421875,151.6199951171875,2.195093114644815,Derived from Yahoo Finance QQQ and RSP,QQQ/RSP,2026-09-11T22:10:47+08:00,confirmed
2021-06-02,333.4700012207031,151.72999572753906,2.1977856100353015,Derived from Yahoo Finance QQQ and RSP,QQQ/RSP,2026-09-11T22:10:47+08:00,confirmed
2021-06-03,330.0,151.50999450683594,2.178074133486361,Derived from Yahoo Finance QQQ and RSP,QQQ/RSP,2026-09-11T22:10:47+08:00,confirmed
2021-06-04,335.6000061035156,152.25999450683594,2.2041246434463018,Derived from Yahoo Finance QQQ and RSP,QQQ/RSP,2026-09-11T22:10:47+08:00,confirmed
2021-06-07,336.6000061035156,151.99000549316406,2.2146193429715653,Derived from Yahoo Finance QQQ and RSP,QQQ/RSP,2026-09-11T22:10:47+08:00,confirmed
2021-06-08,336.760009765625,152.17999267578125,2.2129059401592337,Derived from Yahoo Finance QQQ and RSP,QQQ/RSP,2026-09-11T22:10:47+08:00,confirmed
2021-06-09,336.8399963378906,151.49000549316406,2.223512998374605,Derived from Yahoo Finance QQQ and RSP,QQQ/RSP,2026-09-11T22:10:47+08:00,confirmed
2021-06-10,340.3500061035156,151.77999877929688,2.2423903600000563,Derived from Yahoo Finance QQQ and RSP,QQQ/RSP,2026-09-11T22:10:47+08:00,confirmed
2021-06-11,341.239990234375,152.17999267578125,2.2423446356801002,Derived from Yahoo Finance QQQ and RSP,QQQ/RSP,2026-09-11T22:10:47+08:00,confirmed
2021-06-14,344.510009765625,151.7100067138672,2.270845656314474,Derived from Yahoo Finance QQQ and RSP,QQQ/RSP,2026-09-11T22:10:47+08:00,confirmed
2021-06-15,342.260009765625,151.72999572753906,2.25571752061616,Derived from Yahoo Finance QQQ and RSP,QQQ/RSP,2026-09-11T22:10:47+08:00,confirmed
2021-06-16,341.010009765625,150.6999969482422,2.2628401902539164,Derived from Yahoo Finance QQQ and RSP,QQQ/RSP,2026-09-11T22:10:47+08:00,confirmed
2021-06-17,345.3399963378906,149.22000122070312,2.3143009885592827,Derived from Yahoo Finance QQQ and RSP,QQQ/RSP,2026-09-11T22:10:47+08:00,confirmed
2021-06-18,342.6300048828125,146.64999389648438,2.336379264527377,Derived from Yahoo Finance QQQ and RSP,QQQ/RSP,2026-09-11T22:10:47+08:00,confirmed
2021-06-21,344.3599853515625,149.0500030517578,2.310365503528256,Derived from Yahoo Finance QQQ and RSP,QQQ/RSP,2026-09-11T22:10:47+08:00,confirmed
2021-06-22,347.57000732421875,149.36000061035156,2.3270621712901227,Derived from Yahoo Finance QQQ and RSP,QQQ/RSP,2026-09-11T22:10:47+08:00,confirmed
2021-06-23,347.739990234375,149.11000061035156,2.3321037409360326,Derived from Yahoo Finance QQQ and RSP,QQQ/RSP,2026-09-11T22:10:47+08:00,confirmed
2021-06-24,349.8900146484375,150.08999633789062,2.3312014337101212,Derived from Yahoo Finance QQQ and RSP,QQQ/RSP,2026-09-11T22:10:47+08:00,confirmed
2021-06-25,349.4599914550781,151.13999938964844,2.3121608632149604,Derived from Yahoo Finance QQQ and RSP,QQQ/RSP,2026-09-11T22:10:47+08:00,confirmed
2021-06-28,353.7099914550781,150.50999450683594,2.3500764358808954,Derived from Yahoo Finance QQQ and RSP,QQQ/RSP,2026-09-11T22:10:47+08:00,confirmed
2021-06-29,354.989990234375,150.39999389648438,2.3603058819184763,Derived from Yahoo Finance QQQ and RSP,QQQ/RSP,2026-09-11T22:10:47+08:00,confirmed
2021-06-30,354.42999267578125,150.72999572753906,2.351423092431132,Derived from Yahoo Finance QQQ and RSP,QQQ/RSP,2026-09-11T22:10:47+08:00,confirmed
2021-07-01,354.57000732421875,151.77999877929688,2.3360786017649047,Derived from Yahoo Finance QQQ and RSP,QQQ/RSP,2026-09-11T22:10:47+08:00,confirmed
2021-07-02,358.6400146484375,152.22999572753906,2.3559089845231993,Derived from Yahoo Finance QQQ and RSP,QQQ/RSP,2026-09-11T22:10:47+08:00,confirmed
2021-07-06,360.19000244140625,150.89999389648438,2.3869451094112857,Derived from Yahoo Finance QQQ and RSP,QQQ/RSP,2026-09-11T22:10:47+08:00,confirmed
2021-07-07,360.9500122070313,151.25999450683594,2.3862886772134506,Derived from Yahoo Finance QQQ and RSP,QQQ/RSP,2026-09-11T22:10:47+08:00,confirmed
2021-07-08,358.7699890136719,149.8699951171875,2.393874696086696,Derived from Yahoo Finance QQQ and RSP,QQQ/RSP,2026-09-11T22:10:47+08:00,confirmed
2021-07-09,361.010009765625,152.0,2.375065853721217,Derived from Yahoo Finance QQQ and RSP,QQQ/RSP,2026-09-11T22:10:47+08:00,confirmed
2021-07-12,362.4200134277344,152.49000549316406,2.3766804405025823,Derived from Yahoo Finance QQQ and RSP,QQQ/RSP,2026-09-11T22:10:47+08:00,confirmed
2021-07-13,362.4200134277344,151.0500030517578,2.3993380079810387,Derived from Yahoo Finance QQQ and RSP,QQQ/RSP,2026-09-11T22:10:47+08:00,confirmed
2021-07-14,363.0700073242188,150.8300018310547,2.407147138610361,Derived from Yahoo Finance QQQ and RSP,QQQ/RSP,2026-09-11T22:10:47+08:00,confirmed
2021-07-15,360.5199890136719,150.42999267578125,2.396596467239704,Derived from Yahoo Finance QQQ and RSP,QQQ/RSP,2026-09-11T22:10:47+08:00,confirmed
2021-07-16,357.6000061035156,149.30999755859375,2.395017158601068,Derived from Yahoo Finance QQQ and RSP,QQQ/RSP,2026-09-11T22:10:47+08:00,confirmed
2021-07-19,354.6700134277344,146.61000061035156,2.4191392943947134,Derived from Yahoo Finance QQQ and RSP,QQQ/RSP,2026-09-11T22:10:47+08:00,confirmed
2021-07-20,358.7900085449219,149.38999938964844,2.4017003146850753,Derived from Yahoo Finance QQQ and RSP,QQQ/RSP,2026-09-11T22:10:47+08:00,confirmed
2021-07-21,361.55999755859375,150.88999938964844,2.396182643124843,Derived from Yahoo Finance QQQ and RSP,QQQ/RSP,2026-09-11T22:10:47+08:00,confirmed
2021-07-22,363.9500122070313,150.47000122070312,2.4187546305207017,Derived from Yahoo Finance QQQ and RSP,QQQ/RSP,2026-09-11T22:10:47+08:00,confirmed
2021-07-23,368.2000122070313,151.72000122070312,2.426838974720415,Derived from Yahoo Finance QQQ and RSP,QQQ/RSP,2026-09-11T22:10:47+08:00,confirmed
2021-07-26,368.489990234375,152.14999389648438,2.421886329388078,Derived from Yahoo Finance QQQ and RSP,QQQ/RSP,2026-09-11T22:10:47+08:00,confirmed
2021-07-27,364.4299926757813,151.8800048828125,2.3994599747146967,Derived from Yahoo Finance QQQ and RSP,QQQ/RSP,2026-09-11T22:10:47+08:00,confirmed
2021-07-28,365.8299865722656,151.9600067138672,2.407409649968656,Derived from Yahoo Finance QQQ and RSP,QQQ/RSP,2026-09-11T22:10:47+08:00,confirmed
2021-07-29,366.4800109863281,153.10000610351562,2.3937295648345023,Derived from Yahoo Finance QQQ and RSP,QQQ/RSP,2026-09-11T22:10:47+08:00,confirmed
2021-07-30,364.5700073242188,152.67999267578125,2.387804721070362,Derived from Yahoo Finance QQQ and RSP,QQQ/RSP,2026-09-11T22:10:47+08:00,confirmed
2021-08-02,364.6000061035156,152.4499969482422,2.3916038924375957,Derived from Yahoo Finance QQQ and RSP,QQQ/RSP,2026-09-11T22:10:47+08:00,confirmed
2021-08-03,366.80999755859375,153.72999572753906,2.3860665306249254,Derived from Yahoo Finance QQQ and RSP,QQQ/RSP,2026-09-11T22:10:47+08:00,confirmed
2021-08-04,367.3399963378906,152.27999877929688,2.4122668720945124,Derived from Yahoo Finance QQQ and RSP,QQQ/RSP,2026-09-11T22:10:47+08:00,confirmed
2021-08-05,369.6700134277344,153.42999267578125,2.409372554744874,Derived from Yahoo Finance QQQ and RSP,QQQ/RSP,2026-09-11T22:10:47+08:00,confirmed
2021-08-06,368.0499877929688,154.05999755859375,2.3890042426684324,Derived from Yahoo Finance QQQ and RSP,QQQ/RSP,2026-09-11T22:10:47+08:00,confirmed
2021-08-09,368.7300109863281,153.7100067138672,2.3988679648731197,Derived from Yahoo Finance QQQ and RSP,QQQ/RSP,2026-09-11T22:10:47+08:00,confirmed
2021-08-10,366.8399963378906,154.42999267578125,2.3754452744685066,Derived from Yahoo Finance QQQ and RSP,QQQ/RSP,2026-09-11T22:10:47+08:00,confirmed
2021-08-11,366.2099914550781,155.4199981689453,2.3562604283201636,Derived from Yahoo Finance QQQ and RSP,QQQ/RSP,2026-09-11T22:10:47+08:00,confirmed
2021-08-12,367.5299987792969,155.33999633789062,2.3659714654547646,Derived from Yahoo Finance QQQ and RSP,QQQ/RSP,2026-09-11T22:10:47+08:00,confirmed
2021-08-13,368.8200073242188,155.32000732421875,2.3745814443231064,Derived from Yahoo Finance QQQ and RSP,QQQ/RSP,2026-09-11T22:10:47+08:00,confirmed
2021-08-16,368.9800109863281,155.3699951171875,2.374847284432401,Derived from Yahoo Finance QQQ and RSP,QQQ/RSP,2026-09-11T22:10:47+08:00,confirmed
2021-08-17,365.7300109863281,154.1999969482422,2.3717900014556212,Derived from Yahoo Finance QQQ and RSP,QQQ/RSP,2026-09-11T22:10:47+08:00,confirmed
2021-08-18,362.2099914550781,152.61000061035156,2.373435489197615,Derived from Yahoo Finance QQQ and RSP,QQQ/RSP,2026-09-11T22:10:47+08:00,confirmed
2021-08-19,363.9599914550781,152.27000427246094,2.3902277614955234,Derived from Yahoo Finance QQQ and RSP,QQQ/RSP,2026-09-11T22:10:47+08:00,confirmed
2021-08-20,367.7300109863281,153.3699951171875,2.3976659235422915,Derived from Yahoo Finance QQQ and RSP,QQQ/RSP,2026-09-11T22:10:47+08:00,confirmed
2021-08-23,373.2300109863281,154.52000427246094,2.4154154845104827,Derived from Yahoo Finance QQQ and RSP,QQQ/RSP,2026-09-11T22:10:47+08:00,confirmed
2021-08-24,374.3699951171875,155.14999389648438,2.412955268093443,Derived from Yahoo Finance QQQ and RSP,QQQ/RSP,2026-09-11T22:10:47+08:00,confirmed
2021-08-25,374.7999877929688,155.97000122070312,2.4030261259190056,Derived from Yahoo Finance QQQ and RSP,QQQ/RSP,2026-09-11T22:10:47+08:00,confirmed
2021-08-26,372.4200134277344,154.89999389648438,2.4042609948494444,Derived from Yahoo Finance QQQ and RSP,QQQ/RSP,2026-09-11T22:10:47+08:00,confirmed
2021-08-27,376.0400085449219,156.55999755859375,2.4018907409869246,Derived from Yahoo Finance QQQ and RSP,QQQ/RSP,2026-09-11T22:10:47+08:00,confirmed
2021-08-30,380.260009765625,156.3300018310547,2.4324186356536392,Derived from Yahoo Finance QQQ and RSP,QQQ/RSP,2026-09-11T22:10:47+08:00,confirmed
2021-08-31,379.9500122070313,156.3000030517578,2.4309021419610155,Derived from Yahoo Finance QQQ and RSP,QQQ/RSP,2026-09-11T22:10:47+08:00,confirmed
2021-09-01,380.5799865722656,156.3300018310547,2.434465439228723,Derived from Yahoo Finance QQQ and RSP,QQQ/RSP,2026-09-11T22:10:47+08:00,confirmed
2021-09-02,380.3999938964844,157.38999938964844,2.4169260777156043,Derived from Yahoo Finance QQQ and RSP,QQQ/RSP,2026-09-11T22:10:47+08:00,confirmed
2021-09-03,381.5700073242188,156.8800048828125,2.432241174452073,Derived from Yahoo Finance QQQ and RSP,QQQ/RSP,2026-09-11T22:10:47+08:00,confirmed
2021-09-07,382.1099853515625,155.57000732421875,2.4561931436772295,Derived from Yahoo Finance QQQ and RSP,QQQ/RSP,2026-09-11T22:10:47+08:00,confirmed
2021-09-08,380.7799987792969,155.47000122070312,2.449218471663525,Derived from Yahoo Finance QQQ and RSP,QQQ/RSP,2026-09-11T22:10:47+08:00,confirmed
2021-09-09,379.4700012207031,155.02999877929688,2.4477198233157607,Derived from Yahoo Finance QQQ and RSP,QQQ/RSP,2026-09-11T22:10:47+08:00,confirmed
2021-09-10,376.5899963378906,154.00999450683594,2.4452308926040196,Derived from Yahoo Finance QQQ and RSP,QQQ/RSP,2026-09-11T22:10:47+08:00,confirmed
2021-09-13,376.3299865722656,154.44000244140625,2.436739061274253,Derived from Yahoo Finance QQQ and RSP,QQQ/RSP,2026-09-11T22:10:47+08:00,confirmed
2021-09-14,375.260009765625,153.33999633789062,2.447241546417707,Derived from Yahoo Finance QQQ and RSP,QQQ/RSP,2026-09-11T22:10:47+08:00,confirmed
2021-09-15,378.0499877929688,154.6999969482422,2.443762089532895,Derived from Yahoo Finance QQQ and RSP,QQQ/RSP,2026-09-11T22:10:47+08:00,confirmed
2021-09-16,378.30999755859375,154.41000366210938,2.45003554553653,Derived from Yahoo Finance QQQ and RSP,QQQ/RSP,2026-09-11T22:10:47+08:00,confirmed
2021-09-17,373.8299865722656,153.0399932861328,2.442694739755578,Derived from Yahoo Finance QQQ and RSP,QQQ/RSP,2026-09-11T22:10:47+08:00,confirmed
2021-09-20,365.7000122070313,150.17999267578125,2.435078106552644,Derived from Yahoo Finance QQQ and RSP,QQQ/RSP,2026-09-11T22:10:47+08:00,confirmed
2021-09-21,366.1499938964844,149.63999938964844,2.4468724631778724,Derived from Yahoo Finance QQQ and RSP,QQQ/RSP,2026-09-11T22:10:47+08:00,confirmed
2021-09-22,369.5700073242188,151.32000732421875,2.4423076224968514,Derived from Yahoo Finance QQQ and RSP,QQQ/RSP,2026-09-11T22:10:47+08:00,confirmed
2021-09-23,372.9800109863281,153.5399932861328,2.4292042939669347,Derived from Yahoo Finance QQQ and RSP,QQQ/RSP,2026-09-11T22:10:47+08:00,confirmed
2021-09-24,373.3299865722656,153.8000030517578,2.4273730764922683,Derived from Yahoo Finance QQQ and RSP,QQQ/RSP,2026-09-11T22:10:47+08:00,confirmed
2021-09-27,370.3500061035156,154.30999755859375,2.4000389602941206,Derived from Yahoo Finance QQQ and RSP,QQQ/RSP,2026-09-11T22:10:47+08:00,confirmed
2021-09-28,359.8699951171875,152.0,2.367565757349918,Derived from Yahoo Finance QQQ and RSP,QQQ/RSP,2026-09-11T22:10:47+08:00,confirmed
2021-09-29,359.2799987792969,152.3300018310547,2.35856360835448,Derived from Yahoo Finance QQQ and RSP,QQQ/RSP,2026-09-11T22:10:47+08:00,confirmed
2021-09-30,357.9599914550781,149.82000732421875,2.389266946706477,Derived from Yahoo Finance QQQ and RSP,QQQ/RSP,2026-09-11T22:10:47+08:00,confirmed
2021-10-01,360.17999267578125,151.83999633789062,2.372102221830078,Derived from Yahoo Finance QQQ and RSP,QQQ/RSP,2026-09-11T22:10:47+08:00,confirmed
2021-10-04,352.6199951171875,150.8800048828125,2.3370889694168895,Derived from Yahoo Finance QQQ and RSP,QQQ/RSP,2026-09-11T22:10:47+08:00,confirmed
2021-10-05,357.3800048828125,151.9600067138672,2.351803034305865,Derived from Yahoo Finance QQQ and RSP,QQQ/RSP,2026-09-11T22:10:47+08:00,confirmed
2021-10-06,359.6700134277344,152.1699981689453,2.363606609421222,Derived from Yahoo Finance QQQ and RSP,QQQ/RSP,2026-09-11T22:10:47+08:00,confirmed
2021-10-07,362.9700012207031,153.4600067138672,2.365241661284926,Derived from Yahoo Finance QQQ and RSP,QQQ/RSP,2026-09-11T22:10:47+08:00,confirmed
2021-10-08,361.1600036621094,153.10000610351562,2.3589809880080472,Derived from Yahoo Finance QQQ and RSP,QQQ/RSP,2026-09-11T22:10:47+08:00,confirmed
2021-10-11,358.3900146484375,152.25999450683594,2.353802887023926,Derived from Yahoo Finance QQQ and RSP,QQQ/RSP,2026-09-11T22:10:47+08:00,confirmed
2021-10-12,357.1400146484375,152.3000030517578,2.3449770682346385,Derived from Yahoo Finance QQQ and RSP,QQQ/RSP,2026-09-11T22:10:47+08:00,confirmed
2021-10-13,360.0,152.5500030517578,2.359881958690343,Derived from Yahoo Finance QQQ and RSP,QQQ/RSP,2026-09-11T22:10:47+08:00,confirmed
2021-10-14,366.6300048828125,155.1699981689453,2.362763480113177,Derived from Yahoo Finance QQQ and RSP,QQQ/RSP,2026-09-11T22:10:47+08:00,confirmed
2021-10-15,368.9400024414063,155.6999969482422,2.3695569022011567,Derived from Yahoo Finance QQQ and RSP,QQQ/RSP,2026-09-11T22:10:47+08:00,confirmed
2021-10-18,372.6499938964844,155.75999450683594,2.392462808414709,Derived from Yahoo Finance QQQ and RSP,QQQ/RSP,2026-09-11T22:10:47+08:00,confirmed
2021-10-19,375.4700012207031,156.6699981689453,2.3965660663110144,Derived from Yahoo Finance QQQ and RSP,QQQ/RSP,2026-09-11T22:10:47+08:00,confirmed
2021-10-20,374.9800109863281,157.8699951171875,2.3752455981770257,Derived from Yahoo Finance QQQ and RSP,QQQ/RSP,2026-09-11T22:10:47+08:00,confirmed
2021-10-21,377.2699890136719,158.05999755859375,2.3868783679679337,Derived from Yahoo Finance QQQ and RSP,QQQ/RSP,2026-09-11T22:10:47+08:00,confirmed
2021-10-22,374.1000061035156,158.50999450683594,2.3601035837988253,Derived from Yahoo Finance QQQ and RSP,QQQ/RSP,2026-09-11T22:10:47+08:00,confirmed
2021-10-25,377.9299926757813,158.8699951171875,2.378863248513404,Derived from Yahoo Finance QQQ and RSP,QQQ/RSP,2026-09-11T22:10:47+08:00,confirmed
2021-10-26,379.1199951171875,158.55999755859375,2.391019178573642,Derived from Yahoo Finance QQQ and RSP,QQQ/RSP,2026-09-11T22:10:47+08:00,confirmed
2021-10-27,380.0,156.4499969482422,2.4288910668736805,Derived from Yahoo Finance QQQ and RSP,QQQ/RSP,2026-09-11T22:10:47+08:00,confirmed
2021-10-28,384.2200012207031,158.0399932861328,2.431156780202271,Derived from Yahoo Finance QQQ and RSP,QQQ/RSP,2026-09-11T22:10:47+08:00,confirmed
2021-10-29,386.1099853515625,157.75999450683594,2.4474518179248026,Derived from Yahoo Finance QQQ and RSP,QQQ/RSP,2026-09-11T22:10:47+08:00,confirmed
2021-11-01,387.4299926757813,159.02000427246094,2.43636009474612,Derived from Yahoo Finance QQQ and RSP,QQQ/RSP,2026-09-11T22:10:47+08:00,confirmed
2021-11-02,389.0499877929688,159.4600067138672,2.4397966349711417,Derived from Yahoo Finance QQQ and RSP,QQQ/RSP,2026-09-11T22:10:47+08:00,confirmed
2021-11-03,393.1799926757813,160.39999389648438,2.4512469304052695,Derived from Yahoo Finance QQQ and RSP,QQQ/RSP,2026-09-11T22:10:47+08:00,confirmed
2021-11-04,398.2200012207031,160.07000732421875,2.4877864871594344,Derived from Yahoo Finance QQQ and RSP,QQQ/RSP,2026-09-11T22:10:47+08:00,confirmed
2021-11-05,398.6000061035156,161.2899932861328,2.4713250833632836,Derived from Yahoo Finance QQQ and RSP,QQQ/RSP,2026-09-11T22:10:47+08:00,confirmed
2021-11-08,398.05999755859375,161.52999877929688,2.464310038796414,Derived from Yahoo Finance QQQ and RSP,QQQ/RSP,2026-09-11T22:10:47+08:00,confirmed
2021-11-09,395.3200073242188,161.50999450683594,2.4476504288871537,Derived from Yahoo Finance QQQ and RSP,QQQ/RSP,2026-09-11T22:10:47+08:00,confirmed
2021-11-10,389.510009765625,160.47999572753906,2.4271561573750926,Derived from Yahoo Finance QQQ and RSP,QQQ/RSP,2026-09-11T22:10:47+08:00,confirmed
2021-11-11,390.5899963378906,160.8699951171875,2.427985380700491,Derived from Yahoo Finance QQQ and RSP,QQQ/RSP,2026-09-11T22:10:47+08:00,confirmed
2021-11-12,394.7000122070313,161.64999389648438,2.4416951878129045,Derived from Yahoo Finance QQQ and RSP,QQQ/RSP,2026-09-11T22:10:47+08:00,confirmed
2021-11-15,394.6099853515625,161.92999267578125,2.4369172062006865,Derived from Yahoo Finance QQQ and RSP,QQQ/RSP,2026-09-11T22:10:47+08:00,confirmed
2021-11-16,397.4200134277344,162.13999938964844,2.4510917412345012,Derived from Yahoo Finance QQQ and RSP,QQQ/RSP,2026-09-11T22:10:47+08:00,confirmed
2021-11-17,397.6300048828125,161.27999877929688,2.4654638386186254,Derived from Yahoo Finance QQQ and RSP,QQQ/RSP,2026-09-11T22:10:47+08:00,confirmed
2021-11-18,401.75,160.69000244140625,2.5001555410797476,Derived from Yahoo Finance QQQ and RSP,QQQ/RSP,2026-09-11T22:10:47+08:00,confirmed
2021-11-19,403.989990234375,159.64999389648438,2.530472945062049,Derived from Yahoo Finance QQQ and RSP,QQQ/RSP,2026-09-11T22:10:47+08:00,confirmed
2021-11-22,399.2999877929688,159.89999389648438,2.497185760066173,Derived from Yahoo Finance QQQ and RSP,QQQ/RSP,2026-09-11T22:10:47+08:00,confirmed
2021-11-23,397.4800109863281,160.55999755859375,2.4755855569895253,Derived from Yahoo Finance QQQ and RSP,QQQ/RSP,2026-09-11T22:10:47+08:00,confirmed
2021-11-24,398.760009765625,160.63999938964844,2.4823207873550386,Derived from Yahoo Finance QQQ and RSP,QQQ/RSP,2026-09-11T22:10:47+08:00,confirmed
2021-11-26,391.2000122070313,156.4600067138672,2.5003195412259873,Derived from Yahoo Finance QQQ and RSP,QQQ/RSP,2026-09-11T22:10:47+08:00,confirmed
2021-11-29,399.6900024414063,157.77000427246094,2.533371310247045,Derived from Yahoo Finance QQQ and RSP,QQQ/RSP,2026-09-11T22:10:47+08:00,confirmed
2021-11-30,393.8200073242188,153.58999633789062,2.5640993340336675,Derived from Yahoo Finance QQQ and RSP,QQQ/RSP,2026-09-11T22:10:47+08:00,confirmed
2021-12-01,387.1199951171875,151.67999267578125,2.552215280921483,Derived from Yahoo Finance QQQ and RSP,QQQ/RSP,2026-09-11T22:10:47+08:00,confirmed
2021-12-02,389.9100036621094,155.35000610351562,2.5098808390280816,Derived from Yahoo Finance QQQ and RSP,QQQ/RSP,2026-09-11T22:10:47+08:00,confirmed
2021-12-03,383.1300048828125,154.5,2.4798058568466828,Derived from Yahoo Finance QQQ and RSP,QQQ/RSP,2026-09-11T22:10:47+08:00,confirmed
2021-12-06,386.2000122070313,156.7899932861328,2.463167477163152,Derived from Yahoo Finance QQQ and RSP,QQQ/RSP,2026-09-11T22:10:47+08:00,confirmed
2021-12-07,397.8299865722656,159.44000244140625,2.4951704746647065,Derived from Yahoo Finance QQQ and RSP,QQQ/RSP,2026-09-11T22:10:47+08:00,confirmed
2021-12-08,399.6099853515625,159.85000610351562,2.499905974934922,Derived from Yahoo Finance QQQ and RSP,QQQ/RSP,2026-09-11T22:10:47+08:00,confirmed
2021-12-09,393.7300109863281,158.7100067138672,2.4808140276634885,Derived from Yahoo Finance QQQ and RSP,QQQ/RSP,2026-09-11T22:10:47+08:00,confirmed
2021-12-10,398.010009765625,159.74000549316406,2.49161134392635,Derived from Yahoo Finance QQQ and RSP,QQQ/RSP,2026-09-11T22:10:47+08:00,confirmed
2021-12-13,392.260009765625,158.5800018310547,2.4735780378128913,Derived from Yahoo Finance QQQ and RSP,QQQ/RSP,2026-09-11T22:10:47+08:00,confirmed
2021-12-14,388.2000122070313,157.6300048828125,2.4627291770728066,Derived from Yahoo Finance QQQ and RSP,QQQ/RSP,2026-09-11T22:10:47+08:00,confirmed
2021-12-15,397.0499877929688,159.35000610351562,2.4916847981483006,Derived from Yahoo Finance QQQ and RSP,QQQ/RSP,2026-09-11T22:10:47+08:00,confirmed
2021-12-16,386.8399963378906,159.07000732421875,2.4318851985052583,Derived from Yahoo Finance QQQ and RSP,QQQ/RSP,2026-09-11T22:10:47+08:00,confirmed
2021-12-17,384.9100036621094,156.9600067138672,2.4522807543184384,Derived from Yahoo Finance QQQ and RSP,QQQ/RSP,2026-09-11T22:10:47+08:00,confirmed
2021-12-20,380.6900024414063,154.89999389648438,2.457650209436493,Derived from Yahoo Finance QQQ and RSP,QQQ/RSP,2026-09-11T22:10:47+08:00,confirmed
2021-12-21,389.2099914550781,158.0399932861328,2.462731004742641,Derived from Yahoo Finance QQQ and RSP,QQQ/RSP,2026-09-11T22:10:47+08:00,confirmed
2021-12-22,393.9500122070313,159.14999389648438,2.4753379033320444,Derived from Yahoo Finance QQQ and RSP,QQQ/RSP,2026-09-11T22:10:47+08:00,confirmed
2021-12-23,396.9200134277344,160.22999572753906,2.4771891906099257,Derived from Yahoo Finance QQQ and RSP,QQQ/RSP,2026-09-11T22:10:47+08:00,confirmed
2021-12-27,403.4800109863281,162.27999877929688,2.48632002724542,Derived from Yahoo Finance QQQ and RSP,QQQ/RSP,2026-09-11T22:10:47+08:00,confirmed
2021-12-28,401.6099853515625,162.52999877929688,2.4709898995133672,Derived from Yahoo Finance QQQ and RSP,QQQ/RSP,2026-09-11T22:10:47+08:00,confirmed
2021-12-29,401.5499877929688,163.00999450683594,2.463345815131167,Derived from Yahoo Finance QQQ and RSP,QQQ/RSP,2026-09-11T22:10:47+08:00,confirmed
2021-12-30,400.3500061035156,162.75,2.4599078716037828,Derived from Yahoo Finance QQQ and RSP,QQQ/RSP,2026-09-11T22:10:47+08:00,confirmed
2021-12-31,397.8500061035156,162.75,2.444546888500864,Derived from Yahoo Finance QQQ and RSP,QQQ/RSP,2026-09-11T22:10:47+08:00,confirmed
2022-01-03,401.6799926757813,162.88999938964844,2.465958586658991,Derived from Yahoo Finance QQQ and RSP,QQQ/RSP,2026-09-11T22:10:47+08:00,confirmed
2022-01-04,396.4700012207031,164.1999969482422,2.414555472529486,Derived from Yahoo Finance QQQ and RSP,QQQ/RSP,2026-09-11T22:10:47+08:00,confirmed
2022-01-05,384.2900085449219,161.6699981689453,2.3770026158059236,Derived from Yahoo Finance QQQ and RSP,QQQ/RSP,2026-09-11T22:10:47+08:00,confirmed
2022-01-06,384.0199890136719,162.02999877929688,2.370054878150992,Derived from Yahoo Finance QQQ and RSP,QQQ/RSP,2026-09-11T22:10:47+08:00,confirmed
2022-01-07,379.8599853515625,161.77000427246094,2.3481484534783332,Derived from Yahoo Finance QQQ and RSP,QQQ/RSP,2026-09-11T22:10:47+08:00,confirmed
2022-01-10,380.1099853515625,160.9600067138672,2.3615182001530997,Derived from Yahoo Finance QQQ and RSP,QQQ/RSP,2026-09-11T22:10:47+08:00,confirmed
2022-01-11,385.8200073242188,162.47999572753906,2.374569285262637,Derived from Yahoo Finance QQQ and RSP,QQQ/RSP,2026-09-11T22:10:47+08:00,confirmed
2022-01-12,387.3500061035156,162.61000061035156,2.382079851482747,Derived from Yahoo Finance QQQ and RSP,QQQ/RSP,2026-09-11T22:10:47+08:00,confirmed
2022-01-13,377.6600036621094,161.86000061035156,2.333250971444495,Derived from Yahoo Finance QQQ and RSP,QQQ/RSP,2026-09-11T22:10:47+08:00,confirmed
2022-01-14,380.010009765625,161.5800018310547,2.3518381325614603,Derived from Yahoo Finance QQQ and RSP,QQQ/RSP,2026-09-11T22:10:47+08:00,confirmed
2022-01-18,370.5499877929688,159.00999450683594,2.3303565850826984,Derived from Yahoo Finance QQQ and RSP,QQQ/RSP,2026-09-11T22:10:47+08:00,confirmed
2022-01-19,366.4800109863281,157.36000061035156,2.3289273612408725,Derived from Yahoo Finance QQQ and RSP,QQQ/RSP,2026-09-11T22:10:47+08:00,confirmed
2022-01-20,361.7200012207031,155.36000061035156,2.3282698236331103,Derived from Yahoo Finance QQQ and RSP,QQQ/RSP,2026-09-11T22:10:47+08:00,confirmed
2022-01-21,351.69000244140625,153.08999633789062,2.297276182992246,Derived from Yahoo Finance QQQ and RSP,QQQ/RSP,2026-09-11T22:10:47+08:00,confirmed
2022-01-24,353.29998779296875,154.24000549316406,2.2905859388641363,Derived from Yahoo Finance QQQ and RSP,QQQ/RSP,2026-09-11T22:10:47+08:00,confirmed
2022-01-25,345.1099853515625,152.77999877929688,2.25886888407495,Derived from Yahoo Finance QQQ and RSP,QQQ/RSP,2026-09-11T22:10:47+08:00,confirmed
2022-01-26,344.57000732421875,151.5500030517578,2.2736390655600327,Derived from Yahoo Finance QQQ and RSP,QQQ/RSP,2026-09-11T22:10:47+08:00,confirmed
2022-01-27,341.1000061035156,150.6999969482422,2.263437378971323,Derived from Yahoo Finance QQQ and RSP,QQQ/RSP,2026-09-11T22:10:47+08:00,confirmed
2022-01-28,351.79998779296875,153.27999877929688,2.2951460764265446,Derived from Yahoo Finance QQQ and RSP,QQQ/RSP,2026-09-11T22:10:47+08:00,confirmed
2022-01-31,363.0499877929688,155.63999938964844,2.3326265048618033,Derived from Yahoo Finance QQQ and RSP,QQQ/RSP,2026-09-11T22:10:47+08:00,confirmed
2022-02-01,365.5199890136719,156.85000610351562,2.330379182595895,Derived from Yahoo Finance QQQ and RSP,QQQ/RSP,2026-09-11T22:10:47+08:00,confirmed
2022-02-02,368.489990234375,157.8699951171875,2.3341356915913214,Derived from Yahoo Finance QQQ and RSP,QQQ/RSP,2026-09-11T22:10:47+08:00,confirmed
2022-02-03,353.54998779296875,155.8699951171875,2.2682363435448867,Derived from Yahoo Finance QQQ and RSP,QQQ/RSP,2026-09-11T22:10:47+08:00,confirmed
2022-02-04,358.010009765625,155.72999572753906,2.298914914195397,Derived from Yahoo Finance QQQ and RSP,QQQ/RSP,2026-09-11T22:10:47+08:00,confirmed
2022-02-07,355.1300048828125,155.8300018310547,2.2789578432260544,Derived from Yahoo Finance QQQ and RSP,QQQ/RSP,2026-09-11T22:10:47+08:00,confirmed
2022-02-08,359.1199951171875,157.25999450683594,2.283606814583584,Derived from Yahoo Finance QQQ and RSP,QQQ/RSP,2026-09-11T22:10:47+08:00,confirmed
2022-02-09,366.7300109863281,159.9199981689453,2.2932091995080013,Derived from Yahoo Finance QQQ and RSP,QQQ/RSP,2026-09-11T22:10:47+08:00,confirmed
2022-02-10,358.42999267578125,157.39999389648438,2.277191909622984,Derived from Yahoo Finance QQQ and RSP,QQQ/RSP,2026-09-11T22:10:47+08:00,confirmed
2022-02-11,347.0599975585937,155.32000732421875,2.2344835255778235,Derived from Yahoo Finance QQQ and RSP,QQQ/RSP,2026-09-11T22:10:47+08:00,confirmed
2022-02-14,347.489990234375,154.0800018310547,2.2552569191645655,Derived from Yahoo Finance QQQ and RSP,QQQ/RSP,2026-09-11T22:10:47+08:00,confirmed
2022-02-15,356.1300048828125,156.42999267578125,2.276609483840685,Derived from Yahoo Finance QQQ and RSP,QQQ/RSP,2026-09-11T22:10:47+08:00,confirmed
2022-02-16,356.0400085449219,156.9499969482422,2.2684932492374252,Derived from Yahoo Finance QQQ and RSP,QQQ/RSP,2026-09-11T22:10:47+08:00,confirmed
2022-02-17,345.45001220703125,154.1300048828125,2.241289828477475,Derived from Yahoo Finance QQQ and RSP,QQQ/RSP,2026-09-11T22:10:47+08:00,confirmed
2022-02-18,341.510009765625,153.5500030517578,2.224096404937945,Derived from Yahoo Finance QQQ and RSP,QQQ/RSP,2026-09-11T22:10:47+08:00,confirmed
2022-02-22,338.0799865722656,152.02000427246094,2.2239177547076956,Derived from Yahoo Finance QQQ and RSP,QQQ/RSP,2026-09-11T22:10:47+08:00,confirmed
2022-02-23,329.4200134277344,149.6699981689453,2.2009755960302066,Derived from Yahoo Finance QQQ and RSP,QQQ/RSP,2026-09-11T22:10:47+08:00,confirmed
2022-02-24,340.489990234375,151.10000610351562,2.253408183194328,Derived from Yahoo Finance QQQ and RSP,QQQ/RSP,2026-09-11T22:10:47+08:00,confirmed
2022-02-25,345.7699890136719,155.16000366210938,2.2284737100590193,Derived from Yahoo Finance QQQ and RSP,QQQ/RSP,2026-09-11T22:10:47+08:00,confirmed
2022-02-28,346.79998779296875,154.25,2.2482981380419367,Derived from Yahoo Finance QQQ and RSP,QQQ/RSP,2026-09-11T22:10:47+08:00,confirmed
2022-03-01,341.489990234375,151.60000610351562,2.252572404259658,Derived from Yahoo Finance QQQ and RSP,QQQ/RSP,2026-09-11T22:10:47+08:00,confirmed
2022-03-02,347.2200012207031,154.8300018310547,2.242588626974105,Derived from Yahoo Finance QQQ and RSP,QQQ/RSP,2026-09-11T22:10:47+08:00,confirmed
2022-03-03,342.260009765625,154.50999450683594,2.215131848642209,Derived from Yahoo Finance QQQ and RSP,QQQ/RSP,2026-09-11T22:10:47+08:00,confirmed
2022-03-04,337.29998779296875,153.5800018310547,2.1962494059872117,Derived from Yahoo Finance QQQ and RSP,QQQ/RSP,2026-09-11T22:10:47+08:00,confirmed
2022-03-07,324.8599853515625,149.3300018310547,2.1754502201044277,Derived from Yahoo Finance QQQ and RSP,QQQ/RSP,2026-09-11T22:10:47+08:00,confirmed
2022-03-08,323.3500061035156,148.25999450683594,2.1809659927419376,Derived from Yahoo Finance QQQ and RSP,QQQ/RSP,2026-09-11T22:10:47+08:00,confirmed
2022-03-09,334.989990234375,151.39999389648438,2.2126156125436522,Derived from Yahoo Finance QQQ and RSP,QQQ/RSP,2026-09-11T22:10:47+08:00,confirmed
2022-03-10,331.2699890136719,151.11000061035156,2.1922439790591777,Derived from Yahoo Finance QQQ and RSP,QQQ/RSP,2026-09-11T22:10:47+08:00,confirmed
2022-03-11,324.3999938964844,149.52000427246094,2.1696093139841715,Derived from Yahoo Finance QQQ and RSP,QQQ/RSP,2026-09-11T22:10:47+08:00,confirmed
2022-03-14,318.1700134277344,148.97000122070312,2.1357992268279355,Derived from Yahoo Finance QQQ and RSP,QQQ/RSP,2026-09-11T22:10:47+08:00,confirmed
2022-03-15,328.1499938964844,151.3699951171875,2.1678668460181787,Derived from Yahoo Finance QQQ and RSP,QQQ/RSP,2026-09-11T22:10:47+08:00,confirmed
2022-03-16,340.32000732421875,154.22999572753906,2.2065747049972315,Derived from Yahoo Finance QQQ and RSP,QQQ/RSP,2026-09-11T22:10:47+08:00,confirmed
2022-03-17,344.44000244140625,156.1699981689453,2.205545280654929,Derived from Yahoo Finance QQQ and RSP,QQQ/RSP,2026-09-11T22:10:47+08:00,confirmed
2022-03-18,351.489990234375,157.1699981689453,2.236368227583429,Derived from Yahoo Finance QQQ and RSP,QQQ/RSP,2026-09-11T22:10:47+08:00,confirmed
2022-03-21,350.0799865722656,156.0800018310547,2.2429522197930387,Derived from Yahoo Finance QQQ and RSP,QQQ/RSP,2026-09-11T22:10:47+08:00,confirmed
2022-03-22,356.9599914550781,157.38999938964844,2.2679966506090183,Derived from Yahoo Finance QQQ and RSP,QQQ/RSP,2026-09-11T22:10:47+08:00,confirmed
2022-03-23,351.8299865722656,155.13999938964844,2.2678225342041682,Derived from Yahoo Finance QQQ and RSP,QQQ/RSP,2026-09-11T22:10:47+08:00,confirmed
2022-03-24,359.6499938964844,156.9499969482422,2.2914941120711654,Derived from Yahoo Finance QQQ and RSP,QQQ/RSP,2026-09-11T22:10:47+08:00,confirmed
2022-03-25,359.3500061035156,158.02000427246094,2.2740792076167637,Derived from Yahoo Finance QQQ and RSP,QQQ/RSP,2026-09-11T22:10:47+08:00,confirmed
2022-03-28,364.9100036621094,158.49000549316406,2.302416499555542,Derived from Yahoo Finance QQQ and RSP,QQQ/RSP,2026-09-11T22:10:47+08:00,confirmed
2022-03-29,371.1900024414063,161.1199951171875,2.303810909201111,Derived from Yahoo Finance QQQ and RSP,QQQ/RSP,2026-09-11T22:10:47+08:00,confirmed
2022-03-30,367.0899963378906,159.88999938964844,2.295890910871169,Derived from Yahoo Finance QQQ and RSP,QQQ/RSP,2026-09-11T22:10:47+08:00,confirmed
2022-03-31,362.5400085449219,157.7100067138672,2.29877619118156,Derived from Yahoo Finance QQQ and RSP,QQQ/RSP,2026-09-11T22:10:47+08:00,confirmed
2022-04-01,361.8500061035156,158.22000122070312,2.2870054564009665,Derived from Yahoo Finance QQQ and RSP,QQQ/RSP,2026-09-11T22:10:47+08:00,confirmed
2022-04-04,369.2999877929688,158.55999755859375,2.3290867399042363,Derived from Yahoo Finance QQQ and RSP,QQQ/RSP,2026-09-11T22:10:47+08:00,confirmed
2022-04-05,361.1000061035156,156.8699951171875,2.3019061474041673,Derived from Yahoo Finance QQQ and RSP,QQQ/RSP,2026-09-11T22:10:47+08:00,confirmed
2022-04-06,353.260009765625,156.0800018310547,2.263326535246991,Derived from Yahoo Finance QQQ and RSP,QQQ/RSP,2026-09-11T22:10:47+08:00,confirmed
2022-04-07,354.1000061035156,156.55999755859375,2.2617527569326326,Derived from Yahoo Finance QQQ and RSP,QQQ/RSP,2026-09-11T22:10:47+08:00,confirmed
2022-04-08,349.1499938964844,156.88999938964844,2.2254445487589263,Derived from Yahoo Finance QQQ and RSP,QQQ/RSP,2026-09-11T22:10:47+08:00,confirmed
2022-04-11,340.8900146484375,155.3699951171875,2.1940530691998923,Derived from Yahoo Finance QQQ and RSP,QQQ/RSP,2026-09-11T22:10:47+08:00,confirmed
2022-04-12,339.45001220703125,154.85000610351562,2.192121400241421,Derived from Yahoo Finance QQQ and RSP,QQQ/RSP,2026-09-11T22:10:47+08:00,confirmed
2022-04-13,346.3500061035156,156.60000610351562,2.2116857765290994,Derived from Yahoo Finance QQQ and RSP,QQQ/RSP,2026-09-11T22:10:47+08:00,confirmed
2022-04-14,338.42999267578125,155.52999877929688,2.1759788808075964,Derived from Yahoo Finance QQQ and RSP,QQQ/RSP,2026-09-11T22:10:47+08:00,confirmed
2022-04-18,338.69000244140625,155.1999969482422,2.1822809864768,Derived from Yahoo Finance QQQ and RSP,QQQ/RSP,2026-09-11T22:10:47+08:00,confirmed
2022-04-19,346.260009765625,157.9499969482422,2.192212829729203,Derived from Yahoo Finance QQQ and RSP,QQQ/RSP,2026-09-11T22:10:47+08:00,confirmed
2022-04-20,341.2099914550781,158.9600067138672,2.146514702086459,Derived from Yahoo Finance QQQ and RSP,QQQ/RSP,2026-09-11T22:10:47+08:00,confirmed
2022-04-21,334.1499938964844,156.66000366210938,2.1329630159922157,Derived from Yahoo Finance QQQ and RSP,QQQ/RSP,2026-09-11T22:10:47+08:00,confirmed
2022-04-22,325.3999938964844,152.38999938964844,2.1353106844266327,Derived from Yahoo Finance QQQ and RSP,QQQ/RSP,2026-09-11T22:10:47+08:00,confirmed
2022-04-25,329.5799865722656,152.85000610351562,2.1562314256570065,Derived from Yahoo Finance QQQ and RSP,QQQ/RSP,2026-09-11T22:10:47+08:00,confirmed
2022-04-26,317.1400146484375,149.19000244140625,2.1257457568109692,Derived from Yahoo Finance QQQ and RSP,QQQ/RSP,2026-09-11T22:10:47+08:00,confirmed
2022-04-27,316.760009765625,149.47000122070312,2.1192212964386496,Derived from Yahoo Finance QQQ and RSP,QQQ/RSP,2026-09-11T22:10:47+08:00,confirmed
2022-04-28,328.010009765625,152.07000732421875,2.1569671464952047,Derived from Yahoo Finance QQQ and RSP,QQQ/RSP,2026-09-11T22:10:47+08:00,confirmed
2022-04-29,313.25,147.4499969482422,2.1244490097206095,Derived from Yahoo Finance QQQ and RSP,QQQ/RSP,2026-09-11T22:10:47+08:00,confirmed
2022-05-02,318.4800109863281,147.85000610351562,2.154075061473773,Derived from Yahoo Finance QQQ and RSP,QQQ/RSP,2026-09-11T22:10:47+08:00,confirmed
2022-05-03,318.82000732421875,149.07000732421875,2.138726716708368,Derived from Yahoo Finance QQQ and RSP,QQQ/RSP,2026-09-11T22:10:47+08:00,confirmed
2022-05-04,329.6000061035156,153.22000122070312,2.151155224367535,Derived from Yahoo Finance QQQ and RSP,QQQ/RSP,2026-09-11T22:10:47+08:00,confirmed
2022-05-05,313.0,148.61000061035156,2.1061839628187022,Derived from Yahoo Finance QQQ and RSP,QQQ/RSP,2026-09-11T22:10:47+08:00,confirmed
2022-05-06,309.25,147.25,2.100169779286927,Derived from Yahoo Finance QQQ and RSP,QQQ/RSP,2026-09-11T22:10:47+08:00,confirmed
2022-05-09,297.1499938964844,142.8800048828125,2.079717131450277,Derived from Yahoo Finance QQQ and RSP,QQQ/RSP,2026-09-11T22:10:47+08:00,confirmed
2022-05-10,300.760009765625,142.50999450683594,2.110448539461547,Derived from Yahoo Finance QQQ and RSP,QQQ/RSP,2026-09-11T22:10:47+08:00,confirmed
2022-05-11,291.8399963378906,140.6699981689453,2.0746427819483544,Derived from Yahoo Finance QQQ and RSP,QQQ/RSP,2026-09-11T22:10:47+08:00,confirmed
2022-05-12,291.1499938964844,141.27000427246094,2.060947016997018,Derived from Yahoo Finance QQQ and RSP,QQQ/RSP,2026-09-11T22:10:47+08:00,confirmed
2022-05-13,301.94000244140625,144.5,2.0895501899059257,Derived from Yahoo Finance QQQ and RSP,QQQ/RSP,2026-09-11T22:10:47+08:00,confirmed
2022-05-16,298.44000244140625,143.99000549316406,2.072643871491308,Derived from Yahoo Finance QQQ and RSP,QQQ/RSP,2026-09-11T22:10:47+08:00,confirmed
2022-05-17,306.1700134277344,147.0399932861328,2.082222710878,Derived from Yahoo Finance QQQ and RSP,QQQ/RSP,2026-09-11T22:10:47+08:00,confirmed
2022-05-18,291.1400146484375,141.50999450683594,2.057381287187976,Derived from Yahoo Finance QQQ and RSP,QQQ/RSP,2026-09-11T22:10:47+08:00,confirmed
2022-05-19,289.5799865722656,141.19000244140625,2.050994982399275,Derived from Yahoo Finance QQQ and RSP,QQQ/RSP,2026-09-11T22:10:47+08:00,confirmed
2022-05-20,288.67999267578125,141.19000244140625,2.044620636617548,Derived from Yahoo Finance QQQ and RSP,QQQ/RSP,2026-09-11T22:10:47+08:00,confirmed
2022-05-23,293.4800109863281,143.17999267578125,2.0497277971712733,Derived from Yahoo Finance QQQ and RSP,QQQ/RSP,2026-09-11T22:10:47+08:00,confirmed
2022-05-24,287.239990234375,142.2899932861328,2.018694242656687,Derived from Yahoo Finance QQQ and RSP,QQQ/RSP,2026-09-11T22:10:47+08:00,confirmed
2022-05-25,291.260009765625,143.92999267578125,2.023622765143339,Derived from Yahoo Finance QQQ and RSP,QQQ/RSP,2026-09-11T22:10:47+08:00,confirmed
2022-05-26,299.3299865722656,146.97000122070312,2.0366740429073364,Derived from Yahoo Finance QQQ and RSP,QQQ/RSP,2026-09-11T22:10:47+08:00,confirmed
2022-05-27,309.1000061035156,150.33999633789062,2.056006476206174,Derived from Yahoo Finance QQQ and RSP,QQQ/RSP,2026-09-11T22:10:47+08:00,confirmed
2022-05-31,308.2799987792969,148.92999267578125,2.069965849326392,Derived from Yahoo Finance QQQ and RSP,QQQ/RSP,2026-09-11T22:10:47+08:00,confirmed
2022-06-01,306.0,147.35000610351562,2.0766880714279057,Derived from Yahoo Finance QQQ and RSP,QQQ/RSP,2026-09-11T22:10:47+08:00,confirmed
2022-06-02,314.3800048828125,149.94000244140625,2.096705347231579,Derived from Yahoo Finance QQQ and RSP,QQQ/RSP,2026-09-11T22:10:47+08:00,confirmed
2022-06-03,306.20001220703125,148.1699981689453,2.0665452925085286,Derived from Yahoo Finance QQQ and RSP,QQQ/RSP,2026-09-11T22:10:47+08:00,confirmed
2022-06-06,307.2200012207031,148.7100067138672,2.0658999889081096,Derived from Yahoo Finance QQQ and RSP,QQQ/RSP,2026-09-11T22:10:47+08:00,confirmed
2022-06-07,309.8699951171875,150.1300048828125,2.0640110906481604,Derived from Yahoo Finance QQQ and RSP,QQQ/RSP,2026-09-11T22:10:47+08:00,confirmed
2022-06-08,307.6400146484375,148.00999450683594,2.0785083850146955,Derived from Yahoo Finance QQQ and RSP,QQQ/RSP,2026-09-11T22:10:47+08:00,confirmed
2022-06-09,299.3999938964844,144.64999389648438,2.0698237575505427,Derived from Yahoo Finance QQQ and RSP,QQQ/RSP,2026-09-11T22:10:47+08:00,confirmed
2022-06-10,288.8399963378906,140.7100067138672,2.0527324465646903,Derived from Yahoo Finance QQQ and RSP,QQQ/RSP,2026-09-11T22:10:47+08:00,confirmed
2022-06-13,275.4100036621094,135.0500030517578,2.0393187518593296,Derived from Yahoo Finance QQQ and RSP,QQQ/RSP,2026-09-11T22:10:47+08:00,confirmed
2022-06-14,275.9100036621094,134.35000610351562,2.053665732248072,Derived from Yahoo Finance QQQ and RSP,QQQ/RSP,2026-09-11T22:10:47+08:00,confirmed
2022-06-15,282.79998779296875,135.63999938964844,2.08493061829482,Derived from Yahoo Finance QQQ and RSP,QQQ/RSP,2026-09-11T22:10:47+08:00,confirmed
2022-06-16,271.3900146484375,130.83999633789062,2.0742129489791514,Derived from Yahoo Finance QQQ and RSP,QQQ/RSP,2026-09-11T22:10:47+08:00,confirmed
2022-06-17,274.69000244140625,131.13999938964844,2.0946317196878756,Derived from Yahoo Finance QQQ and RSP,QQQ/RSP,2026-09-11T22:10:47+08:00,confirmed
2022-06-21,281.0799865722656,132.69000244140625,2.1183207581625147,Derived from Yahoo Finance QQQ and RSP,QQQ/RSP,2026-09-11T22:10:47+08:00,confirmed
2022-06-22,280.6700134277344,132.6199951171875,2.1163476380746724,Derived from Yahoo Finance QQQ and RSP,QQQ/RSP,2026-09-11T22:10:47+08:00,confirmed
2022-06-23,284.8500061035156,133.72000122070312,2.130197453658218,Derived from Yahoo Finance QQQ and RSP,QQQ/RSP,2026-09-11T22:10:47+08:00,confirmed
2022-06-24,294.6099853515625,138.07000732421875,2.1337725046957767,Derived from Yahoo Finance QQQ and RSP,QQQ/RSP,2026-09-11T22:10:47+08:00,confirmed
2022-06-27,292.45001220703125,138.0,2.1192029870074727,Derived from Yahoo Finance QQQ and RSP,QQQ/RSP,2026-09-11T22:10:47+08:00,confirmed
2022-06-28,283.5400085449219,135.89999389648438,2.086387205880933,Derived from Yahoo Finance QQQ and RSP,QQQ/RSP,2026-09-11T22:10:47+08:00,confirmed
2022-06-29,283.79998779296875,135.07000732421875,2.101132541673313,Derived from Yahoo Finance QQQ and RSP,QQQ/RSP,2026-09-11T22:10:47+08:00,confirmed
2022-06-30,280.2799987792969,134.22999572753906,2.088057868587071,Derived from Yahoo Finance QQQ and RSP,QQQ/RSP,2026-09-11T22:10:47+08:00,confirmed
2022-07-01,282.1300048828125,135.8699951171875,2.0764702658557996,Derived from Yahoo Finance QQQ and RSP,QQQ/RSP,2026-09-11T22:10:47+08:00,confirmed
2022-07-05,286.9599914550781,135.5500030517578,2.1170046845775916,Derived from Yahoo Finance QQQ and RSP,QQQ/RSP,2026-09-11T22:10:47+08:00,confirmed
2022-07-06,288.79998779296875,135.5800018310547,2.1301075666958647,Derived from Yahoo Finance QQQ and RSP,QQQ/RSP,2026-09-11T22:10:47+08:00,confirmed
2022-07-07,294.9800109863281,137.5500030517578,2.144529294378365,Derived from Yahoo Finance QQQ and RSP,QQQ/RSP,2026-09-11T22:10:47+08:00,confirmed
2022-07-08,295.3500061035156,137.0399932861328,2.1552103077445373,Derived from Yahoo Finance QQQ and RSP,QQQ/RSP,2026-09-11T22:10:47+08:00,confirmed
2022-07-11,289.0400085449219,135.77999877929688,2.1287377459381256,Derived from Yahoo Finance QQQ and RSP,QQQ/RSP,2026-09-11T22:10:47+08:00,confirmed
2022-07-12,286.239990234375,135.1300048828125,2.118256344936923,Derived from Yahoo Finance QQQ and RSP,QQQ/RSP,2026-09-11T22:10:47+08:00,confirmed
2022-07-13,285.6499938964844,134.3800048828125,2.1256882238216055,Derived from Yahoo Finance QQQ and RSP,QQQ/RSP,2026-09-11T22:10:47+08:00,confirmed
2022-07-14,286.6700134277344,133.32000732421875,2.1502400065924556,Derived from Yahoo Finance QQQ and RSP,QQQ/RSP,2026-09-11T22:10:47+08:00,confirmed
2022-07-15,291.8699951171875,135.85000610351562,2.148472447581541,Derived from Yahoo Finance QQQ and RSP,QQQ/RSP,2026-09-11T22:10:47+08:00,confirmed
2022-07-18,289.3999938964844,135.25999450683594,2.1395830670528255,Derived from Yahoo Finance QQQ and RSP,QQQ/RSP,2026-09-11T22:10:47+08:00,confirmed
2022-07-19,298.29998779296875,139.13999938964844,2.143883779657119,Derived from Yahoo Finance QQQ and RSP,QQQ/RSP,2026-09-11T22:10:47+08:00,confirmed
2022-07-20,303.0299987792969,140.07000732421875,2.1634181690151277,Derived from Yahoo Finance QQQ and RSP,QQQ/RSP,2026-09-11T22:10:47+08:00,confirmed
2022-07-21,307.3800048828125,141.16000366210938,2.1775290231543147,Derived from Yahoo Finance QQQ and RSP,QQQ/RSP,2026-09-11T22:10:47+08:00,confirmed
2022-07-22,301.989990234375,140.33999633789062,2.1518455045936196,Derived from Yahoo Finance QQQ and RSP,QQQ/RSP,2026-09-11T22:10:47+08:00,confirmed
2022-07-25,300.2699890136719,140.69000244140625,2.1342667126523547,Derived from Yahoo Finance QQQ and RSP,QQQ/RSP,2026-09-11T22:10:47+08:00,confirmed
2022-07-26,294.3699951171875,139.58999633789062,2.1088187036314365,Derived from Yahoo Finance QQQ and RSP,QQQ/RSP,2026-09-11T22:10:47+08:00,confirmed
2022-07-27,306.8099975585937,142.3000030517578,2.156078643561236,Derived from Yahoo Finance QQQ and RSP,QQQ/RSP,2026-09-11T22:10:47+08:00,confirmed
2022-07-28,309.8099975585937,144.5500030517578,2.143272162005162,Derived from Yahoo Finance QQQ and RSP,QQQ/RSP,2026-09-11T22:10:47+08:00,confirmed
2022-07-29,315.4599914550781,145.83999633789062,2.163055398905812,Derived from Yahoo Finance QQQ and RSP,QQQ/RSP,2026-09-11T22:10:47+08:00,confirmed
2022-08-01,315.2699890136719,145.55999755859375,2.1659109254021733,Derived from Yahoo Finance QQQ and RSP,QQQ/RSP,2026-09-11T22:10:47+08:00,confirmed
2022-08-02,314.3299865722656,144.52999877929688,2.174842518695791,Derived from Yahoo Finance QQQ and RSP,QQQ/RSP,2026-09-11T22:10:47+08:00,confirmed
2022-08-03,322.8900146484375,146.02999877929688,2.21112112132822,Derived from Yahoo Finance QQQ and RSP,QQQ/RSP,2026-09-11T22:10:47+08:00,confirmed
2022-08-04,324.3999938964844,145.72000122070312,2.2261871478106694,Derived from Yahoo Finance QQQ and RSP,QQQ/RSP,2026-09-11T22:10:47+08:00,confirmed
2022-08-05,321.75,145.8800048828125,2.2055798548846113,Derived from Yahoo Finance QQQ and RSP,QQQ/RSP,2026-09-11T22:10:47+08:00,confirmed
2022-08-08,320.7099914550781,146.2899932861328,2.1922893306023483,Derived from Yahoo Finance QQQ and RSP,QQQ/RSP,2026-09-11T22:10:47+08:00,confirmed
2022-08-09,317.0799865722656,145.44000244140625,2.18014288537989,Derived from Yahoo Finance QQQ and RSP,QQQ/RSP,2026-09-11T22:10:47+08:00,confirmed
2022-08-10,325.92999267578125,148.5500030517578,2.194075974284704,Derived from Yahoo Finance QQQ and RSP,QQQ/RSP,2026-09-11T22:10:47+08:00,confirmed
2022-08-11,324.0799865722656,149.2100067138672,2.1719722001872044,Derived from Yahoo Finance QQQ and RSP,QQQ/RSP,2026-09-11T22:10:47+08:00,confirmed
2022-08-12,330.3900146484375,151.6199951171875,2.179066253056387,Derived from Yahoo Finance QQQ and RSP,QQQ/RSP,2026-09-11T22:10:47+08:00,confirmed
2022-08-15,333.0599975585937,151.9499969482422,2.1919052599391753,Derived from Yahoo Finance QQQ and RSP,QQQ/RSP,2026-09-11T22:10:47+08:00,confirmed
2022-08-16,332.2799987792969,152.38999938964844,2.1804580360269235,Derived from Yahoo Finance QQQ and RSP,QQQ/RSP,2026-09-11T22:10:47+08:00,confirmed
2022-08-17,328.489990234375,150.9600067138672,2.1760067277752704,Derived from Yahoo Finance QQQ and RSP,QQQ/RSP,2026-09-11T22:10:47+08:00,confirmed
2022-08-18,329.2799987792969,151.44000244140625,2.1743264228135417,Derived from Yahoo Finance QQQ and RSP,QQQ/RSP,2026-09-11T22:10:47+08:00,confirmed
2022-08-19,322.8599853515625,149.44000244140625,2.160465605440232,Derived from Yahoo Finance QQQ and RSP,QQQ/RSP,2026-09-11T22:10:47+08:00,confirmed
2022-08-22,314.3599853515625,146.32000732421875,2.1484415638047194,Derived from Yahoo Finance QQQ and RSP,QQQ/RSP,2026-09-11T22:10:47+08:00,confirmed
2022-08-23,314.1000061035156,145.94000244140625,2.1522543569205728,Derived from Yahoo Finance QQQ and RSP,QQQ/RSP,2026-09-11T22:10:47+08:00,confirmed
2022-08-24,315.010009765625,146.6699981689453,2.1477467355169204,Derived from Yahoo Finance QQQ and RSP,QQQ/RSP,2026-09-11T22:10:47+08:00,confirmed
2022-08-25,320.5799865722656,148.92999267578125,2.15255490725877,Derived from Yahoo Finance QQQ and RSP,QQQ/RSP,2026-09-11T22:10:47+08:00,confirmed
2022-08-26,307.44000244140625,144.1300048828125,2.1330742525914426,Derived from Yahoo Finance QQQ and RSP,QQQ/RSP,2026-09-11T22:10:47+08:00,confirmed
2022-08-29,304.4100036621094,143.2899932861328,2.1244330932044875,Derived from Yahoo Finance QQQ and RSP,QQQ/RSP,2026-09-11T22:10:47+08:00,confirmed
2022-08-30,301.0199890136719,141.77999877929688,2.1231484807829446,Derived from Yahoo Finance QQQ and RSP,QQQ/RSP,2026-09-11T22:10:47+08:00,confirmed
2022-08-31,299.2699890136719,140.75999450683594,2.126101170024825,Derived from Yahoo Finance QQQ and RSP,QQQ/RSP,2026-09-11T22:10:47+08:00,confirmed
2022-09-01,299.3999938964844,140.8800048828125,2.125212830206336,Derived from Yahoo Finance QQQ and RSP,QQQ/RSP,2026-09-11T22:10:47+08:00,confirmed
2022-09-02,295.1700134277344,139.86000061035156,2.110467697265888,Derived from Yahoo Finance QQQ and RSP,QQQ/RSP,2026-09-11T22:10:47+08:00,confirmed
2022-09-06,293.04998779296875,139.47000122070312,2.1011686042020914,Derived from Yahoo Finance QQQ and RSP,QQQ/RSP,2026-09-11T22:10:47+08:00,confirmed
2022-09-07,298.9700012207031,142.52999877929688,2.097593515619463,Derived from Yahoo Finance QQQ and RSP,QQQ/RSP,2026-09-11T22:10:47+08:00,confirmed
2022-09-08,300.5199890136719,143.75999450683594,2.090428495386328,Derived from Yahoo Finance QQQ and RSP,QQQ/RSP,2026-09-11T22:10:47+08:00,confirmed
2022-09-09,307.0899963378906,145.74000549316406,2.107108444923825,Derived from Yahoo Finance QQQ and RSP,QQQ/RSP,2026-09-11T22:10:47+08:00,confirmed
2022-09-12,310.739990234375,147.10000610351562,2.1124403626176904,Derived from Yahoo Finance QQQ and RSP,QQQ/RSP,2026-09-11T22:10:47+08:00,confirmed
2022-09-13,293.70001220703125,141.27999877929688,2.078850613991299,Derived from Yahoo Finance QQQ and RSP,QQQ/RSP,2026-09-11T22:10:47+08:00,confirmed
2022-09-14,296.0299987792969,141.27000427246094,2.0954908319274734,Derived from Yahoo Finance QQQ and RSP,QQQ/RSP,2026-09-11T22:10:47+08:00,confirmed
2022-09-15,291.1000061035156,140.14999389648438,2.0770604265493144,Derived from Yahoo Finance QQQ and RSP,QQQ/RSP,2026-09-11T22:10:47+08:00,confirmed
2022-09-16,289.32000732421875,138.75,2.085189241976351,Derived from Yahoo Finance QQQ and RSP,QQQ/RSP,2026-09-11T22:10:47+08:00,confirmed
2022-09-19,291.04998779296875,139.14999389648438,2.0916277438681377,Derived from Yahoo Finance QQQ and RSP,QQQ/RSP,2026-09-11T22:10:47+08:00,confirmed
2022-09-20,288.7300109863281,136.91000366210938,2.1089036831735606,Derived from Yahoo Finance QQQ and RSP,QQQ/RSP,2026-09-11T22:10:47+08:00,confirmed
2022-09-21,283.5599975585937,134.63999938964844,2.106060597474978,Derived from Yahoo Finance QQQ and RSP,QQQ/RSP,2026-09-11T22:10:47+08:00,confirmed
2022-09-22,280.07000732421875,132.7100067138672,2.1103910267148946,Derived from Yahoo Finance QQQ and RSP,QQQ/RSP,2026-09-11T22:10:47+08:00,confirmed
2022-09-23,275.510009765625,130.47999572753906,2.111511486718082,Derived from Yahoo Finance QQQ and RSP,QQQ/RSP,2026-09-11T22:10:47+08:00,confirmed
2022-09-26,274.3699951171875,128.58999633789062,2.1336807133599787,Derived from Yahoo Finance QQQ and RSP,QQQ/RSP,2026-09-11T22:10:47+08:00,confirmed
2022-09-27,274.4800109863281,128.17999267578125,2.1413639153545474,Derived from Yahoo Finance QQQ and RSP,QQQ/RSP,2026-09-11T22:10:47+08:00,confirmed
2022-09-28,279.94000244140625,131.16000366210938,2.134339696746118,Derived from Yahoo Finance QQQ and RSP,QQQ/RSP,2026-09-11T22:10:47+08:00,confirmed
2022-09-29,271.8699951171875,128.67999267578125,2.1127604180253883,Derived from Yahoo Finance QQQ and RSP,QQQ/RSP,2026-09-11T22:10:47+08:00,confirmed
2022-09-30,267.260009765625,127.27999877929688,2.0997801094345783,Derived from Yahoo Finance QQQ and RSP,QQQ/RSP,2026-09-11T22:10:47+08:00,confirmed
2022-10-03,273.5299987792969,130.8300018310547,2.0907283876103255,Derived from Yahoo Finance QQQ and RSP,QQQ/RSP,2026-09-11T22:10:47+08:00,confirmed
2022-10-04,282.1300048828125,135.33999633789062,2.084601836240967,Derived from Yahoo Finance QQQ and RSP,QQQ/RSP,2026-09-11T22:10:47+08:00,confirmed
2022-10-05,281.9800109863281,134.80999755859375,2.091684712506344,Derived from Yahoo Finance QQQ and RSP,QQQ/RSP,2026-09-11T22:10:47+08:00,confirmed
2022-10-06,279.760009765625,133.30999755859375,2.0985673609562707,Derived from Yahoo Finance QQQ and RSP,QQQ/RSP,2026-09-11T22:10:47+08:00,confirmed
2022-10-07,269.1000061035156,130.14999389648438,2.067614435061334,Derived from Yahoo Finance QQQ and RSP,QQQ/RSP,2026-09-11T22:10:47+08:00,confirmed
2022-10-10,266.4100036621094,129.27000427246094,2.0608802882113317,Derived from Yahoo Finance QQQ and RSP,QQQ/RSP,2026-09-11T22:10:47+08:00,confirmed
2022-10-11,262.75,128.69000244140625,2.0417281452740084,Derived from Yahoo Finance QQQ and RSP,QQQ/RSP,2026-09-11T22:10:47+08:00,confirmed
2022-10-12,262.6600036621094,128.02000427246094,2.051710630341008,Derived from Yahoo Finance QQQ and RSP,QQQ/RSP,2026-09-11T22:10:47+08:00,confirmed
2022-10-13,268.82000732421875,131.10000610351562,2.0504957651333777,Derived from Yahoo Finance QQQ and RSP,QQQ/RSP,2026-09-11T22:10:47+08:00,confirmed
2022-10-14,260.739990234375,128.1999969482422,2.0338533263744365,Derived from Yahoo Finance QQQ and RSP,QQQ/RSP,2026-09-11T22:10:47+08:00,confirmed
2022-10-17,269.3500061035156,130.99000549316406,2.056263797298429,Derived from Yahoo Finance QQQ and RSP,QQQ/RSP,2026-09-11T22:10:47+08:00,confirmed
2022-10-18,271.4800109863281,132.92999267578125,2.0422780857926695,Derived from Yahoo Finance QQQ and RSP,QQQ/RSP,2026-09-11T22:10:47+08:00,confirmed
2022-10-19,270.489990234375,131.36000061035156,2.0591503423992794,Derived from Yahoo Finance QQQ and RSP,QQQ/RSP,2026-09-11T22:10:47+08:00,confirmed
2022-10-20,269.1099853515625,129.89999389648438,2.071670500354394,Derived from Yahoo Finance QQQ and RSP,QQQ/RSP,2026-09-11T22:10:47+08:00,confirmed
2022-10-21,275.4200134277344,132.8699951171875,2.0728533419815505,Derived from Yahoo Finance QQQ and RSP,QQQ/RSP,2026-09-11T22:10:47+08:00,confirmed
2022-10-24,278.45001220703125,134.35000610351562,2.0725716379386516,Derived from Yahoo Finance QQQ and RSP,QQQ/RSP,2026-09-11T22:10:47+08:00,confirmed
2022-10-25,284.2099914550781,136.92999267578125,2.0755861144900667,Derived from Yahoo Finance QQQ and RSP,QQQ/RSP,2026-09-11T22:10:47+08:00,confirmed
2022-10-26,277.92999267578125,137.1999969482422,2.0257288546487984,Derived from Yahoo Finance QQQ and RSP,QQQ/RSP,2026-09-11T22:10:47+08:00,confirmed
2022-10-27,272.8699951171875,137.3300018310547,1.98696564100302,Derived from Yahoo Finance QQQ and RSP,QQQ/RSP,2026-09-11T22:10:47+08:00,confirmed
2022-10-28,281.2200012207031,140.17999267578125,2.006135082851158,Derived from Yahoo Finance QQQ and RSP,QQQ/RSP,2026-09-11T22:10:47+08:00,confirmed
2022-10-31,277.95001220703125,139.55999755859375,1.9916166313368913,Derived from Yahoo Finance QQQ and RSP,QQQ/RSP,2026-09-11T22:10:47+08:00,confirmed
2022-11-01,275.1099853515625,139.89999389648438,1.9664760354108628,Derived from Yahoo Finance QQQ and RSP,QQQ/RSP,2026-09-11T22:10:47+08:00,confirmed
2022-11-02,265.67999267578125,136.49000549316406,1.9465160962945929,Derived from Yahoo Finance QQQ and RSP,QQQ/RSP,2026-09-11T22:10:47+08:00,confirmed
2022-11-03,260.489990234375,135.8000030517578,1.9181883975002103,Derived from Yahoo Finance QQQ and RSP,QQQ/RSP,2026-09-11T22:10:47+08:00,confirmed
2022-11-04,264.67999267578125,137.91000366210938,1.919222577386544,Derived from Yahoo Finance QQQ and RSP,QQQ/RSP,2026-09-11T22:10:47+08:00,confirmed
2022-11-07,267.5899963378906,139.00999450683594,1.9249694763834528,Derived from Yahoo Finance QQQ and RSP,QQQ/RSP,2026-09-11T22:10:47+08:00,confirmed
2022-11-08,269.5400085449219,139.83999633789062,1.9274886699341833,Derived from Yahoo Finance QQQ and RSP,QQQ/RSP,2026-09-11T22:10:47+08:00,confirmed
2022-11-09,263.32000732421875,137.3300018310547,1.9174252079903031,Derived from Yahoo Finance QQQ and RSP,QQQ/RSP,2026-09-11T22:10:47+08:00,confirmed
2022-11-10,282.75,144.69000244140625,1.9541778646005803,Derived from Yahoo Finance QQQ and RSP,QQQ/RSP,2026-09-11T22:10:47+08:00,confirmed
2022-11-11,287.9599914550781,146.0800018310547,1.9712485476835586,Derived from Yahoo Finance QQQ and RSP,QQQ/RSP,2026-09-11T22:10:47+08:00,confirmed
2022-11-14,285.44000244140625,144.49000549316406,1.975499976397403,Derived from Yahoo Finance QQQ and RSP,QQQ/RSP,2026-09-11T22:10:47+08:00,confirmed
2022-11-15,289.3900146484375,145.85000610351562,1.9841618274808006,Derived from Yahoo Finance QQQ and RSP,QQQ/RSP,2026-09-11T22:10:47+08:00,confirmed
2022-11-16,285.44000244140625,144.3000030517578,1.978101153185867,Derived from Yahoo Finance QQQ and RSP,QQQ/RSP,2026-09-11T22:10:47+08:00,confirmed
2022-11-17,284.8099975585937,143.4600067138672,1.9852919575464043,Derived from Yahoo Finance QQQ and RSP,QQQ/RSP,2026-09-11T22:10:47+08:00,confirmed
2022-11-18,284.82000732421875,144.52999877929688,1.9706635973833388,Derived from Yahoo Finance QQQ and RSP,QQQ/RSP,2026-09-11T22:10:47+08:00,confirmed
2022-11-21,281.8900146484375,144.47000122070312,1.9512010262795065,Derived from Yahoo Finance QQQ and RSP,QQQ/RSP,2026-09-11T22:10:47+08:00,confirmed
2022-11-22,285.95001220703125,146.38999938964844,1.9533438991683705,Derived from Yahoo Finance QQQ and RSP,QQQ/RSP,2026-09-11T22:10:47+08:00,confirmed
2022-11-23,288.82000732421875,147.0,1.964761954586522,Derived from Yahoo Finance QQQ and RSP,QQQ/RSP,2026-09-11T22:10:47+08:00,confirmed
2022-11-25,286.9200134277344,147.5,1.945220430018538,Derived from Yahoo Finance QQQ and RSP,QQQ/RSP,2026-09-11T22:10:47+08:00,confirmed
2022-11-28,282.7099914550781,144.8699951171875,1.9514737418634536,Derived from Yahoo Finance QQQ and RSP,QQQ/RSP,2026-09-11T22:10:47+08:00,confirmed
2022-11-29,280.57000732421875,145.3300018310547,1.9305718281788766,Derived from Yahoo Finance QQQ and RSP,QQQ/RSP,2026-09-11T22:10:47+08:00,confirmed
2022-11-30,293.3599853515625,148.82000732421875,1.9712402292283824,Derived from Yahoo Finance QQQ and RSP,QQQ/RSP,2026-09-11T22:10:47+08:00,confirmed
2022-12-01,293.7200012207031,149.02999877929688,1.9708783709760485,Derived from Yahoo Finance QQQ and RSP,QQQ/RSP,2026-09-11T22:10:47+08:00,confirmed
2022-12-02,292.54998779296875,148.94000244140625,1.9642136632034728,Derived from Yahoo Finance QQQ and RSP,QQQ/RSP,2026-09-11T22:10:47+08:00,confirmed
2022-12-05,287.6400146484375,146.05999755859375,1.969327806766854,Derived from Yahoo Finance QQQ and RSP,QQQ/RSP,2026-09-11T22:10:47+08:00,confirmed
2022-12-06,281.67999267578125,144.4600067138672,1.949882179042858,Derived from Yahoo Finance QQQ and RSP,QQQ/RSP,2026-09-11T22:10:47+08:00,confirmed
2022-12-07,280.5299987792969,144.22000122070312,1.9451532131801572,Derived from Yahoo Finance QQQ and RSP,QQQ/RSP,2026-09-11T22:10:47+08:00,confirmed
2022-12-08,283.8500061035156,145.14999389648438,1.9555633347525112,Derived from Yahoo Finance QQQ and RSP,QQQ/RSP,2026-09-11T22:10:47+08:00,confirmed
2022-12-09,282.0400085449219,144.02999877929688,1.9582032280448982,Derived from Yahoo Finance QQQ and RSP,QQQ/RSP,2026-09-11T22:10:47+08:00,confirmed
2022-12-12,285.5799865722656,146.14999389648438,1.954019832354815,Derived from Yahoo Finance QQQ and RSP,QQQ/RSP,2026-09-11T22:10:47+08:00,confirmed
2022-12-13,288.6499938964844,147.1699981689453,1.96133721198478,Derived from Yahoo Finance QQQ and RSP,QQQ/RSP,2026-09-11T22:10:47+08:00,confirmed
2022-12-14,286.510009765625,146.3000030517578,1.9583732316414504,Derived from Yahoo Finance QQQ and RSP,QQQ/RSP,2026-09-11T22:10:47+08:00,confirmed
2022-12-15,276.8900146484375,143.08999633789062,1.9350759782996532,Derived from Yahoo Finance QQQ and RSP,QQQ/RSP,2026-09-11T22:10:47+08:00,confirmed
2022-12-16,274.25,141.36000061035156,1.9400820516119686,Derived from Yahoo Finance QQQ and RSP,QQQ/RSP,2026-09-11T22:10:47+08:00,confirmed
2022-12-19,269.75,139.6300048828125,1.9318913597861256,Derived from Yahoo Finance QQQ and RSP,QQQ/RSP,2026-09-11T22:10:47+08:00,confirmed
2022-12-20,269.5400085449219,139.77000427246094,1.9284538907181652,Derived from Yahoo Finance QQQ and RSP,QQQ/RSP,2026-09-11T22:10:47+08:00,confirmed
2022-12-21,273.45001220703125,141.92999267578125,1.9266541697898107,Derived from Yahoo Finance QQQ and RSP,QQQ/RSP,2026-09-11T22:10:47+08:00,confirmed
2022-12-22,266.760009765625,140.38999938964844,1.9001354150963432,Derived from Yahoo Finance QQQ and RSP,QQQ/RSP,2026-09-11T22:10:47+08:00,confirmed
2022-12-23,267.3599853515625,141.2899932861328,1.8922782791143573,Derived from Yahoo Finance QQQ and RSP,QQQ/RSP,2026-09-11T22:10:47+08:00,confirmed
2022-12-27,263.5799865722656,141.3800048828125,1.864337087770952,Derived from Yahoo Finance QQQ and RSP,QQQ/RSP,2026-09-11T22:10:47+08:00,confirmed
2022-12-28,260.1000061035156,139.35000610351562,1.8665231052110707,Derived from Yahoo Finance QQQ and RSP,QQQ/RSP,2026-09-11T22:10:47+08:00,confirmed
2022-12-29,266.44000244140625,141.8300018310547,1.8785870337841828,Derived from Yahoo Finance QQQ and RSP,QQQ/RSP,2026-09-11T22:10:47+08:00,confirmed
2022-12-30,266.2799987792969,141.25,1.8851681329507743,Derived from Yahoo Finance QQQ and RSP,QQQ/RSP,2026-09-11T22:10:47+08:00,confirmed
2023-01-03,264.4800109863281,141.1199951171875,1.8741498025612968,Derived from Yahoo Finance QQQ and RSP,QQQ/RSP,2026-09-11T22:10:47+08:00,confirmed
2023-01-04,265.739990234375,143.32000732421875,1.8541723182668945,Derived from Yahoo Finance QQQ and RSP,QQQ/RSP,2026-09-11T22:10:47+08:00,confirmed
2023-01-05,261.5799865722656,141.8300018310547,1.844320547100147,Derived from Yahoo Finance QQQ and RSP,QQQ/RSP,2026-09-11T22:10:47+08:00,confirmed
2023-01-06,268.79998779296875,145.22999572753906,1.850857231293011,Derived from Yahoo Finance QQQ and RSP,QQQ/RSP,2026-09-11T22:10:47+08:00,confirmed
2023-01-09,270.5400085449219,145.2899932861328,1.8620691103765337,Derived from Yahoo Finance QQQ and RSP,QQQ/RSP,2026-09-11T22:10:47+08:00,confirmed
2023-01-10,272.8299865722656,146.3800048828125,1.863847366248452,Derived from Yahoo Finance QQQ and RSP,QQQ/RSP,2026-09-11T22:10:47+08:00,confirmed
2023-01-11,277.54998779296875,148.16000366210938,1.8733125062951772,Derived from Yahoo Finance QQQ and RSP,QQQ/RSP,2026-09-11T22:10:47+08:00,confirmed
2023-01-12,279.04998779296875,148.72000122070312,1.8763447115553316,Derived from Yahoo Finance QQQ and RSP,QQQ/RSP,2026-09-11T22:10:47+08:00,confirmed
2023-01-13,280.9700012207031,149.07000732421875,1.8848191280329747,Derived from Yahoo Finance QQQ and RSP,QQQ/RSP,2026-09-11T22:10:47+08:00,confirmed
2023-01-17,281.5400085449219,148.74000549316406,1.8928331191829972,Derived from Yahoo Finance QQQ and RSP,QQQ/RSP,2026-09-11T22:10:47+08:00,confirmed
2023-01-18,277.8800048828125,146.4499969482422,1.8974394719927499,Derived from Yahoo Finance QQQ and RSP,QQQ/RSP,2026-09-11T22:10:47+08:00,confirmed
2023-01-19,275.1499938964844,144.94000244140625,1.8983716659430656,Derived from Yahoo Finance QQQ and RSP,QQQ/RSP,2026-09-11T22:10:47+08:00,confirmed
2023-01-20,282.67999267578125,147.4600067138672,1.91699430221983,Derived from Yahoo Finance QQQ and RSP,QQQ/RSP,2026-09-11T22:10:47+08:00,confirmed
2023-01-23,288.9599914550781,149.3300018310547,1.9350431119795646,Derived from Yahoo Finance QQQ and RSP,QQQ/RSP,2026-09-11T22:10:47+08:00,confirmed
2023-01-24,288.3699951171875,148.97999572753906,1.9356289662175235,Derived from Yahoo Finance QQQ and RSP,QQQ/RSP,2026-09-11T22:10:47+08:00,confirmed
2023-01-25,287.7300109863281,149.32000732421875,1.9269354197229547,Derived from Yahoo Finance QQQ and RSP,QQQ/RSP,2026-09-11T22:10:47+08:00,confirmed
2023-01-26,293.3399963378906,150.52000427246094,1.9488439277938552,Derived from Yahoo Finance QQQ and RSP,QQQ/RSP,2026-09-11T22:10:47+08:00,confirmed
2023-01-27,296.260009765625,150.8000030517578,1.9645888844176096,Derived from Yahoo Finance QQQ and RSP,QQQ/RSP,2026-09-11T22:10:47+08:00,confirmed
2023-01-30,290.2699890136719,149.1999969482422,1.9455093495368314,Derived from Yahoo Finance QQQ and RSP,QQQ/RSP,2026-09-11T22:10:47+08:00,confirmed
2023-01-31,294.6199951171875,151.72999572753906,1.94173863713959,Derived from Yahoo Finance QQQ and RSP,QQQ/RSP,2026-09-11T22:10:47+08:00,confirmed
2023-02-01,300.9200134277344,153.27999877929688,1.9632046961392515,Derived from Yahoo Finance QQQ and RSP,QQQ/RSP,2026-09-11T22:10:47+08:00,confirmed
2023-02-02,311.7200012207031,154.9600067138672,2.011615821599004,Derived from Yahoo Finance QQQ and RSP,QQQ/RSP,2026-09-11T22:10:47+08:00,confirmed
2023-02-03,306.17999267578125,153.05999755859375,2.000391987191629,Derived from Yahoo Finance QQQ and RSP,QQQ/RSP,2026-09-11T22:10:47+08:00,confirmed
2023-02-06,303.5899963378906,151.97999572753906,1.9975655012002316,Derived from Yahoo Finance QQQ and RSP,QQQ/RSP,2026-09-11T22:10:47+08:00,confirmed
2023-02-07,309.8800048828125,153.39999389648438,2.0200783390638346,Derived from Yahoo Finance QQQ and RSP,QQQ/RSP,2026-09-11T22:10:47+08:00,confirmed
2023-02-08,304.3699951171875,151.88999938964844,2.0038843659244288,Derived from Yahoo Finance QQQ and RSP,QQQ/RSP,2026-09-11T22:10:47+08:00,confirmed
2023-02-09,301.67999267578125,150.5,2.004518223759344,Derived from Yahoo Finance QQQ and RSP,QQQ/RSP,2026-09-11T22:10:47+08:00,confirmed
2023-02-10,299.70001220703125,150.9600067138672,1.985294110214827,Derived from Yahoo Finance QQQ and RSP,QQQ/RSP,2026-09-11T22:10:47+08:00,confirmed
2023-02-13,304.5,152.64999389648438,1.9947593329514888,Derived from Yahoo Finance QQQ and RSP,QQQ/RSP,2026-09-11T22:10:47+08:00,confirmed
2023-02-14,306.75,152.36000061035156,2.0133236989443732,Derived from Yahoo Finance QQQ and RSP,QQQ/RSP,2026-09-11T22:10:47+08:00,confirmed
2023-02-15,309.1000061035156,153.0800018310547,2.0192056598264934,Derived from Yahoo Finance QQQ and RSP,QQQ/RSP,2026-09-11T22:10:47+08:00,confirmed
2023-02-16,303.29998779296875,151.35000610351562,2.003964159641508,Derived from Yahoo Finance QQQ and RSP,QQQ/RSP,2026-09-11T22:10:47+08:00,confirmed
2023-02-17,301.1600036621094,151.02999877929688,1.9940409593871509,Derived from Yahoo Finance QQQ and RSP,QQQ/RSP,2026-09-11T22:10:47+08:00,confirmed
2023-02-21,294.0299987792969,147.75,1.9900507531593696,Derived from Yahoo Finance QQQ and RSP,QQQ/RSP,2026-09-11T22:10:47+08:00,confirmed
2023-02-22,294.25,147.57000732421875,1.993968864916554,Derived from Yahoo Finance QQQ and RSP,QQQ/RSP,2026-09-11T22:10:47+08:00,confirmed
2023-02-23,296.82000732421875,148.1199951171875,2.0039158594988127,Derived from Yahoo Finance QQQ and RSP,QQQ/RSP,2026-09-11T22:10:47+08:00,confirmed
2023-02-24,291.8500061035156,146.85000610351562,1.987402069958298,Derived from Yahoo Finance QQQ and RSP,QQQ/RSP,2026-09-11T22:10:47+08:00,confirmed
2023-02-27,293.94000244140625,147.02999877929688,1.9991838732355047,Derived from Yahoo Finance QQQ and RSP,QQQ/RSP,2026-09-11T22:10:47+08:00,confirmed
2023-02-28,293.5599975585937,146.60000610351562,2.002455561641029,Derived from Yahoo Finance QQQ and RSP,QQQ/RSP,2026-09-11T22:10:47+08:00,confirmed
2023-03-01,291.20001220703125,146.3300018310547,1.9900226102862777,Derived from Yahoo Finance QQQ and RSP,QQQ/RSP,2026-09-11T22:10:47+08:00,confirmed
2023-03-02,293.6099853515625,147.47999572753906,1.9908461747855641,Derived from Yahoo Finance QQQ and RSP,QQQ/RSP,2026-09-11T22:10:47+08:00,confirmed
2023-03-03,299.67999267578125,149.5500030517578,2.003878211704649,Derived from Yahoo Finance QQQ and RSP,QQQ/RSP,2026-09-11T22:10:47+08:00,confirmed
2023-03-06,300.0199890136719,148.8300018310547,2.0158569194552687,Derived from Yahoo Finance QQQ and RSP,QQQ/RSP,2026-09-11T22:10:47+08:00,confirmed
2023-03-07,296.3399963378906,146.42999267578125,2.023765698015388,Derived from Yahoo Finance QQQ and RSP,QQQ/RSP,2026-09-11T22:10:47+08:00,confirmed
2023-03-08,297.82000732421875,146.74000549316406,2.029576094966773,Derived from Yahoo Finance QQQ and RSP,QQQ/RSP,2026-09-11T22:10:47+08:00,confirmed
2023-03-09,292.6600036621094,143.5,2.0394425342307274,Derived from Yahoo Finance QQQ and RSP,QQQ/RSP,2026-09-11T22:10:47+08:00,confirmed
2023-03-10,288.54998779296875,140.47000122070312,2.054175163988259,Derived from Yahoo Finance QQQ and RSP,QQQ/RSP,2026-09-11T22:10:47+08:00,confirmed
2023-03-13,290.69000244140625,138.75,2.0950630806587838,Derived from Yahoo Finance QQQ and RSP,QQQ/RSP,2026-09-11T22:10:47+08:00,confirmed
2023-03-14,297.3699951171875,140.6999969482422,2.113503920164105,Derived from Yahoo Finance QQQ and RSP,QQQ/RSP,2026-09-11T22:10:47+08:00,confirmed
2023-03-15,298.92999267578125,138.72999572753906,2.1547610602026506,Derived from Yahoo Finance QQQ and RSP,QQQ/RSP,2026-09-11T22:10:47+08:00,confirmed
2023-03-16,306.8099975585937,140.39999389648438,2.1852564878656753,Derived from Yahoo Finance QQQ and RSP,QQQ/RSP,2026-09-11T22:10:47+08:00,confirmed
2023-03-17,305.3599853515625,138.02999877929688,2.2122726077815735,Derived from Yahoo Finance QQQ and RSP,QQQ/RSP,2026-09-11T22:10:47+08:00,confirmed
2023-03-20,305.9700012207031,139.1199951171875,2.199324410290338,Derived from Yahoo Finance QQQ and RSP,QQQ/RSP,2026-09-11T22:10:47+08:00,confirmed
2023-03-21,310.3399963378906,140.97999572753906,2.20130519040205,Derived from Yahoo Finance QQQ and RSP,QQQ/RSP,2026-09-11T22:10:47+08:00,confirmed
2023-03-22,306.1199951171875,137.80999755859375,2.2213192115255067,Derived from Yahoo Finance QQQ and RSP,QQQ/RSP,2026-09-11T22:10:47+08:00,confirmed
2023-03-23,309.75,137.35000610351562,2.255187377032607,Derived from Yahoo Finance QQQ and RSP,QQQ/RSP,2026-09-11T22:10:47+08:00,confirmed
2023-03-24,310.8900146484375,138.52000427246094,2.244369080706456,Derived from Yahoo Finance QQQ and RSP,QQQ/RSP,2026-09-11T22:10:47+08:00,confirmed
2023-03-27,308.760009765625,139.44000244140625,2.2142857455511615,Derived from Yahoo Finance QQQ and RSP,QQQ/RSP,2026-09-11T22:10:47+08:00,confirmed
2023-03-28,307.1199951171875,139.72000122070312,2.198110452576204,Derived from Yahoo Finance QQQ and RSP,QQQ/RSP,2026-09-11T22:10:47+08:00,confirmed
2023-03-29,312.7200012207031,141.82000732421875,2.2050485479512423,Derived from Yahoo Finance QQQ and RSP,QQQ/RSP,2026-09-11T22:10:47+08:00,confirmed
2023-03-30,315.67999267578125,142.52000427246094,2.214987252402012,Derived from Yahoo Finance QQQ and RSP,QQQ/RSP,2026-09-11T22:10:47+08:00,confirmed
2023-03-31,320.92999267578125,144.6199951171875,2.2191260096207817,Derived from Yahoo Finance QQQ and RSP,QQQ/RSP,2026-09-11T22:10:47+08:00,confirmed
2023-04-03,320.1499938964844,144.74000549316406,2.2118970688556785,Derived from Yahoo Finance QQQ and RSP,QQQ/RSP,2026-09-11T22:10:47+08:00,confirmed
2023-04-04,319.07000732421875,143.2899932861328,2.2267431242534466,Derived from Yahoo Finance QQQ and RSP,QQQ/RSP,2026-09-11T22:10:47+08:00,confirmed
2023-04-05,315.9200134277344,142.99000549316406,2.2093852807274534,Derived from Yahoo Finance QQQ and RSP,QQQ/RSP,2026-09-11T22:10:47+08:00,confirmed
2023-04-06,318.04998779296875,143.08999633789062,2.2227269266394427,Derived from Yahoo Finance QQQ and RSP,QQQ/RSP,2026-09-11T22:10:47+08:00,confirmed
2023-04-10,317.8699951171875,143.9600067138672,2.208043764189184,Derived from Yahoo Finance QQQ and RSP,QQQ/RSP,2026-09-11T22:10:47+08:00,confirmed
2023-04-11,315.8299865722656,144.89999389648438,2.1796411309574832,Derived from Yahoo Finance QQQ and RSP,QQQ/RSP,2026-09-11T22:10:47+08:00,confirmed
2023-04-12,313.0400085449219,144.1999969482422,2.1708738916082053,Derived from Yahoo Finance QQQ and RSP,QQQ/RSP,2026-09-11T22:10:47+08:00,confirmed
2023-04-13,319.1700134277344,145.30999755859375,2.1964766278317125,Derived from Yahoo Finance QQQ and RSP,QQQ/RSP,2026-09-11T22:10:47+08:00,confirmed
2023-04-14,318.57000732421875,144.64999389648438,2.202350644772211,Derived from Yahoo Finance QQQ and RSP,QQQ/RSP,2026-09-11T22:10:47+08:00,confirmed
2023-04-17,318.8399963378906,145.6300048828125,2.189383956928787,Derived from Yahoo Finance QQQ and RSP,QQQ/RSP,2026-09-11T22:10:47+08:00,confirmed
2023-04-18,318.8599853515625,145.63999938964844,2.1893709605043155,Derived from Yahoo Finance QQQ and RSP,QQQ/RSP,2026-09-11T22:10:47+08:00,confirmed
2023-04-19,318.7099914550781,145.67999267578125,2.187740303944033,Derived from Yahoo Finance QQQ and RSP,QQQ/RSP,2026-09-11T22:10:47+08:00,confirmed
2023-04-20,316.2799987792969,144.8800048828125,2.183047957757337,Derived from Yahoo Finance QQQ and RSP,QQQ/RSP,2026-09-11T22:10:47+08:00,confirmed
2023-04-21,316.6099853515625,144.9199981689453,2.184722532099841,Derived from Yahoo Finance QQQ and RSP,QQQ/RSP,2026-09-11T22:10:47+08:00,confirmed
2023-04-24,315.95001220703125,145.19000244140625,2.176114104926322,Derived from Yahoo Finance QQQ and RSP,QQQ/RSP,2026-09-11T22:10:47+08:00,confirmed
2023-04-25,309.989990234375,142.72000122070312,2.1720150475265516,Derived from Yahoo Finance QQQ and RSP,QQQ/RSP,2026-09-11T22:10:47+08:00,confirmed
2023-04-26,311.8699951171875,141.22999572753906,2.208241907185547,Derived from Yahoo Finance QQQ and RSP,QQQ/RSP,2026-09-11T22:10:47+08:00,confirmed
2023-04-27,320.3500061035156,143.5500030517578,2.23162660601276,Derived from Yahoo Finance QQQ and RSP,QQQ/RSP,2026-09-11T22:10:47+08:00,confirmed
2023-04-28,322.5599975585937,145.13999938964844,2.222405945397841,Derived from Yahoo Finance QQQ and RSP,QQQ/RSP,2026-09-11T22:10:47+08:00,confirmed
2023-05-01,322.19000244140625,145.00999450683594,2.2218468701908534,Derived from Yahoo Finance QQQ and RSP,QQQ/RSP,2026-09-11T22:10:47+08:00,confirmed
2023-05-02,319.3800048828125,142.83999633789062,2.235928402905537,Derived from Yahoo Finance QQQ and RSP,QQQ/RSP,2026-09-11T22:10:47+08:00,confirmed
2023-05-03,317.2900085449219,142.00999450683594,2.2342794227039313,Derived from Yahoo Finance QQQ and RSP,QQQ/RSP,2026-09-11T22:10:47+08:00,confirmed
2023-05-04,316.1700134277344,140.66000366210938,2.247760594313872,Derived from Yahoo Finance QQQ and RSP,QQQ/RSP,2026-09-11T22:10:47+08:00,confirmed
2023-05-05,322.8900146484375,143.02999877929688,2.257498548585423,Derived from Yahoo Finance QQQ and RSP,QQQ/RSP,2026-09-11T22:10:47+08:00,confirmed
2023-05-08,323.69000244140625,142.77000427246094,2.267212949182794,Derived from Yahoo Finance QQQ and RSP,QQQ/RSP,2026-09-11T22:10:47+08:00,confirmed
2023-05-09,321.6400146484375,142.24000549316406,2.261248609582592,Derived from Yahoo Finance QQQ and RSP,QQQ/RSP,2026-09-11T22:10:47+08:00,confirmed
2023-05-10,325.1400146484375,142.22000122070312,2.2861764298811336,Derived from Yahoo Finance QQQ and RSP,QQQ/RSP,2026-09-11T22:10:47+08:00,confirmed
2023-05-11,326.20001220703125,141.50999450683594,2.305137621860861,Derived from Yahoo Finance QQQ and RSP,QQQ/RSP,2026-09-11T22:10:47+08:00,confirmed
2023-05-12,325.0299987792969,141.52000427246094,2.2967071012344933,Derived from Yahoo Finance QQQ and RSP,QQQ/RSP,2026-09-11T22:10:47+08:00,confirmed
2023-05-15,326.7900085449219,142.32000732421875,2.2961635169148256,Derived from Yahoo Finance QQQ and RSP,QQQ/RSP,2026-09-11T22:10:47+08:00,confirmed
2023-05-16,327.1600036621094,140.30999755859375,2.3316941725801588,Derived from Yahoo Finance QQQ and RSP,QQQ/RSP,2026-09-11T22:10:47+08:00,confirmed
2023-05-17,331.1199951171875,142.08999633789062,2.3303540266816722,Derived from Yahoo Finance QQQ and RSP,QQQ/RSP,2026-09-11T22:10:47+08:00,confirmed
2023-05-18,337.2699890136719,143.24000549316406,2.3545795593380343,Derived from Yahoo Finance QQQ and RSP,QQQ/RSP,2026-09-11T22:10:47+08:00,confirmed
2023-05-19,336.510009765625,142.86000061035156,2.3555229478365387,Derived from Yahoo Finance QQQ and RSP,QQQ/RSP,2026-09-11T22:10:47+08:00,confirmed
2023-05-22,337.6400146484375,143.0800018310547,2.359798786186168,Derived from Yahoo Finance QQQ and RSP,QQQ/RSP,2026-09-11T22:10:47+08:00,confirmed
2023-05-23,333.3599853515625,141.5500030517578,2.3550687259940877,Derived from Yahoo Finance QQQ and RSP,QQQ/RSP,2026-09-11T22:10:47+08:00,confirmed
2023-05-24,331.6499938964844,140.00999450683594,2.368759423673084,Derived from Yahoo Finance QQQ and RSP,QQQ/RSP,2026-09-11T22:10:47+08:00,confirmed
2023-05-25,339.7200012207031,139.9199981689453,2.4279588741168423,Derived from Yahoo Finance QQQ and RSP,QQQ/RSP,2026-09-11T22:10:47+08:00,confirmed
2023-05-26,348.3999938964844,141.08999633789062,2.4693458284747245,Derived from Yahoo Finance QQQ and RSP,QQQ/RSP,2026-09-11T22:10:47+08:00,confirmed
2023-05-30,349.9800109863281,140.83999633789062,2.48494760072762,Derived from Yahoo Finance QQQ and RSP,QQQ/RSP,2026-09-11T22:10:47+08:00,confirmed
2023-05-31,347.989990234375,139.61000061035156,2.4925864100925508,Derived from Yahoo Finance QQQ and RSP,QQQ/RSP,2026-09-11T22:10:47+08:00,confirmed
2023-06-01,352.010009765625,140.66000366210938,2.50255936727555,Derived from Yahoo Finance QQQ and RSP,QQQ/RSP,2026-09-11T22:10:47+08:00,confirmed
2023-06-02,354.6499938964844,143.72999572753906,2.4674737663582387,Derived from Yahoo Finance QQQ and RSP,QQQ/RSP,2026-09-11T22:10:47+08:00,confirmed
2023-06-05,354.8999938964844,143.24000549316406,2.477659733917153,Derived from Yahoo Finance QQQ and RSP,QQQ/RSP,2026-09-11T22:10:47+08:00,confirmed
2023-06-06,354.8399963378906,144.2100067138672,2.4605781833291416,Derived from Yahoo Finance QQQ and RSP,QQQ/RSP,2026-09-11T22:10:47+08:00,confirmed
2023-06-07,348.82000732421875,145.27000427246094,2.4011839820007848,Derived from Yahoo Finance QQQ and RSP,QQQ/RSP,2026-09-11T22:10:47+08:00,confirmed
2023-06-08,353.1499938964844,145.3300018310547,2.429986853691912,Derived from Yahoo Finance QQQ and RSP,QQQ/RSP,2026-09-11T22:10:47+08:00,confirmed
2023-06-09,354.5,145.16000366210938,2.4421327573480487,Derived from Yahoo Finance QQQ and RSP,QQQ/RSP,2026-09-11T22:10:47+08:00,confirmed
2023-06-12,360.489990234375,146.1199951171875,2.467081866142028,Derived from Yahoo Finance QQQ and RSP,QQQ/RSP,2026-09-11T22:10:47+08:00,confirmed
2023-06-13,363.260009765625,147.52999877929688,2.4622789451049725,Derived from Yahoo Finance QQQ and RSP,QQQ/RSP,2026-09-11T22:10:47+08:00,confirmed
2023-06-14,365.8999938964844,147.25,2.4848896020134763,Derived from Yahoo Finance QQQ and RSP,QQQ/RSP,2026-09-11T22:10:47+08:00,confirmed
2023-06-15,370.260009765625,148.9499969482422,2.4858007207229726,Derived from Yahoo Finance QQQ and RSP,QQQ/RSP,2026-09-11T22:10:47+08:00,confirmed
2023-06-16,367.9299926757813,148.8300018310547,2.472149352611306,Derived from Yahoo Finance QQQ and RSP,QQQ/RSP,2026-09-11T22:10:47+08:00,confirmed
2023-06-20,366.8999938964844,146.83999633789062,2.4986379940531873,Derived from Yahoo Finance QQQ and RSP,QQQ/RSP,2026-09-11T22:10:47+08:00,confirmed
2023-06-21,361.8999938964844,146.6300048828125,2.4681169054431717,Derived from Yahoo Finance QQQ and RSP,QQQ/RSP,2026-09-11T22:10:47+08:00,confirmed
2023-06-22,366.1700134277344,146.02999877929688,2.507498572133436,Derived from Yahoo Finance QQQ and RSP,QQQ/RSP,2026-09-11T22:10:47+08:00,confirmed
2023-06-23,362.5400085449219,144.77000427246094,2.504248102822544,Derived from Yahoo Finance QQQ and RSP,QQQ/RSP,2026-09-11T22:10:47+08:00,confirmed
2023-06-26,357.67999267578125,145.64999389648438,2.4557501384448375,Derived from Yahoo Finance QQQ and RSP,QQQ/RSP,2026-09-11T22:10:47+08:00,confirmed
2023-06-27,363.8299865722656,147.42999267578125,2.467815265869121,Derived from Yahoo Finance QQQ and RSP,QQQ/RSP,2026-09-11T22:10:47+08:00,confirmed
2023-06-28,364.5400085449219,147.17999267578125,2.4768312724947408,Derived from Yahoo Finance QQQ and RSP,QQQ/RSP,2026-09-11T22:10:47+08:00,confirmed
2023-06-29,363.80999755859375,148.3300018310547,2.4527067556634097,Derived from Yahoo Finance QQQ and RSP,QQQ/RSP,2026-09-11T22:10:47+08:00,confirmed
2023-06-30,369.4200134277344,149.63999938964844,2.4687250396586777,Derived from Yahoo Finance QQQ and RSP,QQQ/RSP,2026-09-11T22:10:47+08:00,confirmed
2023-07-03,370.2900085449219,150.00999450683594,2.4684355849906243,Derived from Yahoo Finance QQQ and RSP,QQQ/RSP,2026-09-11T22:10:47+08:00,confirmed
2023-07-05,370.2799987792969,149.3699951171875,2.4789449747842296,Derived from Yahoo Finance QQQ and RSP,QQQ/RSP,2026-09-11T22:10:47+08:00,confirmed
2023-07-06,367.4599914550781,148.14999389648438,2.4803240404574733,Derived from Yahoo Finance QQQ and RSP,QQQ/RSP,2026-09-11T22:10:47+08:00,confirmed
2023-07-07,366.239990234375,148.52000427246094,2.4659303777187165,Derived from Yahoo Finance QQQ and RSP,QQQ/RSP,2026-09-11T22:10:47+08:00,confirmed
2023-07-10,366.3599853515625,149.85000610351562,2.4448446475102767,Derived from Yahoo Finance QQQ and RSP,QQQ/RSP,2026-09-11T22:10:47+08:00,confirmed
2023-07-11,368.1700134277344,151.5399932861328,2.4295237543832267,Derived from Yahoo Finance QQQ and RSP,QQQ/RSP,2026-09-11T22:10:47+08:00,confirmed
2023-07-12,372.8200073242188,152.24000549316406,2.4488964389912566,Derived from Yahoo Finance QQQ and RSP,QQQ/RSP,2026-09-11T22:10:47+08:00,confirmed
2023-07-13,379.1499938964844,152.9600067138672,2.4787524663602873,Derived from Yahoo Finance QQQ and RSP,QQQ/RSP,2026-09-11T22:10:47+08:00,confirmed
2023-07-14,379.0700073242188,152.05999755859375,2.4928976286360296,Derived from Yahoo Finance QQQ and RSP,QQQ/RSP,2026-09-11T22:10:47+08:00,confirmed
2023-07-17,382.6099853515625,152.35000610351562,2.5113880539761486,Derived from Yahoo Finance QQQ and RSP,QQQ/RSP,2026-09-11T22:10:47+08:00,confirmed
2023-07-18,385.739990234375,153.2899932861328,2.5164068571282954,Derived from Yahoo Finance QQQ and RSP,QQQ/RSP,2026-09-11T22:10:47+08:00,confirmed
2023-07-19,385.6499938964844,154.0500030517578,2.5034078952073338,Derived from Yahoo Finance QQQ and RSP,QQQ/RSP,2026-09-11T22:10:47+08:00,confirmed
2023-07-20,376.760009765625,153.88999938964844,2.4482423241270617,Derived from Yahoo Finance QQQ and RSP,QQQ/RSP,2026-09-11T22:10:47+08:00,confirmed
2023-07-21,375.6300048828125,154.11000061035156,2.437414855591023,Derived from Yahoo Finance QQQ and RSP,QQQ/RSP,2026-09-11T22:10:47+08:00,confirmed
2023-07-24,376.2300109863281,154.5399932861328,2.434515512691484,Derived from Yahoo Finance QQQ and RSP,QQQ/RSP,2026-09-11T22:10:47+08:00,confirmed
2023-07-25,378.7799987792969,154.64999389648438,2.449272639692665,Derived from Yahoo Finance QQQ and RSP,QQQ/RSP,2026-09-11T22:10:47+08:00,confirmed
2023-07-26,377.5199890136719,155.0,2.43561283234627,Derived from Yahoo Finance QQQ and RSP,QQQ/RSP,2026-09-11T22:10:47+08:00,confirmed
2023-07-27,376.6199951171875,153.63999938964844,2.451314739738032,Derived from Yahoo Finance QQQ and RSP,QQQ/RSP,2026-09-11T22:10:47+08:00,confirmed
2023-07-28,383.4800109863281,154.39999389648438,2.483678925812832,Derived from Yahoo Finance QQQ and RSP,QQQ/RSP,2026-09-11T22:10:47+08:00,confirmed
2023-07-31,383.6799926757813,154.8800048828125,2.4772726018835467,Derived from Yahoo Finance QQQ and RSP,QQQ/RSP,2026-09-11T22:10:47+08:00,confirmed
2023-08-01,382.7900085449219,154.25,2.4816208009395258,Derived from Yahoo Finance QQQ and RSP,QQQ/RSP,2026-09-11T22:10:47+08:00,confirmed
2023-08-02,374.3900146484375,152.77999877929688,2.450517198846652,Derived from Yahoo Finance QQQ and RSP,QQQ/RSP,2026-09-11T22:10:47+08:00,confirmed
2023-08-03,373.7900085449219,152.02000427246094,2.458821194840839,Derived from Yahoo Finance QQQ and RSP,QQQ/RSP,2026-09-11T22:10:47+08:00,confirmed
2023-08-04,372.0400085449219,151.33999633789062,2.4583059174541235,Derived from Yahoo Finance QQQ and RSP,QQQ/RSP,2026-09-11T22:10:47+08:00,confirmed
2023-08-07,375.1900024414063,152.6199951171875,2.4583279677955763,Derived from Yahoo Finance QQQ and RSP,QQQ/RSP,2026-09-11T22:10:47+08:00,confirmed
2023-08-08,372.0,151.86000061035156,2.4496246444413785,Derived from Yahoo Finance QQQ and RSP,QQQ/RSP,2026-09-11T22:10:47+08:00,confirmed
2023-08-09,367.9100036621094,151.4199981689453,2.4297319251821516,Derived from Yahoo Finance QQQ and RSP,QQQ/RSP,2026-09-11T22:10:47+08:00,confirmed
2023-08-10,368.5899963378906,151.24000549316406,2.4371196968420543,Derived from Yahoo Finance QQQ and RSP,QQQ/RSP,2026-09-11T22:10:47+08:00,confirmed
2023-08-11,366.239990234375,151.27000427246094,2.421101209032291,Derived from Yahoo Finance QQQ and RSP,QQQ/RSP,2026-09-11T22:10:47+08:00,confirmed
2023-08-14,370.3500061035156,151.24000549316406,2.4487568940233553,Derived from Yahoo Finance QQQ and RSP,QQQ/RSP,2026-09-11T22:10:47+08:00,confirmed
2023-08-15,366.4200134277344,149.25,2.4550754668524917,Derived from Yahoo Finance QQQ and RSP,QQQ/RSP,2026-09-11T22:10:47+08:00,confirmed
2023-08-16,362.5400085449219,148.16000366210938,2.446949241252201,Derived from Yahoo Finance QQQ and RSP,QQQ/RSP,2026-09-11T22:10:47+08:00,confirmed
2023-08-17,358.5799865722656,147.02000427246094,2.4389877305930203,Derived from Yahoo Finance QQQ and RSP,QQQ/RSP,2026-09-11T22:10:47+08:00,confirmed
2023-08-18,358.1300048828125,147.27999877929688,2.4316268865501565,Derived from Yahoo Finance QQQ and RSP,QQQ/RSP,2026-09-11T22:10:47+08:00,confirmed
2023-08-21,363.8999938964844,147.25,2.4713072590593166,Derived from Yahoo Finance QQQ and RSP,QQQ/RSP,2026-09-11T22:10:47+08:00,confirmed
2023-08-22,363.3800048828125,146.6699981689453,2.4775346657074655,Derived from Yahoo Finance QQQ and RSP,QQQ/RSP,2026-09-11T22:10:47+08:00,confirmed
2023-08-23,369.1099853515625,147.88999938964844,2.4958414150713586,Derived from Yahoo Finance QQQ and RSP,QQQ/RSP,2026-09-11T22:10:47+08:00,confirmed
2023-08-24,361.2200012207031,146.47000122070312,2.466170534650379,Derived from Yahoo Finance QQQ and RSP,QQQ/RSP,2026-09-11T22:10:47+08:00,confirmed
2023-08-25,364.0199890136719,147.2100067138672,2.4727937803930633,Derived from Yahoo Finance QQQ and RSP,QQQ/RSP,2026-09-11T22:10:47+08:00,confirmed
2023-08-28,366.760009765625,148.30999755859375,2.472928432358222,Derived from Yahoo Finance QQQ and RSP,QQQ/RSP,2026-09-11T22:10:47+08:00,confirmed
2023-08-29,374.7699890136719,149.97999572753906,2.4987998379096985,Derived from Yahoo Finance QQQ and RSP,QQQ/RSP,2026-09-11T22:10:47+08:00,confirmed
2023-08-30,376.8599853515625,150.4499969482422,2.5048852974135314,Derived from Yahoo Finance QQQ and RSP,QQQ/RSP,2026-09-11T22:10:47+08:00,confirmed
2023-08-31,377.989990234375,149.9199981689453,2.521277980596137,Derived from Yahoo Finance QQQ and RSP,QQQ/RSP,2026-09-11T22:10:47+08:00,confirmed
2023-09-01,377.5899963378906,150.5399932861328,2.5082371009556357,Derived from Yahoo Finance QQQ and RSP,QQQ/RSP,2026-09-11T22:10:47+08:00,confirmed
2023-09-05,378.0700073242188,148.67999267578125,2.5428438656750303,Derived from Yahoo Finance QQQ and RSP,QQQ/RSP,2026-09-11T22:10:47+08:00,confirmed
2023-09-06,374.739990234375,148.1699981689453,2.529121919857836,Derived from Yahoo Finance QQQ and RSP,QQQ/RSP,2026-09-11T22:10:47+08:00,confirmed
2023-09-07,372.05999755859375,147.5800018310547,2.521073268345106,Derived from Yahoo Finance QQQ and RSP,QQQ/RSP,2026-09-11T22:10:47+08:00,confirmed
2023-09-08,372.5799865722656,147.64999389648438,2.5233999456408847,Derived from Yahoo Finance QQQ and RSP,QQQ/RSP,2026-09-11T22:10:47+08:00,confirmed
2023-09-11,376.9700012207031,147.88999938964844,2.548989132304298,Derived from Yahoo Finance QQQ and RSP,QQQ/RSP,2026-09-11T22:10:47+08:00,confirmed
2023-09-12,372.7900085449219,147.6999969482422,2.523967611695733,Derived from Yahoo Finance QQQ and RSP,QQQ/RSP,2026-09-11T22:10:47+08:00,confirmed
2023-09-13,374.2099914550781,147.11000061035156,2.543742708874317,Derived from Yahoo Finance QQQ and RSP,QQQ/RSP,2026-09-11T22:10:47+08:00,confirmed
2023-09-14,377.2699890136719,148.8300018310547,2.534905491984958,Derived from Yahoo Finance QQQ and RSP,QQQ/RSP,2026-09-11T22:10:47+08:00,confirmed
2023-09-15,370.80999755859375,147.5800018310547,2.512603286067758,Derived from Yahoo Finance QQQ and RSP,QQQ/RSP,2026-09-11T22:10:47+08:00,confirmed
2023-09-18,370.6600036621094,146.58999633789062,2.5285491024076183,Derived from Yahoo Finance QQQ and RSP,QQQ/RSP,2026-09-11T22:10:47+08:00,confirmed
2023-09-19,369.8699951171875,146.35000610351562,2.5272974355434785,Derived from Yahoo Finance QQQ and RSP,QQQ/RSP,2026-09-11T22:10:47+08:00,confirmed
2023-09-20,364.5400085449219,145.67999267578125,2.5023340669451124,Derived from Yahoo Finance QQQ and RSP,QQQ/RSP,2026-09-11T22:10:47+08:00,confirmed
2023-09-21,357.8599853515625,143.25999450683594,2.497975702033735,Derived from Yahoo Finance QQQ and RSP,QQQ/RSP,2026-09-11T22:10:47+08:00,confirmed
2023-09-22,357.9100036621094,142.69000244140625,2.508304699266372,Derived from Yahoo Finance QQQ and RSP,QQQ/RSP,2026-09-11T22:10:47+08:00,confirmed
2023-09-25,359.6099853515625,143.0500030517578,2.513876111008888,Derived from Yahoo Finance QQQ and RSP,QQQ/RSP,2026-09-11T22:10:47+08:00,confirmed
2023-09-26,354.2099914550781,141.0399932861328,2.511415260326054,Derived from Yahoo Finance QQQ and RSP,QQQ/RSP,2026-09-11T22:10:47+08:00,confirmed
2023-09-27,355.0400085449219,141.08999633789062,2.5164080924252854,Derived from Yahoo Finance QQQ and RSP,QQQ/RSP,2026-09-11T22:10:47+08:00,confirmed
2023-09-28,358.010009765625,142.07000732421875,2.5199548906097284,Derived from Yahoo Finance QQQ and RSP,QQQ/RSP,2026-09-11T22:10:47+08:00,confirmed
2023-09-29,358.2699890136719,141.69000244140625,2.528548118007331,Derived from Yahoo Finance QQQ and RSP,QQQ/RSP,2026-09-11T22:10:47+08:00,confirmed
2023-10-02,361.260009765625,140.08999633789062,2.5787709273279047,Derived from Yahoo Finance QQQ and RSP,QQQ/RSP,2026-09-11T22:10:47+08:00,confirmed
2023-10-03,354.9200134277344,138.41000366210938,2.564265616914336,Derived from Yahoo Finance QQQ and RSP,QQQ/RSP,2026-09-11T22:10:47+08:00,confirmed
2023-10-04,359.75,139.1999969482422,2.5844109761996865,Derived from Yahoo Finance QQQ and RSP,QQQ/RSP,2026-09-11T22:10:47+08:00,confirmed
2023-10-05,358.69000244140625,138.8000030517578,2.5842218627880906,Derived from Yahoo Finance QQQ and RSP,QQQ/RSP,2026-09-11T22:10:47+08:00,confirmed
2023-10-06,364.7000122070313,140.0,2.6050000871930807,Derived from Yahoo Finance QQQ and RSP,QQQ/RSP,2026-09-11T22:10:47+08:00,confirmed
2023-10-09,366.55999755859375,141.0,2.5997162947417998,Derived from Yahoo Finance QQQ and RSP,QQQ/RSP,2026-09-11T22:10:47+08:00,confirmed
2023-10-10,368.5899963378906,142.0800018310547,2.594242620971921,Derived from Yahoo Finance QQQ and RSP,QQQ/RSP,2026-09-11T22:10:47+08:00,confirmed
2023-10-11,371.2200012207031,142.3800048828125,2.6072481281781106,Derived from Yahoo Finance QQQ and RSP,QQQ/RSP,2026-09-11T22:10:47+08:00,confirmed
2023-10-12,369.9299926757813,140.60000610351562,2.631080914771962,Derived from Yahoo Finance QQQ and RSP,QQQ/RSP,2026-09-11T22:10:47+08:00,confirmed
2023-10-13,365.2799987792969,140.2899932861328,2.603749492198483,Derived from Yahoo Finance QQQ and RSP,QQQ/RSP,2026-09-11T22:10:47+08:00,confirmed
2023-10-16,369.4100036621094,142.0399932861328,2.600746417369582,Derived from Yahoo Finance QQQ and RSP,QQQ/RSP,2026-09-11T22:10:47+08:00,confirmed
2023-10-17,368.2000122070313,142.74000549316406,2.579515188716065,Derived from Yahoo Finance QQQ and RSP,QQQ/RSP,2026-09-11T22:10:47+08:00,confirmed
2023-10-18,363.3699951171875,140.47999572753906,2.586631592884894,Derived from Yahoo Finance QQQ and RSP,QQQ/RSP,2026-09-11T22:10:47+08:00,confirmed
2023-10-19,359.9700012207031,138.74000549316406,2.594565280152302,Derived from Yahoo Finance QQQ and RSP,QQQ/RSP,2026-09-11T22:10:47+08:00,confirmed
2023-10-20,354.6000061035156,137.00999450683594,2.588132401434578,Derived from Yahoo Finance QQQ and RSP,QQQ/RSP,2026-09-11T22:10:47+08:00,confirmed
2023-10-23,355.6700134277344,136.13999938964844,2.6125313282084397,Derived from Yahoo Finance QQQ and RSP,QQQ/RSP,2026-09-11T22:10:47+08:00,confirmed
2023-10-24,359.1300048828125,137.00999450683594,2.6211956739031486,Derived from Yahoo Finance QQQ and RSP,QQQ/RSP,2026-09-11T22:10:47+08:00,confirmed
2023-10-25,350.3399963378906,135.5,2.5855350283239162,Derived from Yahoo Finance QQQ and RSP,QQQ/RSP,2026-09-11T22:10:47+08:00,confirmed
2023-10-26,343.6600036621094,135.22000122070312,2.541487949709415,Derived from Yahoo Finance QQQ and RSP,QQQ/RSP,2026-09-11T22:10:47+08:00,confirmed
2023-10-27,345.3099975585937,133.66000366210938,2.5834953471311626,Derived from Yahoo Finance QQQ and RSP,QQQ/RSP,2026-09-11T22:10:47+08:00,confirmed
2023-10-30,349.20001220703125,134.7100067138672,2.59223513327228,Derived from Yahoo Finance QQQ and RSP,QQQ/RSP,2026-09-11T22:10:47+08:00,confirmed
2023-10-31,350.8699951171875,135.8300018310547,2.5831553440866437,Derived from Yahoo Finance QQQ and RSP,QQQ/RSP,2026-09-11T22:10:47+08:00,confirmed
2023-11-01,356.9599914550781,136.2899932861328,2.619121058327897,Derived from Yahoo Finance QQQ and RSP,QQQ/RSP,2026-09-11T22:10:47+08:00,confirmed
2023-11-02,363.4400024414063,139.30999755859375,2.6088580059628783,Derived from Yahoo Finance QQQ and RSP,QQQ/RSP,2026-09-11T22:10:47+08:00,confirmed
2023-11-03,367.7099914550781,141.58999633789062,2.5970054450568267,Derived from Yahoo Finance QQQ and RSP,QQQ/RSP,2026-09-11T22:10:47+08:00,confirmed
2023-11-06,369.2099914550781,140.85000610351562,2.621299080269352,Derived from Yahoo Finance QQQ and RSP,QQQ/RSP,2026-09-11T22:10:47+08:00,confirmed
2023-11-07,372.7000122070313,140.5500030517578,2.651725393913964,Derived from Yahoo Finance QQQ and RSP,QQQ/RSP,2026-09-11T22:10:47+08:00,confirmed
2023-11-08,372.9400024414063,140.32000732421875,2.657782090758473,Derived from Yahoo Finance QQQ and RSP,QQQ/RSP,2026-09-11T22:10:47+08:00,confirmed
2023-11-09,370.0700073242188,139.1300048828125,2.659886396438527,Derived from Yahoo Finance QQQ and RSP,QQQ/RSP,2026-09-11T22:10:47+08:00,confirmed
2023-11-10,378.3900146484375,140.75999450683594,2.688192877345283,Derived from Yahoo Finance QQQ and RSP,QQQ/RSP,2026-09-11T22:10:47+08:00,confirmed
2023-11-13,377.2099914550781,140.5800018310547,2.683240763564643,Derived from Yahoo Finance QQQ and RSP,QQQ/RSP,2026-09-11T22:10:47+08:00,confirmed
2023-11-14,385.3299865722656,144.58999633789062,2.664983721776938,Derived from Yahoo Finance QQQ and RSP,QQQ/RSP,2026-09-11T22:10:47+08:00,confirmed
2023-11-15,385.6199951171875,145.27000427246094,2.6545052920487184,Derived from Yahoo Finance QQQ and RSP,QQQ/RSP,2026-09-11T22:10:47+08:00,confirmed
2023-11-16,385.9500122070313,144.7899932861328,2.665584847734056,Derived from Yahoo Finance QQQ and RSP,QQQ/RSP,2026-09-11T22:10:47+08:00,confirmed
2023-11-17,386.0400085449219,145.49000549316406,2.6533781976045097,Derived from Yahoo Finance QQQ and RSP,QQQ/RSP,2026-09-11T22:10:47+08:00,confirmed
2023-11-20,390.739990234375,146.07000732421875,2.6750186256038435,Derived from Yahoo Finance QQQ and RSP,QQQ/RSP,2026-09-11T22:10:47+08:00,confirmed
2023-11-21,388.4700012207031,145.8000030517578,2.664403244784566,Derived from Yahoo Finance QQQ and RSP,QQQ/RSP,2026-09-11T22:10:47+08:00,confirmed
2023-11-22,390.05999755859375,146.47999572753906,2.6628891926248213,Derived from Yahoo Finance QQQ and RSP,QQQ/RSP,2026-09-11T22:10:47+08:00,confirmed
2023-11-24,389.510009765625,146.91000366210938,2.6513511677631683,Derived from Yahoo Finance QQQ and RSP,QQQ/RSP,2026-09-11T22:10:47+08:00,confirmed
2023-11-27,389.1700134277344,146.61000061035156,2.6544574845343574,Derived from Yahoo Finance QQQ and RSP,QQQ/RSP,2026-09-11T22:10:47+08:00,confirmed
2023-11-28,390.1900024414063,146.47000122070312,2.663958484259602,Derived from Yahoo Finance QQQ and RSP,QQQ/RSP,2026-09-11T22:10:47+08:00,confirmed
2023-11-29,389.80999755859375,147.0500030517578,2.6508669804065947,Derived from Yahoo Finance QQQ and RSP,QQQ/RSP,2026-09-11T22:10:47+08:00,confirmed
2023-11-30,388.8299865722656,148.3000030517578,2.6219148925881077,Derived from Yahoo Finance QQQ and RSP,QQQ/RSP,2026-09-11T22:10:47+08:00,confirmed
2023-12-01,389.9400024414063,150.52999877929688,2.5904471241850344,Derived from Yahoo Finance QQQ and RSP,QQQ/RSP,2026-09-11T22:10:47+08:00,confirmed
2023-12-04,386.3200073242188,150.60000610351562,2.5652057879644437,Derived from Yahoo Finance QQQ and RSP,QQQ/RSP,2026-09-11T22:10:47+08:00,confirmed
2023-12-05,387.2900085449219,149.25999450683594,2.594734173912786,Derived from Yahoo Finance QQQ and RSP,QQQ/RSP,2026-09-11T22:10:47+08:00,confirmed
2023-12-06,385.0499877929688,149.30999755859375,2.578862729147548,Derived from Yahoo Finance QQQ and RSP,QQQ/RSP,2026-09-11T22:10:47+08:00,confirmed
2023-12-07,390.4299926757813,150.10000610351562,2.6011324237157156,Derived from Yahoo Finance QQQ and RSP,QQQ/RSP,2026-09-11T22:10:47+08:00,confirmed
2023-12-08,392.1700134277344,150.57000732421875,2.6045692657986272,Derived from Yahoo Finance QQQ and RSP,QQQ/RSP,2026-09-11T22:10:47+08:00,confirmed
2023-12-11,395.5199890136719,151.91000366210938,2.6036467611008667,Derived from Yahoo Finance QQQ and RSP,QQQ/RSP,2026-09-11T22:10:47+08:00,confirmed
2023-12-12,398.6700134277344,152.17999267578125,2.6197268538256466,Derived from Yahoo Finance QQQ and RSP,QQQ/RSP,2026-09-11T22:10:47+08:00,confirmed
2023-12-13,403.739990234375,155.41000366210938,2.597902198832591,Derived from Yahoo Finance QQQ and RSP,QQQ/RSP,2026-09-11T22:10:47+08:00,confirmed
2023-12-14,403.3900146484375,157.52999877929688,2.5607187061151198,Derived from Yahoo Finance QQQ and RSP,QQQ/RSP,2026-09-11T22:10:47+08:00,confirmed
2023-12-15,405.3399963378906,156.41000366210938,2.5915221970938744,Derived from Yahoo Finance QQQ and RSP,QQQ/RSP,2026-09-11T22:10:47+08:00,confirmed
2023-12-18,407.0799865722656,155.8699951171875,2.611663561458453,Derived from Yahoo Finance QQQ and RSP,QQQ/RSP,2026-09-11T22:10:47+08:00,confirmed
2023-12-19,409.1600036621094,157.17999267578125,2.6031303138313096,Derived from Yahoo Finance QQQ and RSP,QQQ/RSP,2026-09-11T22:10:47+08:00,confirmed
2023-12-20,403.0799865722656,154.5800018310547,2.6075817168950763,Derived from Yahoo Finance QQQ and RSP,QQQ/RSP,2026-09-11T22:10:47+08:00,confirmed
2023-12-21,407.7699890136719,156.47999572753906,2.605892127730344,Derived from Yahoo Finance QQQ and RSP,QQQ/RSP,2026-09-11T22:10:47+08:00,confirmed
2023-12-22,408.3800048828125,157.00999450683594,2.600980951343402,Derived from Yahoo Finance QQQ and RSP,QQQ/RSP,2026-09-11T22:10:47+08:00,confirmed
2023-12-26,410.8800048828125,157.91000366210938,2.60198844502594,Derived from Yahoo Finance QQQ and RSP,QQQ/RSP,2026-09-11T22:10:47+08:00,confirmed
2023-12-27,411.5,158.05999755859375,2.603441771201183,Derived from Yahoo Finance QQQ and RSP,QQQ/RSP,2026-09-11T22:10:47+08:00,confirmed
2023-12-28,411.2999877929688,158.41000366210938,2.596426856161667,Derived from Yahoo Finance QQQ and RSP,QQQ/RSP,2026-09-11T22:10:47+08:00,confirmed
2023-12-29,409.5199890136719,157.8000030517578,2.595183657121672,Derived from Yahoo Finance QQQ and RSP,QQQ/RSP,2026-09-11T22:10:47+08:00,confirmed
2024-01-02,402.5899963378906,157.85000610351562,2.550459174983359,Derived from Yahoo Finance QQQ and RSP,QQQ/RSP,2026-09-11T22:10:47+08:00,confirmed
2024-01-03,398.3299865722656,155.52000427246094,2.5612781354764973,Derived from Yahoo Finance QQQ and RSP,QQQ/RSP,2026-09-11T22:10:47+08:00,confirmed
2024-01-04,396.2799987792969,155.25999450683594,2.552363859331768,Derived from Yahoo Finance QQQ and RSP,QQQ/RSP,2026-09-11T22:10:47+08:00,confirmed
2024-01-05,396.75,155.7100067138672,2.5480057985551827,Derived from Yahoo Finance QQQ and RSP,QQQ/RSP,2026-09-11T22:10:47+08:00,confirmed
2024-01-08,404.9500122070313,157.3800048828125,2.5730715443080787,Derived from Yahoo Finance QQQ and RSP,QQQ/RSP,2026-09-11T22:10:47+08:00,confirmed
2024-01-09,405.75,156.5800018310547,2.59132708682551,Derived from Yahoo Finance QQQ and RSP,QQQ/RSP,2026-09-11T22:10:47+08:00,confirmed
2024-01-10,408.5,156.85000610351562,2.604399006082308,Derived from Yahoo Finance QQQ and RSP,QQQ/RSP,2026-09-11T22:10:47+08:00,confirmed
2024-01-11,409.3500061035156,156.39999389648438,2.6173275068952364,Derived from Yahoo Finance QQQ and RSP,QQQ/RSP,2026-09-11T22:10:47+08:00,confirmed
2024-01-12,409.55999755859375,156.0500030517578,2.6245433486005965,Derived from Yahoo Finance QQQ and RSP,QQQ/RSP,2026-09-11T22:10:47+08:00,confirmed
2024-01-16,409.5199890136719,155.05999755859375,2.6410421479525903,Derived from Yahoo Finance QQQ and RSP,QQQ/RSP,2026-09-11T22:10:47+08:00,confirmed
2024-01-17,407.2099914550781,153.83999633789062,2.64697088630119,Derived from Yahoo Finance QQQ and RSP,QQQ/RSP,2026-09-11T22:10:47+08:00,confirmed
2024-01-18,412.989990234375,154.6300048828125,2.6708269882508415,Derived from Yahoo Finance QQQ and RSP,QQQ/RSP,2026-09-11T22:10:47+08:00,confirmed
2024-01-19,421.1799926757813,155.82000732421875,2.7029904561576688,Derived from Yahoo Finance QQQ and RSP,QQQ/RSP,2026-09-11T22:10:47+08:00,confirmed
2024-01-22,421.7300109863281,156.63999938964844,2.692351970311602,Derived from Yahoo Finance QQQ and RSP,QQQ/RSP,2026-09-11T22:10:47+08:00,confirmed
2024-01-23,423.4800109863281,156.72000122070312,2.70214400004985,Derived from Yahoo Finance QQQ and RSP,QQQ/RSP,2026-09-11T22:10:47+08:00,confirmed
2024-01-24,425.8299865722656,155.91000366210938,2.7312550610615793,Derived from Yahoo Finance QQQ and RSP,QQQ/RSP,2026-09-11T22:10:47+08:00,confirmed
2024-01-25,426.3500061035156,157.47999572753906,2.707328026863531,Derived from Yahoo Finance QQQ and RSP,QQQ/RSP,2026-09-11T22:10:47+08:00,confirmed
2024-01-26,423.80999755859375,157.5,2.690857127356151,Derived from Yahoo Finance QQQ and RSP,QQQ/RSP,2026-09-11T22:10:47+08:00,confirmed
2024-01-29,428.1499938964844,158.4600067138672,2.701943555193703,Derived from Yahoo Finance QQQ and RSP,QQQ/RSP,2026-09-11T22:10:47+08:00,confirmed
2024-01-30,425.2999877929688,158.49000549316406,2.68344988991317,Derived from Yahoo Finance QQQ and RSP,QQQ/RSP,2026-09-11T22:10:47+08:00,confirmed
2024-01-31,416.9700012207031,156.4600067138672,2.665026098223647,Derived from Yahoo Finance QQQ and RSP,QQQ/RSP,2026-09-11T22:10:47+08:00,confirmed
2024-02-01,421.8800048828125,158.27999877929688,2.665403134549396,Derived from Yahoo Finance QQQ and RSP,QQQ/RSP,2026-09-11T22:10:47+08:00,confirmed
2024-02-02,429.010009765625,158.13999938964844,2.7128494461958828,Derived from Yahoo Finance QQQ and RSP,QQQ/RSP,2026-09-11T22:10:47+08:00,confirmed
2024-02-05,428.4500122070313,156.77999877929688,2.7328104065759757,Derived from Yahoo Finance QQQ and RSP,QQQ/RSP,2026-09-11T22:10:47+08:00,confirmed
2024-02-06,427.5899963378906,157.77000427246094,2.7102109701376693,Derived from Yahoo Finance QQQ and RSP,QQQ/RSP,2026-09-11T22:10:47+08:00,confirmed
2024-02-07,431.989990234375,158.38999938964844,2.7273817280070505,Derived from Yahoo Finance QQQ and RSP,QQQ/RSP,2026-09-11T22:10:47+08:00,confirmed
2024-02-08,432.7900085449219,158.74000549316406,2.7264079221892144,Derived from Yahoo Finance QQQ and RSP,QQQ/RSP,2026-09-11T22:10:47+08:00,confirmed
2024-02-09,437.0499877929688,158.92999267578125,2.7499528593357145,Derived from Yahoo Finance QQQ and RSP,QQQ/RSP,2026-09-11T22:10:47+08:00,confirmed
2024-02-12,435.3399963378906,160.00999450683594,2.7207050264556574,Derived from Yahoo Finance QQQ and RSP,QQQ/RSP,2026-09-11T22:10:47+08:00,confirmed
2024-02-13,428.5499877929688,157.35000610351562,2.7235460512854335,Derived from Yahoo Finance QQQ and RSP,QQQ/RSP,2026-09-11T22:10:47+08:00,confirmed
2024-02-14,433.2200012207031,158.7899932861328,2.728257569984647,Derived from Yahoo Finance QQQ and RSP,QQQ/RSP,2026-09-11T22:10:47+08:00,confirmed
2024-02-15,434.510009765625,160.75999450683594,2.702849120507705,Derived from Yahoo Finance QQQ and RSP,QQQ/RSP,2026-09-11T22:10:47+08:00,confirmed
2024-02-16,430.5700073242188,160.02999877929688,2.6905580866624477,Derived from Yahoo Finance QQQ and RSP,QQQ/RSP,2026-09-11T22:10:47+08:00,confirmed
2024-02-20,427.3200073242188,159.66000366210938,2.676437414022374,Derived from Yahoo Finance QQQ and RSP,QQQ/RSP,2026-09-11T22:10:47+08:00,confirmed
2024-02-21,425.6099853515625,159.97999572753906,2.6603950288660854,Derived from Yahoo Finance QQQ and RSP,QQQ/RSP,2026-09-11T22:10:47+08:00,confirmed
2024-02-22,438.0700073242188,161.57000732421875,2.7113324717820553,Derived from Yahoo Finance QQQ and RSP,QQQ/RSP,2026-09-11T22:10:47+08:00,confirmed
2024-02-23,436.7799987792969,162.0,2.6961728319709684,Derived from Yahoo Finance QQQ and RSP,QQQ/RSP,2026-09-11T22:10:47+08:00,confirmed
2024-02-26,436.5499877929688,161.35000610351562,2.7056087466950327,Derived from Yahoo Finance QQQ and RSP,QQQ/RSP,2026-09-11T22:10:47+08:00,confirmed
2024-02-27,437.6000061035156,162.05999755859375,2.700234559397045,Derived from Yahoo Finance QQQ and RSP,QQQ/RSP,2026-09-11T22:10:47+08:00,confirmed
2024-02-28,435.2699890136719,162.1199951171875,2.68486307749417,Derived from Yahoo Finance QQQ and RSP,QQQ/RSP,2026-09-11T22:10:47+08:00,confirmed
2024-02-29,439.0,162.7899932861328,2.6967259543304865,Derived from Yahoo Finance QQQ and RSP,QQQ/RSP,2026-09-11T22:10:47+08:00,confirmed
2024-03-01,445.6099853515625,163.92999267578125,2.7182944260412705,Derived from Yahoo Finance QQQ and RSP,QQQ/RSP,2026-09-11T22:10:47+08:00,confirmed
2024-03-04,444.0199890136719,164.22999572753906,2.703647327314738,Derived from Yahoo Finance QQQ and RSP,QQQ/RSP,2026-09-11T22:10:47+08:00,confirmed
2024-03-05,436.0499877929688,163.47999572753906,2.6672987471794625,Derived from Yahoo Finance QQQ and RSP,QQQ/RSP,2026-09-11T22:10:47+08:00,confirmed
2024-03-06,438.7900085449219,164.41000366210938,2.6688765815412925,Derived from Yahoo Finance QQQ and RSP,QQQ/RSP,2026-09-11T22:10:47+08:00,confirmed
2024-03-07,445.4500122070313,165.6999969482422,2.688292217326784,Derived from Yahoo Finance QQQ and RSP,QQQ/RSP,2026-09-11T22:10:47+08:00,confirmed
2024-03-08,439.0199890136719,165.50999450683594,2.6525285697809586,Derived from Yahoo Finance QQQ and RSP,QQQ/RSP,2026-09-11T22:10:47+08:00,confirmed
2024-03-11,437.3900146484375,165.72000122070312,2.6393314713166625,Derived from Yahoo Finance QQQ and RSP,QQQ/RSP,2026-09-11T22:10:47+08:00,confirmed
2024-03-12,443.6600036621094,166.14999389648438,2.670237857116749,Derived from Yahoo Finance QQQ and RSP,QQQ/RSP,2026-09-11T22:10:47+08:00,confirmed
2024-03-13,440.25,166.22999572753906,2.6484389780145103,Derived from Yahoo Finance QQQ and RSP,QQQ/RSP,2026-09-11T22:10:47+08:00,confirmed
2024-03-14,439.1400146484375,164.74000549316406,2.6656549715039297,Derived from Yahoo Finance QQQ and RSP,QQQ/RSP,2026-09-11T22:10:47+08:00,confirmed
2024-03-15,433.9200134277344,164.4199981689453,2.6390951116656236,Derived from Yahoo Finance QQQ and RSP,QQQ/RSP,2026-09-11T22:10:47+08:00,confirmed
2024-03-18,437.4800109863281,164.19000244140625,2.664474112194801,Derived from Yahoo Finance QQQ and RSP,QQQ/RSP,2026-09-11T22:10:47+08:00,confirmed
2024-03-19,438.5700073242188,165.1699981689453,2.6552643469525523,Derived from Yahoo Finance QQQ and RSP,QQQ/RSP,2026-09-11T22:10:47+08:00,confirmed
2024-03-20,443.7699890136719,166.5800018310547,2.6640051875119024,Derived from Yahoo Finance QQQ and RSP,QQQ/RSP,2026-09-11T22:10:47+08:00,confirmed
2024-03-21,445.8699951171875,167.72000122070312,2.6584187447653673,Derived from Yahoo Finance QQQ and RSP,QQQ/RSP,2026-09-11T22:10:47+08:00,confirmed
2024-03-22,446.3800048828125,166.63999938964844,2.678708632487797,Derived from Yahoo Finance QQQ and RSP,QQQ/RSP,2026-09-11T22:10:47+08:00,confirmed
2024-03-25,444.760009765625,166.27999877929688,2.674765534223717,Derived from Yahoo Finance QQQ and RSP,QQQ/RSP,2026-09-11T22:10:47+08:00,confirmed
2024-03-26,443.3200073242188,166.1199951171875,2.6686733707852786,Derived from Yahoo Finance QQQ and RSP,QQQ/RSP,2026-09-11T22:10:47+08:00,confirmed
2024-03-27,444.8299865722656,168.77999877929688,2.6355610249407704,Derived from Yahoo Finance QQQ and RSP,QQQ/RSP,2026-09-11T22:10:47+08:00,confirmed
2024-03-28,444.010009765625,169.3699951171875,2.6215387764427427,Derived from Yahoo Finance QQQ and RSP,QQQ/RSP,2026-09-11T22:10:47+08:00,confirmed
2024-04-01,444.9500122070313,168.3699951171875,2.6426918400593933,Derived from Yahoo Finance QQQ and RSP,QQQ/RSP,2026-09-11T22:10:47+08:00,confirmed
2024-04-02,441.1099853515625,166.9199981689453,2.642643123594456,Derived from Yahoo Finance QQQ and RSP,QQQ/RSP,2026-09-11T22:10:47+08:00,confirmed
2024-04-03,442.1000061035156,167.10000610351562,2.645721064962991,Derived from Yahoo Finance QQQ and RSP,QQQ/RSP,2026-09-11T22:10:47+08:00,confirmed
2024-04-04,435.3399963378906,165.39999389648438,2.6320436058198906,Derived from Yahoo Finance QQQ and RSP,QQQ/RSP,2026-09-11T22:10:47+08:00,confirmed
2024-04-05,440.4700012207031,166.38999938964844,2.6472143929108394,Derived from Yahoo Finance QQQ and RSP,QQQ/RSP,2026-09-11T22:10:47+08:00,confirmed
2024-04-08,440.6000061035156,166.89999389648438,2.6399042673230233,Derived from Yahoo Finance QQQ and RSP,QQQ/RSP,2026-09-11T22:10:47+08:00,confirmed
2024-04-09,442.2300109863281,167.55999755859375,2.6392338113497855,Derived from Yahoo Finance QQQ and RSP,QQQ/RSP,2026-09-11T22:10:47+08:00,confirmed
2024-04-10,438.3699951171875,164.7100067138672,2.6614654680861016,Derived from Yahoo Finance QQQ and RSP,QQQ/RSP,2026-09-11T22:10:47+08:00,confirmed
2024-04-11,445.3699951171875,164.58999633789062,2.7059359926278694,Derived from Yahoo Finance QQQ and RSP,QQQ/RSP,2026-09-11T22:10:47+08:00,confirmed
2024-04-12,438.2699890136719,161.97999572753906,2.705704411493322,Derived from Yahoo Finance QQQ and RSP,QQQ/RSP,2026-09-11T22:10:47+08:00,confirmed
2024-04-15,431.05999755859375,160.5800018310547,2.6843940256776775,Derived from Yahoo Finance QQQ and RSP,QQQ/RSP,2026-09-11T22:10:47+08:00,confirmed
2024-04-16,431.1000061035156,159.69000244140625,2.6996054825767546,Derived from Yahoo Finance QQQ and RSP,QQQ/RSP,2026-09-11T22:10:47+08:00,confirmed
2024-04-17,425.8399963378906,159.36000061035156,2.672188721805447,Derived from Yahoo Finance QQQ and RSP,QQQ/RSP,2026-09-11T22:10:47+08:00,confirmed
2024-04-18,423.4100036621094,159.2100067138672,2.6594434131459046,Derived from Yahoo Finance QQQ and RSP,QQQ/RSP,2026-09-11T22:10:47+08:00,confirmed
2024-04-19,414.6499938964844,159.80999755859375,2.594643640767559,Derived from Yahoo Finance QQQ and RSP,QQQ/RSP,2026-09-11T22:10:47+08:00,confirmed
2024-04-22,418.8200073242188,161.02999877929688,2.6008818884625438,Derived from Yahoo Finance QQQ and RSP,QQQ/RSP,2026-09-11T22:10:47+08:00,confirmed
2024-04-23,425.0700073242188,162.4600067138672,2.616459373123588,Derived from Yahoo Finance QQQ and RSP,QQQ/RSP,2026-09-11T22:10:47+08:00,confirmed
2024-04-24,426.510009765625,162.69000244140625,2.621611674750789,Derived from Yahoo Finance QQQ and RSP,QQQ/RSP,2026-09-11T22:10:47+08:00,confirmed
2024-04-25,424.4500122070313,162.35000610351562,2.6144132814901075,Derived from Yahoo Finance QQQ and RSP,QQQ/RSP,2026-09-11T22:10:47+08:00,confirmed
2024-04-26,431.0,162.42999267578125,2.6534508368802214,Derived from Yahoo Finance QQQ and RSP,QQQ/RSP,2026-09-11T22:10:47+08:00,confirmed
2024-04-29,432.75,163.55999755859375,2.6458180879158526,Derived from Yahoo Finance QQQ and RSP,QQQ/RSP,2026-09-11T22:10:47+08:00,confirmed
2024-04-30,424.5899963378906,161.1999969482422,2.633933029627893,Derived from Yahoo Finance QQQ and RSP,QQQ/RSP,2026-09-11T22:10:47+08:00,confirmed
2024-05-01,421.5199890136719,160.64999389648438,2.6238406786699313,Derived from Yahoo Finance QQQ and RSP,QQQ/RSP,2026-09-11T22:10:47+08:00,confirmed
2024-05-02,426.8999938964844,161.63999938964844,2.64105416671898,Derived from Yahoo Finance QQQ and RSP,QQQ/RSP,2026-09-11T22:10:47+08:00,confirmed
2024-05-03,435.4800109863281,162.7899932861328,2.675103071113796,Derived from Yahoo Finance QQQ and RSP,QQQ/RSP,2026-09-11T22:10:47+08:00,confirmed
2024-05-06,440.25,164.0399932861328,2.683796744810137,Derived from Yahoo Finance QQQ and RSP,QQQ/RSP,2026-09-11T22:10:47+08:00,confirmed
2024-05-07,440.3200073242188,164.5,2.67671736975209,Derived from Yahoo Finance QQQ and RSP,QQQ/RSP,2026-09-11T22:10:47+08:00,confirmed
2024-05-08,440.05999755859375,164.4600067138672,2.6757873014332554,Derived from Yahoo Finance QQQ and RSP,QQQ/RSP,2026-09-11T22:10:47+08:00,confirmed
2024-05-09,441.0199890136719,165.83999633789062,2.6593101709621116,Derived from Yahoo Finance QQQ and RSP,QQQ/RSP,2026-09-11T22:10:47+08:00,confirmed
2024-05-10,442.05999755859375,166.11000061035156,2.6612485457485797,Derived from Yahoo Finance QQQ and RSP,QQQ/RSP,2026-09-11T22:10:47+08:00,confirmed
2024-05-13,443.0799865722656,166.07000732421875,2.6680313544349996,Derived from Yahoo Finance QQQ and RSP,QQQ/RSP,2026-09-11T22:10:47+08:00,confirmed
2024-05-14,445.9299926757813,166.72999572753906,2.6745636904141437,Derived from Yahoo Finance QQQ and RSP,QQQ/RSP,2026-09-11T22:10:47+08:00,confirmed
2024-05-15,452.8999938964844,168.05999755859375,2.694870882278704,Derived from Yahoo Finance QQQ and RSP,QQQ/RSP,2026-09-11T22:10:47+08:00,confirmed
2024-05-16,451.9800109863281,167.7899932861328,2.693724471491963,Derived from Yahoo Finance QQQ and RSP,QQQ/RSP,2026-09-11T22:10:47+08:00,confirmed
2024-05-17,451.760009765625,168.0399932861328,2.6884076875460434,Derived from Yahoo Finance QQQ and RSP,QQQ/RSP,2026-09-11T22:10:47+08:00,confirmed
2024-05-20,454.9100036621094,167.89999389648438,2.709410483615477,Derived from Yahoo Finance QQQ and RSP,QQQ/RSP,2026-09-11T22:10:47+08:00,confirmed
2024-05-21,455.7999877929688,167.8300018310547,2.715843310612591,Derived from Yahoo Finance QQQ and RSP,QQQ/RSP,2026-09-11T22:10:47+08:00,confirmed
2024-05-22,455.7099914550781,167.19000244140625,2.7257012070131834,Derived from Yahoo Finance QQQ and RSP,QQQ/RSP,2026-09-11T22:10:47+08:00,confirmed
2024-05-23,453.6600036621094,164.85000610351562,2.751956244255392,Derived from Yahoo Finance QQQ and RSP,QQQ/RSP,2026-09-11T22:10:47+08:00,confirmed
2024-05-24,457.9500122070313,165.94000244140625,2.7597324663697917,Derived from Yahoo Finance QQQ and RSP,QQQ/RSP,2026-09-11T22:10:47+08:00,confirmed
2024-05-28,459.6799926757813,164.7899932861328,2.789489722701892,Derived from Yahoo Finance QQQ and RSP,QQQ/RSP,2026-09-11T22:10:47+08:00,confirmed
2024-05-29,456.4400024414063,162.86000061035156,2.8026525895296754,Derived from Yahoo Finance QQQ and RSP,QQQ/RSP,2026-09-11T22:10:47+08:00,confirmed
2024-05-30,451.5499877929688,163.61000061035156,2.7599167905901183,Derived from Yahoo Finance QQQ and RSP,QQQ/RSP,2026-09-11T22:10:47+08:00,confirmed
2024-05-31,450.7099914550781,165.77999877929688,2.718723578078372,Derived from Yahoo Finance QQQ and RSP,QQQ/RSP,2026-09-11T22:10:47+08:00,confirmed
2024-06-03,453.1300048828125,164.89999389648438,2.747907954243248,Derived from Yahoo Finance QQQ and RSP,QQQ/RSP,2026-09-11T22:10:47+08:00,confirmed
2024-06-04,454.3699951171875,164.39999389648438,2.763807858796423,Derived from Yahoo Finance QQQ and RSP,QQQ/RSP,2026-09-11T22:10:47+08:00,confirmed
2024-06-05,463.5299987792969,165.39999389648438,2.8024789352132458,Derived from Yahoo Finance QQQ and RSP,QQQ/RSP,2026-09-11T22:10:47+08:00,confirmed
2024-06-06,463.3699951171875,165.0800018310547,2.806942027971427,Derived from Yahoo Finance QQQ and RSP,QQQ/RSP,2026-09-11T22:10:47+08:00,confirmed
2024-06-07,462.9599914550781,164.55999755859375,2.8133203592825478,Derived from Yahoo Finance QQQ and RSP,QQQ/RSP,2026-09-11T22:10:47+08:00,confirmed
2024-06-10,464.8299865722656,165.0,2.817151433771307,Derived from Yahoo Finance QQQ and RSP,QQQ/RSP,2026-09-11T22:10:47+08:00,confirmed
2024-06-11,468.0199890136719,164.32000732421875,2.848222785739199,Derived from Yahoo Finance QQQ and RSP,QQQ/RSP,2026-09-11T22:10:47+08:00,confirmed
2024-06-12,474.1499938964844,165.1999969482422,2.870157401062407,Derived from Yahoo Finance QQQ and RSP,QQQ/RSP,2026-09-11T22:10:47+08:00,confirmed
2024-06-13,476.7200012207031,164.72999572753906,2.8939477544162076,Derived from Yahoo Finance QQQ and RSP,QQQ/RSP,2026-09-11T22:10:47+08:00,confirmed
2024-06-14,479.1900024414063,163.67999267578125,2.92760278521389,Derived from Yahoo Finance QQQ and RSP,QQQ/RSP,2026-09-11T22:10:47+08:00,confirmed
2024-06-17,485.05999755859375,164.8699951171875,2.942075647020061,Derived from Yahoo Finance QQQ and RSP,QQQ/RSP,2026-09-11T22:10:47+08:00,confirmed
2024-06-18,485.2099914550781,165.27999877929688,2.9356848683366277,Derived from Yahoo Finance QQQ and RSP,QQQ/RSP,2026-09-11T22:10:47+08:00,confirmed
2024-06-20,481.4700012207031,165.3800048828125,2.9112951203615607,Derived from Yahoo Finance QQQ and RSP,QQQ/RSP,2026-09-11T22:10:47+08:00,confirmed
2024-06-21,480.1799926757813,165.58999633789062,2.8998128105272842,Derived from Yahoo Finance QQQ and RSP,QQQ/RSP,2026-09-11T22:10:47+08:00,confirmed
2024-06-24,473.9599914550781,165.72000122070312,2.8600047547903777,Derived from Yahoo Finance QQQ and RSP,QQQ/RSP,2026-09-11T22:10:47+08:00,confirmed
2024-06-25,479.3800048828125,164.5800018310547,2.9127475972135883,Derived from Yahoo Finance QQQ and RSP,QQQ/RSP,2026-09-11T22:10:47+08:00,confirmed
2024-06-26,480.3699951171875,163.9600067138672,2.9297998014570674,Derived from Yahoo Finance QQQ and RSP,QQQ/RSP,2026-09-11T22:10:47+08:00,confirmed
2024-06-27,481.6099853515625,164.16000366210938,2.9337839583803897,Derived from Yahoo Finance QQQ and RSP,QQQ/RSP,2026-09-11T22:10:47+08:00,confirmed
2024-06-28,479.1099853515625,164.27999877929688,2.9164231124400373,Derived from Yahoo Finance QQQ and RSP,QQQ/RSP,2026-09-11T22:10:47+08:00,confirmed
2024-07-01,481.9200134277344,162.9499969482422,2.957471754852543,Derived from Yahoo Finance QQQ and RSP,QQQ/RSP,2026-09-11T22:10:47+08:00,confirmed
2024-07-02,486.9800109863281,163.67999267578125,2.9751957036737067,Derived from Yahoo Finance QQQ and RSP,QQQ/RSP,2026-09-11T22:10:47+08:00,confirmed
2024-07-03,491.0400085449219,163.75,2.9987176094346375,Derived from Yahoo Finance QQQ and RSP,QQQ/RSP,2026-09-11T22:10:47+08:00,confirmed
2024-07-05,496.1600036621094,163.67999267578125,3.03128070542444,Derived from Yahoo Finance QQQ and RSP,QQQ/RSP,2026-09-11T22:10:47+08:00,confirmed
2024-07-08,497.3399963378906,164.0,3.032560953279821,Derived from Yahoo Finance QQQ and RSP,QQQ/RSP,2026-09-11T22:10:47+08:00,confirmed
2024-07-09,497.7699890136719,163.72000122070312,3.0403737191685694,Derived from Yahoo Finance QQQ and RSP,QQQ/RSP,2026-09-11T22:10:47+08:00,confirmed
2024-07-10,502.9599914550781,165.07000732421875,3.046949591921929,Derived from Yahoo Finance QQQ and RSP,QQQ/RSP,2026-09-11T22:10:47+08:00,confirmed
2024-07-11,491.9299926757813,167.05999755859375,2.9446306708058243,Derived from Yahoo Finance QQQ and RSP,QQQ/RSP,2026-09-11T22:10:47+08:00,confirmed
2024-07-12,494.8200073242188,168.52999877929688,2.9360945286199405,Derived from Yahoo Finance QQQ and RSP,QQQ/RSP,2026-09-11T22:10:47+08:00,confirmed
2024-07-15,496.1499938964844,168.72000122070312,2.9406708766405774,Derived from Yahoo Finance QQQ and RSP,QQQ/RSP,2026-09-11T22:10:47+08:00,confirmed
2024-07-16,496.3399963378906,171.7100067138672,2.8905711777472463,Derived from Yahoo Finance QQQ and RSP,QQQ/RSP,2026-09-11T22:10:47+08:00,confirmed
2024-07-17,481.7699890136719,171.00999450683594,2.8172036985499913,Derived from Yahoo Finance QQQ and RSP,QQQ/RSP,2026-09-11T22:10:47+08:00,confirmed
2024-07-18,479.489990234375,169.5399932861328,2.828182194304675,Derived from Yahoo Finance QQQ and RSP,QQQ/RSP,2026-09-11T22:10:47+08:00,confirmed
2024-07-19,475.239990234375,168.39999389648438,2.8220903055762903,Derived from Yahoo Finance QQQ and RSP,QQQ/RSP,2026-09-11T22:10:47+08:00,confirmed
2024-07-22,482.3200073242188,169.72999572753906,2.841689857215741,Derived from Yahoo Finance QQQ and RSP,QQQ/RSP,2026-09-11T22:10:47+08:00,confirmed
2024-07-23,480.6199951171875,169.1300048828125,2.8417192765423347,Derived from Yahoo Finance QQQ and RSP,QQQ/RSP,2026-09-11T22:10:47+08:00,confirmed
2024-07-24,463.3800048828125,167.14999389648438,2.7722406329837064,Derived from Yahoo Finance QQQ and RSP,QQQ/RSP,2026-09-11T22:10:47+08:00,confirmed
2024-07-25,458.2699890136719,167.35000610351562,2.738392424857191,Derived from Yahoo Finance QQQ and RSP,QQQ/RSP,2026-09-11T22:10:47+08:00,confirmed
2024-07-26,462.9700012207031,169.74000549316406,2.7275243680803833,Derived from Yahoo Finance QQQ and RSP,QQQ/RSP,2026-09-11T22:10:47+08:00,confirmed
2024-07-29,463.8999938964844,169.97000122070312,2.7293051159899577,Derived from Yahoo Finance QQQ and RSP,QQQ/RSP,2026-09-11T22:10:47+08:00,confirmed
2024-07-30,457.5299987792969,170.7899932861328,2.6789040152532504,Derived from Yahoo Finance QQQ and RSP,QQQ/RSP,2026-09-11T22:10:47+08:00,confirmed
2024-07-31,471.0700073242188,171.60000610351562,2.745163115204387,Derived from Yahoo Finance QQQ and RSP,QQQ/RSP,2026-09-11T22:10:47+08:00,confirmed
2024-08-01,459.6600036621094,169.69000244140625,2.7088219520818817,Derived from Yahoo Finance QQQ and RSP,QQQ/RSP,2026-09-11T22:10:47+08:00,confirmed
2024-08-02,448.75,166.77000427246094,2.690831615419602,Derived from Yahoo Finance QQQ and RSP,QQQ/RSP,2026-09-11T22:10:47+08:00,confirmed
2024-08-05,435.3699951171875,162.8300018310547,2.6737701297142307,Derived from Yahoo Finance QQQ and RSP,QQQ/RSP,2026-09-11T22:10:47+08:00,confirmed
2024-08-06,439.5299987792969,164.5,2.6719148861963338,Derived from Yahoo Finance QQQ and RSP,QQQ/RSP,2026-09-11T22:10:47+08:00,confirmed
2024-08-07,434.7699890136719,163.33999633789062,2.6617484924775683,Derived from Yahoo Finance QQQ and RSP,QQQ/RSP,2026-09-11T22:10:47+08:00,confirmed
2024-08-08,448.0700073242188,166.3000030517578,2.694347559240665,Derived from Yahoo Finance QQQ and RSP,QQQ/RSP,2026-09-11T22:10:47+08:00,confirmed
2024-08-09,450.4100036621094,166.64999389648438,2.702730393988998,Derived from Yahoo Finance QQQ and RSP,QQQ/RSP,2026-09-11T22:10:47+08:00,confirmed
2024-08-12,451.3800048828125,165.85000610351562,2.721615847279998,Derived from Yahoo Finance QQQ and RSP,QQQ/RSP,2026-09-11T22:10:47+08:00,confirmed
2024-08-13,462.5799865722656,167.74000549316406,2.7577201110269263,Derived from Yahoo Finance QQQ and RSP,QQQ/RSP,2026-09-11T22:10:47+08:00,confirmed
2024-08-14,462.7300109863281,168.08999633789062,2.7528706113846235,Derived from Yahoo Finance QQQ and RSP,QQQ/RSP,2026-09-11T22:10:47+08:00,confirmed
2024-08-15,474.4200134277344,170.3699951171875,2.784645342634475,Derived from Yahoo Finance QQQ and RSP,QQQ/RSP,2026-09-11T22:10:47+08:00,confirmed
2024-08-16,475.0299987792969,170.77999877929688,2.7815318080262412,Derived from Yahoo Finance QQQ and RSP,QQQ/RSP,2026-09-11T22:10:47+08:00,confirmed
2024-08-19,481.2699890136719,172.0800018310547,2.7967804735739996,Derived from Yahoo Finance QQQ and RSP,QQQ/RSP,2026-09-11T22:10:47+08:00,confirmed
2024-08-20,480.260009765625,171.39999389648438,2.801983820697649,Derived from Yahoo Finance QQQ and RSP,QQQ/RSP,2026-09-11T22:10:47+08:00,confirmed
2024-08-21,482.5,172.60000610351562,2.7954807817945504,Derived from Yahoo Finance QQQ and RSP,QQQ/RSP,2026-09-11T22:10:47+08:00,confirmed
2024-08-22,474.8500061035156,172.11000061035156,2.7589913684246175,Derived from Yahoo Finance QQQ and RSP,QQQ/RSP,2026-09-11T22:10:47+08:00,confirmed
2024-08-23,480.0,174.3000030517578,2.7538725851741126,Derived from Yahoo Finance QQQ and RSP,QQQ/RSP,2026-09-11T22:10:47+08:00,confirmed
2024-08-26,475.3399963378906,174.27000427246094,2.7276064995942986,Derived from Yahoo Finance QQQ and RSP,QQQ/RSP,2026-09-11T22:10:47+08:00,confirmed
2024-08-27,476.760009765625,174.35000610351562,2.734499530115081,Derived from Yahoo Finance QQQ and RSP,QQQ/RSP,2026-09-11T22:10:47+08:00,confirmed
2024-08-28,471.3500061035156,173.8699951171875,2.7109335672657497,Derived from Yahoo Finance QQQ and RSP,QQQ/RSP,2026-09-11T22:10:47+08:00,confirmed
2024-08-29,470.6600036621094,174.52000427246094,2.696882833714089,Derived from Yahoo Finance QQQ and RSP,QQQ/RSP,2026-09-11T22:10:47+08:00,confirmed
2024-08-30,476.2699890136719,175.8699951171875,2.7080798444118837,Derived from Yahoo Finance QQQ and RSP,QQQ/RSP,2026-09-11T22:10:47+08:00,confirmed
2024-09-03,461.80999755859375,173.61000061035156,2.660042600858433,Derived from Yahoo Finance QQQ and RSP,QQQ/RSP,2026-09-11T22:10:47+08:00,confirmed
2024-09-04,460.6099853515625,173.36000061035156,2.656956528206535,Derived from Yahoo Finance QQQ and RSP,QQQ/RSP,2026-09-11T22:10:47+08:00,confirmed
2024-09-05,461.0400085449219,172.3000030517578,2.6757980288974714,Derived from Yahoo Finance QQQ and RSP,QQQ/RSP,2026-09-11T22:10:47+08:00,confirmed
2024-09-06,448.6900024414063,170.4499969482422,2.632384925050206,Derived from Yahoo Finance QQQ and RSP,QQQ/RSP,2026-09-11T22:10:47+08:00,confirmed
2024-09-09,454.4599914550781,172.10000610351562,2.6406738834264023,Derived from Yahoo Finance QQQ and RSP,QQQ/RSP,2026-09-11T22:10:47+08:00,confirmed
2024-09-10,458.6600036621094,172.1999969482422,2.663530846635078,Derived from Yahoo Finance QQQ and RSP,QQQ/RSP,2026-09-11T22:10:47+08:00,confirmed
2024-09-11,468.6199951171875,172.27999877929688,2.720106793810253,Derived from Yahoo Finance QQQ and RSP,QQQ/RSP,2026-09-11T22:10:47+08:00,confirmed
2024-09-12,473.2200012207031,173.35000610351562,2.7298528096856294,Derived from Yahoo Finance QQQ and RSP,QQQ/RSP,2026-09-11T22:10:47+08:00,confirmed
2024-09-13,475.3399963378906,175.00999450683594,2.716073431562354,Derived from Yahoo Finance QQQ and RSP,QQQ/RSP,2026-09-11T22:10:47+08:00,confirmed
2024-09-16,473.239990234375,176.27999877929688,2.6845926566341367,Derived from Yahoo Finance QQQ and RSP,QQQ/RSP,2026-09-11T22:10:47+08:00,confirmed
2024-09-17,473.489990234375,176.5399932861328,2.6820551050262647,Derived from Yahoo Finance QQQ and RSP,QQQ/RSP,2026-09-11T22:10:47+08:00,confirmed
2024-09-18,471.4400024414063,176.2100067138672,2.675443984330235,Derived from Yahoo Finance QQQ and RSP,QQQ/RSP,2026-09-11T22:10:47+08:00,confirmed
2024-09-19,483.3599853515625,178.08999633789062,2.7141332769443283,Derived from Yahoo Finance QQQ and RSP,QQQ/RSP,2026-09-11T22:10:47+08:00,confirmed
2024-09-20,482.4400024414063,177.44000244140625,2.7188908690458136,Derived from Yahoo Finance QQQ and RSP,QQQ/RSP,2026-09-11T22:10:47+08:00,confirmed
2024-09-23,483.0400085449219,177.64999389648438,2.7190544618109387,Derived from Yahoo Finance QQQ and RSP,QQQ/RSP,2026-09-11T22:10:47+08:00,confirmed
2024-09-24,485.3699951171875,177.91000366210938,2.7281770846287707,Derived from Yahoo Finance QQQ and RSP,QQQ/RSP,2026-09-11T22:10:47+08:00,confirmed
2024-09-25,485.8200073242188,176.80999755859375,2.7476953454694835,Derived from Yahoo Finance QQQ and RSP,QQQ/RSP,2026-09-11T22:10:47+08:00,confirmed
2024-09-26,489.4700012207031,178.2899932861328,2.745358795516728,Derived from Yahoo Finance QQQ and RSP,QQQ/RSP,2026-09-11T22:10:47+08:00,confirmed
2024-09-27,486.75,178.92999267578125,2.7203376735279057,Derived from Yahoo Finance QQQ and RSP,QQQ/RSP,2026-09-11T22:10:47+08:00,confirmed
2024-09-30,488.0700073242188,179.16000366210938,2.7242129791686365,Derived from Yahoo Finance QQQ and RSP,QQQ/RSP,2026-09-11T22:10:47+08:00,confirmed
2024-10-01,481.2699890136719,178.2100067138672,2.7005778064213635,Derived from Yahoo Finance QQQ and RSP,QQQ/RSP,2026-09-11T22:10:47+08:00,confirmed
2024-10-02,481.9500122070313,178.02000427246094,2.7072800844864786,Derived from Yahoo Finance QQQ and RSP,QQQ/RSP,2026-09-11T22:10:47+08:00,confirmed
2024-10-03,481.5899963378906,177.17999267578125,2.7180833968039733,Derived from Yahoo Finance QQQ and RSP,QQQ/RSP,2026-09-11T22:10:47+08:00,confirmed
2024-10-04,487.3200073242188,178.57000732421875,2.7290137611935097,Derived from Yahoo Finance QQQ and RSP,QQQ/RSP,2026-09-11T22:10:47+08:00,confirmed
2024-10-07,482.1000061035156,177.17999267578125,2.7209618807564944,Derived from Yahoo Finance QQQ and RSP,QQQ/RSP,2026-09-11T22:10:47+08:00,confirmed
2024-10-08,489.2999877929688,177.60000610351562,2.7550674041518683,Derived from Yahoo Finance QQQ and RSP,QQQ/RSP,2026-09-11T22:10:47+08:00,confirmed
2024-10-09,493.1499938964844,178.82000732421875,2.7578009937241172,Derived from Yahoo Finance QQQ and RSP,QQQ/RSP,2026-09-11T22:10:47+08:00,confirmed
2024-10-10,492.5899963378906,178.14999389648438,2.76502954372322,Derived from Yahoo Finance QQQ and RSP,QQQ/RSP,2026-09-11T22:10:47+08:00,confirmed
2024-10-11,493.3599853515625,179.89999389648438,2.7424124629789874,Derived from Yahoo Finance QQQ and RSP,QQQ/RSP,2026-09-11T22:10:47+08:00,confirmed
2024-10-14,497.5,181.22000122070312,2.7452819592143567,Derived from Yahoo Finance QQQ and RSP,QQQ/RSP,2026-09-11T22:10:47+08:00,confirmed
2024-10-15,490.8500061035156,180.3999938964844,2.7208981303246107,Derived from Yahoo Finance QQQ and RSP,QQQ/RSP,2026-09-11T22:10:47+08:00,confirmed
2024-10-16,490.9100036621094,181.6199951171875,2.7029513096581534,Derived from Yahoo Finance QQQ and RSP,QQQ/RSP,2026-09-11T22:10:47+08:00,confirmed
2024-10-17,491.25,181.3300018310547,2.709149037883417,Derived from Yahoo Finance QQQ and RSP,QQQ/RSP,2026-09-11T22:10:47+08:00,confirmed
2024-10-18,494.4700012207031,181.8699951171875,2.7188102188164276,Derived from Yahoo Finance QQQ and RSP,QQQ/RSP,2026-09-11T22:10:47+08:00,confirmed
2024-10-21,495.4200134277344,180.32000732421875,2.7474489424623854,Derived from Yahoo Finance QQQ and RSP,QQQ/RSP,2026-09-11T22:10:47+08:00,confirmed
2024-10-22,495.9599914550781,179.50999450683594,2.7628544740231242,Derived from Yahoo Finance QQQ and RSP,QQQ/RSP,2026-09-11T22:10:47+08:00,confirmed
2024-10-23,488.3599853515625,178.9199981689453,2.729487985409145,Derived from Yahoo Finance QQQ and RSP,QQQ/RSP,2026-09-11T22:10:47+08:00,confirmed
2024-10-24,492.3200073242188,178.9600067138672,2.751005749074271,Derived from Yahoo Finance QQQ and RSP,QQQ/RSP,2026-09-11T22:10:47+08:00,confirmed
2024-10-25,495.3200073242188,178.11000061035156,2.780978078866119,Derived from Yahoo Finance QQQ and RSP,QQQ/RSP,2026-09-11T22:10:47+08:00,confirmed
2024-10-28,495.3999938964844,179.1199951171875,2.7657436768707693,Derived from Yahoo Finance QQQ and RSP,QQQ/RSP,2026-09-11T22:10:47+08:00,confirmed
2024-10-29,500.1600036621094,178.5800018310547,2.800761555234415,Derived from Yahoo Finance QQQ and RSP,QQQ/RSP,2026-09-11T22:10:47+08:00,confirmed
2024-10-30,496.3800048828125,178.19000244140625,2.7856781978889966,Derived from Yahoo Finance QQQ and RSP,QQQ/RSP,2026-09-11T22:10:47+08:00,confirmed
2024-10-31,483.8500061035156,176.2899932861328,2.7446254724066397,Derived from Yahoo Finance QQQ and RSP,QQQ/RSP,2026-09-11T22:10:47+08:00,confirmed
2024-11-01,487.4299926757813,176.39999389648438,2.7632086708677357,Derived from Yahoo Finance QQQ and RSP,QQQ/RSP,2026-09-11T22:10:47+08:00,confirmed
2024-11-04,486.010009765625,176.61000061035156,2.7518827251345286,Derived from Yahoo Finance QQQ and RSP,QQQ/RSP,2026-09-11T22:10:47+08:00,confirmed
2024-11-05,492.2099914550781,178.6699981689453,2.754855300270716,Derived from Yahoo Finance QQQ and RSP,QQQ/RSP,2026-09-11T22:10:47+08:00,confirmed
2024-11-06,505.5799865722656,182.8999938964844,2.7642427744333764,Derived from Yahoo Finance QQQ and RSP,QQQ/RSP,2026-09-11T22:10:47+08:00,confirmed
2024-11-07,513.5399780273438,183.0800018310547,2.8050031291852173,Derived from Yahoo Finance QQQ and RSP,QQQ/RSP,2026-09-11T22:10:47+08:00,confirmed
2024-11-08,514.1400146484375,184.1000061035156,2.7927213340739776,Derived from Yahoo Finance QQQ and RSP,QQQ/RSP,2026-09-11T22:10:47+08:00,confirmed
2024-11-11,513.8400268554688,185.0200042724609,2.7772133552585303,Derived from Yahoo Finance QQQ and RSP,QQQ/RSP,2026-09-11T22:10:47+08:00,confirmed
2024-11-12,512.9099731445312,183.6100006103516,2.7934751453598894,Derived from Yahoo Finance QQQ and RSP,QQQ/RSP,2026-09-11T22:10:47+08:00,confirmed
2024-11-13,512.25,183.7100067138672,2.788361990524783,Derived from Yahoo Finance QQQ and RSP,QQQ/RSP,2026-09-11T22:10:47+08:00,confirmed
2024-11-14,508.6900024414063,182.2400054931641,2.7913190688555347,Derived from Yahoo Finance QQQ and RSP,QQQ/RSP,2026-09-11T22:10:47+08:00,confirmed
2024-11-15,496.5700073242188,180.94000244140625,2.744390409108251,Derived from Yahoo Finance QQQ and RSP,QQQ/RSP,2026-09-11T22:10:47+08:00,confirmed
2024-11-18,500.0199890136719,181.6699981689453,2.752353135098701,Derived from Yahoo Finance QQQ and RSP,QQQ/RSP,2026-09-11T22:10:47+08:00,confirmed
2024-11-19,503.4599914550781,181.17999267578125,2.7787835953609505,Derived from Yahoo Finance QQQ and RSP,QQQ/RSP,2026-09-11T22:10:47+08:00,confirmed
2024-11-20,503.1700134277344,181.7899932861328,2.7678641950096647,Derived from Yahoo Finance QQQ and RSP,QQQ/RSP,2026-09-11T22:10:47+08:00,confirmed
2024-11-21,504.9800109863281,184.0800018310547,2.743263830743492,Derived from Yahoo Finance QQQ and RSP,QQQ/RSP,2026-09-11T22:10:47+08:00,confirmed
2024-11-22,505.7900085449219,185.52999877929688,2.72618989852202,Derived from Yahoo Finance QQQ and RSP,QQQ/RSP,2026-09-11T22:10:47+08:00,confirmed
2024-11-25,506.5899963378906,187.2100067138672,2.7059984945792217,Derived from Yahoo Finance QQQ and RSP,QQQ/RSP,2026-09-11T22:10:47+08:00,confirmed
2024-11-26,509.30999755859375,187.22999572753903,2.7202371905180844,Derived from Yahoo Finance QQQ and RSP,QQQ/RSP,2026-09-11T22:10:47+08:00,confirmed
2024-11-27,505.2999877929688,187.0500030517578,2.7014166241587785,Derived from Yahoo Finance QQQ and RSP,QQQ/RSP,2026-09-11T22:10:47+08:00,confirmed
2024-11-29,509.739990234375,187.6199951171875,2.716874552288477,Derived from Yahoo Finance QQQ and RSP,QQQ/RSP,2026-09-11T22:10:47+08:00,confirmed
2024-12-02,515.2899780273438,187.1499938964844,2.753352897849191,Derived from Yahoo Finance QQQ and RSP,QQQ/RSP,2026-09-11T22:10:47+08:00,confirmed
2024-12-03,516.8699951171875,186.32000732421875,2.7740981902054824,Derived from Yahoo Finance QQQ and RSP,QQQ/RSP,2026-09-11T22:10:47+08:00,confirmed
2024-12-04,523.260009765625,186.3300018310547,2.8082434638736524,Derived from Yahoo Finance QQQ and RSP,QQQ/RSP,2026-09-11T22:10:47+08:00,confirmed
2024-12-05,521.8099975585938,185.3999938964844,2.8145092488511048,Derived from Yahoo Finance QQQ and RSP,QQQ/RSP,2026-09-11T22:10:47+08:00,confirmed
2024-12-06,526.47998046875,185.19000244140625,2.842917941184904,Derived from Yahoo Finance QQQ and RSP,QQQ/RSP,2026-09-11T22:10:47+08:00,confirmed
2024-12-09,522.3800048828125,184.42999267578125,2.8324026765057164,Derived from Yahoo Finance QQQ and RSP,QQQ/RSP,2026-09-11T22:10:47+08:00,confirmed
2024-12-10,520.5999755859375,183.3000030517578,2.8401525745689016,Derived from Yahoo Finance QQQ and RSP,QQQ/RSP,2026-09-11T22:10:47+08:00,confirmed
2024-12-11,529.9199829101562,183.47000122070312,2.888319503920944,Derived from Yahoo Finance QQQ and RSP,QQQ/RSP,2026-09-11T22:10:47+08:00,confirmed
2024-12-12,526.5,182.8000030517578,2.880196888459172,Derived from Yahoo Finance QQQ and RSP,QQQ/RSP,2026-09-11T22:10:47+08:00,confirmed
2024-12-13,530.530029296875,182.16000366210932,2.912439715805898,Derived from Yahoo Finance QQQ and RSP,QQQ/RSP,2026-09-11T22:10:47+08:00,confirmed
2024-12-16,538.1699829101562,181.5599975585937,2.9641440303306688,Derived from Yahoo Finance QQQ and RSP,QQQ/RSP,2026-09-11T22:10:47+08:00,confirmed
2024-12-17,535.7999877929688,180.1300048828125,2.974518254976705,Derived from Yahoo Finance QQQ and RSP,QQQ/RSP,2026-09-11T22:10:47+08:00,confirmed
2024-12-18,516.469970703125,174.8000030517578,2.9546336480909536,Derived from Yahoo Finance QQQ and RSP,QQQ/RSP,2026-09-11T22:10:47+08:00,confirmed
2024-12-19,514.1699829101562,174.22000122070312,2.9512683923058987,Derived from Yahoo Finance QQQ and RSP,QQQ/RSP,2026-09-11T22:10:47+08:00,confirmed
2024-12-20,518.6599731445312,176.66000366210938,2.9359218973896986,Derived from Yahoo Finance QQQ and RSP,QQQ/RSP,2026-09-11T22:10:47+08:00,confirmed
2024-12-23,522.8699951171875,176.27999877929688,2.9661334169387104,Derived from Yahoo Finance QQQ and RSP,QQQ/RSP,2026-09-11T22:10:47+08:00,confirmed
2024-12-24,529.9600219726562,177.61000061035156,2.9838411134027596,Derived from Yahoo Finance QQQ and RSP,QQQ/RSP,2026-09-11T22:10:47+08:00,confirmed
2024-12-26,529.5999755859375,177.89999389648438,2.9769533094762144,Derived from Yahoo Finance QQQ and RSP,QQQ/RSP,2026-09-11T22:10:47+08:00,confirmed
2024-12-27,522.5599975585938,176.69000244140625,2.957496125067317,Derived from Yahoo Finance QQQ and RSP,QQQ/RSP,2026-09-11T22:10:47+08:00,confirmed
2024-12-30,515.6099853515625,174.91000366210938,2.94785875339421,Derived from Yahoo Finance QQQ and RSP,QQQ/RSP,2026-09-11T22:10:47+08:00,confirmed
2024-12-31,511.2300109863281,175.22999572753906,2.917480017412244,Derived from Yahoo Finance QQQ and RSP,QQQ/RSP,2026-09-11T22:10:47+08:00,confirmed
2025-01-02,510.2300109863281,174.72000122070312,2.9202724783742124,Derived from Yahoo Finance QQQ and RSP,QQQ/RSP,2026-09-11T22:10:47+08:00,confirmed
2025-01-03,518.5800170898438,176.32000732421875,2.941129738817866,Derived from Yahoo Finance QQQ and RSP,QQQ/RSP,2026-09-11T22:10:47+08:00,confirmed
2025-01-06,524.5399780273438,176.1999969482422,2.9769579291276864,Derived from Yahoo Finance QQQ and RSP,QQQ/RSP,2026-09-11T22:10:47+08:00,confirmed
2025-01-07,515.1799926757812,175.61000061035156,2.9336597624578182,Derived from Yahoo Finance QQQ and RSP,QQQ/RSP,2026-09-11T22:10:47+08:00,confirmed
2025-01-08,515.27001953125,175.82000732421875,2.930667717360929,Derived from Yahoo Finance QQQ and RSP,QQQ/RSP,2026-09-11T22:10:47+08:00,confirmed
2025-01-10,507.1900024414063,173.25,2.927503621595419,Derived from Yahoo Finance QQQ and RSP,QQQ/RSP,2026-09-11T22:10:47+08:00,confirmed
2025-01-13,505.55999755859375,174.6699981689453,2.894372261168762,Derived from Yahoo Finance QQQ and RSP,QQQ/RSP,2026-09-11T22:10:47+08:00,confirmed
2025-01-14,505.0799865722656,176.0800018310547,2.8684687716943573,Derived from Yahoo Finance QQQ and RSP,QQQ/RSP,2026-09-11T22:10:47+08:00,confirmed
2025-01-15,516.7000122070312,177.77000427246094,2.9065646610161853,Derived from Yahoo Finance QQQ and RSP,QQQ/RSP,2026-09-11T22:10:47+08:00,confirmed
2025-01-16,513.0800170898438,179.1699981689453,2.8636491730386893,Derived from Yahoo Finance QQQ and RSP,QQQ/RSP,2026-09-11T22:10:47+08:00,confirmed
2025-01-17,521.739990234375,180.0399932861328,2.8979116290300424,Derived from Yahoo Finance QQQ and RSP,QQQ/RSP,2026-09-11T22:10:47+08:00,confirmed
2025-01-21,524.7999877929688,182.1300048828125,2.8814581547430342,Derived from Yahoo Finance QQQ and RSP,QQQ/RSP,2026-09-11T22:10:47+08:00,confirmed
2025-01-22,531.510009765625,181.4900054931641,2.928591072116335,Derived from Yahoo Finance QQQ and RSP,QQQ/RSP,2026-09-11T22:10:47+08:00,confirmed
2025-01-23,532.6400146484375,182.3500061035156,2.920976127338712,Derived from Yahoo Finance QQQ and RSP,QQQ/RSP,2026-09-11T22:10:47+08:00,confirmed
2025-01-24,529.6300048828125,182.19000244140625,2.907020131651547,Derived from Yahoo Finance QQQ and RSP,QQQ/RSP,2026-09-11T22:10:47+08:00,confirmed
2025-01-27,514.2100219726562,182.3099975585937,2.820525636875132,Derived from Yahoo Finance QQQ and RSP,QQQ/RSP,2026-09-11T22:10:47+08:00,confirmed
2025-01-28,521.8099975585938,181.41000366210932,2.8764124746422843,Derived from Yahoo Finance QQQ and RSP,QQQ/RSP,2026-09-11T22:10:47+08:00,confirmed
2025-01-29,520.8300170898438,180.8099975585937,2.8805377142990247,Derived from Yahoo Finance QQQ and RSP,QQQ/RSP,2026-09-11T22:10:47+08:00,confirmed
2025-01-30,523.0499877929688,182.7400054931641,2.8622631721029195,Derived from Yahoo Finance QQQ and RSP,QQQ/RSP,2026-09-11T22:10:47+08:00,confirmed
2025-01-31,522.2899780273438,181.2400054931641,2.881758785021904,Derived from Yahoo Finance QQQ and RSP,QQQ/RSP,2026-09-11T22:10:47+08:00,confirmed
2025-02-03,518.1099853515625,180.25,2.8743965900225383,Derived from Yahoo Finance QQQ and RSP,QQQ/RSP,2026-09-11T22:10:47+08:00,confirmed
2025-02-04,524.469970703125,180.47000122070312,2.9061338014938682,Derived from Yahoo Finance QQQ and RSP,QQQ/RSP,2026-09-11T22:10:47+08:00,confirmed
2025-02-05,526.8499755859375,181.3500061035156,2.9051555437236027,Derived from Yahoo Finance QQQ and RSP,QQQ/RSP,2026-09-11T22:10:47+08:00,confirmed
2025-02-06,529.5999755859375,181.1100006103516,2.924189574298237,Derived from Yahoo Finance QQQ and RSP,QQQ/RSP,2026-09-11T22:10:47+08:00,confirmed
2025-02-07,522.9199829101562,180.22000122070312,2.9015646397081745,Derived from Yahoo Finance QQQ and RSP,QQQ/RSP,2026-09-11T22:10:47+08:00,confirmed
2025-02-10,529.25,180.72999572753903,2.9284015521024807,Derived from Yahoo Finance QQQ and RSP,QQQ/RSP,2026-09-11T22:10:47+08:00,confirmed
2025-02-11,527.989990234375,180.75,2.921106446663209,Derived from Yahoo Finance QQQ and RSP,QQQ/RSP,2026-09-11T22:10:47+08:00,confirmed
2025-02-12,528.2999877929688,179.6999969482422,2.939899815051925,Derived from Yahoo Finance QQQ and RSP,QQQ/RSP,2026-09-11T22:10:47+08:00,confirmed
2025-02-13,535.9000244140625,181.259994506836,2.956526760756642,Derived from Yahoo Finance QQQ and RSP,QQQ/RSP,2026-09-11T22:10:47+08:00,confirmed
2025-02-14,538.1500244140625,181.0800018310547,2.971890981733861,Derived from Yahoo Finance QQQ and RSP,QQQ/RSP,2026-09-11T22:10:47+08:00,confirmed
2025-02-18,539.3699951171875,182.47000122070312,2.9559379158703614,Derived from Yahoo Finance QQQ and RSP,QQQ/RSP,2026-09-11T22:10:47+08:00,confirmed
2025-02-19,539.52001953125,182.83999633789065,2.9507768012323194,Derived from Yahoo Finance QQQ and RSP,QQQ/RSP,2026-09-11T22:10:47+08:00,confirmed
2025-02-20,537.22998046875,182.3800048828125,2.9456627156795223,Derived from Yahoo Finance QQQ and RSP,QQQ/RSP,2026-09-11T22:10:47+08:00,confirmed
2025-02-21,526.0800170898438,179.82000732421875,2.9255922348023926,Derived from Yahoo Finance QQQ and RSP,QQQ/RSP,2026-09-11T22:10:47+08:00,confirmed
2025-02-24,519.8699951171875,179.97000122070312,2.888648061293581,Derived from Yahoo Finance QQQ and RSP,QQQ/RSP,2026-09-11T22:10:47+08:00,confirmed
2025-02-25,513.3200073242188,180.1499938964844,2.8494034122431136,Derived from Yahoo Finance QQQ and RSP,QQQ/RSP,2026-09-11T22:10:47+08:00,confirmed
2025-02-26,514.5599975585938,179.77000427246094,2.862323999162409,Derived from Yahoo Finance QQQ and RSP,QQQ/RSP,2026-09-11T22:10:47+08:00,confirmed
2025-02-27,500.2699890136719,178.1999969482422,2.807351277110146,Derived from Yahoo Finance QQQ and RSP,QQQ/RSP,2026-09-11T22:10:47+08:00,confirmed
2025-02-28,508.1700134277344,180.17999267578125,2.8203465095158684,Derived from Yahoo Finance QQQ and RSP,QQQ/RSP,2026-09-11T22:10:47+08:00,confirmed
2025-03-03,497.0499877929688,178.25999450683594,2.7883428874104887,Derived from Yahoo Finance QQQ and RSP,QQQ/RSP,2026-09-11T22:10:47+08:00,confirmed
2025-03-04,495.5499877929688,175.3800048828125,2.82557859502907,Derived from Yahoo Finance QQQ and RSP,QQQ/RSP,2026-09-11T22:10:47+08:00,confirmed
2025-03-05,502.010009765625,177.00999450683594,2.8360546033813807,Derived from Yahoo Finance QQQ and RSP,QQQ/RSP,2026-09-11T22:10:47+08:00,confirmed
2025-03-06,488.2000122070313,175.0500030517578,2.788917473270098,Derived from Yahoo Finance QQQ and RSP,QQQ/RSP,2026-09-11T22:10:47+08:00,confirmed
2025-03-07,491.7900085449219,176.69000244140625,2.7833493788535586,Derived from Yahoo Finance QQQ and RSP,QQQ/RSP,2026-09-11T22:10:47+08:00,confirmed
2025-03-10,472.7300109863281,174.1999969482422,2.713719972835501,Derived from Yahoo Finance QQQ and RSP,QQQ/RSP,2026-09-11T22:10:47+08:00,confirmed
2025-03-11,471.6000061035156,171.8800048828125,2.743774684117863,Derived from Yahoo Finance QQQ and RSP,QQQ/RSP,2026-09-11T22:10:47+08:00,confirmed
2025-03-12,476.9200134277344,171.07000732421875,2.787864575956067,Derived from Yahoo Finance QQQ and RSP,QQQ/RSP,2026-09-11T22:10:47+08:00,confirmed
2025-03-13,468.3399963378906,169.42999267578125,2.7642095058936773,Derived from Yahoo Finance QQQ and RSP,QQQ/RSP,2026-09-11T22:10:47+08:00,confirmed
2025-03-14,479.6600036621094,172.66000366210938,2.778060891280821,Derived from Yahoo Finance QQQ and RSP,QQQ/RSP,2026-09-11T22:10:47+08:00,confirmed
2025-03-17,482.7699890136719,174.99000549316406,2.758843213091568,Derived from Yahoo Finance QQQ and RSP,QQQ/RSP,2026-09-11T22:10:47+08:00,confirmed
2025-03-18,474.5400085449219,174.0800018310547,2.7259880718835516,Derived from Yahoo Finance QQQ and RSP,QQQ/RSP,2026-09-11T22:10:47+08:00,confirmed
2025-03-19,480.8900146484375,175.3699951171875,2.742145338642978,Derived from Yahoo Finance QQQ and RSP,QQQ/RSP,2026-09-11T22:10:47+08:00,confirmed
2025-03-20,479.260009765625,174.63999938964844,2.744274000461503,Derived from Yahoo Finance QQQ and RSP,QQQ/RSP,2026-09-11T22:10:47+08:00,confirmed
2025-03-21,480.8399963378906,173.83999633789062,2.76599175372328,Derived from Yahoo Finance QQQ and RSP,QQQ/RSP,2026-09-11T22:10:47+08:00,confirmed
2025-03-24,490.6600036621094,175.69000244140625,2.7927599569915635,Derived from Yahoo Finance QQQ and RSP,QQQ/RSP,2026-09-11T22:10:47+08:00,confirmed
2025-03-25,493.4599914550781,175.27000427246094,2.815427508565494,Derived from Yahoo Finance QQQ and RSP,QQQ/RSP,2026-09-11T22:10:47+08:00,confirmed
2025-03-26,484.3800048828125,174.94000244140625,2.7688350184232386,Derived from Yahoo Finance QQQ and RSP,QQQ/RSP,2026-09-11T22:10:47+08:00,confirmed
2025-03-27,481.6199951171875,174.49000549316406,2.7601580603770213,Derived from Yahoo Finance QQQ and RSP,QQQ/RSP,2026-09-11T22:10:47+08:00,confirmed
2025-03-28,468.9400024414063,171.8000030517578,2.7295692323132834,Derived from Yahoo Finance QQQ and RSP,QQQ/RSP,2026-09-11T22:10:47+08:00,confirmed
2025-03-31,468.9200134277344,173.22999572753906,2.70692157820788,Derived from Yahoo Finance QQQ and RSP,QQQ/RSP,2026-09-11T22:10:47+08:00,confirmed
2025-04-01,472.7000122070313,173.41000366210938,2.7259097066169877,Derived from Yahoo Finance QQQ and RSP,QQQ/RSP,2026-09-11T22:10:47+08:00,confirmed
2025-04-02,476.1499938964844,174.86000061035156,2.7230355269042397,Derived from Yahoo Finance QQQ and RSP,QQQ/RSP,2026-09-11T22:10:47+08:00,confirmed
2025-04-03,450.6600036621094,166.52999877929688,2.706179108662407,Derived from Yahoo Finance QQQ and RSP,QQQ/RSP,2026-09-11T22:10:47+08:00,confirmed
2025-04-04,422.6700134277344,157.17999267578125,2.6890827912149446,Derived from Yahoo Finance QQQ and RSP,QQQ/RSP,2026-09-11T22:10:47+08:00,confirmed
2025-04-07,423.6900024414063,155.8699951171875,2.7182268282158097,Derived from Yahoo Finance QQQ and RSP,QQQ/RSP,2026-09-11T22:10:47+08:00,confirmed
2025-04-08,416.05999755859375,152.92999267578125,2.7205912344523577,Derived from Yahoo Finance QQQ and RSP,QQQ/RSP,2026-09-11T22:10:47+08:00,confirmed
2025-04-09,466.0,165.16000366210938,2.821506355457345,Derived from Yahoo Finance QQQ and RSP,QQQ/RSP,2026-09-11T22:10:47+08:00,confirmed
2025-04-10,446.1799926757813,159.60000610351562,2.7956138822851395,Derived from Yahoo Finance QQQ and RSP,QQQ/RSP,2026-09-11T22:10:47+08:00,confirmed
2025-04-11,454.3999938964844,162.02000427246094,2.804591914047494,Derived from Yahoo Finance QQQ and RSP,QQQ/RSP,2026-09-11T22:10:47+08:00,confirmed
2025-04-14,457.4800109863281,164.08999633789062,2.787982334061944,Derived from Yahoo Finance QQQ and RSP,QQQ/RSP,2026-09-11T22:10:47+08:00,confirmed
2025-04-15,457.989990234375,163.55999755859375,2.8001344893044804,Derived from Yahoo Finance QQQ and RSP,QQQ/RSP,2026-09-11T22:10:47+08:00,confirmed
2025-04-16,444.1799926757813,161.4600067138672,2.7510217651789084,Derived from Yahoo Finance QQQ and RSP,QQQ/RSP,2026-09-11T22:10:47+08:00,confirmed
2025-04-17,444.1000061035156,162.66000366210938,2.7302348217453405,Derived from Yahoo Finance QQQ and RSP,QQQ/RSP,2026-09-11T22:10:47+08:00,confirmed
2025-04-21,433.1099853515625,159.38999938964844,2.7172971140602864,Derived from Yahoo Finance QQQ and RSP,QQQ/RSP,2026-09-11T22:10:47+08:00,confirmed
2025-04-22,444.4800109863281,163.32000732421875,2.721528233243081,Derived from Yahoo Finance QQQ and RSP,QQQ/RSP,2026-09-11T22:10:47+08:00,confirmed
2025-04-23,454.55999755859375,164.89999389648438,2.7565798325252993,Derived from Yahoo Finance QQQ and RSP,QQQ/RSP,2026-09-11T22:10:47+08:00,confirmed
2025-04-24,467.3500061035156,167.69000244140625,2.7869878901505514,Derived from Yahoo Finance QQQ and RSP,QQQ/RSP,2026-09-11T22:10:47+08:00,confirmed
2025-04-25,472.55999755859375,167.4499969482422,2.822096184956392,Derived from Yahoo Finance QQQ and RSP,QQQ/RSP,2026-09-11T22:10:47+08:00,confirmed
2025-04-28,472.4100036621094,167.9199981689453,2.813304006749779,Derived from Yahoo Finance QQQ and RSP,QQQ/RSP,2026-09-11T22:10:47+08:00,confirmed
2025-04-29,475.5299987792969,168.89999389648438,2.8154530252425007,Derived from Yahoo Finance QQQ and RSP,QQQ/RSP,2026-09-11T22:10:47+08:00,confirmed
2025-04-30,475.4700012207031,169.13999938964844,2.811103245456216,Derived from Yahoo Finance QQQ and RSP,QQQ/RSP,2026-09-11T22:10:47+08:00,confirmed
2025-05-01,481.6799926757813,168.91000366210938,2.8516960643689444,Derived from Yahoo Finance QQQ and RSP,QQQ/RSP,2026-09-11T22:10:47+08:00,confirmed
2025-05-02,488.8299865722656,171.88999938964844,2.8438535592996455,Derived from Yahoo Finance QQQ and RSP,QQQ/RSP,2026-09-11T22:10:47+08:00,confirmed
2025-05-05,485.9299926757813,171.32000732421875,2.8363878817502686,Derived from Yahoo Finance QQQ and RSP,QQQ/RSP,2026-09-11T22:10:47+08:00,confirmed
2025-05-06,481.4100036621094,170.0500030517578,2.830990855763663,Derived from Yahoo Finance QQQ and RSP,QQQ/RSP,2026-09-11T22:10:47+08:00,confirmed
2025-05-07,483.2999877929688,171.1699981689453,2.8235087513172155,Derived from Yahoo Finance QQQ and RSP,QQQ/RSP,2026-09-11T22:10:47+08:00,confirmed
2025-05-08,488.2900085449219,172.61000061035156,2.8288627936870463,Derived from Yahoo Finance QQQ and RSP,QQQ/RSP,2026-09-11T22:10:47+08:00,confirmed
2025-05-09,487.9700012207031,172.57000732421875,2.827664023354426,Derived from Yahoo Finance QQQ and RSP,QQQ/RSP,2026-09-11T22:10:47+08:00,confirmed
2025-05-12,507.8500061035156,177.3000030517578,2.864354187040047,Derived from Yahoo Finance QQQ and RSP,QQQ/RSP,2026-09-11T22:10:47+08:00,confirmed
2025-05-13,515.5900268554688,177.6999969482422,2.9014633410806536,Derived from Yahoo Finance QQQ and RSP,QQQ/RSP,2026-09-11T22:10:47+08:00,confirmed
2025-05-14,518.6799926757812,176.6300048828125,2.93653387497728,Derived from Yahoo Finance QQQ and RSP,QQQ/RSP,2026-09-11T22:10:47+08:00,confirmed
2025-05-15,519.25,178.24000549316406,2.913206822246841,Derived from Yahoo Finance QQQ and RSP,QQQ/RSP,2026-09-11T22:10:47+08:00,confirmed
2025-05-16,521.510009765625,179.99000549316406,2.8974387124257945,Derived from Yahoo Finance QQQ and RSP,QQQ/RSP,2026-09-11T22:10:47+08:00,confirmed
2025-05-19,522.010009765625,179.97000122070312,2.900539013307373,Derived from Yahoo Finance QQQ and RSP,QQQ/RSP,2026-09-11T22:10:47+08:00,confirmed
2025-05-20,520.27001953125,179.5,2.898440220229805,Derived from Yahoo Finance QQQ and RSP,QQQ/RSP,2026-09-11T22:10:47+08:00,confirmed
2025-05-21,513.0399780273438,175.58999633789062,2.9218064168080096,Derived from Yahoo Finance QQQ and RSP,QQQ/RSP,2026-09-11T22:10:47+08:00,confirmed
2025-05-22,514.0,175.02999877929688,2.936639453720876,Derived from Yahoo Finance QQQ and RSP,QQQ/RSP,2026-09-11T22:10:47+08:00,confirmed
2025-05-23,509.239990234375,174.3300018310547,2.9211265122791983,Derived from Yahoo Finance QQQ and RSP,QQQ/RSP,2026-09-11T22:10:47+08:00,confirmed
2025-05-27,521.219970703125,177.5800018310547,2.9351276344675403,Derived from Yahoo Finance QQQ and RSP,QQQ/RSP,2026-09-11T22:10:47+08:00,confirmed
2025-05-28,518.9099731445312,176.07000732421875,2.947179823699333,Derived from Yahoo Finance QQQ and RSP,QQQ/RSP,2026-09-11T22:10:47+08:00,confirmed
2025-05-29,519.9299926757812,176.5,2.9457789953302056,Derived from Yahoo Finance QQQ and RSP,QQQ/RSP,2026-09-11T22:10:47+08:00,confirmed
2025-05-30,519.1099853515625,176.42999267578125,2.9423001014658055,Derived from Yahoo Finance QQQ and RSP,QQQ/RSP,2026-09-11T22:10:47+08:00,confirmed
2025-06-02,523.2100219726562,176.57000732421875,2.9631874059558445,Derived from Yahoo Finance QQQ and RSP,QQQ/RSP,2026-09-11T22:10:47+08:00,confirmed
2025-06-03,527.2999877929688,178.0399932861328,2.9616940444697213,Derived from Yahoo Finance QQQ and RSP,QQQ/RSP,2026-09-11T22:10:47+08:00,confirmed
2025-06-04,528.77001953125,177.63999938964844,2.9766382647379297,Derived from Yahoo Finance QQQ and RSP,QQQ/RSP,2026-09-11T22:10:47+08:00,confirmed
2025-06-05,524.7899780273438,177.16000366210938,2.962237340140588,Derived from Yahoo Finance QQQ and RSP,QQQ/RSP,2026-09-11T22:10:47+08:00,confirmed
2025-06-06,529.9199829101562,178.69000244140625,2.965582716827825,Derived from Yahoo Finance QQQ and RSP,QQQ/RSP,2026-09-11T22:10:47+08:00,confirmed
2025-06-09,530.7000122070312,178.72000122070312,2.969449466104605,Derived from Yahoo Finance QQQ and RSP,QQQ/RSP,2026-09-11T22:10:47+08:00,confirmed
2025-06-10,534.2100219726562,179.61000061035156,2.974277713698019,Derived from Yahoo Finance QQQ and RSP,QQQ/RSP,2026-09-11T22:10:47+08:00,confirmed
2025-06-11,532.4099731445312,179.10000610351562,2.972696566167679,Derived from Yahoo Finance QQQ and RSP,QQQ/RSP,2026-09-11T22:10:47+08:00,confirmed
2025-06-12,533.6599731445312,179.52000427246094,2.972704770742905,Derived from Yahoo Finance QQQ and RSP,QQQ/RSP,2026-09-11T22:10:47+08:00,confirmed
2025-06-13,526.9600219726562,177.35000610351562,2.9712997115155457,Derived from Yahoo Finance QQQ and RSP,QQQ/RSP,2026-09-11T22:10:47+08:00,confirmed
2025-06-16,534.2899780273438,179.05999755859375,2.983860076578568,Derived from Yahoo Finance QQQ and RSP,QQQ/RSP,2026-09-11T22:10:47+08:00,confirmed
2025-06-17,529.0800170898438,177.33999633789062,2.9834218338528298,Derived from Yahoo Finance QQQ and RSP,QQQ/RSP,2026-09-11T22:10:47+08:00,confirmed
2025-06-18,528.989990234375,177.36000061035156,2.9825777425234214,Derived from Yahoo Finance QQQ and RSP,QQQ/RSP,2026-09-11T22:10:47+08:00,confirmed
2025-06-20,526.8300170898438,177.64999389648438,2.96555043732129,Derived from Yahoo Finance QQQ and RSP,QQQ/RSP,2026-09-11T22:10:47+08:00,confirmed
2025-06-23,531.6500244140625,178.49000549316406,2.9785982859103224,Derived from Yahoo Finance QQQ and RSP,QQQ/RSP,2026-09-11T22:10:47+08:00,confirmed
2025-06-24,539.780029296875,180.17999267578125,2.995782280156731,Derived from Yahoo Finance QQQ and RSP,QQQ/RSP,2026-09-11T22:10:47+08:00,confirmed
2025-06-25,541.1599731445312,178.8800048828125,3.0252681036041724,Derived from Yahoo Finance QQQ and RSP,QQQ/RSP,2026-09-11T22:10:47+08:00,confirmed
2025-06-26,546.219970703125,180.22999572753903,3.030682925437494,Derived from Yahoo Finance QQQ and RSP,QQQ/RSP,2026-09-11T22:10:47+08:00,confirmed
2025-06-27,548.0900268554688,180.88999938964844,3.0299631196020314,Derived from Yahoo Finance QQQ and RSP,QQQ/RSP,2026-09-11T22:10:47+08:00,confirmed
2025-06-30,551.6400146484375,181.7400054931641,3.0353251786887765,Derived from Yahoo Finance QQQ and RSP,QQQ/RSP,2026-09-11T22:10:47+08:00,confirmed
2025-07-01,546.989990234375,183.8699951171875,2.9748735778545976,Derived from Yahoo Finance QQQ and RSP,QQQ/RSP,2026-09-11T22:10:47+08:00,confirmed
2025-07-02,550.7999877929688,184.2899932861328,2.988767745722277,Derived from Yahoo Finance QQQ and RSP,QQQ/RSP,2026-09-11T22:10:47+08:00,confirmed
2025-07-03,556.219970703125,185.17999267578125,3.0036720634122274,Derived from Yahoo Finance QQQ and RSP,QQQ/RSP,2026-09-11T22:10:47+08:00,confirmed
2025-07-07,552.030029296875,183.6999969482422,3.005062811473048,Derived from Yahoo Finance QQQ and RSP,QQQ/RSP,2026-09-11T22:10:47+08:00,confirmed
2025-07-08,552.3400268554688,184.16000366210932,2.9992398776711795,Derived from Yahoo Finance QQQ and RSP,QQQ/RSP,2026-09-11T22:10:47+08:00,confirmed
2025-07-09,556.25,184.7100067138672,3.0114773416779874,Derived from Yahoo Finance QQQ and RSP,QQQ/RSP,2026-09-11T22:10:47+08:00,confirmed
2025-07-10,555.4500122070312,185.77999877929688,2.9898267620665417,Derived from Yahoo Finance QQQ and RSP,QQQ/RSP,2026-09-11T22:10:47+08:00,confirmed
2025-07-11,554.2000122070312,184.4199981689453,3.0050971570845273,Derived from Yahoo Finance QQQ and RSP,QQQ/RSP,2026-09-11T22:10:47+08:00,confirmed
2025-07-14,556.2100219726562,184.6100006103516,3.0128921517454783,Derived from Yahoo Finance QQQ and RSP,QQQ/RSP,2026-09-11T22:10:47+08:00,confirmed
2025-07-15,556.719970703125,182.0500030517578,3.0580607600695644,Derived from Yahoo Finance QQQ and RSP,QQQ/RSP,2026-09-11T22:10:47+08:00,confirmed
2025-07-16,557.2899780273438,182.759994506836,3.0492995993524104,Derived from Yahoo Finance QQQ and RSP,QQQ/RSP,2026-09-11T22:10:47+08:00,confirmed
2025-07-17,561.7999877929688,184.25,3.0491179798804273,Derived from Yahoo Finance QQQ and RSP,QQQ/RSP,2026-09-11T22:10:47+08:00,confirmed
2025-07-18,561.260009765625,184.17999267578125,3.0473451628029515,Derived from Yahoo Finance QQQ and RSP,QQQ/RSP,2026-09-11T22:10:47+08:00,confirmed
2025-07-21,564.1699829101562,183.5500030517578,3.0736582594938473,Derived from Yahoo Finance QQQ and RSP,QQQ/RSP,2026-09-11T22:10:47+08:00,confirmed
2025-07-22,561.25,185.88999938964844,3.0192587112959774,Derived from Yahoo Finance QQQ and RSP,QQQ/RSP,2026-09-11T22:10:47+08:00,confirmed
2025-07-23,563.8099975585938,187.42999267578125,3.008109798808344,Derived from Yahoo Finance QQQ and RSP,QQQ/RSP,2026-09-11T22:10:47+08:00,confirmed
2025-07-24,565.010009765625,186.8300018310547,3.024193139368206,Derived from Yahoo Finance QQQ and RSP,QQQ/RSP,2026-09-11T22:10:47+08:00,confirmed
2025-07-25,566.3699951171875,187.72999572753903,3.0169392638733434,Derived from Yahoo Finance QQQ and RSP,QQQ/RSP,2026-09-11T22:10:47+08:00,confirmed
2025-07-28,568.1400146484375,186.6199951171875,3.0443683930635386,Derived from Yahoo Finance QQQ and RSP,QQQ/RSP,2026-09-11T22:10:47+08:00,confirmed
2025-07-29,567.260009765625,186.52999877929688,3.041119463238777,Derived from Yahoo Finance QQQ and RSP,QQQ/RSP,2026-09-11T22:10:47+08:00,confirmed
2025-07-30,568.02001953125,185.32000732421875,3.065076608471608,Derived from Yahoo Finance QQQ and RSP,QQQ/RSP,2026-09-11T22:10:47+08:00,confirmed
2025-07-31,565.010009765625,183.6300048828125,3.076893725108805,Derived from Yahoo Finance QQQ and RSP,QQQ/RSP,2026-09-11T22:10:47+08:00,confirmed
2025-08-01,553.8800048828125,181.5599975585937,3.0506720220904517,Derived from Yahoo Finance QQQ and RSP,QQQ/RSP,2026-09-11T22:10:47+08:00,confirmed
2025-08-04,564.0999755859375,183.77999877929688,3.0694307287670104,Derived from Yahoo Finance QQQ and RSP,QQQ/RSP,2026-09-11T22:10:47+08:00,confirmed
2025-08-05,560.27001953125,183.2700042724609,3.0570742973209994,Derived from Yahoo Finance QQQ and RSP,QQQ/RSP,2026-09-11T22:10:47+08:00,confirmed
2025-08-06,567.3200073242188,182.8600006103516,3.102482803404864,Derived from Yahoo Finance QQQ and RSP,QQQ/RSP,2026-09-11T22:10:47+08:00,confirmed
2025-08-07,569.239990234375,182.75,3.114856307712038,Derived from Yahoo Finance QQQ and RSP,QQQ/RSP,2026-09-11T22:10:47+08:00,confirmed
2025-08-08,574.5499877929688,183.0800018310547,3.1382454776418487,Derived from Yahoo Finance QQQ and RSP,QQQ/RSP,2026-09-11T22:10:47+08:00,confirmed
2025-08-11,572.8499755859375,182.5800018310547,3.1375285893359135,Derived from Yahoo Finance QQQ and RSP,QQQ/RSP,2026-09-11T22:10:47+08:00,confirmed
2025-08-12,580.0499877929688,184.8999938964844,3.1371011732845577,Derived from Yahoo Finance QQQ and RSP,QQQ/RSP,2026-09-11T22:10:47+08:00,confirmed
2025-08-13,580.3400268554688,187.5399932861328,3.094486763524805,Derived from Yahoo Finance QQQ and RSP,QQQ/RSP,2026-09-11T22:10:47+08:00,confirmed
2025-08-14,579.8900146484375,186.32000732421875,3.1123335758535076,Derived from Yahoo Finance QQQ and RSP,QQQ/RSP,2026-09-11T22:10:47+08:00,confirmed
2025-08-15,577.3400268554688,185.8600006103516,3.106316716665896,Derived from Yahoo Finance QQQ and RSP,QQQ/RSP,2026-09-11T22:10:47+08:00,confirmed
2025-08-18,577.1099853515625,185.82000732421875,3.10574729633188,Derived from Yahoo Finance QQQ and RSP,QQQ/RSP,2026-09-11T22:10:47+08:00,confirmed
2025-08-19,569.280029296875,186.69000244140625,3.049333236125201,Derived from Yahoo Finance QQQ and RSP,QQQ/RSP,2026-09-11T22:10:47+08:00,confirmed
2025-08-20,565.9000244140625,186.5200042724609,3.033991054318327,Derived from Yahoo Finance QQQ and RSP,QQQ/RSP,2026-09-11T22:10:47+08:00,confirmed
2025-08-21,563.280029296875,185.8699951171875,3.030505429032468,Derived from Yahoo Finance QQQ and RSP,QQQ/RSP,2026-09-11T22:10:47+08:00,confirmed
2025-08-22,571.969970703125,189.4900054931641,3.0184703895834706,Derived from Yahoo Finance QQQ and RSP,QQQ/RSP,2026-09-11T22:10:47+08:00,confirmed
2025-08-25,570.3200073242188,188.0399932861328,3.0329718553881566,Derived from Yahoo Finance QQQ and RSP,QQQ/RSP,2026-09-11T22:10:47+08:00,confirmed
2025-08-26,572.6099853515625,188.1699981689453,3.0430461334088665,Derived from Yahoo Finance QQQ and RSP,QQQ/RSP,2026-09-11T22:10:47+08:00,confirmed
2025-08-27,573.489990234375,188.8500061035156,3.036748592531282,Derived from Yahoo Finance QQQ and RSP,QQQ/RSP,2026-09-11T22:10:47+08:00,confirmed
2025-08-28,577.0800170898438,188.759994506836,3.0572156912673814,Derived from Yahoo Finance QQQ and RSP,QQQ/RSP,2026-09-11T22:10:47+08:00,confirmed
2025-08-29,570.4000244140625,188.6199951171875,3.0240697655605353,Derived from Yahoo Finance QQQ and RSP,QQQ/RSP,2026-09-11T22:10:47+08:00,confirmed
2025-09-02,565.6199951171875,187.1300048828125,3.0226045014608904,Derived from Yahoo Finance QQQ and RSP,QQQ/RSP,2026-09-11T22:10:47+08:00,confirmed
2025-09-03,570.0700073242188,186.83999633789065,3.051113350983352,Derived from Yahoo Finance QQQ and RSP,QQQ/RSP,2026-09-11T22:10:47+08:00,confirmed
2025-09-04,575.22998046875,188.22000122070312,3.0561575642231906,Derived from Yahoo Finance QQQ and RSP,QQQ/RSP,2026-09-11T22:10:47+08:00,confirmed
2025-09-05,576.0599975585938,188.44000244140625,3.056994216170818,Derived from Yahoo Finance QQQ and RSP,QQQ/RSP,2026-09-11T22:10:47+08:00,confirmed
2025-09-08,578.8699951171875,188.2899932861328,3.074353474735718,Derived from Yahoo Finance QQQ and RSP,QQQ/RSP,2026-09-11T22:10:47+08:00,confirmed
2025-09-09,580.510009765625,187.7100067138672,3.092589574356131,Derived from Yahoo Finance QQQ and RSP,QQQ/RSP,2026-09-11T22:10:47+08:00,confirmed
2025-09-10,580.7000122070312,187.5200042724609,3.0967363426639625,Derived from Yahoo Finance QQQ and RSP,QQQ/RSP,2026-09-11T22:10:47+08:00,confirmed
2025-09-11,584.0800170898438,190.3300018310547,3.0687753452989455,Derived from Yahoo Finance QQQ and RSP,QQQ/RSP,2026-09-11T22:10:47+08:00,confirmed
2025-09-12,586.6599731445312,188.9600067138672,3.1046779863470344,Derived from Yahoo Finance QQQ and RSP,QQQ/RSP,2026-09-11T22:10:47+08:00,confirmed
2025-09-15,591.6799926757812,188.6300048828125,3.136722564596051,Derived from Yahoo Finance QQQ and RSP,QQQ/RSP,2026-09-11T22:10:47+08:00,confirmed
2025-09-16,591.1799926757812,188.1300048828125,3.1424014103653026,Derived from Yahoo Finance QQQ and RSP,QQQ/RSP,2026-09-11T22:10:47+08:00,confirmed
2025-09-17,590.0,188.3099975585937,3.1331315790411938,Derived from Yahoo Finance QQQ and RSP,QQQ/RSP,2026-09-11T22:10:47+08:00,confirmed
2025-09-18,595.3200073242188,189.5399932861328,3.140867512987159,Derived from Yahoo Finance QQQ and RSP,QQQ/RSP,2026-09-11T22:10:47+08:00,confirmed
2025-09-19,599.3499755859375,189.2100067138672,3.1676441748258295,Derived from Yahoo Finance QQQ and RSP,QQQ/RSP,2026-09-11T22:10:47+08:00,confirmed
2025-09-22,602.2000122070312,188.47999572753903,3.195034093048014,Derived from Yahoo Finance QQQ and RSP,QQQ/RSP,2026-09-11T22:10:47+08:00,confirmed
2025-09-23,598.2000122070312,188.7100067138672,3.169943251149665,Derived from Yahoo Finance QQQ and RSP,QQQ/RSP,2026-09-11T22:10:47+08:00,confirmed
2025-09-24,596.0999755859375,188.2700042724609,3.1661972808120433,Derived from Yahoo Finance QQQ and RSP,QQQ/RSP,2026-09-11T22:10:47+08:00,confirmed
2025-09-25,593.530029296875,186.72000122070312,3.1787169313228647,Derived from Yahoo Finance QQQ and RSP,QQQ/RSP,2026-09-11T22:10:47+08:00,confirmed
2025-09-26,595.969970703125,188.57000732421875,3.160470634539676,Derived from Yahoo Finance QQQ and RSP,QQQ/RSP,2026-09-11T22:10:47+08:00,confirmed
2025-09-29,598.72998046875,189.1999969482422,3.16453483153353,Derived from Yahoo Finance QQQ and RSP,QQQ/RSP,2026-09-11T22:10:47+08:00,confirmed
2025-09-30,600.3699951171875,189.6999969482422,3.1648392449947833,Derived from Yahoo Finance QQQ and RSP,QQQ/RSP,2026-09-11T22:10:47+08:00,confirmed
2025-10-01,603.25,190.1300048828125,3.172829035437178,Derived from Yahoo Finance QQQ and RSP,QQQ/RSP,2026-09-11T22:10:47+08:00,confirmed
2025-10-02,605.72998046875,190.5800018310547,3.178350166066833,Derived from Yahoo Finance QQQ and RSP,QQQ/RSP,2026-09-11T22:10:47+08:00,confirmed
2025-10-03,603.1799926757812,191.25,3.153882314644608,Derived from Yahoo Finance QQQ and RSP,QQQ/RSP,2026-09-11T22:10:47+08:00,confirmed
2025-10-06,607.7100219726562,191.19000244140625,3.1785658989093863,Derived from Yahoo Finance QQQ and RSP,QQQ/RSP,2026-09-11T22:10:47+08:00,confirmed
2025-10-07,604.510009765625,190.3500061035156,3.175781404687122,Derived from Yahoo Finance QQQ and RSP,QQQ/RSP,2026-09-11T22:10:47+08:00,confirmed
2025-10-08,611.4400024414062,190.97000122070312,3.201759430973496,Derived from Yahoo Finance QQQ and RSP,QQQ/RSP,2026-09-11T22:10:47+08:00,confirmed
2025-10-09,610.7000122070312,189.38999938964844,3.2245631457582156,Derived from Yahoo Finance QQQ and RSP,QQQ/RSP,2026-09-11T22:10:47+08:00,confirmed
2025-10-10,589.5,185.1199951171875,3.1844210001562807,Derived from Yahoo Finance QQQ and RSP,QQQ/RSP,2026-09-11T22:10:47+08:00,confirmed
2025-10-13,602.010009765625,186.9199981689453,3.2206827287763278,Derived from Yahoo Finance QQQ and RSP,QQQ/RSP,2026-09-11T22:10:47+08:00,confirmed
2025-10-14,598.0,188.47000122070312,3.1729187463617987,Derived from Yahoo Finance QQQ and RSP,QQQ/RSP,2026-09-11T22:10:47+08:00,confirmed
2025-10-15,602.219970703125,188.8500061035156,3.188879805346822,Derived from Yahoo Finance QQQ and RSP,QQQ/RSP,2026-09-11T22:10:47+08:00,confirmed
2025-10-16,599.989990234375,187.0599975585937,3.2074735275586503,Derived from Yahoo Finance QQQ and RSP,QQQ/RSP,2026-09-11T22:10:47+08:00,confirmed
2025-10-17,603.9299926757812,188.009994506836,3.2122228090050955,Derived from Yahoo Finance QQQ and RSP,QQQ/RSP,2026-09-11T22:10:47+08:00,confirmed
2025-10-20,611.5399780273438,189.88999938964844,3.2204959713148584,Derived from Yahoo Finance QQQ and RSP,QQQ/RSP,2026-09-11T22:10:47+08:00,confirmed
2025-10-21,611.3800048828125,190.759994506836,3.204969713190589,Derived from Yahoo Finance QQQ and RSP,QQQ/RSP,2026-09-11T22:10:47+08:00,confirmed
2025-10-22,605.489990234375,189.83999633789065,3.1894753577464314,Derived from Yahoo Finance QQQ and RSP,QQQ/RSP,2026-09-11T22:10:47+08:00,confirmed
2025-10-23,610.5800170898438,190.7400054931641,3.201111458035091,Derived from Yahoo Finance QQQ and RSP,QQQ/RSP,2026-09-11T22:10:47+08:00,confirmed
2025-10-24,617.0999755859375,191.259994506836,3.2264979259103828,Derived from Yahoo Finance QQQ and RSP,QQQ/RSP,2026-09-11T22:10:47+08:00,confirmed
2025-10-27,628.0900268554688,192.1100006103516,3.269429102389087,Derived from Yahoo Finance QQQ and RSP,QQQ/RSP,2026-09-11T22:10:47+08:00,confirmed
2025-10-28,632.9199829101562,190.4600067138672,3.3231122576878183,Derived from Yahoo Finance QQQ and RSP,QQQ/RSP,2026-09-11T22:10:47+08:00,confirmed
2025-10-29,635.77001953125,188.3300018310547,3.375829731587751,Derived from Yahoo Finance QQQ and RSP,QQQ/RSP,2026-09-11T22:10:47+08:00,confirmed
2025-10-30,626.0499877929688,187.5200042724609,3.338577077266578,Derived from Yahoo Finance QQQ and RSP,QQQ/RSP,2026-09-11T22:10:47+08:00,confirmed
2025-10-31,629.0700073242188,187.92999267578125,3.3473635494122367,Derived from Yahoo Finance QQQ and RSP,QQQ/RSP,2026-09-11T22:10:47+08:00,confirmed
2025-11-03,632.0800170898438,187.47000122070312,3.3716328637866377,Derived from Yahoo Finance QQQ and RSP,QQQ/RSP,2026-09-11T22:10:47+08:00,confirmed
2025-11-04,619.25,186.22999572753903,3.3251893583565577,Derived from Yahoo Finance QQQ and RSP,QQQ/RSP,2026-09-11T22:10:47+08:00,confirmed
2025-11-05,623.280029296875,187.32000732421875,3.327354286390158,Derived from Yahoo Finance QQQ and RSP,QQQ/RSP,2026-09-11T22:10:47+08:00,confirmed
2025-11-06,611.6699829101562,186.0,3.288548295215894,Derived from Yahoo Finance QQQ and RSP,QQQ/RSP,2026-09-11T22:10:47+08:00,confirmed
2025-11-07,609.739990234375,187.5599975585937,3.2509063668754443,Derived from Yahoo Finance QQQ and RSP,QQQ/RSP,2026-09-11T22:10:47+08:00,confirmed
2025-11-10,623.22998046875,188.63999938964844,3.303806098840295,Derived from Yahoo Finance QQQ and RSP,QQQ/RSP,2026-09-11T22:10:47+08:00,confirmed
2025-11-11,621.5700073242188,189.72999572753903,3.2760766421816703,Derived from Yahoo Finance QQQ and RSP,QQQ/RSP,2026-09-11T22:10:47+08:00,confirmed
2025-11-12,621.0800170898438,190.17999267578125,3.265748454142916,Derived from Yahoo Finance QQQ and RSP,QQQ/RSP,2026-09-11T22:10:47+08:00,confirmed
2025-11-13,608.4000244140625,188.02999877929688,3.235654035865742,Derived from Yahoo Finance QQQ and RSP,QQQ/RSP,2026-09-11T22:10:47+08:00,confirmed
2025-11-14,608.8599853515625,187.33999633789065,3.2500266747812296,Derived from Yahoo Finance QQQ and RSP,QQQ/RSP,2026-09-11T22:10:47+08:00,confirmed
2025-11-17,603.6599731445312,184.8800048828125,3.265144727398538,Derived from Yahoo Finance QQQ and RSP,QQQ/RSP,2026-09-11T22:10:47+08:00,confirmed
2025-11-18,596.3099975585938,184.9900054931641,3.2234714300856058,Derived from Yahoo Finance QQQ and RSP,QQQ/RSP,2026-09-11T22:10:47+08:00,confirmed
2025-11-19,599.8699951171875,184.42999267578125,3.252562050315369,Derived from Yahoo Finance QQQ and RSP,QQQ/RSP,2026-09-11T22:10:47+08:00,confirmed
2025-11-20,585.6699829101562,182.17999267578125,3.214787608167548,Derived from Yahoo Finance QQQ and RSP,QQQ/RSP,2026-09-11T22:10:47+08:00,confirmed
2025-11-21,590.0700073242188,185.759994506836,3.1765182212174543,Derived from Yahoo Finance QQQ and RSP,QQQ/RSP,2026-09-11T22:10:47+08:00,confirmed
2025-11-24,605.1599731445312,186.52999877929688,3.244303742587589,Derived from Yahoo Finance QQQ and RSP,QQQ/RSP,2026-09-11T22:10:47+08:00,confirmed
2025-11-25,608.8900146484375,189.17999267578125,3.2185751042498447,Derived from Yahoo Finance QQQ and RSP,QQQ/RSP,2026-09-11T22:10:47+08:00,confirmed
2025-11-26,614.27001953125,190.5,3.2245145382217846,Derived from Yahoo Finance QQQ and RSP,QQQ/RSP,2026-09-11T22:10:47+08:00,confirmed
2025-11-28,619.25,191.52999877929688,3.2331749801427807,Derived from Yahoo Finance QQQ and RSP,QQQ/RSP,2026-09-11T22:10:47+08:00,confirmed
2025-12-01,617.1699829101562,190.22000122070312,3.244506250392058,Derived from Yahoo Finance QQQ and RSP,QQQ/RSP,2026-09-11T22:10:47+08:00,confirmed
2025-12-02,622.0,190.0399932861328,3.272995274544599,Derived from Yahoo Finance QQQ and RSP,QQQ/RSP,2026-09-11T22:10:47+08:00,confirmed
2025-12-03,623.52001953125,191.4900054931641,3.2561491547584125,Derived from Yahoo Finance QQQ and RSP,QQQ/RSP,2026-09-11T22:10:47+08:00,confirmed
2025-12-04,622.9400024414062,191.5500030517578,3.2521012399727534,Derived from Yahoo Finance QQQ and RSP,QQQ/RSP,2026-09-11T22:10:47+08:00,confirmed
2025-12-05,625.47998046875,192.0,3.2577082316080728,Derived from Yahoo Finance QQQ and RSP,QQQ/RSP,2026-09-11T22:10:47+08:00,confirmed
2025-12-08,624.280029296875,190.8500061035156,3.271050612166448,Derived from Yahoo Finance QQQ and RSP,QQQ/RSP,2026-09-11T22:10:47+08:00,confirmed
2025-12-09,625.0499877929688,190.4900054931641,3.281274448886502,Derived from Yahoo Finance QQQ and RSP,QQQ/RSP,2026-09-11T22:10:47+08:00,confirmed
2025-12-10,627.6099853515625,193.1699981689453,3.249003423412877,Derived from Yahoo Finance QQQ and RSP,QQQ/RSP,2026-09-11T22:10:47+08:00,confirmed
2025-12-11,625.5800170898438,194.72999572753903,3.212550869487711,Derived from Yahoo Finance QQQ and RSP,QQQ/RSP,2026-09-11T22:10:47+08:00,confirmed
2025-12-12,613.6199951171875,193.41000366210932,3.172638351164051,Derived from Yahoo Finance QQQ and RSP,QQQ/RSP,2026-09-11T22:10:47+08:00,confirmed
2025-12-15,610.5399780273438,193.6499938964844,3.1528014318126334,Derived from Yahoo Finance QQQ and RSP,QQQ/RSP,2026-09-11T22:10:47+08:00,confirmed
2025-12-16,611.75,192.2899932861328,3.18139279920666,Derived from Yahoo Finance QQQ and RSP,QQQ/RSP,2026-09-11T22:10:47+08:00,confirmed
2025-12-17,600.4099731445312,191.7700042724609,3.130885747342881,Derived from Yahoo Finance QQQ and RSP,QQQ/RSP,2026-09-11T22:10:47+08:00,confirmed
2025-12-18,609.1099853515625,192.17999267578125,3.1694765769877318,Derived from Yahoo Finance QQQ and RSP,QQQ/RSP,2026-09-11T22:10:47+08:00,confirmed
2025-12-19,617.0499877929688,192.8800048828125,3.1991392169855444,Derived from Yahoo Finance QQQ and RSP,QQQ/RSP,2026-09-11T22:10:47+08:00,confirmed
2025-12-22,619.2100219726562,193.5399932861328,3.199390531429882,Derived from Yahoo Finance QQQ and RSP,QQQ/RSP,2026-09-11T22:10:47+08:00,confirmed
2025-12-23,622.1099853515625,193.08999633789065,3.2218654365859756,Derived from Yahoo Finance QQQ and RSP,QQQ/RSP,2026-09-11T22:10:47+08:00,confirmed
2025-12-24,623.9299926757812,193.7899932861328,3.2196192491453495,Derived from Yahoo Finance QQQ and RSP,QQQ/RSP,2026-09-11T22:10:47+08:00,confirmed
2025-12-26,623.8900146484375,193.83999633789065,3.218582472323764,Derived from Yahoo Finance QQQ and RSP,QQQ/RSP,2026-09-11T22:10:47+08:00,confirmed
2025-12-29,620.8699951171875,193.5200042724609,3.2082987877731313,Derived from Yahoo Finance QQQ and RSP,QQQ/RSP,2026-09-11T22:10:47+08:00,confirmed
2025-12-30,619.4299926757812,193.2100067138672,3.205993329285067,Derived from Yahoo Finance QQQ and RSP,QQQ/RSP,2026-09-11T22:10:47+08:00,confirmed
2025-12-31,614.3099975585938,191.5599975585937,3.206880378930318,Derived from Yahoo Finance QQQ and RSP,QQQ/RSP,2026-09-11T22:10:47+08:00,confirmed
2026-01-02,613.1199951171875,192.8600006103516,3.179093607678226,Derived from Yahoo Finance QQQ and RSP,QQQ/RSP,2026-09-11T22:10:47+08:00,confirmed
2026-01-05,617.989990234375,194.6499938964844,3.1748780355113926,Derived from Yahoo Finance QQQ and RSP,QQQ/RSP,2026-09-11T22:10:47+08:00,confirmed
2026-01-06,623.4199829101562,197.0,3.164568441168306,Derived from Yahoo Finance QQQ and RSP,QQQ/RSP,2026-09-11T22:10:47+08:00,confirmed
2026-01-07,624.02001953125,194.7899932861328,3.2035527544508327,Derived from Yahoo Finance QQQ and RSP,QQQ/RSP,2026-09-11T22:10:47+08:00,confirmed
2026-01-08,620.469970703125,196.4600067138672,3.158250786414785,Derived from Yahoo Finance QQQ and RSP,QQQ/RSP,2026-09-11T22:10:47+08:00,confirmed
2026-01-09,626.6500244140625,197.6000061035156,3.171305693613101,Derived from Yahoo Finance QQQ and RSP,QQQ/RSP,2026-09-11T22:10:47+08:00,confirmed
2026-01-12,627.1699829101562,197.77999877929688,3.1710485730663622,Derived from Yahoo Finance QQQ and RSP,QQQ/RSP,2026-09-11T22:10:47+08:00,confirmed
2026-01-13,626.239990234375,197.77999877929688,3.1663464157121246,Derived from Yahoo Finance QQQ and RSP,QQQ/RSP,2026-09-11T22:10:47+08:00,confirmed
2026-01-14,619.5499877929688,198.67999267578125,3.118331038012419,Derived from Yahoo Finance QQQ and RSP,QQQ/RSP,2026-09-11T22:10:47+08:00,confirmed
2026-01-15,621.780029296875,199.5599975585937,3.115754845177884,Derived from Yahoo Finance QQQ and RSP,QQQ/RSP,2026-09-11T22:10:47+08:00,confirmed
2026-01-16,621.260009765625,199.0500030517578,3.121125346599881,Derived from Yahoo Finance QQQ and RSP,QQQ/RSP,2026-09-11T22:10:47+08:00,confirmed
2026-01-20,608.0599975585938,196.0800018310547,3.101081149940558,Derived from Yahoo Finance QQQ and RSP,QQQ/RSP,2026-09-11T22:10:47+08:00,confirmed
2026-01-21,616.280029296875,199.3999938964844,3.0906722575769376,Derived from Yahoo Finance QQQ and RSP,QQQ/RSP,2026-09-11T22:10:47+08:00,confirmed
2026-01-22,620.760009765625,199.66000366210932,3.109085437142213,Derived from Yahoo Finance QQQ and RSP,QQQ/RSP,2026-09-11T22:10:47+08:00,confirmed
2026-01-23,622.719970703125,198.7700042724609,3.13286691813691,Derived from Yahoo Finance QQQ and RSP,QQQ/RSP,2026-09-11T22:10:47+08:00,confirmed
2026-01-26,625.4600219726562,199.2400054931641,3.1392290941997376,Derived from Yahoo Finance QQQ and RSP,QQQ/RSP,2026-09-11T22:10:47+08:00,confirmed
2026-01-27,631.1300048828125,198.92999267578125,3.1726236772724192,Derived from Yahoo Finance QQQ and RSP,QQQ/RSP,2026-09-11T22:10:47+08:00,confirmed
2026-01-28,633.219970703125,198.259994506836,3.1938867560156803,Derived from Yahoo Finance QQQ and RSP,QQQ/RSP,2026-09-11T22:10:47+08:00,confirmed
2026-01-29,629.4299926757812,198.5200042724609,3.170612427611644,Derived from Yahoo Finance QQQ and RSP,QQQ/RSP,2026-09-11T22:10:47+08:00,confirmed
2026-01-30,621.8699951171875,198.0800018310547,3.139489041642828,Derived from Yahoo Finance QQQ and RSP,QQQ/RSP,2026-09-11T22:10:47+08:00,confirmed
2026-02-02,626.1400146484375,199.1000061035156,3.144851810415798,Derived from Yahoo Finance QQQ and RSP,QQQ/RSP,2026-09-11T22:10:47+08:00,confirmed
2026-02-03,616.52001953125,198.57000732421875,3.104799298942543,Derived from Yahoo Finance QQQ and RSP,QQQ/RSP,2026-09-11T22:10:47+08:00,confirmed
2026-02-04,605.75,200.3000030517578,3.024213633404056,Derived from Yahoo Finance QQQ and RSP,QQQ/RSP,2026-09-11T22:10:47+08:00,confirmed
2026-02-05,597.030029296875,198.5599975585937,3.0067991369746845,Derived from Yahoo Finance QQQ and RSP,QQQ/RSP,2026-09-11T22:10:47+08:00,confirmed
2026-02-06,609.6500244140625,202.259994506836,3.0141898594457714,Derived from Yahoo Finance QQQ and RSP,QQQ/RSP,2026-09-11T22:10:47+08:00,confirmed
2026-02-09,614.3200073242188,202.3800048828125,3.035477776966844,Derived from Yahoo Finance QQQ and RSP,QQQ/RSP,2026-09-11T22:10:47+08:00,confirmed
2026-02-10,611.469970703125,203.1000061035156,3.0106841572002327,Derived from Yahoo Finance QQQ and RSP,QQQ/RSP,2026-09-11T22:10:47+08:00,confirmed
2026-02-11,613.1099853515625,203.4600067138672,3.0134176993997657,Derived from Yahoo Finance QQQ and RSP,QQQ/RSP,2026-09-11T22:10:47+08:00,confirmed
2026-02-12,600.6400146484375,200.7899932861328,2.991384206047083,Derived from Yahoo Finance QQQ and RSP,QQQ/RSP,2026-09-11T22:10:47+08:00,confirmed
2026-02-13,601.9199829101562,202.8699951171875,2.967023204010323,Derived from Yahoo Finance QQQ and RSP,QQQ/RSP,2026-09-11T22:10:47+08:00,confirmed
2026-02-17,601.2999877929688,202.5200042724609,2.969089349731634,Derived from Yahoo Finance QQQ and RSP,QQQ/RSP,2026-09-11T22:10:47+08:00,confirmed
2026-02-18,605.7899780273438,203.57000732421875,2.9758311943395643,Derived from Yahoo Finance QQQ and RSP,QQQ/RSP,2026-09-11T22:10:47+08:00,confirmed
2026-02-19,603.469970703125,203.13999938964844,2.9707097199778594,Derived from Yahoo Finance QQQ and RSP,QQQ/RSP,2026-09-11T22:10:47+08:00,confirmed
2026-02-20,608.8099975585938,204.08999633789065,2.983046736649699,Derived from Yahoo Finance QQQ and RSP,QQQ/RSP,2026-09-11T22:10:47+08:00,confirmed
2026-02-23,601.4099731445312,201.8500061035156,2.9794894969490744,Derived from Yahoo Finance QQQ and RSP,QQQ/RSP,2026-09-11T22:10:47+08:00,confirmed
2026-02-24,607.8699951171875,203.4600067138672,2.987663300198628,Derived from Yahoo Finance QQQ and RSP,QQQ/RSP,2026-09-11T22:10:47+08:00,confirmed
2026-02-25,616.6799926757812,203.5800018310547,3.029177655610528,Derived from Yahoo Finance QQQ and RSP,QQQ/RSP,2026-09-11T22:10:47+08:00,confirmed
2026-02-26,609.239990234375,204.72999572753903,2.975821828498303,Derived from Yahoo Finance QQQ and RSP,QQQ/RSP,2026-09-11T22:10:47+08:00,confirmed
2026-02-27,607.2899780273438,204.97000122070312,2.962823703032715,Derived from Yahoo Finance QQQ and RSP,QQQ/RSP,2026-09-11T22:10:47+08:00,confirmed
2026-03-02,608.0900268554688,204.58999633789065,2.9722373417084262,Derived from Yahoo Finance QQQ and RSP,QQQ/RSP,2026-09-11T22:10:47+08:00,confirmed
2026-03-03,601.5800170898438,202.0800018310547,2.9769398834070864,Derived from Yahoo Finance QQQ and RSP,QQQ/RSP,2026-09-11T22:10:47+08:00,confirmed
2026-03-04,610.75,202.88999938964844,3.0102518696698306,Derived from Yahoo Finance QQQ and RSP,QQQ/RSP,2026-09-11T22:10:47+08:00,confirmed
2026-03-05,608.9099731445312,200.5399932861328,3.036351817743064,Derived from Yahoo Finance QQQ and RSP,QQQ/RSP,2026-09-11T22:10:47+08:00,confirmed
2026-03-06,599.75,198.1499938964844,3.0267475068069674,Derived from Yahoo Finance QQQ and RSP,QQQ/RSP,2026-09-11T22:10:47+08:00,confirmed
2026-03-09,607.760009765625,198.7100067138672,3.0585274481962554,Derived from Yahoo Finance QQQ and RSP,QQQ/RSP,2026-09-11T22:10:47+08:00,confirmed
2026-03-10,607.77001953125,197.22000122070312,3.0816855073999943,Derived from Yahoo Finance QQQ and RSP,QQQ/RSP,2026-09-11T22:10:47+08:00,confirmed
2026-03-11,607.6900024414062,196.57000732421875,3.0914685852307784,Derived from Yahoo Finance QQQ and RSP,QQQ/RSP,2026-09-11T22:10:47+08:00,confirmed
2026-03-12,597.260009765625,193.52999877929688,3.086136586228913,Derived from Yahoo Finance QQQ and RSP,QQQ/RSP,2026-09-11T22:10:47+08:00,confirmed
2026-03-13,593.719970703125,193.5200042724609,3.06800308802812,Derived from Yahoo Finance QQQ and RSP,QQQ/RSP,2026-09-11T22:10:47+08:00,confirmed
2026-03-16,600.3800048828125,194.9600067138672,3.079503406890827,Derived from Yahoo Finance QQQ and RSP,QQQ/RSP,2026-09-11T22:10:47+08:00,confirmed
2026-03-17,603.3099975585938,196.0500030517578,3.0773271520904695,Derived from Yahoo Finance QQQ and RSP,QQQ/RSP,2026-09-11T22:10:47+08:00,confirmed
2026-03-18,594.9000244140625,193.47000122070312,3.074895439399018,Derived from Yahoo Finance QQQ and RSP,QQQ/RSP,2026-09-11T22:10:47+08:00,confirmed
2026-03-19,593.02001953125,193.32000732421875,3.0675563680105324,Derived from Yahoo Finance QQQ and RSP,QQQ/RSP,2026-09-11T22:10:47+08:00,confirmed
2026-03-20,582.0599975585938,190.47999572753903,3.0557539406456486,Derived from Yahoo Finance QQQ and RSP,QQQ/RSP,2026-09-11T22:10:47+08:00,confirmed
2026-03-23,588.0,191.69000244140625,3.0674526188695395,Derived from Yahoo Finance QQQ and RSP,QQQ/RSP,2026-09-11T22:10:47+08:00,confirmed
2026-03-24,583.97998046875,191.9199981689453,3.042830273240614,Derived from Yahoo Finance QQQ and RSP,QQQ/RSP,2026-09-11T22:10:47+08:00,confirmed
2026-03-25,587.8200073242188,192.8500061035156,3.0480683884899444,Derived from Yahoo Finance QQQ and RSP,QQQ/RSP,2026-09-11T22:10:47+08:00,confirmed
2026-03-26,573.7899780273438,191.0800018310547,3.002878231782026,Derived from Yahoo Finance QQQ and RSP,QQQ/RSP,2026-09-11T22:10:47+08:00,confirmed
2026-03-27,562.5800170898438,188.4600067138672,2.9851427201952245,Derived from Yahoo Finance QQQ and RSP,QQQ/RSP,2026-09-11T22:10:47+08:00,confirmed
2026-03-30,558.280029296875,188.07000732421875,2.9684692271768864,Derived from Yahoo Finance QQQ and RSP,QQQ/RSP,2026-09-11T22:10:47+08:00,confirmed
2026-03-31,577.1799926757812,191.9199981689453,3.007398906744962,Derived from Yahoo Finance QQQ and RSP,QQQ/RSP,2026-09-11T22:10:47+08:00,confirmed
2026-04-01,584.3099975585938,192.5399932861328,3.034746119941187,Derived from Yahoo Finance QQQ and RSP,QQQ/RSP,2026-09-11T22:10:47+08:00,confirmed
2026-04-02,584.97998046875,193.08999633789065,3.0295716586222627,Derived from Yahoo Finance QQQ and RSP,QQQ/RSP,2026-09-11T22:10:47+08:00,confirmed
2026-04-06,588.5,193.9199981689453,3.034756629315209,Derived from Yahoo Finance QQQ and RSP,QQQ/RSP,2026-09-11T22:10:47+08:00,confirmed
2026-04-07,588.5900268554688,193.4900054931641,3.0419660455085538,Derived from Yahoo Finance QQQ and RSP,QQQ/RSP,2026-09-11T22:10:47+08:00,confirmed
2026-04-08,606.0900268554688,197.9600067138672,3.0616791589197896,Derived from Yahoo Finance QQQ and RSP,QQQ/RSP,2026-09-11T22:10:47+08:00,confirmed
2026-04-09,610.1900024414062,198.0800018310547,3.080523004850566,Derived from Yahoo Finance QQQ and RSP,QQQ/RSP,2026-09-11T22:10:47+08:00,confirmed
2026-04-10,611.0700073242188,196.6499938964844,3.1073990658035973,Derived from Yahoo Finance QQQ and RSP,QQQ/RSP,2026-09-11T22:10:47+08:00,confirmed
2026-04-13,617.3900146484375,198.8300018310547,3.1051149673731437,Derived from Yahoo Finance QQQ and RSP,QQQ/RSP,2026-09-11T22:10:47+08:00,confirmed
2026-04-14,628.5999755859375,199.66000366210932,3.148352018713454,Derived from Yahoo Finance QQQ and RSP,QQQ/RSP,2026-09-11T22:10:47+08:00,confirmed
2026-04-15,637.4000244140625,199.72999572753903,3.1913084566605083,Derived from Yahoo Finance QQQ and RSP,QQQ/RSP,2026-09-11T22:10:47+08:00,confirmed
2026-04-16,640.469970703125,200.63999938964844,3.192135031157544,Derived from Yahoo Finance QQQ and RSP,QQQ/RSP,2026-09-11T22:10:47+08:00,confirmed
2026-04-17,648.8499755859375,203.16000366210932,3.1937879695310927,Derived from Yahoo Finance QQQ and RSP,QQQ/RSP,2026-09-11T22:10:47+08:00,confirmed
2026-04-20,646.7899780273438,203.8000030517578,3.173650482542351,Derived from Yahoo Finance QQQ and RSP,QQQ/RSP,2026-09-11T22:10:47+08:00,confirmed
2026-04-21,644.3300170898438,202.5500030517578,3.181091125065041,Derived from Yahoo Finance QQQ and RSP,QQQ/RSP,2026-09-11T22:10:47+08:00,confirmed
2026-04-22,655.1099853515625,202.4600067138672,3.2357500920041793,Derived from Yahoo Finance QQQ and RSP,QQQ/RSP,2026-09-11T22:10:47+08:00,confirmed
2026-04-23,651.4199829101562,202.4499969482422,3.2176833427006497,Derived from Yahoo Finance QQQ and RSP,QQQ/RSP,2026-09-11T22:10:47+08:00,confirmed
2026-04-24,663.8800048828125,202.02999877929688,3.286046670762263,Derived from Yahoo Finance QQQ and RSP,QQQ/RSP,2026-09-11T22:10:47+08:00,confirmed
2026-04-27,664.22998046875,201.7899932861328,3.291689392778212,Derived from Yahoo Finance QQQ and RSP,QQQ/RSP,2026-09-11T22:10:47+08:00,confirmed
2026-04-28,657.5499877929688,200.759994506836,3.275303874201784,Derived from Yahoo Finance QQQ and RSP,QQQ/RSP,2026-09-11T22:10:47+08:00,confirmed
2026-04-29,661.5700073242188,200.41000366210932,3.3010827565255867,Derived from Yahoo Finance QQQ and RSP,QQQ/RSP,2026-09-11T22:10:47+08:00,confirmed
2026-04-30,667.739990234375,203.44000244140625,3.2822452920816008,Derived from Yahoo Finance QQQ and RSP,QQQ/RSP,2026-09-11T22:10:47+08:00,confirmed
2026-05-01,674.1500244140625,202.82000732421875,3.3238832465694435,Derived from Yahoo Finance QQQ and RSP,QQQ/RSP,2026-09-11T22:10:47+08:00,confirmed
2026-05-04,672.8800048828125,201.63999938964844,3.3370363366374622,Derived from Yahoo Finance QQQ and RSP,QQQ/RSP,2026-09-11T22:10:47+08:00,confirmed
2026-05-05,681.6099853515625,203.2400054931641,3.3537195774898176,Derived from Yahoo Finance QQQ and RSP,QQQ/RSP,2026-09-11T22:10:47+08:00,confirmed
2026-05-06,695.77001953125,204.8500061035156,3.396485227243102,Derived from Yahoo Finance QQQ and RSP,QQQ/RSP,2026-09-11T22:10:47+08:00,confirmed
2026-05-07,694.9400024414062,203.5399932861328,3.4142675904704007,Derived from Yahoo Finance QQQ and RSP,QQQ/RSP,2026-09-11T22:10:47+08:00,confirmed
2026-05-08,711.22998046875,204.1000061035156,3.4847131758929386,Derived from Yahoo Finance QQQ and RSP,QQQ/RSP,2026-09-11T22:10:47+08:00,confirmed
2026-05-11,713.2899780273438,203.9900054931641,3.4966908123900553,Derived from Yahoo Finance QQQ and RSP,QQQ/RSP,2026-09-11T22:10:47+08:00,confirmed
2026-05-12,707.239990234375,203.8099975585937,3.470094689692783,Derived from Yahoo Finance QQQ and RSP,QQQ/RSP,2026-09-11T22:10:47+08:00,confirmed
2026-05-13,714.7100219726562,202.9199981689453,3.522127086644311,Derived from Yahoo Finance QQQ and RSP,QQQ/RSP,2026-09-11T22:10:47+08:00,confirmed
2026-05-14,719.7899780273438,203.66000366210932,3.534272636180158,Derived from Yahoo Finance QQQ and RSP,QQQ/RSP,2026-09-11T22:10:47+08:00,confirmed
2026-05-15,708.9299926757812,201.5599975585937,3.517215723669051,Derived from Yahoo Finance QQQ and RSP,QQQ/RSP,2026-09-11T22:10:47+08:00,confirmed
2026-05-18,705.8800048828125,202.8000030517578,3.480670583139294,Derived from Yahoo Finance QQQ and RSP,QQQ/RSP,2026-09-11T22:10:47+08:00,confirmed
2026-05-19,701.530029296875,201.6199951171875,3.4794665523581876,Derived from Yahoo Finance QQQ and RSP,QQQ/RSP,2026-09-11T22:10:47+08:00,confirmed
2026-05-20,713.1500244140625,203.8300018310547,3.498749045811027,Derived from Yahoo Finance QQQ and RSP,QQQ/RSP,2026-09-11T22:10:47+08:00,confirmed
2026-05-21,714.510009765625,204.7100067138672,3.490352138790798,Derived from Yahoo Finance QQQ and RSP,QQQ/RSP,2026-09-11T22:10:47+08:00,confirmed
2026-05-22,717.5399780273438,206.5800018310547,3.4734242020878794,Derived from Yahoo Finance QQQ and RSP,QQQ/RSP,2026-09-11T22:10:47+08:00,confirmed
2026-05-26,730.280029296875,207.63999938964844,3.5170488896335548,Derived from Yahoo Finance QQQ and RSP,QQQ/RSP,2026-09-11T22:10:47+08:00,confirmed
2026-05-27,729.4500122070312,207.4900054931641,3.515591078583607,Derived from Yahoo Finance QQQ and RSP,QQQ/RSP,2026-09-11T22:10:47+08:00,confirmed
2026-05-28,735.5999755859375,208.25,3.532292799932473,Derived from Yahoo Finance QQQ and RSP,QQQ/RSP,2026-09-11T22:10:47+08:00,confirmed
2026-05-29,738.3099975585938,208.8300018310547,3.535459421945957,Derived from Yahoo Finance QQQ and RSP,QQQ/RSP,2026-09-11T22:10:47+08:00,confirmed
2026-06-01,742.739990234375,209.2100067138672,3.5502125443273242,Derived from Yahoo Finance QQQ and RSP,QQQ/RSP,2026-09-11T22:10:47+08:00,confirmed
2026-06-02,746.1599731445312,210.0399932861328,3.5524661826095856,Derived from Yahoo Finance QQQ and RSP,QQQ/RSP,2026-09-11T22:10:47+08:00,confirmed
2026-06-03,744.2100219726562,209.25,3.5565592447916665,Derived from Yahoo Finance QQQ and RSP,QQQ/RSP,2026-09-11T22:10:47+08:00,confirmed
2026-06-04,740.6099853515625,210.8300018310547,3.5128301423866546,Derived from Yahoo Finance QQQ and RSP,QQQ/RSP,2026-09-11T22:10:47+08:00,confirmed
2026-06-05,705.0599975585938,207.8300018310547,3.392484200292401,Derived from Yahoo Finance QQQ and RSP,QQQ/RSP,2026-09-11T22:10:47+08:00,confirmed
2026-06-08,716.0700073242188,207.6100006103516,3.449111339622601,Derived from Yahoo Finance QQQ and RSP,QQQ/RSP,2026-09-11T22:10:47+08:00,confirmed
2026-06-09,707.8300170898438,209.19000244140625,3.383670389736267,Derived from Yahoo Finance QQQ and RSP,QQQ/RSP,2026-09-11T22:10:47+08:00,confirmed
2026-06-10,693.6900024414062,206.52999877929688,3.358785680247356,Derived from Yahoo Finance QQQ and RSP,QQQ/RSP,2026-09-11T22:10:47+08:00,confirmed
2026-06-11,717.1199951171875,209.75,3.4189272711188914,Derived from Yahoo Finance QQQ and RSP,QQQ/RSP,2026-09-11T22:10:47+08:00,confirmed
2026-06-12,721.3400268554688,211.6499938964844,3.4081740971288093,Derived from Yahoo Finance QQQ and RSP,QQQ/RSP,2026-09-11T22:10:47+08:00,confirmed
2026-06-15,744.0,212.8800048828125,3.494926639115598,Derived from Yahoo Finance QQQ and RSP,QQQ/RSP,2026-09-11T22:10:47+08:00,confirmed
2026-06-16,729.8599853515625,212.1699981689453,3.4399773372783575,Derived from Yahoo Finance QQQ and RSP,QQQ/RSP,2026-09-11T22:10:47+08:00,confirmed
2026-06-17,722.510009765625,208.9900054931641,3.457151015718107,Derived from Yahoo Finance QQQ and RSP,QQQ/RSP,2026-09-11T22:10:47+08:00,confirmed
2026-06-18,740.6199951171875,209.9600067138672,3.5274336608614325,Derived from Yahoo Finance QQQ and RSP,QQQ/RSP,2026-09-11T22:10:47+08:00,confirmed
2026-06-22,737.9500122070312,209.6100006103516,3.520585897897219,Derived from Yahoo Finance QQQ and RSP,QQQ/RSP,2026-09-11T22:10:47+08:00,confirmed
2026-06-23,713.6500244140625,208.88999938964844,3.416391529030889,Derived from Yahoo Finance QQQ and RSP,QQQ/RSP,2026-09-11T22:10:47+08:00,confirmed
2026-06-24,710.6199951171875,210.3800048828125,3.377792464226924,Derived from Yahoo Finance QQQ and RSP,QQQ/RSP,2026-09-11T22:10:47+08:00,confirmed
2026-06-25,716.3800048828125,211.75,3.3831405189270956,Derived from Yahoo Finance QQQ and RSP,QQQ/RSP,2026-09-11T22:10:47+08:00,confirmed
2026-06-26,706.52001953125,210.3099975585937,3.3594219377726398,Derived from Yahoo Finance QQQ and RSP,QQQ/RSP,2026-09-11T22:10:47+08:00,confirmed
2026-06-29,724.0800170898438,213.0500030517578,3.398638848711669,Derived from Yahoo Finance QQQ and RSP,QQQ/RSP,2026-09-11T22:10:47+08:00,confirmed
2026-06-30,736.4000244140625,212.7700042724609,3.4610142859755335,Derived from Yahoo Finance QQQ and RSP,QQQ/RSP,2026-09-11T22:10:47+08:00,confirmed
2026-07-01,725.1699829101562,213.41000366210932,3.39801307561155,Derived from Yahoo Finance QQQ and RSP,QQQ/RSP,2026-09-11T22:10:47+08:00,confirmed
2026-07-02,712.5999755859375,214.91000366210932,3.315806446619942,Derived from Yahoo Finance QQQ and RSP,QQQ/RSP,2026-09-11T22:10:47+08:00,confirmed
2026-07-06,722.8200073242188,215.0,3.3619535224382266,Derived from Yahoo Finance QQQ and RSP,QQQ/RSP,2026-09-11T22:10:47+08:00,confirmed
2026-07-07,709.4299926757812,214.72999572753903,3.3038234377648115,Derived from Yahoo Finance QQQ and RSP,QQQ/RSP,2026-09-11T22:10:47+08:00,confirmed
2026-07-08,711.4400024414062,212.1999969482422,3.352686204868014,Derived from Yahoo Finance QQQ and RSP,QQQ/RSP,2026-09-11T22:10:47+08:00,confirmed
2026-07-09,723.280029296875,213.5,3.387728474458431,Derived from Yahoo Finance QQQ and RSP,QQQ/RSP,2026-09-11T22:10:47+08:00,confirmed
2026-07-10,725.510009765625,214.3000030517578,3.38548763151627,Derived from Yahoo Finance QQQ and RSP,QQQ/RSP,2026-09-11T22:10:47+08:00,confirmed
2026-07-13,711.739990234375,214.22999572753903,3.3223171564619585,Derived from Yahoo Finance QQQ and RSP,QQQ/RSP,2026-09-11T22:10:47+08:00,confirmed
2026-07-14,719.6900024414062,213.4499969482422,3.371703034579655,Derived from Yahoo Finance QQQ and RSP,QQQ/RSP,2026-09-11T22:10:47+08:00,confirmed
2026-07-15,717.739990234375,212.97000122070312,3.3701459647857788,Derived from Yahoo Finance QQQ and RSP,QQQ/RSP,2026-09-11T22:10:47+08:00,confirmed
2026-07-16,705.9400024414062,215.0599975585937,3.282525855367737,Derived from Yahoo Finance QQQ and RSP,QQQ/RSP,2026-09-11T22:10:47+08:00,confirmed
2026-07-17,695.3300170898438,213.3699951171875,3.25879942354572,Derived from Yahoo Finance QQQ and RSP,QQQ/RSP,2026-09-11T22:10:47+08:00,confirmed
2026-07-20,696.0599975585938,212.4199981689453,3.2768101099642797,Derived from Yahoo Finance QQQ and RSP,QQQ/RSP,2026-09-11T22:10:47+08:00,confirmed
2026-07-21,708.969970703125,212.759994506836,3.332252251399385,Derived from Yahoo Finance QQQ and RSP,QQQ/RSP,2026-09-11T22:10:47+08:00,confirmed
2026-07-22,705.3499755859375,212.6999969482422,3.3161729464320366,Derived from Yahoo Finance QQQ and RSP,QQQ/RSP,2026-09-11T22:10:47+08:00,confirmed
2026-07-23,691.9600219726562,211.9199981689453,3.265194544882059,Derived from Yahoo Finance QQQ and RSP,QQQ/RSP,2026-09-11T22:10:47+08:00,confirmed
2026-07-24,684.22998046875,213.57000732421875,3.203773736964978,Derived from Yahoo Finance QQQ and RSP,QQQ/RSP,2026-09-11T22:10:47+08:00,confirmed
2026-07-27,682.1199951171875,215.17999267578125,3.1699972968442287,Derived from Yahoo Finance QQQ and RSP,QQQ/RSP,2026-09-11T22:10:47+08:00,confirmed
2026-07-28,675.489990234375,217.69000244140625,3.102990411404818,Derived from Yahoo Finance QQQ and RSP,QQQ/RSP,2026-09-11T22:10:47+08:00,confirmed
2026-07-29,661.72998046875,215.72999572753903,3.0673990338575656,Derived from Yahoo Finance QQQ and RSP,QQQ/RSP,2026-09-11T22:10:47+08:00,confirmed
2026-07-30,683.5499877929688,215.3800048828125,3.1736928790807943,Derived from Yahoo Finance QQQ and RSP,QQQ/RSP,2026-09-11T22:10:47+08:00,confirmed
2026-07-31,687.989990234375,215.009994506836,3.199804696578889,Derived from Yahoo Finance QQQ and RSP,QQQ/RSP,2026-09-11T22:10:47+08:00,confirmed
2026-08-03,700.0700073242188,217.1100006103516,3.2244945205478484,Derived from Yahoo Finance QQQ and RSP,QQQ/RSP,2026-09-11T22:10:47+08:00,confirmed
2026-08-04,723.8499755859375,220.22999572753903,3.286791034957199,Derived from Yahoo Finance QQQ and RSP,QQQ/RSP,2026-09-11T22:10:47+08:00,confirmed
2026-08-05,717.2999877929688,219.72999572753903,3.2644609372423004,Derived from Yahoo Finance QQQ and RSP,QQQ/RSP,2026-09-11T22:10:47+08:00,confirmed
2026-08-06,714.6500244140625,218.5800018310547,3.2695123910120163,Derived from Yahoo Finance QQQ and RSP,QQQ/RSP,2026-09-11T22:10:47+08:00,confirmed
2026-08-07,723.030029296875,220.08999633789065,3.2851562602911373,Derived from Yahoo Finance QQQ and RSP,QQQ/RSP,2026-09-11T22:10:47+08:00,confirmed
2026-08-10,720.8699951171875,220.22000122070312,3.2734083694547618,Derived from Yahoo Finance QQQ and RSP,QQQ/RSP,2026-09-11T22:10:47+08:00,confirmed
2026-08-11,718.4500122070312,220.69000244140625,3.2554714951248482,Derived from Yahoo Finance QQQ and RSP,QQQ/RSP,2026-09-11T22:10:47+08:00,confirmed
2026-08-12,723.7000122070312,221.0800018310547,3.273475693021161,Derived from Yahoo Finance QQQ and RSP,QQQ/RSP,2026-09-11T22:10:47+08:00,confirmed
2026-08-13,732.0700073242188,222.72999572753903,3.286804747303748,Derived from Yahoo Finance QQQ and RSP,QQQ/RSP,2026-09-11T22:10:47+08:00,confirmed
2026-08-14,731.0700073242188,222.7700042724609,3.281725516466197,Derived from Yahoo Finance QQQ and RSP,QQQ/RSP,2026-09-11T22:10:47+08:00,confirmed
2026-08-17,729.8699951171875,220.7899932861328,3.305720446176709,Derived from Yahoo Finance QQQ and RSP,QQQ/RSP,2026-09-11T22:10:47+08:00,confirmed
2026-08-18,717.510009765625,219.7899932861328,3.2645253727795387,Derived from Yahoo Finance QQQ and RSP,QQQ/RSP,2026-09-11T22:10:47+08:00,confirmed
2026-08-19,716.0800170898438,222.07000732421875,3.2245688002539583,Derived from Yahoo Finance QQQ and RSP,QQQ/RSP,2026-09-11T22:10:47+08:00,confirmed
2026-08-20,710.9299926757812,220.27999877929688,3.2273923942957565,Derived from Yahoo Finance QQQ and RSP,QQQ/RSP,2026-09-11T22:10:47+08:00,confirmed
2026-08-21,713.4400024414062,221.6699981689453,3.218477955224502,Derived from Yahoo Finance QQQ and RSP,QQQ/RSP,2026-09-11T22:10:47+08:00,confirmed
2026-08-24,706.3200073242188,221.92999267578125,3.182625290111578,Derived from Yahoo Finance QQQ and RSP,QQQ/RSP,2026-09-11T22:10:47+08:00,confirmed
2026-08-25,710.719970703125,221.7700042724609,3.204761496193835,Derived from Yahoo Finance QQQ and RSP,QQQ/RSP,2026-09-11T22:10:47+08:00,confirmed
2026-08-26,711.3699951171875,222.1100006103516,3.2027823743296753,Derived from Yahoo Finance QQQ and RSP,QQQ/RSP,2026-09-11T22:10:47+08:00,confirmed
2026-08-27,721.1099853515625,221.4499969482422,3.256310658338379,Derived from Yahoo Finance QQQ and RSP,QQQ/RSP,2026-09-11T22:10:47+08:00,confirmed
2026-08-28,716.4299926757812,220.69000244140625,3.246318296027004,Derived from Yahoo Finance QQQ and RSP,QQQ/RSP,2026-09-11T22:10:47+08:00,confirmed
2026-08-31,716.760009765625,219.38999938964844,3.267058716257256,Derived from Yahoo Finance QQQ and RSP,QQQ/RSP,2026-09-11T22:10:47+08:00,confirmed
2026-09-01,707.6400146484375,217.58999633789065,3.2521716372914455,Derived from Yahoo Finance QQQ and RSP,QQQ/RSP,2026-09-11T22:10:47+08:00,confirmed
2026-09-02,709.239990234375,218.6000061035156,3.24446464058433,Derived from Yahoo Finance QQQ and RSP,QQQ/RSP,2026-09-11T22:10:47+08:00,confirmed
2026-09-03,717.6699829101562,220.0500030517578,3.261395014574726,Derived from Yahoo Finance QQQ and RSP,QQQ/RSP,2026-09-11T22:10:47+08:00,confirmed
2026-09-04,718.9600219726562,219.0,3.2829224747609875,Derived from Yahoo Finance QQQ and RSP,QQQ/RSP,2026-09-11T22:10:47+08:00,confirmed
2026-09-08,718.3599853515625,216.72999572753903,3.3145388248641177,Derived from Yahoo Finance QQQ and RSP,QQQ/RSP,2026-09-11T22:10:47+08:00,confirmed
2026-09-09,716.3099975585938,214.63999938964844,3.337262390959267,Derived from Yahoo Finance QQQ and RSP,QQQ/RSP,2026-09-11T22:10:47+08:00,confirmed
2026-09-10,708.6900024414062,213.1699981689453,3.3245297580747857,Derived from Yahoo Finance QQQ and RSP,QQQ/RSP,2026-09-11T22:10:47+08:00,confirmed
