date,open,high,low,close,adj_close,volume,source,source_symbol,fetched_at_bjt,status
2003-05-01,25.25,25.587499618530277,25.167499542236328,25.4950008392334,17.837650299072266,157200,Yahoo Finance,RSP,2026-09-11T22:08:08+08:00,confirmed
2003-05-02,25.467500686645508,25.96999931335449,25.467500686645508,25.96999931335449,18.169979095458984,61200,Yahoo Finance,RSP,2026-09-11T22:08:08+08:00,confirmed
2003-05-05,26.020000457763672,26.137500762939453,25.934999465942383,26.024999618530277,18.208465576171875,140000,Yahoo Finance,RSP,2026-09-11T22:08:08+08:00,confirmed
2003-05-06,26.049999237060547,26.352500915527344,26.049999237060547,26.232500076293945,18.35364151000977,30000,Yahoo Finance,RSP,2026-09-11T22:08:08+08:00,confirmed
2003-05-07,26.075000762939453,26.3174991607666,26.0,26.1299991607666,18.281932830810547,20800,Yahoo Finance,RSP,2026-09-11T22:08:08+08:00,confirmed
2003-05-08,25.88999938964844,26.020000457763672,25.837499618530277,25.84749984741211,18.08427619934082,92800,Yahoo Finance,RSP,2026-09-11T22:08:08+08:00,confirmed
2003-05-09,26.049999237060547,26.272499084472656,25.934999465942383,26.212499618530277,18.33964157104492,28800,Yahoo Finance,RSP,2026-09-11T22:08:08+08:00,confirmed
2003-05-12,26.25,26.71999931335449,26.212499618530277,26.700000762939453,18.680727005004883,36800,Yahoo Finance,RSP,2026-09-11T22:08:08+08:00,confirmed
2003-05-13,26.625,26.762500762939453,26.55500030517578,26.637500762939453,18.63701057434082,16800,Yahoo Finance,RSP,2026-09-11T22:08:08+08:00,confirmed
2003-05-14,26.68000030517578,26.700000762939453,26.575000762939453,26.700000762939453,18.680727005004883,35600,Yahoo Finance,RSP,2026-09-11T22:08:08+08:00,confirmed
2003-05-15,26.899999618530277,26.977500915527344,26.75749969482422,26.977500915527344,18.87489128112793,41600,Yahoo Finance,RSP,2026-09-11T22:08:08+08:00,confirmed
2003-05-16,26.917499542236328,27.024999618530277,26.74250030517578,27.024999618530277,18.908109664916992,44800,Yahoo Finance,RSP,2026-09-11T22:08:08+08:00,confirmed
2003-05-19,26.912500381469727,26.912500381469727,26.32250022888184,26.32250022888184,18.41661834716797,38800,Yahoo Finance,RSP,2026-09-11T22:08:08+08:00,confirmed
2003-05-20,26.462499618530277,26.4950008392334,26.082500457763672,26.290000915527344,18.39386558532715,224400,Yahoo Finance,RSP,2026-09-11T22:08:08+08:00,confirmed
2003-05-21,26.225000381469727,26.395000457763672,26.112499237060547,26.395000457763672,18.46733283996582,617600,Yahoo Finance,RSP,2026-09-11T22:08:08+08:00,confirmed
2003-05-22,26.462499618530277,26.809999465942383,26.462499618530277,26.770000457763672,18.729707717895508,17200,Yahoo Finance,RSP,2026-09-11T22:08:08+08:00,confirmed
2003-05-23,26.725000381469727,26.93000030517578,26.69499969482422,26.920000076293945,18.83464813232422,124800,Yahoo Finance,RSP,2026-09-11T22:08:08+08:00,confirmed
2003-05-27,26.850000381469727,27.502500534057617,26.850000381469727,27.5,19.240449905395508,28800,Yahoo Finance,RSP,2026-09-11T22:08:08+08:00,confirmed
2003-05-28,27.56999969482422,27.677499771118164,27.44499969482422,27.57250022888184,19.29117202758789,136000,Yahoo Finance,RSP,2026-09-11T22:08:08+08:00,confirmed
2003-05-29,27.63249969482422,27.82250022888184,27.420000076293945,27.475000381469727,19.222959518432617,92000,Yahoo Finance,RSP,2026-09-11T22:08:08+08:00,confirmed
2003-05-30,27.674999237060547,28.012500762939453,27.670000076293945,28.012500762939453,19.599021911621094,19600,Yahoo Finance,RSP,2026-09-11T22:08:08+08:00,confirmed
2003-06-02,28.274999618530277,28.48500061035156,28.167499542236328,28.167499542236328,19.707469940185547,49200,Yahoo Finance,RSP,2026-09-11T22:08:08+08:00,confirmed
2003-06-03,28.112499237060547,28.237499237060547,28.03249931335449,28.15749931335449,19.70047187805176,129200,Yahoo Finance,RSP,2026-09-11T22:08:08+08:00,confirmed
2003-06-04,28.162500381469727,28.75749969482422,28.162500381469727,28.747499465942383,20.113269805908203,144400,Yahoo Finance,RSP,2026-09-11T22:08:08+08:00,confirmed
2003-06-05,28.57250022888184,28.950000762939453,28.57250022888184,28.950000762939453,20.254945755004883,31200,Yahoo Finance,RSP,2026-09-11T22:08:08+08:00,confirmed
2003-06-06,29.237499237060547,29.545000076293945,28.799999237060547,28.799999237060547,20.149995803833008,57200,Yahoo Finance,RSP,2026-09-11T22:08:08+08:00,confirmed
2003-06-09,28.600000381469727,28.63999938964844,28.287500381469727,28.332500457763672,19.82291603088379,104000,Yahoo Finance,RSP,2026-09-11T22:08:08+08:00,confirmed
2003-06-10,28.549999237060547,28.575000762939453,28.36750030517578,28.537500381469727,19.966344833374023,70400,Yahoo Finance,RSP,2026-09-11T22:08:08+08:00,confirmed
2003-06-11,28.5,29.02750015258789,28.5,29.02750015258789,20.30916786193848,88800,Yahoo Finance,RSP,2026-09-11T22:08:08+08:00,confirmed
2003-06-12,29.212499618530277,29.212499618530277,28.95249938964844,29.147499084472656,20.39312744140625,54400,Yahoo Finance,RSP,2026-09-11T22:08:08+08:00,confirmed
2003-06-13,29.137500762939453,29.137500762939453,28.614999771118164,28.700000762939453,20.08003807067871,155600,Yahoo Finance,RSP,2026-09-11T22:08:08+08:00,confirmed
2003-06-16,28.875,29.280000686645508,28.81999969482422,29.280000686645508,20.4858341217041,63200,Yahoo Finance,RSP,2026-09-11T22:08:08+08:00,confirmed
2003-06-17,29.362499237060547,29.362499237060547,29.149999618530277,29.332500457763672,20.52256774902344,34800,Yahoo Finance,RSP,2026-09-11T22:08:08+08:00,confirmed
2003-06-18,29.200000762939453,29.362499237060547,29.087499618530277,29.19499969482422,20.42636108398437,29200,Yahoo Finance,RSP,2026-09-11T22:08:08+08:00,confirmed
2003-06-19,29.274999618530277,29.337499618530277,28.80500030517578,28.815000534057617,20.16049575805664,62400,Yahoo Finance,RSP,2026-09-11T22:08:08+08:00,confirmed
2003-06-20,28.950000762939453,29.125,28.77750015258789,28.787500381469727,20.14126205444336,78000,Yahoo Finance,RSP,2026-09-11T22:08:08+08:00,confirmed
2003-06-23,28.4375,28.4375,28.25,28.38249969482422,19.85788917541504,32000,Yahoo Finance,RSP,2026-09-11T22:08:08+08:00,confirmed
2003-06-24,28.299999237060547,28.399999618530277,28.112499237060547,28.299999237060547,19.800172805786133,109200,Yahoo Finance,RSP,2026-09-11T22:08:08+08:00,confirmed
2003-06-25,28.387500762939453,28.520000457763672,28.149999618530277,28.149999618530277,19.69522476196289,36800,Yahoo Finance,RSP,2026-09-11T22:08:08+08:00,confirmed
2003-06-26,28.137500762939453,28.4375,28.11750030517578,28.39249992370605,19.86488914489746,70000,Yahoo Finance,RSP,2026-09-11T22:08:08+08:00,confirmed
2003-06-27,28.502500534057617,28.512500762939453,28.225000381469727,28.23500061035156,19.754701614379883,22400,Yahoo Finance,RSP,2026-09-11T22:08:08+08:00,confirmed
2003-06-30,28.462499618530277,28.462499618530277,28.162500381469727,28.2549991607666,19.76869010925293,53600,Yahoo Finance,RSP,2026-09-11T22:08:08+08:00,confirmed
2003-07-01,28.162500381469727,28.375,27.8174991607666,28.350000381469727,19.835161209106445,62400,Yahoo Finance,RSP,2026-09-11T22:08:08+08:00,confirmed
2003-07-02,28.375,28.709999084472656,28.375,28.709999084472656,20.087026596069336,117600,Yahoo Finance,RSP,2026-09-11T22:08:08+08:00,confirmed
2003-07-03,28.57250022888184,28.76000022888184,28.395000457763672,28.552499771118164,19.97684097290039,25200,Yahoo Finance,RSP,2026-09-11T22:08:08+08:00,confirmed
2003-07-07,28.875,29.09499931335449,28.875,29.03249931335449,20.312667846679688,47600,Yahoo Finance,RSP,2026-09-11T22:08:08+08:00,confirmed
2003-07-08,29.049999237060547,29.302499771118164,28.962499618530277,29.302499771118164,20.501569747924805,48800,Yahoo Finance,RSP,2026-09-11T22:08:08+08:00,confirmed
2003-07-09,29.1875,29.377500534057617,29.1299991607666,29.31999969482422,20.513818740844727,21600,Yahoo Finance,RSP,2026-09-11T22:08:08+08:00,confirmed
2003-07-10,29.0625,29.0625,28.645000457763672,28.772499084472656,20.13075256347656,24800,Yahoo Finance,RSP,2026-09-11T22:08:08+08:00,confirmed
2003-07-11,28.912500381469727,29.037500381469727,28.8700008392334,28.94750022888184,20.25319099426269,17200,Yahoo Finance,RSP,2026-09-11T22:08:08+08:00,confirmed
2003-07-14,29.280000686645508,29.45249938964844,29.252500534057617,29.3700008392334,20.548805236816406,28800,Yahoo Finance,RSP,2026-09-11T22:08:08+08:00,confirmed
2003-07-15,29.3125,29.3125,28.967500686645508,29.0,20.28993034362793,98000,Yahoo Finance,RSP,2026-09-11T22:08:08+08:00,confirmed
2003-07-16,29.087499618530277,29.087499618530277,28.655000686645508,28.747499465942383,20.113269805908203,27200,Yahoo Finance,RSP,2026-09-11T22:08:08+08:00,confirmed
2003-07-17,28.64249992370605,28.64249992370605,28.325000762939453,28.325000762939453,19.817663192749023,14800,Yahoo Finance,RSP,2026-09-11T22:08:08+08:00,confirmed
2003-07-18,28.387500762939453,28.747499465942383,28.387500762939453,28.709999084472656,20.087026596069336,22800,Yahoo Finance,RSP,2026-09-11T22:08:08+08:00,confirmed
2003-07-21,28.40749931335449,28.40749931335449,28.325000762939453,28.334999084472656,19.82465362548828,70800,Yahoo Finance,RSP,2026-09-11T22:08:08+08:00,confirmed
2003-07-22,28.325000762939453,28.700000762939453,28.325000762939453,28.690000534057617,20.073041915893555,26800,Yahoo Finance,RSP,2026-09-11T22:08:08+08:00,confirmed
2003-07-23,28.725000381469727,28.725000381469727,28.45499992370605,28.45499992370605,19.908620834350582,22400,Yahoo Finance,RSP,2026-09-11T22:08:08+08:00,confirmed
2003-07-24,28.912500381469727,29.00749969482422,28.575000762939453,28.575000762939453,19.99258041381836,16400,Yahoo Finance,RSP,2026-09-11T22:08:08+08:00,confirmed
2003-07-25,28.712499618530277,29.012500762939453,28.690000534057617,29.012500762939453,20.29867935180664,10000,Yahoo Finance,RSP,2026-09-11T22:08:08+08:00,confirmed
2003-07-28,29.149999618530277,29.149999618530277,29.03249931335449,29.06999969482422,20.33890151977539,15200,Yahoo Finance,RSP,2026-09-11T22:08:08+08:00,confirmed
2003-07-29,29.084999084472656,29.084999084472656,28.71500015258789,28.850000381469727,20.18498992919922,14800,Yahoo Finance,RSP,2026-09-11T22:08:08+08:00,confirmed
2003-07-30,28.82749938964844,28.9424991607666,28.790000915527344,28.790000915527344,20.143001556396484,24800,Yahoo Finance,RSP,2026-09-11T22:08:08+08:00,confirmed
2003-07-31,28.912500381469727,29.290000915527344,28.912500381469727,28.920000076293945,20.233970642089844,126000,Yahoo Finance,RSP,2026-09-11T22:08:08+08:00,confirmed
2003-08-01,28.6924991607666,28.76499938964844,28.6200008392334,28.73500061035156,20.104528427124023,48000,Yahoo Finance,RSP,2026-09-11T22:08:08+08:00,confirmed
2003-08-04,28.69750022888184,28.7549991607666,28.325000762939453,28.684999465942383,20.069530487060547,39600,Yahoo Finance,RSP,2026-09-11T22:08:08+08:00,confirmed
2003-08-05,28.662500381469727,28.662500381469727,28.165000915527344,28.165000915527344,19.70572662353516,42400,Yahoo Finance,RSP,2026-09-11T22:08:08+08:00,confirmed
2003-08-06,28.112499237060547,28.364999771118164,28.045000076293945,28.237499237060547,19.756444931030277,24800,Yahoo Finance,RSP,2026-09-11T22:08:08+08:00,confirmed
2003-08-07,28.200000762939453,28.3700008392334,28.19750022888184,28.334999084472656,19.82465362548828,25600,Yahoo Finance,RSP,2026-09-11T22:08:08+08:00,confirmed
2003-08-08,28.457500457763672,28.482500076293945,28.354999542236328,28.440000534057617,19.898128509521484,62800,Yahoo Finance,RSP,2026-09-11T22:08:08+08:00,confirmed
2003-08-11,28.559999465942383,28.65749931335449,28.3700008392334,28.55500030517578,19.978593826293945,16400,Yahoo Finance,RSP,2026-09-11T22:08:08+08:00,confirmed
2003-08-12,28.55500030517578,28.84749984741211,28.55500030517578,28.82749938964844,20.16925048828125,64400,Yahoo Finance,RSP,2026-09-11T22:08:08+08:00,confirmed
2003-08-13,28.987499237060547,28.987499237060547,28.762500762939453,28.774999618530277,20.13251304626465,48400,Yahoo Finance,RSP,2026-09-11T22:08:08+08:00,confirmed
2003-08-14,28.90999984741211,29.100000381469727,28.862499237060547,29.07749938964844,20.344158172607425,34400,Yahoo Finance,RSP,2026-09-11T22:08:08+08:00,confirmed
2003-08-15,29.13999938964844,29.13999938964844,29.13999938964844,29.13999938964844,20.387882232666016,4400,Yahoo Finance,RSP,2026-09-11T22:08:08+08:00,confirmed
2003-08-18,29.200000762939453,29.475000381469727,29.200000762939453,29.475000381469727,20.622270584106445,74800,Yahoo Finance,RSP,2026-09-11T22:08:08+08:00,confirmed
2003-08-19,29.549999237060547,29.65999984741211,29.424999237060547,29.65999984741211,20.75170516967773,67200,Yahoo Finance,RSP,2026-09-11T22:08:08+08:00,confirmed
2003-08-20,29.524999618530277,29.747499465942383,29.5,29.67250061035156,20.76044273376465,50800,Yahoo Finance,RSP,2026-09-11T22:08:08+08:00,confirmed
2003-08-21,29.832500457763672,30.00749969482422,29.737499237060547,29.917499542236328,20.93185806274414,121200,Yahoo Finance,RSP,2026-09-11T22:08:08+08:00,confirmed
2003-08-22,30.149999618530277,30.155000686645508,29.587499618530277,29.587499618530277,20.70096969604492,108400,Yahoo Finance,RSP,2026-09-11T22:08:08+08:00,confirmed
2003-08-25,29.549999237060547,29.549999237060547,29.427499771118164,29.530000686645508,20.66075134277344,42400,Yahoo Finance,RSP,2026-09-11T22:08:08+08:00,confirmed
2003-08-26,29.5,29.64249992370605,29.20499992370605,29.64249992370605,20.739458084106445,18000,Yahoo Finance,RSP,2026-09-11T22:08:08+08:00,confirmed
2003-08-27,29.575000762939453,29.737499237060547,29.575000762939453,29.737499237060547,20.805917739868164,14400,Yahoo Finance,RSP,2026-09-11T22:08:08+08:00,confirmed
2003-08-28,29.799999237060547,29.99250030517578,29.592500686645508,29.99250030517578,20.98434257507324,9200,Yahoo Finance,RSP,2026-09-11T22:08:08+08:00,confirmed
2003-08-29,29.825000762939453,30.23500061035156,29.825000762939453,30.167499542236328,21.106773376464844,125200,Yahoo Finance,RSP,2026-09-11T22:08:08+08:00,confirmed
2003-09-02,30.362499237060547,30.6299991607666,30.177499771118164,30.61000061035156,21.4163875579834,55600,Yahoo Finance,RSP,2026-09-11T22:08:08+08:00,confirmed
2003-09-03,30.625,30.8125,30.625,30.6875,21.47059440612793,279600,Yahoo Finance,RSP,2026-09-11T22:08:08+08:00,confirmed
2003-09-04,30.674999237060547,30.7450008392334,30.56999969482422,30.712499618530277,21.48808860778809,18800,Yahoo Finance,RSP,2026-09-11T22:08:08+08:00,confirmed
2003-09-05,30.565000534057617,30.752500534057617,30.475000381469727,30.59000015258789,21.402389526367188,37600,Yahoo Finance,RSP,2026-09-11T22:08:08+08:00,confirmed
2003-09-08,30.645000457763672,30.854999542236328,30.645000457763672,30.837499618530277,21.57554244995117,34400,Yahoo Finance,RSP,2026-09-11T22:08:08+08:00,confirmed
2003-09-09,30.787500381469727,30.787500381469727,30.537500381469727,30.56999969482422,21.388389587402344,35600,Yahoo Finance,RSP,2026-09-11T22:08:08+08:00,confirmed
2003-09-10,30.334999084472656,30.36750030517578,30.00749969482422,30.024999618530277,21.00707626342773,160000,Yahoo Finance,RSP,2026-09-11T22:08:08+08:00,confirmed
2003-09-11,30.1875,30.325000762939453,30.065000534057617,30.232500076293945,21.152250289916992,106800,Yahoo Finance,RSP,2026-09-11T22:08:08+08:00,confirmed
2003-09-12,30.170000076293945,30.357500076293945,29.967500686645508,30.3174991607666,21.211732864379883,293600,Yahoo Finance,RSP,2026-09-11T22:08:08+08:00,confirmed
2003-09-15,30.362499237060547,30.362499237060547,29.924999237060547,30.232500076293945,21.152250289916992,420800,Yahoo Finance,RSP,2026-09-11T22:08:08+08:00,confirmed
2003-09-16,30.364999771118164,30.662500381469727,30.332500457763672,30.662500381469727,21.453105926513672,65600,Yahoo Finance,RSP,2026-09-11T22:08:08+08:00,confirmed
2003-09-17,30.674999237060547,30.725000381469727,30.587499618530277,30.600000381469727,21.40937614440918,76000,Yahoo Finance,RSP,2026-09-11T22:08:08+08:00,confirmed
2003-09-18,30.612499237060547,30.989999771118164,30.565000534057617,30.962499618530277,21.662994384765625,99200,Yahoo Finance,RSP,2026-09-11T22:08:08+08:00,confirmed
2003-09-19,30.75,30.837499618530277,30.655000686645508,30.802499771118164,21.658954620361328,77200,Yahoo Finance,RSP,2026-09-11T22:08:08+08:00,confirmed
2003-09-22,30.375,30.46999931335449,30.299999237060547,30.38500022888184,21.365388870239254,30800,Yahoo Finance,RSP,2026-09-11T22:08:08+08:00,confirmed
2003-09-23,30.420000076293945,30.607500076293945,30.420000076293945,30.607500076293945,21.521839141845703,29200,Yahoo Finance,RSP,2026-09-11T22:08:08+08:00,confirmed
2003-09-24,30.607500076293945,30.607500076293945,30.075000762939453,30.104999542236328,21.168500900268555,84800,Yahoo Finance,RSP,2026-09-11T22:08:08+08:00,confirmed
2003-09-25,30.125,30.125,29.770000457763672,29.770000457763672,20.932939529418945,156000,Yahoo Finance,RSP,2026-09-11T22:08:08+08:00,confirmed
2003-09-26,29.649999618530277,29.674999237060547,29.5,29.530000686645508,20.76419258117676,41600,Yahoo Finance,RSP,2026-09-11T22:08:08+08:00,confirmed
2003-09-29,29.625,29.71500015258789,29.482500076293945,29.709999084472656,20.89075469970703,20000,Yahoo Finance,RSP,2026-09-11T22:08:08+08:00,confirmed
2003-09-30,29.69499969482422,29.69499969482422,29.34000015258789,29.57250022888184,20.79407119750977,32000,Yahoo Finance,RSP,2026-09-11T22:08:08+08:00,confirmed
2003-10-01,29.649999618530277,30.09499931335449,29.649999618530277,30.09499931335449,21.161474227905277,10800,Yahoo Finance,RSP,2026-09-11T22:08:08+08:00,confirmed
2003-10-02,30.26000022888184,30.26749992370605,30.13249969482422,30.25,21.27045440673828,21600,Yahoo Finance,RSP,2026-09-11T22:08:08+08:00,confirmed
2003-10-03,30.762500762939453,30.895000457763672,30.59499931335449,30.604999542236328,21.520078659057617,181200,Yahoo Finance,RSP,2026-09-11T22:08:08+08:00,confirmed
2003-10-06,30.717500686645508,30.825000762939453,30.6299991607666,30.792499542236328,21.651914596557617,52400,Yahoo Finance,RSP,2026-09-11T22:08:08+08:00,confirmed
2003-10-07,30.649999618530277,30.9424991607666,30.56999969482422,30.9424991607666,21.75739860534668,35200,Yahoo Finance,RSP,2026-09-11T22:08:08+08:00,confirmed
2003-10-08,30.962499618530277,30.989999771118164,30.792499542236328,30.857500076293945,21.697620391845703,64000,Yahoo Finance,RSP,2026-09-11T22:08:08+08:00,confirmed
2003-10-09,31.200000762939453,31.342500686645508,30.97249984741211,31.049999237060547,21.83298110961914,73200,Yahoo Finance,RSP,2026-09-11T22:08:08+08:00,confirmed
2003-10-10,31.100000381469727,31.11750030517578,30.97249984741211,31.024999618530277,21.815406799316406,88800,Yahoo Finance,RSP,2026-09-11T22:08:08+08:00,confirmed
2003-10-13,31.227500915527344,31.427499771118164,31.227500915527344,31.337499618530277,22.03514671325684,82800,Yahoo Finance,RSP,2026-09-11T22:08:08+08:00,confirmed
2003-10-14,31.287500381469727,31.45499992370605,31.21999931335449,31.450000762939453,22.1142520904541,89200,Yahoo Finance,RSP,2026-09-11T22:08:08+08:00,confirmed
2003-10-15,31.575000762939453,31.587499618530277,31.272499084472656,31.357500076293945,22.04920768737793,54400,Yahoo Finance,RSP,2026-09-11T22:08:08+08:00,confirmed
2003-10-16,31.262500762939453,31.512500762939453,31.262500762939453,31.40749931335449,22.08435821533203,77200,Yahoo Finance,RSP,2026-09-11T22:08:08+08:00,confirmed
2003-10-17,31.292499542236328,31.292499542236328,31.0,31.03499984741211,21.82244110107422,124000,Yahoo Finance,RSP,2026-09-11T22:08:08+08:00,confirmed
2003-10-20,31.112499237060547,31.149999618530277,30.982500076293945,31.149999618530277,21.903303146362305,58800,Yahoo Finance,RSP,2026-09-11T22:08:08+08:00,confirmed
2003-10-21,31.200000762939453,31.28499984741211,31.137500762939453,31.207500457763672,21.94372940063477,76000,Yahoo Finance,RSP,2026-09-11T22:08:08+08:00,confirmed
2003-10-22,30.950000762939453,30.95249938964844,30.71999931335449,30.75,21.62203598022461,93200,Yahoo Finance,RSP,2026-09-11T22:08:08+08:00,confirmed
2003-10-23,30.612499237060547,30.837499618530277,30.542499542236328,30.774999618530277,21.63962173461914,88400,Yahoo Finance,RSP,2026-09-11T22:08:08+08:00,confirmed
2003-10-24,30.587499618530277,30.647499084472656,30.375,30.625,21.53413963317871,201600,Yahoo Finance,RSP,2026-09-11T22:08:08+08:00,confirmed
2003-10-27,30.912500381469727,31.0,30.825000762939453,30.825000762939453,21.674779891967773,63200,Yahoo Finance,RSP,2026-09-11T22:08:08+08:00,confirmed
2003-10-28,31.037500381469727,31.337499618530277,31.0,31.337499618530277,22.03514671325684,79600,Yahoo Finance,RSP,2026-09-11T22:08:08+08:00,confirmed
2003-10-29,31.287500381469727,31.475000381469727,31.280000686645508,31.457500457763672,22.11952209472656,65200,Yahoo Finance,RSP,2026-09-11T22:08:08+08:00,confirmed
2003-10-30,31.674999237060547,31.674999237060547,31.399999618530277,31.612499237060547,22.22850608825684,378400,Yahoo Finance,RSP,2026-09-11T22:08:08+08:00,confirmed
2003-10-31,31.662500381469727,31.700000762939453,31.530000686645508,31.6200008392334,22.233789443969727,76400,Yahoo Finance,RSP,2026-09-11T22:08:08+08:00,confirmed
2003-11-03,31.78249931335449,31.957500457763672,31.6875,31.88999938964844,22.42363929748535,90000,Yahoo Finance,RSP,2026-09-11T22:08:08+08:00,confirmed
2003-11-04,31.832500457763672,31.927499771118164,31.732500076293945,31.75,22.325204849243164,149600,Yahoo Finance,RSP,2026-09-11T22:08:08+08:00,confirmed
2003-11-05,31.649999618530277,31.82250022888184,31.559999465942383,31.795000076293945,22.35683822631836,66800,Yahoo Finance,RSP,2026-09-11T22:08:08+08:00,confirmed
2003-11-06,31.825000762939453,31.987499237060547,31.67250061035156,31.987499237060547,22.492197036743164,158000,Yahoo Finance,RSP,2026-09-11T22:08:08+08:00,confirmed
2003-11-07,32.087501525878906,32.17499923706055,31.93000030517578,31.934999465942383,22.45528030395508,217200,Yahoo Finance,RSP,2026-09-11T22:08:08+08:00,confirmed
2003-11-10,31.905000686645508,31.905000686645508,31.604999542236328,31.604999542236328,22.22323608398437,40800,Yahoo Finance,RSP,2026-09-11T22:08:08+08:00,confirmed
2003-11-11,31.65999984741211,31.65999984741211,31.502500534057617,31.59749984741211,22.217966079711918,125200,Yahoo Finance,RSP,2026-09-11T22:08:08+08:00,confirmed
2003-11-12,31.6875,32.040000915527344,31.6875,32.040000915527344,22.52910804748535,88800,Yahoo Finance,RSP,2026-09-11T22:08:08+08:00,confirmed
2003-11-13,32.025001525878906,32.11249923706055,31.927499771118164,32.11249923706055,22.580078125,53200,Yahoo Finance,RSP,2026-09-11T22:08:08+08:00,confirmed
2003-11-14,32.14500045776367,32.26250076293945,31.75,31.787500381469727,22.351566314697266,70000,Yahoo Finance,RSP,2026-09-11T22:08:08+08:00,confirmed
2003-11-17,31.737499237060547,31.75,31.274999618530277,31.482500076293945,22.13710021972656,182400,Yahoo Finance,RSP,2026-09-11T22:08:08+08:00,confirmed
2003-11-18,31.582500457763672,31.665000915527344,31.165000915527344,31.165000915527344,21.91385269165039,102000,Yahoo Finance,RSP,2026-09-11T22:08:08+08:00,confirmed
2003-11-19,31.200000762939453,31.352500915527344,31.18000030517578,31.352500915527344,22.04568862915039,30800,Yahoo Finance,RSP,2026-09-11T22:08:08+08:00,confirmed
2003-11-20,31.149999618530277,31.482500076293945,31.107500076293945,31.137500762939453,21.894512176513672,90000,Yahoo Finance,RSP,2026-09-11T22:08:08+08:00,confirmed
2003-11-21,31.274999618530277,31.30500030517578,31.11000061035156,31.272499084472656,21.98943901062012,76400,Yahoo Finance,RSP,2026-09-11T22:08:08+08:00,confirmed
2003-11-24,31.524999618530277,31.862499237060547,31.524999618530277,31.862499237060547,22.404300689697266,88000,Yahoo Finance,RSP,2026-09-11T22:08:08+08:00,confirmed
2003-11-25,31.862499237060547,32.15999984741211,31.84499931335449,32.064998626708984,22.54669189453125,134000,Yahoo Finance,RSP,2026-09-11T22:08:08+08:00,confirmed
2003-11-26,32.14500045776367,32.209999084472656,31.920000076293945,32.20750045776367,22.64688873291016,82000,Yahoo Finance,RSP,2026-09-11T22:08:08+08:00,confirmed
2003-11-28,32.26250076293945,32.33000183105469,32.23749923706055,32.287498474121094,22.70313835144043,71200,Yahoo Finance,RSP,2026-09-11T22:08:08+08:00,confirmed
2003-12-01,32.375,32.68000030517578,32.375,32.66999816894531,22.97209358215332,73200,Yahoo Finance,RSP,2026-09-11T22:08:08+08:00,confirmed
2003-12-02,32.650001525878906,32.689998626708984,32.54249954223633,32.54999923706055,22.88771247863769,134800,Yahoo Finance,RSP,2026-09-11T22:08:08+08:00,confirmed
2003-12-03,32.73749923706055,32.79249954223633,32.50749969482422,32.51250076293945,22.861351013183597,94400,Yahoo Finance,RSP,2026-09-11T22:08:08+08:00,confirmed
2003-12-04,32.5625,32.584999084472656,32.35499954223633,32.4900016784668,22.845531463623047,46800,Yahoo Finance,RSP,2026-09-11T22:08:08+08:00,confirmed
2003-12-05,32.4375,32.50749969482422,32.25,32.26250076293945,22.68556404113769,44400,Yahoo Finance,RSP,2026-09-11T22:08:08+08:00,confirmed
2003-12-08,32.349998474121094,32.5,32.25749969482422,32.5,22.852561950683597,54000,Yahoo Finance,RSP,2026-09-11T22:08:08+08:00,confirmed
2003-12-09,32.5625,32.5625,32.1875,32.209999084472656,22.64864921569824,35600,Yahoo Finance,RSP,2026-09-11T22:08:08+08:00,confirmed
2003-12-10,32.25,32.25,31.89249992370605,31.959999084472656,22.472864151000977,39200,Yahoo Finance,RSP,2026-09-11T22:08:08+08:00,confirmed
2003-12-11,32.087501525878906,32.58000183105469,32.087501525878906,32.525001525878906,22.870141983032227,42800,Yahoo Finance,RSP,2026-09-11T22:08:08+08:00,confirmed
2003-12-12,32.48749923706055,32.65999984741211,32.400001525878906,32.650001525878906,22.958044052124023,33600,Yahoo Finance,RSP,2026-09-11T22:08:08+08:00,confirmed
2003-12-15,33.025001525878906,33.025001525878906,32.38750076293945,32.38750076293945,22.77345848083496,233600,Yahoo Finance,RSP,2026-09-11T22:08:08+08:00,confirmed
2003-12-16,32.462501525878906,32.54249954223633,32.252498626708984,32.494998931884766,22.849040985107425,52800,Yahoo Finance,RSP,2026-09-11T22:08:08+08:00,confirmed
2003-12-17,32.5,32.592498779296875,32.404998779296875,32.592498779296875,22.9176025390625,53200,Yahoo Finance,RSP,2026-09-11T22:08:08+08:00,confirmed
2003-12-18,32.66749954223633,33.10749816894531,32.66749954223633,33.06999969482422,23.253360748291016,40400,Yahoo Finance,RSP,2026-09-11T22:08:08+08:00,confirmed
2003-12-19,33.0625,33.0625,32.86000061035156,33.00749969482422,23.276287078857425,77200,Yahoo Finance,RSP,2026-09-11T22:08:08+08:00,confirmed
2003-12-22,32.92499923706055,33.14250183105469,32.92499923706055,33.14250183105469,23.371469497680664,22400,Yahoo Finance,RSP,2026-09-11T22:08:08+08:00,confirmed
2003-12-23,33.23749923706055,33.36000061035156,33.227500915527344,33.36000061035156,23.524864196777344,126000,Yahoo Finance,RSP,2026-09-11T22:08:08+08:00,confirmed
2003-12-24,33.32500076293945,33.345001220703125,33.2400016784668,33.29750061035156,23.48077964782715,70400,Yahoo Finance,RSP,2026-09-11T22:08:08+08:00,confirmed
2003-12-26,33.38750076293945,33.459999084472656,33.3650016784668,33.377498626708984,23.537202835083008,25200,Yahoo Finance,RSP,2026-09-11T22:08:08+08:00,confirmed
2003-12-29,33.54499816894531,33.775001525878906,33.48749923706055,33.775001525878906,23.8175106048584,70800,Yahoo Finance,RSP,2026-09-11T22:08:08+08:00,confirmed
2003-12-30,33.8125,33.81999969482422,33.712501525878906,33.81999969482422,23.84923553466797,85600,Yahoo Finance,RSP,2026-09-11T22:08:08+08:00,confirmed
2003-12-31,33.875,33.904998779296875,33.72249984741211,33.86249923706055,23.87921142578125,90800,Yahoo Finance,RSP,2026-09-11T22:08:08+08:00,confirmed
2004-01-02,34.0,34.02000045776367,33.61249923706055,33.70249938964844,23.76637458801269,61600,Yahoo Finance,RSP,2026-09-11T22:08:08+08:00,confirmed
2004-01-05,33.73749923706055,34.125,33.73749923706055,34.125,24.064321517944336,105200,Yahoo Finance,RSP,2026-09-11T22:08:08+08:00,confirmed
2004-01-06,34.099998474121094,34.224998474121094,34.025001525878906,34.19499969482422,24.11368179321289,138000,Yahoo Finance,RSP,2026-09-11T22:08:08+08:00,confirmed
2004-01-07,34.16999816894531,34.23500061035156,33.95000076293945,34.21500015258789,24.12778663635254,97600,Yahoo Finance,RSP,2026-09-11T22:08:08+08:00,confirmed
2004-01-08,34.42499923706055,34.474998474121094,34.279998779296875,34.474998474121094,24.311134338378903,47600,Yahoo Finance,RSP,2026-09-11T22:08:08+08:00,confirmed
2004-01-09,34.27000045776367,34.584999084472656,34.224998474121094,34.29249954223633,24.18244171142578,80000,Yahoo Finance,RSP,2026-09-11T22:08:08+08:00,confirmed
2004-01-12,34.375,34.5,34.26499938964844,34.5,24.32875633239746,32800,Yahoo Finance,RSP,2026-09-11T22:08:08+08:00,confirmed
2004-01-13,34.560001373291016,34.560001373291016,34.150001525878906,34.310001373291016,24.194774627685547,50000,Yahoo Finance,RSP,2026-09-11T22:08:08+08:00,confirmed
2004-01-14,34.462501525878906,34.63249969482422,34.4375,34.619998931884766,24.413375854492188,139600,Yahoo Finance,RSP,2026-09-11T22:08:08+08:00,confirmed
2004-01-15,34.70500183105469,34.84000015258789,34.44499969482422,34.71500015258789,24.480377197265625,95600,Yahoo Finance,RSP,2026-09-11T22:08:08+08:00,confirmed
2004-01-16,34.915000915527344,35.037498474121094,34.86000061035156,35.037498474121094,24.707794189453125,81200,Yahoo Finance,RSP,2026-09-11T22:08:08+08:00,confirmed
2004-01-20,35.150001525878906,35.16999816894531,34.935001373291016,35.10749816894531,24.75716209411621,64400,Yahoo Finance,RSP,2026-09-11T22:08:08+08:00,confirmed
2004-01-21,35.087501525878906,35.342498779296875,34.93000030517578,35.25749969482422,24.862939834594727,137600,Yahoo Finance,RSP,2026-09-11T22:08:08+08:00,confirmed
2004-01-22,35.400001525878906,35.404998779296875,35.122501373291016,35.122501373291016,24.767749786376957,87600,Yahoo Finance,RSP,2026-09-11T22:08:08+08:00,confirmed
2004-01-23,35.17499923706055,35.29999923706055,34.9375,35.037498474121094,24.707794189453125,58000,Yahoo Finance,RSP,2026-09-11T22:08:08+08:00,confirmed
2004-01-26,35.07500076293945,35.349998474121094,34.970001220703125,35.349998474121094,24.928171157836918,28000,Yahoo Finance,RSP,2026-09-11T22:08:08+08:00,confirmed
2004-01-27,35.29999923706055,35.369998931884766,35.067501068115234,35.07749938964844,24.73600578308105,106000,Yahoo Finance,RSP,2026-09-11T22:08:08+08:00,confirmed
2004-01-28,35.224998474121094,35.224998474121094,34.537498474121094,34.61249923706055,24.40809440612793,175600,Yahoo Finance,RSP,2026-09-11T22:08:08+08:00,confirmed
2004-01-29,34.7400016784668,34.787498474121094,34.23249816894531,34.619998931884766,24.413375854492188,82400,Yahoo Finance,RSP,2026-09-11T22:08:08+08:00,confirmed
2004-01-30,34.63750076293945,34.689998626708984,34.494998931884766,34.665000915527344,24.445127487182617,26800,Yahoo Finance,RSP,2026-09-11T22:08:08+08:00,confirmed
2004-02-02,34.724998474121094,34.9375,34.522499084472656,34.70249938964844,24.4715633392334,114000,Yahoo Finance,RSP,2026-09-11T22:08:08+08:00,confirmed
2004-02-03,34.6875,34.779998779296875,34.63750076293945,34.712501525878906,24.47861862182617,22800,Yahoo Finance,RSP,2026-09-11T22:08:08+08:00,confirmed
2004-02-04,34.525001525878906,34.529998779296875,34.255001068115234,34.342498779296875,24.21769523620605,196400,Yahoo Finance,RSP,2026-09-11T22:08:08+08:00,confirmed
2004-02-05,34.349998474121094,34.52750015258789,34.3224983215332,34.435001373291016,24.282930374145508,61200,Yahoo Finance,RSP,2026-09-11T22:08:08+08:00,confirmed
2004-02-06,34.584999084472656,34.96500015258789,34.494998931884766,34.95750045776367,24.65138435363769,64000,Yahoo Finance,RSP,2026-09-11T22:08:08+08:00,confirmed
2004-02-09,35.0625,35.125,34.962501525878906,34.98749923706055,24.672542572021484,271600,Yahoo Finance,RSP,2026-09-11T22:08:08+08:00,confirmed
2004-02-10,34.98749923706055,35.17499923706055,34.98749923706055,35.14250183105469,24.781843185424805,32800,Yahoo Finance,RSP,2026-09-11T22:08:08+08:00,confirmed
2004-02-11,35.17499923706055,35.599998474121094,35.087501525878906,35.567501068115234,25.08154296875,254800,Yahoo Finance,RSP,2026-09-11T22:08:08+08:00,confirmed
2004-02-12,35.5625,35.6349983215332,35.462501525878906,35.462501525878906,25.00749969482422,261600,Yahoo Finance,RSP,2026-09-11T22:08:08+08:00,confirmed
2004-02-13,35.505001068115234,35.505001068115234,35.1150016784668,35.224998474121094,24.840007781982425,93200,Yahoo Finance,RSP,2026-09-11T22:08:08+08:00,confirmed
2004-02-17,35.5,35.665000915527344,35.46500015258789,35.61750030517578,25.11680221557617,133600,Yahoo Finance,RSP,2026-09-11T22:08:08+08:00,confirmed
2004-02-18,35.650001525878906,35.650001525878906,35.41999816894531,35.49250030517578,25.028648376464844,54000,Yahoo Finance,RSP,2026-09-11T22:08:08+08:00,confirmed
2004-02-19,35.724998474121094,35.724998474121094,35.272499084472656,35.272499084472656,24.873517990112305,51600,Yahoo Finance,RSP,2026-09-11T22:08:08+08:00,confirmed
2004-02-20,35.400001525878906,35.400001525878906,34.92499923706055,35.122501373291016,24.767749786376957,144400,Yahoo Finance,RSP,2026-09-11T22:08:08+08:00,confirmed
2004-02-23,35.23749923706055,35.23749923706055,34.81999969482422,34.900001525878906,24.610843658447266,59200,Yahoo Finance,RSP,2026-09-11T22:08:08+08:00,confirmed
2004-02-24,34.875,34.97249984741211,34.67499923706055,34.807498931884766,24.545616149902344,178000,Yahoo Finance,RSP,2026-09-11T22:08:08+08:00,confirmed
2004-02-25,34.912498474121094,35.07749938964844,34.81999969482422,35.057498931884766,24.721908569335938,90000,Yahoo Finance,RSP,2026-09-11T22:08:08+08:00,confirmed
2004-02-26,35.025001525878906,35.224998474121094,34.89500045776367,35.20500183105469,24.82592010498047,92800,Yahoo Finance,RSP,2026-09-11T22:08:08+08:00,confirmed
2004-02-27,35.20000076293945,35.459999084472656,35.165000915527344,35.32500076293945,24.910541534423828,127200,Yahoo Finance,RSP,2026-09-11T22:08:08+08:00,confirmed
2004-03-01,35.5,35.79249954223633,35.47249984741211,35.76750183105469,25.22257423400879,80000,Yahoo Finance,RSP,2026-09-11T22:08:08+08:00,confirmed
2004-03-02,35.75,35.78499984741211,35.58250045776367,35.625,25.12209892272949,72000,Yahoo Finance,RSP,2026-09-11T22:08:08+08:00,confirmed
2004-03-03,35.57500076293945,35.65999984741211,35.35749816894531,35.63999938964844,25.132678985595703,22800,Yahoo Finance,RSP,2026-09-11T22:08:08+08:00,confirmed
2004-03-04,35.6875,35.775001525878906,35.57500076293945,35.775001525878906,25.22786903381348,66000,Yahoo Finance,RSP,2026-09-11T22:08:08+08:00,confirmed
2004-03-05,35.662498474121094,36.040000915527344,35.622501373291016,35.90999984741211,25.32306671142578,55600,Yahoo Finance,RSP,2026-09-11T22:08:08+08:00,confirmed
2004-03-08,35.92499923706055,35.935001373291016,35.5,35.5,25.0339412689209,92800,Yahoo Finance,RSP,2026-09-11T22:08:08+08:00,confirmed
2004-03-09,35.537498474121094,35.537498474121094,35.11249923706055,35.212501525878906,24.83120346069336,56400,Yahoo Finance,RSP,2026-09-11T22:08:08+08:00,confirmed
2004-03-10,35.22999954223633,35.22999954223633,34.5625,34.66749954223633,24.446889877319336,164400,Yahoo Finance,RSP,2026-09-11T22:08:08+08:00,confirmed
2004-03-11,34.375,34.6974983215332,34.0625,34.09000015258789,24.039634704589844,352800,Yahoo Finance,RSP,2026-09-11T22:08:08+08:00,confirmed
2004-03-12,34.287498474121094,34.602500915527344,34.279998779296875,34.599998474121094,24.399280548095703,113600,Yahoo Finance,RSP,2026-09-11T22:08:08+08:00,confirmed
2004-03-15,34.474998474121094,34.5,34.0625,34.0625,24.020238876342773,182000,Yahoo Finance,RSP,2026-09-11T22:08:08+08:00,confirmed
2004-03-16,34.275001525878906,34.349998474121094,33.959999084472656,34.23249816894531,24.140125274658203,129600,Yahoo Finance,RSP,2026-09-11T22:08:08+08:00,confirmed
2004-03-17,34.497501373291016,34.81999969482422,34.462501525878906,34.76250076293945,24.51386833190918,81200,Yahoo Finance,RSP,2026-09-11T22:08:08+08:00,confirmed
2004-03-18,34.712501525878906,34.775001525878906,34.38249969482422,34.75,24.505062103271484,157600,Yahoo Finance,RSP,2026-09-11T22:08:08+08:00,confirmed
2004-03-19,34.662498474121094,34.662498474121094,34.349998474121094,34.349998474121094,24.28133201599121,60800,Yahoo Finance,RSP,2026-09-11T22:08:08+08:00,confirmed
2004-03-22,34.23749923706055,34.23749923706055,33.665000915527344,33.79499816894531,23.88900756835937,217200,Yahoo Finance,RSP,2026-09-11T22:08:08+08:00,confirmed
2004-03-23,33.98749923706055,34.032501220703125,33.6974983215332,33.79750061035156,23.890777587890625,214000,Yahoo Finance,RSP,2026-09-11T22:08:08+08:00,confirmed
2004-03-24,33.837501525878906,33.904998779296875,33.587501525878906,33.70500183105469,23.82539939880371,90000,Yahoo Finance,RSP,2026-09-11T22:08:08+08:00,confirmed
2004-03-25,33.95000076293945,34.337501525878906,33.8849983215332,34.275001525878906,24.228309631347656,88800,Yahoo Finance,RSP,2026-09-11T22:08:08+08:00,confirmed
2004-03-26,34.275001525878906,34.46500015258789,34.272499084472656,34.345001220703125,24.27779960632324,30000,Yahoo Finance,RSP,2026-09-11T22:08:08+08:00,confirmed
2004-03-29,34.537498474121094,34.807498931884766,34.537498474121094,34.68000030517578,24.51460838317871,111200,Yahoo Finance,RSP,2026-09-11T22:08:08+08:00,confirmed
2004-03-30,34.68000030517578,34.98249816894531,34.68000030517578,34.94499969482422,24.70191764831543,133200,Yahoo Finance,RSP,2026-09-11T22:08:08+08:00,confirmed
2004-03-31,34.939998626708984,35.10749816894531,34.810001373291016,35.0,24.74080467224121,81600,Yahoo Finance,RSP,2026-09-11T22:08:08+08:00,confirmed
2004-04-01,35.099998474121094,35.29750061035156,35.07749938964844,35.21500015258789,24.892784118652344,79600,Yahoo Finance,RSP,2026-09-11T22:08:08+08:00,confirmed
2004-04-02,35.67499923706055,35.67499923706055,35.40250015258789,35.61249923706055,25.173757553100582,536000,Yahoo Finance,RSP,2026-09-11T22:08:08+08:00,confirmed
2004-04-05,35.599998474121094,35.81999969482422,35.54999923706055,35.81999969482422,25.32044982910156,108400,Yahoo Finance,RSP,2026-09-11T22:08:08+08:00,confirmed
2004-04-06,35.662498474121094,35.747501373291016,35.60749816894531,35.747501373291016,25.26919937133789,52400,Yahoo Finance,RSP,2026-09-11T22:08:08+08:00,confirmed
2004-04-07,35.6875,35.709999084472656,35.42499923706055,35.5625,25.13842391967773,56400,Yahoo Finance,RSP,2026-09-11T22:08:08+08:00,confirmed
2004-04-08,35.8125,35.81999969482422,35.40250015258789,35.525001525878906,25.111909866333008,33200,Yahoo Finance,RSP,2026-09-11T22:08:08+08:00,confirmed
2004-04-12,35.54999923706055,35.752498626708984,35.54999923706055,35.63999938964844,25.193212509155277,35200,Yahoo Finance,RSP,2026-09-11T22:08:08+08:00,confirmed
2004-04-13,35.70000076293945,35.709999084472656,35.025001525878906,35.095001220703125,24.807960510253903,30000,Yahoo Finance,RSP,2026-09-11T22:08:08+08:00,confirmed
2004-04-14,34.912498474121094,35.14500045776367,34.84000015258789,34.875,24.65245246887207,43200,Yahoo Finance,RSP,2026-09-11T22:08:08+08:00,confirmed
2004-04-15,35.04999923706055,35.182498931884766,34.75,34.9474983215332,24.703691482543945,30400,Yahoo Finance,RSP,2026-09-11T22:08:08+08:00,confirmed
2004-04-16,35.04999923706055,35.189998626708984,34.875,35.17499923706055,24.86450958251953,38800,Yahoo Finance,RSP,2026-09-11T22:08:08+08:00,confirmed
2004-04-19,35.150001525878906,35.1775016784668,34.959999084472656,35.17499923706055,24.86450958251953,36400,Yahoo Finance,RSP,2026-09-11T22:08:08+08:00,confirmed
2004-04-20,35.23749923706055,35.314998626708984,34.65999984741211,34.65999984741211,24.500473022460938,90800,Yahoo Finance,RSP,2026-09-11T22:08:08+08:00,confirmed
2004-04-21,34.625,34.90250015258789,34.557498931884766,34.875,24.65245246887207,128400,Yahoo Finance,RSP,2026-09-11T22:08:08+08:00,confirmed
2004-04-22,34.875,35.58000183105469,34.875,35.53499984741211,25.11898803710937,92000,Yahoo Finance,RSP,2026-09-11T22:08:08+08:00,confirmed
2004-04-23,35.525001525878906,35.525001525878906,35.24250030517578,35.44499969482422,25.05536460876465,64400,Yahoo Finance,RSP,2026-09-11T22:08:08+08:00,confirmed
2004-04-26,35.525001525878906,35.59749984741211,35.20000076293945,35.209999084472656,24.88925552368164,104400,Yahoo Finance,RSP,2026-09-11T22:08:08+08:00,confirmed
2004-04-27,35.32500076293945,35.61000061035156,35.26499938964844,35.26499938964844,24.928123474121094,25600,Yahoo Finance,RSP,2026-09-11T22:08:08+08:00,confirmed
2004-04-28,35.125,35.125,34.724998474121094,34.73749923706055,24.55524253845215,98000,Yahoo Finance,RSP,2026-09-11T22:08:08+08:00,confirmed
2004-04-29,34.6974983215332,34.849998474121094,34.13750076293945,34.337501525878906,24.272497177124023,307600,Yahoo Finance,RSP,2026-09-11T22:08:08+08:00,confirmed
2004-04-30,34.38750076293945,34.477500915527344,34.07749938964844,34.17499923706055,24.157629013061523,62800,Yahoo Finance,RSP,2026-09-11T22:08:08+08:00,confirmed
2004-05-03,34.150001525878906,34.439998626708984,34.13750076293945,34.400001525878906,24.31667900085449,59600,Yahoo Finance,RSP,2026-09-11T22:08:08+08:00,confirmed
2004-05-04,34.45000076293945,34.752498626708984,34.33000183105469,34.5,24.387357711791992,68800,Yahoo Finance,RSP,2026-09-11T22:08:08+08:00,confirmed
2004-05-05,34.48749923706055,34.66749954223633,34.48749923706055,34.602500915527344,24.45982360839844,53200,Yahoo Finance,RSP,2026-09-11T22:08:08+08:00,confirmed
2004-05-06,34.4375,34.4375,34.067501068115234,34.26250076293945,24.21947479248047,124400,Yahoo Finance,RSP,2026-09-11T22:08:08+08:00,confirmed
2004-05-07,34.25,34.29999923706055,33.64500045776367,33.65250015258789,23.788272857666016,338800,Yahoo Finance,RSP,2026-09-11T22:08:08+08:00,confirmed
2004-05-10,33.32500076293945,33.404998779296875,32.959999084472656,33.150001525878906,23.43307304382324,351600,Yahoo Finance,RSP,2026-09-11T22:08:08+08:00,confirmed
2004-05-11,33.41749954223633,33.54999923706055,33.375,33.525001525878906,23.69815826416016,423600,Yahoo Finance,RSP,2026-09-11T22:08:08+08:00,confirmed
2004-05-12,33.400001525878906,33.557498931884766,32.907501220703125,33.540000915527344,23.70875358581543,192800,Yahoo Finance,RSP,2026-09-11T22:08:08+08:00,confirmed
2004-05-13,33.5625,33.787498474121094,33.43000030517578,33.665000915527344,23.797122955322266,101200,Yahoo Finance,RSP,2026-09-11T22:08:08+08:00,confirmed
2004-05-14,33.625,33.76750183105469,33.34749984741211,33.58250045776367,23.738807678222656,178000,Yahoo Finance,RSP,2026-09-11T22:08:08+08:00,confirmed
2004-05-17,33.1349983215332,33.30500030517578,33.002498626708984,33.15999984741211,23.440135955810547,81200,Yahoo Finance,RSP,2026-09-11T22:08:08+08:00,confirmed
2004-05-18,33.474998474121094,33.505001068115234,33.380001068115234,33.48249816894531,23.668109893798828,44800,Yahoo Finance,RSP,2026-09-11T22:08:08+08:00,confirmed
2004-05-19,33.76250076293945,33.99250030517578,33.407501220703125,33.415000915527344,23.620397567749023,306800,Yahoo Finance,RSP,2026-09-11T22:08:08+08:00,confirmed
2004-05-20,33.375,33.50749969482422,33.334999084472656,33.462501525878906,23.653982162475582,32800,Yahoo Finance,RSP,2026-09-11T22:08:08+08:00,confirmed
2004-05-21,33.61249923706055,33.73500061035156,33.48249816894531,33.540000915527344,23.70875358581543,100400,Yahoo Finance,RSP,2026-09-11T22:08:08+08:00,confirmed
2004-05-24,33.875,33.93000030517578,33.64250183105469,33.8125,23.901376724243164,96400,Yahoo Finance,RSP,2026-09-11T22:08:08+08:00,confirmed
2004-05-25,33.63999938964844,34.41999816894531,33.627498626708984,34.41999816894531,24.330814361572266,218800,Yahoo Finance,RSP,2026-09-11T22:08:08+08:00,confirmed
2004-05-26,34.375,34.54249954223633,34.31999969482422,34.48749923706055,24.378530502319336,362400,Yahoo Finance,RSP,2026-09-11T22:08:08+08:00,confirmed
2004-05-27,34.70000076293945,34.82749938964844,34.51499938964844,34.654998779296875,24.496925354003903,404000,Yahoo Finance,RSP,2026-09-11T22:08:08+08:00,confirmed
2004-05-28,34.625,34.775001525878906,34.60749816894531,34.772499084472656,24.57999610900879,106000,Yahoo Finance,RSP,2026-09-11T22:08:08+08:00,confirmed
2004-06-01,34.650001525878906,34.79999923706055,34.54750061035156,34.73249816894531,24.551706314086918,114000,Yahoo Finance,RSP,2026-09-11T22:08:08+08:00,confirmed
2004-06-02,34.897499084472656,34.935001373291016,34.662498474121094,34.849998474121094,24.6347713470459,154800,Yahoo Finance,RSP,2026-09-11T22:08:08+08:00,confirmed
2004-06-03,34.712501525878906,34.76250076293945,34.5,34.5,24.387357711791992,81200,Yahoo Finance,RSP,2026-09-11T22:08:08+08:00,confirmed
2004-06-04,34.775001525878906,34.875,34.657501220703125,34.71500015258789,24.539344787597656,177200,Yahoo Finance,RSP,2026-09-11T22:08:08+08:00,confirmed
2004-06-07,34.967498779296875,35.375,34.915000915527344,35.375,25.005884170532227,265200,Yahoo Finance,RSP,2026-09-11T22:08:08+08:00,confirmed
2004-06-08,35.3125,35.38999938964844,35.17499923706055,35.36000061035156,24.995271682739254,262800,Yahoo Finance,RSP,2026-09-11T22:08:08+08:00,confirmed
2004-06-09,35.32500076293945,35.34000015258789,34.98249816894531,34.98500061035156,24.730199813842773,251600,Yahoo Finance,RSP,2026-09-11T22:08:08+08:00,confirmed
2004-06-10,35.162498474121094,35.20249938964844,35.060001373291016,35.1349983215332,24.83623695373535,128800,Yahoo Finance,RSP,2026-09-11T22:08:08+08:00,confirmed
2004-06-14,35.01250076293945,35.01499938964844,34.64500045776367,34.724998474121094,24.546409606933597,189200,Yahoo Finance,RSP,2026-09-11T22:08:08+08:00,confirmed
2004-06-15,35.01250076293945,35.17250061035156,34.92250061035156,35.01750183105469,24.753198623657227,91600,Yahoo Finance,RSP,2026-09-11T22:08:08+08:00,confirmed
2004-06-16,35.04999923706055,35.127498626708984,34.962501525878906,35.092498779296875,24.806198120117188,111200,Yahoo Finance,RSP,2026-09-11T22:08:08+08:00,confirmed
2004-06-17,35.029998779296875,35.07749938964844,34.8650016784668,35.0625,24.78497886657715,120800,Yahoo Finance,RSP,2026-09-11T22:08:08+08:00,confirmed
2004-06-18,34.92499923706055,35.192501068115234,34.92499923706055,35.064998626708984,24.850004196166992,60400,Yahoo Finance,RSP,2026-09-11T22:08:08+08:00,confirmed
2004-06-21,35.11249923706055,35.16749954223633,34.92499923706055,34.962501525878906,24.77737617492676,82000,Yahoo Finance,RSP,2026-09-11T22:08:08+08:00,confirmed
2004-06-22,34.962501525878906,35.20500183105469,34.845001220703125,35.162498474121094,24.91910743713379,103200,Yahoo Finance,RSP,2026-09-11T22:08:08+08:00,confirmed
2004-06-23,35.224998474121094,35.622501373291016,35.15999984741211,35.592498779296875,25.223833084106445,74800,Yahoo Finance,RSP,2026-09-11T22:08:08+08:00,confirmed
2004-06-24,35.557498931884766,35.70000076293945,35.310001373291016,35.50749969482422,25.16359138488769,168000,Yahoo Finance,RSP,2026-09-11T22:08:08+08:00,confirmed
2004-06-25,35.557498931884766,35.712501525878906,35.45000076293945,35.537498474121094,25.184852600097656,81600,Yahoo Finance,RSP,2026-09-11T22:08:08+08:00,confirmed
2004-06-28,35.709999084472656,35.724998474121094,35.25,35.404998779296875,25.090959548950195,390400,Yahoo Finance,RSP,2026-09-11T22:08:08+08:00,confirmed
2004-06-29,35.4375,35.54249954223633,35.38249969482422,35.494998931884766,25.15473747253418,333600,Yahoo Finance,RSP,2026-09-11T22:08:08+08:00,confirmed
2004-06-30,35.599998474121094,35.772499084472656,35.439998626708984,35.73749923706055,25.326587677001957,417600,Yahoo Finance,RSP,2026-09-11T22:08:08+08:00,confirmed
2004-07-01,35.724998474121094,35.75749969482422,35.1150016784668,35.25,24.98111343383789,104400,Yahoo Finance,RSP,2026-09-11T22:08:08+08:00,confirmed
2004-07-02,35.224998474121094,35.224998474121094,35.01499938964844,35.130001068115234,24.896068572998047,85200,Yahoo Finance,RSP,2026-09-11T22:08:08+08:00,confirmed
2004-07-06,34.974998474121094,34.974998474121094,34.66999816894531,34.72999954223633,24.612592697143555,291600,Yahoo Finance,RSP,2026-09-11T22:08:08+08:00,confirmed
2004-07-07,34.82500076293945,34.875,34.712501525878906,34.78499984741211,24.651586532592773,140800,Yahoo Finance,RSP,2026-09-11T22:08:08+08:00,confirmed
2004-07-08,34.67499923706055,34.71500015258789,34.400001525878906,34.407501220703125,24.384037017822266,177200,Yahoo Finance,RSP,2026-09-11T22:08:08+08:00,confirmed
2004-07-09,34.599998474121094,34.599998474121094,34.45750045776367,34.51499938964844,24.46021842956543,72000,Yahoo Finance,RSP,2026-09-11T22:08:08+08:00,confirmed
2004-07-12,34.525001525878906,34.567501068115234,34.275001525878906,34.474998474121094,24.431886672973636,110800,Yahoo Finance,RSP,2026-09-11T22:08:08+08:00,confirmed
2004-07-13,34.57500076293945,34.57500076293945,34.46500015258789,34.529998779296875,24.47086524963379,107200,Yahoo Finance,RSP,2026-09-11T22:08:08+08:00,confirmed
2004-07-14,34.287498474121094,34.70000076293945,34.287498474121094,34.39500045776367,24.37519073486328,85200,Yahoo Finance,RSP,2026-09-11T22:08:08+08:00,confirmed
2004-07-15,34.5,34.61750030517578,34.412498474121094,34.48249816894531,24.437191009521484,56400,Yahoo Finance,RSP,2026-09-11T22:08:08+08:00,confirmed
2004-07-16,34.58250045776367,34.58250045776367,34.217498779296875,34.217498779296875,24.249385833740234,120000,Yahoo Finance,RSP,2026-09-11T22:08:08+08:00,confirmed
2004-07-19,34.275001525878906,34.334999084472656,34.04999923706055,34.20000076293945,24.236988067626957,203600,Yahoo Finance,RSP,2026-09-11T22:08:08+08:00,confirmed
2004-07-20,34.224998474121094,34.5,34.16999816894531,34.5,24.449596405029297,243200,Yahoo Finance,RSP,2026-09-11T22:08:08+08:00,confirmed
2004-07-21,34.662498474121094,34.70500183105469,33.962501525878906,33.96500015258789,24.07045555114746,182800,Yahoo Finance,RSP,2026-09-11T22:08:08+08:00,confirmed
2004-07-22,33.88750076293945,34.02750015258789,33.537498474121094,33.92499923706055,24.04210090637207,413200,Yahoo Finance,RSP,2026-09-11T22:08:08+08:00,confirmed
2004-07-23,33.79249954223633,33.79249954223633,33.537498474121094,33.630001068115234,23.83304214477539,98400,Yahoo Finance,RSP,2026-09-11T22:08:08+08:00,confirmed
2004-07-26,33.650001525878906,33.7599983215332,33.29499816894531,33.467498779296875,23.717884063720703,107600,Yahoo Finance,RSP,2026-09-11T22:08:08+08:00,confirmed
2004-07-27,33.45000076293945,33.814998626708984,33.43000030517578,33.77000045776367,23.93226432800293,84400,Yahoo Finance,RSP,2026-09-11T22:08:08+08:00,confirmed
2004-07-28,33.712501525878906,33.842498779296875,33.33000183105469,33.72999954223633,23.90391540527344,202800,Yahoo Finance,RSP,2026-09-11T22:08:08+08:00,confirmed
2004-07-29,33.83000183105469,34.1150016784668,33.83000183105469,34.04999923706055,24.13068389892578,153200,Yahoo Finance,RSP,2026-09-11T22:08:08+08:00,confirmed
2004-07-30,34.0,34.154998779296875,33.970001220703125,34.102500915527344,24.167898178100582,124800,Yahoo Finance,RSP,2026-09-11T22:08:08+08:00,confirmed
2004-08-02,33.974998474121094,34.252498626708984,33.939998626708984,34.23500061035156,24.261795043945312,121600,Yahoo Finance,RSP,2026-09-11T22:08:08+08:00,confirmed
2004-08-03,34.1775016784668,34.1775016784668,33.88999938964844,33.912498474121094,24.03325080871582,128800,Yahoo Finance,RSP,2026-09-11T22:08:08+08:00,confirmed
2004-08-04,33.75,33.939998626708984,33.602500915527344,33.845001220703125,23.985410690307617,151200,Yahoo Finance,RSP,2026-09-11T22:08:08+08:00,confirmed
2004-08-05,33.79999923706055,33.79999923706055,33.23249816894531,33.23249816894531,23.551342010498047,92800,Yahoo Finance,RSP,2026-09-11T22:08:08+08:00,confirmed
2004-08-06,32.79499816894531,32.97249984741211,32.622501373291016,32.6349983215332,23.127899169921875,364400,Yahoo Finance,RSP,2026-09-11T22:08:08+08:00,confirmed
2004-08-09,32.79999923706055,32.86249923706055,32.6974983215332,32.814998626708984,23.25546646118164,166800,Yahoo Finance,RSP,2026-09-11T22:08:08+08:00,confirmed
2004-08-10,32.95000076293945,33.20000076293945,32.88249969482422,33.189998626708984,23.521228790283203,160400,Yahoo Finance,RSP,2026-09-11T22:08:08+08:00,confirmed
2004-08-11,32.95000076293945,33.122501373291016,32.83250045776367,33.06999969482422,23.43618392944336,136000,Yahoo Finance,RSP,2026-09-11T22:08:08+08:00,confirmed
2004-08-12,32.962501525878906,32.98749923706055,32.665000915527344,32.70000076293945,23.173969268798828,283600,Yahoo Finance,RSP,2026-09-11T22:08:08+08:00,confirmed
2004-08-13,32.79999923706055,32.79999923706055,32.59000015258789,32.650001525878906,23.13853645324707,82800,Yahoo Finance,RSP,2026-09-11T22:08:08+08:00,confirmed
2004-08-16,32.82500076293945,33.26250076293945,32.82500076293945,33.26250076293945,23.572607040405277,108400,Yahoo Finance,RSP,2026-09-11T22:08:08+08:00,confirmed
2004-08-17,33.4375,33.5525016784668,33.33000183105469,33.349998474121094,23.63460922241211,84000,Yahoo Finance,RSP,2026-09-11T22:08:08+08:00,confirmed
2004-08-18,33.29999923706055,33.779998779296875,33.29999923706055,33.76750183105469,23.930496215820312,217600,Yahoo Finance,RSP,2026-09-11T22:08:08+08:00,confirmed
2004-08-19,33.76750183105469,33.76750183105469,33.522499084472656,33.64250183105469,23.84190368652344,154800,Yahoo Finance,RSP,2026-09-11T22:08:08+08:00,confirmed
2004-08-20,33.709999084472656,33.9900016784668,33.65999984741211,33.977500915527344,24.079307556152344,160400,Yahoo Finance,RSP,2026-09-11T22:08:08+08:00,confirmed
2004-08-23,34.04249954223633,34.04249954223633,33.8125,33.8125,23.962373733520508,114400,Yahoo Finance,RSP,2026-09-11T22:08:08+08:00,confirmed
2004-08-24,34.01250076293945,34.01250076293945,33.720001220703125,33.8125,23.962373733520508,101200,Yahoo Finance,RSP,2026-09-11T22:08:08+08:00,confirmed
2004-08-25,33.82500076293945,34.162498474121094,33.73749923706055,34.162498474121094,24.21041488647461,220000,Yahoo Finance,RSP,2026-09-11T22:08:08+08:00,confirmed
2004-08-26,34.11249923706055,34.13750076293945,34.067501068115234,34.125,24.18385124206543,62800,Yahoo Finance,RSP,2026-09-11T22:08:08+08:00,confirmed
2004-08-27,34.1349983215332,34.25,34.1349983215332,34.1875,24.228137969970703,63200,Yahoo Finance,RSP,2026-09-11T22:08:08+08:00,confirmed
2004-08-30,34.16749954223633,34.16749954223633,33.932498931884766,33.932498931884766,24.047422409057617,124800,Yahoo Finance,RSP,2026-09-11T22:08:08+08:00,confirmed
2004-08-31,34.02750015258789,34.067501068115234,33.80500030517578,34.067501068115234,24.143096923828125,94000,Yahoo Finance,RSP,2026-09-11T22:08:08+08:00,confirmed
2004-09-01,34.17499923706055,34.279998779296875,33.997501373291016,34.182498931884766,24.224592208862305,37200,Yahoo Finance,RSP,2026-09-11T22:08:08+08:00,confirmed
2004-09-02,34.20000076293945,34.627498626708984,34.20000076293945,34.627498626708984,24.53997039794922,42400,Yahoo Finance,RSP,2026-09-11T22:08:08+08:00,confirmed
2004-09-03,34.54999923706055,34.65999984741211,34.43000030517578,34.43000030517578,24.399991989135746,56400,Yahoo Finance,RSP,2026-09-11T22:08:08+08:00,confirmed
2004-09-07,34.724998474121094,34.8125,34.587501525878906,34.717498779296875,24.603744506835938,348400,Yahoo Finance,RSP,2026-09-11T22:08:08+08:00,confirmed
2004-09-08,34.70000076293945,34.73249816894531,34.47999954223633,34.51499938964844,24.46021842956543,101600,Yahoo Finance,RSP,2026-09-11T22:08:08+08:00,confirmed
2004-09-09,34.64500045776367,34.720001220703125,34.42250061035156,34.61249923706055,24.529321670532227,310400,Yahoo Finance,RSP,2026-09-11T22:08:08+08:00,confirmed
2004-09-10,34.54999923706055,34.86750030517578,34.474998474121094,34.86249923706055,24.70649719238281,46400,Yahoo Finance,RSP,2026-09-11T22:08:08+08:00,confirmed
2004-09-13,34.932498931884766,35.06999969482422,34.8849983215332,34.91749954223633,24.745481491088867,438400,Yahoo Finance,RSP,2026-09-11T22:08:08+08:00,confirmed
2004-09-14,35.025001525878906,35.025001525878906,34.86249923706055,34.994998931884766,24.80039978027344,161200,Yahoo Finance,RSP,2026-09-11T22:08:08+08:00,confirmed
2004-09-15,34.95000076293945,34.95000076293945,34.709999084472656,34.744998931884766,24.62322235107422,78800,Yahoo Finance,RSP,2026-09-11T22:08:08+08:00,confirmed
2004-09-16,34.787498474121094,34.98249816894531,34.787498474121094,34.94499969482422,24.76495742797852,134400,Yahoo Finance,RSP,2026-09-11T22:08:08+08:00,confirmed
2004-09-17,34.98749923706055,35.07500076293945,34.872501373291016,34.98249816894531,24.853593826293945,271200,Yahoo Finance,RSP,2026-09-11T22:08:08+08:00,confirmed
2004-09-20,34.88750076293945,34.98249816894531,34.79999923706055,34.869998931884766,24.773662567138672,95200,Yahoo Finance,RSP,2026-09-11T22:08:08+08:00,confirmed
2004-09-21,34.92499923706055,35.17499923706055,34.88999938964844,35.099998474121094,24.937070846557617,208800,Yahoo Finance,RSP,2026-09-11T22:08:08+08:00,confirmed
2004-09-22,34.92499923706055,34.92499923706055,34.650001525878906,34.662498474121094,24.62624931335449,142000,Yahoo Finance,RSP,2026-09-11T22:08:08+08:00,confirmed
2004-09-23,34.537498474121094,34.63999938964844,34.494998931884766,34.5625,24.55519676208496,183200,Yahoo Finance,RSP,2026-09-11T22:08:08+08:00,confirmed
2004-09-24,34.57500076293945,34.689998626708984,34.540000915527344,34.55500030517578,24.54987144470215,153200,Yahoo Finance,RSP,2026-09-11T22:08:08+08:00,confirmed
2004-09-27,34.369998931884766,34.47999954223633,34.3025016784668,34.32500076293945,24.386459350585938,86800,Yahoo Finance,RSP,2026-09-11T22:08:08+08:00,confirmed
2004-09-28,34.32500076293945,34.5525016784668,34.23249816894531,34.51750183105469,24.523242950439453,129600,Yahoo Finance,RSP,2026-09-11T22:08:08+08:00,confirmed
2004-09-29,34.502498626708984,34.662498474121094,34.48500061035156,34.662498474121094,24.62624931335449,271200,Yahoo Finance,RSP,2026-09-11T22:08:08+08:00,confirmed
2004-09-30,34.70000076293945,34.875,34.65999984741211,34.85499954223633,24.76300811767578,220400,Yahoo Finance,RSP,2026-09-11T22:08:08+08:00,confirmed
2004-10-01,35.032501220703125,35.4375,35.025001525878906,35.4275016784668,25.169750213623047,340400,Yahoo Finance,RSP,2026-09-11T22:08:08+08:00,confirmed
2004-10-04,35.6875,35.772499084472656,35.58000183105469,35.599998474121094,25.29230117797852,186400,Yahoo Finance,RSP,2026-09-11T22:08:08+08:00,confirmed
2004-10-05,35.599998474121094,35.63750076293945,35.45249938964844,35.540000915527344,25.24967765808105,252000,Yahoo Finance,RSP,2026-09-11T22:08:08+08:00,confirmed
2004-10-06,35.5099983215332,35.779998779296875,35.462501525878906,35.77000045776367,25.41308212280273,224400,Yahoo Finance,RSP,2026-09-11T22:08:08+08:00,confirmed
2004-10-07,35.75,35.75,35.435001373291016,35.435001373291016,25.17508125305176,101600,Yahoo Finance,RSP,2026-09-11T22:08:08+08:00,confirmed
2004-10-08,35.33000183105469,35.41999816894531,35.025001525878906,35.11750030517578,24.94950485229492,186800,Yahoo Finance,RSP,2026-09-11T22:08:08+08:00,confirmed
2004-10-11,35.224998474121094,35.224998474121094,35.07500076293945,35.092498779296875,24.93175506591797,131600,Yahoo Finance,RSP,2026-09-11T22:08:08+08:00,confirmed
2004-10-12,34.875,35.04499816894531,34.782501220703125,35.00749969482422,24.87135505676269,152000,Yahoo Finance,RSP,2026-09-11T22:08:08+08:00,confirmed
2004-10-13,35.13750076293945,35.13750076293945,34.60499954223633,34.72249984741211,24.668880462646484,80800,Yahoo Finance,RSP,2026-09-11T22:08:08+08:00,confirmed
2004-10-14,34.73749923706055,34.74250030517578,34.39500045776367,34.467498779296875,24.487712860107425,105200,Yahoo Finance,RSP,2026-09-11T22:08:08+08:00,confirmed
2004-10-15,34.587501525878906,34.79499816894531,34.42250061035156,34.59749984741211,24.580062866210938,86800,Yahoo Finance,RSP,2026-09-11T22:08:08+08:00,confirmed
2004-10-18,34.57500076293945,34.76250076293945,34.43000030517578,34.717498779296875,24.665327072143555,92000,Yahoo Finance,RSP,2026-09-11T22:08:08+08:00,confirmed
2004-10-19,34.837501525878906,34.932498931884766,34.41999816894531,34.41999816894531,24.45395278930664,228800,Yahoo Finance,RSP,2026-09-11T22:08:08+08:00,confirmed
2004-10-20,34.34000015258789,34.45750045776367,34.1150016784668,34.45750045776367,24.48061180114746,85200,Yahoo Finance,RSP,2026-09-11T22:08:08+08:00,confirmed
2004-10-21,34.47249984741211,34.779998779296875,34.45249938964844,34.73249816894531,24.675973892211918,53200,Yahoo Finance,RSP,2026-09-11T22:08:08+08:00,confirmed
2004-10-22,34.787498474121094,34.82500076293945,34.45249938964844,34.459999084472656,24.482378005981445,124800,Yahoo Finance,RSP,2026-09-11T22:08:08+08:00,confirmed
2004-10-25,34.4375,34.54999923706055,34.3125,34.505001068115234,24.51435661315918,94800,Yahoo Finance,RSP,2026-09-11T22:08:08+08:00,confirmed
2004-10-26,34.57500076293945,35.002498626708984,34.51250076293945,35.002498626708984,24.867799758911133,220800,Yahoo Finance,RSP,2026-09-11T22:08:08+08:00,confirmed
2004-10-27,34.97999954223633,35.52750015258789,34.9474983215332,35.51750183105469,25.23369026184082,288000,Yahoo Finance,RSP,2026-09-11T22:08:08+08:00,confirmed
2004-10-28,35.5,35.63750076293945,35.34749984741211,35.494998931884766,25.21769905090332,280400,Yahoo Finance,RSP,2026-09-11T22:08:08+08:00,confirmed
2004-10-29,35.650001525878906,35.72999954223633,35.47999954223633,35.682498931884766,25.35091590881348,89600,Yahoo Finance,RSP,2026-09-11T22:08:08+08:00,confirmed
2004-11-01,35.70000076293945,35.79249954223633,35.61750030517578,35.72999954223633,25.384672164916992,218800,Yahoo Finance,RSP,2026-09-11T22:08:08+08:00,confirmed
2004-11-02,35.814998626708984,36.0625,35.6775016784668,35.6875,25.35446548461914,391600,Yahoo Finance,RSP,2026-09-11T22:08:08+08:00,confirmed
2004-11-03,36.3125,36.3125,35.96500015258789,36.102500915527344,25.6492977142334,1280800,Yahoo Finance,RSP,2026-09-11T22:08:08+08:00,confirmed
2004-11-04,36.17499923706055,36.747501373291016,36.125,36.7400016784668,26.10222625732422,987600,Yahoo Finance,RSP,2026-09-11T22:08:08+08:00,confirmed
2004-11-05,36.92499923706055,37.125,36.82500076293945,36.994998931884766,26.283382415771484,974400,Yahoo Finance,RSP,2026-09-11T22:08:08+08:00,confirmed
2004-11-08,37.0,37.02999877929688,36.84999847412109,36.92499923706055,26.233661651611328,306800,Yahoo Finance,RSP,2026-09-11T22:08:08+08:00,confirmed
2004-11-09,36.9375,37.04999923706055,36.869998931884766,36.95000076293945,26.25142288208008,219200,Yahoo Finance,RSP,2026-09-11T22:08:08+08:00,confirmed
2004-11-10,36.92499923706055,37.10499954223633,36.90499877929688,36.97499847412109,26.269176483154297,398800,Yahoo Finance,RSP,2026-09-11T22:08:08+08:00,confirmed
2004-11-11,37.0625,37.369998931884766,37.02000045776367,37.34000015258789,26.52850151062012,352400,Yahoo Finance,RSP,2026-09-11T22:08:08+08:00,confirmed
2004-11-12,37.375,37.657501220703125,37.220001220703125,37.65499877929688,26.752286911010746,253200,Yahoo Finance,RSP,2026-09-11T22:08:08+08:00,confirmed
2004-11-15,37.59999847412109,37.755001068115234,37.557498931884766,37.692501068115234,26.778928756713867,267600,Yahoo Finance,RSP,2026-09-11T22:08:08+08:00,confirmed
2004-11-16,37.650001525878906,37.650001525878906,37.43999862670898,37.47499847412109,26.62440490722656,238000,Yahoo Finance,RSP,2026-09-11T22:08:08+08:00,confirmed
2004-11-17,37.79999923706055,37.95500183105469,37.63249969482422,37.70249938964844,26.786039352416992,277200,Yahoo Finance,RSP,2026-09-11T22:08:08+08:00,confirmed
2004-11-18,37.72499847412109,37.82500076293945,37.64250183105469,37.81999969482422,26.86951065063477,181600,Yahoo Finance,RSP,2026-09-11T22:08:08+08:00,confirmed
2004-11-19,37.78749847412109,37.790000915527344,37.352500915527344,37.372501373291016,26.55158233642578,162800,Yahoo Finance,RSP,2026-09-11T22:08:08+08:00,confirmed
2004-11-22,37.3125,37.63999938964844,37.25749969482422,37.63750076293945,26.739858627319336,238000,Yahoo Finance,RSP,2026-09-11T22:08:08+08:00,confirmed
2004-11-23,37.61249923706055,37.75249862670898,37.477500915527344,37.6775016784668,26.76827812194824,242000,Yahoo Finance,RSP,2026-09-11T22:08:08+08:00,confirmed
2004-11-24,37.91249847412109,37.959999084472656,37.76750183105469,37.959999084472656,26.96898460388184,245200,Yahoo Finance,RSP,2026-09-11T22:08:08+08:00,confirmed
2004-11-26,38.01250076293945,38.125,37.9900016784668,38.04499816894531,27.02936744689941,86000,Yahoo Finance,RSP,2026-09-11T22:08:08+08:00,confirmed
2004-11-29,38.1875,38.1875,37.65499877929688,37.84749984741211,26.889049530029297,294000,Yahoo Finance,RSP,2026-09-11T22:08:08+08:00,confirmed
2004-11-30,37.875,37.89500045776367,37.72249984741211,37.75,26.819787979125977,258400,Yahoo Finance,RSP,2026-09-11T22:08:08+08:00,confirmed
2004-12-01,37.91749954223633,38.27000045776367,37.88750076293945,38.27000045776367,27.18922615051269,317600,Yahoo Finance,RSP,2026-09-11T22:08:08+08:00,confirmed
2004-12-02,38.247501373291016,38.34999847412109,38.07749938964844,38.1974983215332,27.13770866394043,252000,Yahoo Finance,RSP,2026-09-11T22:08:08+08:00,confirmed
2004-12-03,38.27750015258789,38.41999816894531,38.125,38.25,27.17501449584961,515200,Yahoo Finance,RSP,2026-09-11T22:08:08+08:00,confirmed
2004-12-06,38.25,38.27999877929688,38.0,38.22999954223633,27.16081428527832,193200,Yahoo Finance,RSP,2026-09-11T22:08:08+08:00,confirmed
2004-12-07,38.25,38.25,37.75,37.75,26.819787979125977,161600,Yahoo Finance,RSP,2026-09-11T22:08:08+08:00,confirmed
2004-12-08,37.8125,37.90250015258789,37.66249847412109,37.84000015258789,26.88372802734375,290000,Yahoo Finance,RSP,2026-09-11T22:08:08+08:00,confirmed
2004-12-09,37.67499923706055,38.0625,37.494998931884766,38.040000915527344,27.02582359313965,247600,Yahoo Finance,RSP,2026-09-11T22:08:08+08:00,confirmed
2004-12-10,37.977500915527344,38.1875,37.942501068115234,38.07749938964844,27.052461624145508,466400,Yahoo Finance,RSP,2026-09-11T22:08:08+08:00,confirmed
2004-12-13,38.32500076293945,38.38999938964844,38.14500045776367,38.38999938964844,27.27446746826172,285200,Yahoo Finance,RSP,2026-09-11T22:08:08+08:00,confirmed
2004-12-14,38.5,38.66749954223633,38.41249847412109,38.63750076293945,27.450319290161133,316000,Yahoo Finance,RSP,2026-09-11T22:08:08+08:00,confirmed
2004-12-15,38.665000915527344,38.79249954223633,38.560001373291016,38.782501220703125,27.55333709716797,234000,Yahoo Finance,RSP,2026-09-11T22:08:08+08:00,confirmed
2004-12-16,38.73749923706055,38.817501068115234,38.45500183105469,38.587501525878906,27.4147891998291,269200,Yahoo Finance,RSP,2026-09-11T22:08:08+08:00,confirmed
2004-12-17,38.47499847412109,38.48500061035156,38.13999938964844,38.400001525878906,27.358327865600582,346800,Yahoo Finance,RSP,2026-09-11T22:08:08+08:00,confirmed
2004-12-20,38.51250076293945,38.61750030517578,38.244998931884766,38.29999923706055,27.28708267211914,151200,Yahoo Finance,RSP,2026-09-11T22:08:08+08:00,confirmed
2004-12-21,38.400001525878906,38.67250061035156,38.36750030517578,38.665000915527344,27.54713630676269,194000,Yahoo Finance,RSP,2026-09-11T22:08:08+08:00,confirmed
2004-12-22,38.70000076293945,38.83250045776367,38.6875,38.79999923706055,27.6433162689209,146800,Yahoo Finance,RSP,2026-09-11T22:08:08+08:00,confirmed
2004-12-23,38.84749984741211,38.869998931884766,38.7599983215332,38.81999969482422,27.65757179260254,170000,Yahoo Finance,RSP,2026-09-11T22:08:08+08:00,confirmed
2004-12-27,38.92499923706055,38.92499923706055,38.58250045776367,38.59999847412109,27.500816345214844,176800,Yahoo Finance,RSP,2026-09-11T22:08:08+08:00,confirmed
2004-12-28,38.71749877929688,38.91999816894531,38.71749877929688,38.91999816894531,27.72881507873535,228800,Yahoo Finance,RSP,2026-09-11T22:08:08+08:00,confirmed
2004-12-29,38.91249847412109,39.0,38.88999938964844,38.97999954223633,27.77155876159668,132800,Yahoo Finance,RSP,2026-09-11T22:08:08+08:00,confirmed
2004-12-30,39.03749847412109,39.11000061035156,39.00749969482422,39.05500030517578,27.82499885559082,321600,Yahoo Finance,RSP,2026-09-11T22:08:08+08:00,confirmed
2004-12-31,39.07500076293945,39.227500915527344,39.02999877929688,39.040000915527344,27.814298629760746,322000,Yahoo Finance,RSP,2026-09-11T22:08:08+08:00,confirmed
2005-01-03,39.20000076293945,39.20000076293945,38.48500061035156,38.5,27.429574966430664,247200,Yahoo Finance,RSP,2026-09-11T22:08:08+08:00,confirmed
2005-01-04,38.650001525878906,38.650001525878906,37.84249877929688,37.962501525878906,27.046628952026367,376000,Yahoo Finance,RSP,2026-09-11T22:08:08+08:00,confirmed
2005-01-05,37.92499923706055,38.040000915527344,37.66999816894531,37.66999816894531,26.83823013305664,206400,Yahoo Finance,RSP,2026-09-11T22:08:08+08:00,confirmed
2005-01-06,37.78749847412109,37.90999984741211,37.6349983215332,37.782501220703125,26.918386459350582,274800,Yahoo Finance,RSP,2026-09-11T22:08:08+08:00,confirmed
2005-01-07,37.89250183105469,37.89250183105469,37.55500030517578,37.682498931884766,26.84714698791504,277200,Yahoo Finance,RSP,2026-09-11T22:08:08+08:00,confirmed
2005-01-10,37.682498931884766,37.994998931884766,37.68000030517578,37.75749969482422,26.900583267211918,134400,Yahoo Finance,RSP,2026-09-11T22:08:08+08:00,confirmed
2005-01-11,37.75,37.75,37.47499847412109,37.5625,26.76164054870605,257600,Yahoo Finance,RSP,2026-09-11T22:08:08+08:00,confirmed
2005-01-12,37.59999847412109,37.75,37.3025016784668,37.75,26.89523696899414,619600,Yahoo Finance,RSP,2026-09-11T22:08:08+08:00,confirmed
2005-01-13,37.744998931884766,37.807498931884766,37.45500183105469,37.49250030517578,26.711788177490234,215200,Yahoo Finance,RSP,2026-09-11T22:08:08+08:00,confirmed
2005-01-14,37.38750076293945,37.82500076293945,37.38750076293945,37.817501068115234,26.94332695007324,221200,Yahoo Finance,RSP,2026-09-11T22:08:08+08:00,confirmed
2005-01-18,37.755001068115234,38.185001373291016,37.66249847412109,38.185001373291016,27.20515251159668,242800,Yahoo Finance,RSP,2026-09-11T22:08:08+08:00,confirmed
2005-01-19,38.1974983215332,38.1974983215332,37.834999084472656,37.84999847412109,26.966482162475582,220800,Yahoo Finance,RSP,2026-09-11T22:08:08+08:00,confirmed
2005-01-20,37.67499923706055,37.77000045776367,37.52000045776367,37.557498931884766,26.75809097290039,249600,Yahoo Finance,RSP,2026-09-11T22:08:08+08:00,confirmed
2005-01-21,37.59999847412109,37.65250015258789,37.33000183105469,37.34000015258789,26.60312843322754,177600,Yahoo Finance,RSP,2026-09-11T22:08:08+08:00,confirmed
2005-01-24,37.35499954223633,37.45000076293945,37.09749984741211,37.125,26.449949264526367,353600,Yahoo Finance,RSP,2026-09-11T22:08:08+08:00,confirmed
2005-01-25,37.400001525878906,37.45500183105469,37.15499877929688,37.17499923706055,26.485570907592773,270400,Yahoo Finance,RSP,2026-09-11T22:08:08+08:00,confirmed
2005-01-26,37.36249923706055,37.497501373291016,37.21500015258789,37.4474983215332,26.67972183227539,244800,Yahoo Finance,RSP,2026-09-11T22:08:08+08:00,confirmed
2005-01-27,37.36249923706055,37.64250183105469,37.352500915527344,37.567501068115234,26.765216827392575,152800,Yahoo Finance,RSP,2026-09-11T22:08:08+08:00,confirmed
2005-01-28,37.59999847412109,37.59999847412109,37.24250030517578,37.41749954223633,26.65835189819336,173600,Yahoo Finance,RSP,2026-09-11T22:08:08+08:00,confirmed
2005-01-31,37.72499847412109,37.84000015258789,37.63999938964844,37.837501525878906,26.957597732543945,158400,Yahoo Finance,RSP,2026-09-11T22:08:08+08:00,confirmed
2005-02-01,37.900001525878906,38.12749862670898,37.834999084472656,38.11750030517578,27.157060623168945,277600,Yahoo Finance,RSP,2026-09-11T22:08:08+08:00,confirmed
2005-02-02,38.06499862670898,38.30500030517578,38.06499862670898,38.27000045776367,27.26571083068848,283200,Yahoo Finance,RSP,2026-09-11T22:08:08+08:00,confirmed
2005-02-03,38.1875,38.1875,38.01250076293945,38.1875,27.20694732666016,131200,Yahoo Finance,RSP,2026-09-11T22:08:08+08:00,confirmed
2005-02-04,38.1875,38.64500045776367,38.1875,38.63999938964844,27.52931785583496,235600,Yahoo Finance,RSP,2026-09-11T22:08:08+08:00,confirmed
2005-02-07,38.57500076293945,38.71749877929688,38.51750183105469,38.56999969482422,27.47945976257324,187600,Yahoo Finance,RSP,2026-09-11T22:08:08+08:00,confirmed
2005-02-08,38.54999923706055,38.68000030517578,38.497501373291016,38.525001525878906,27.447385787963867,205600,Yahoo Finance,RSP,2026-09-11T22:08:08+08:00,confirmed
2005-02-09,38.59999847412109,38.61750030517578,38.157501220703125,38.1775016784668,27.19981575012207,179600,Yahoo Finance,RSP,2026-09-11T22:08:08+08:00,confirmed
2005-02-10,38.29999923706055,38.34000015258789,38.14500045776367,38.32749938964844,27.306665420532227,126800,Yahoo Finance,RSP,2026-09-11T22:08:08+08:00,confirmed
2005-02-11,38.34000015258789,38.76750183105469,38.20000076293945,38.73500061035156,27.597000122070312,218400,Yahoo Finance,RSP,2026-09-11T22:08:08+08:00,confirmed
2005-02-14,38.70000076293945,38.71500015258789,38.6150016784668,38.6974983215332,27.57029914855957,101600,Yahoo Finance,RSP,2026-09-11T22:08:08+08:00,confirmed
2005-02-15,38.72499847412109,38.95249938964844,38.70500183105469,38.84249877929688,27.673582077026367,131600,Yahoo Finance,RSP,2026-09-11T22:08:08+08:00,confirmed
2005-02-16,38.75,38.91749954223633,38.65499877929688,38.82749938964844,27.66291618347168,88800,Yahoo Finance,RSP,2026-09-11T22:08:08+08:00,confirmed
2005-02-17,38.82500076293945,38.86000061035156,38.5525016784668,38.55500030517578,27.468765258789062,105200,Yahoo Finance,RSP,2026-09-11T22:08:08+08:00,confirmed
2005-02-18,38.505001068115234,38.60749816894531,38.48249816894531,38.5525016784668,27.46697807312012,104000,Yahoo Finance,RSP,2026-09-11T22:08:08+08:00,confirmed
2005-02-22,38.53749847412109,38.5525016784668,37.91999816894531,37.91999816894531,27.01634788513184,512400,Yahoo Finance,RSP,2026-09-11T22:08:08+08:00,confirmed
2005-02-23,38.04999923706055,38.192501068115234,37.97499847412109,38.12749862670898,27.164186477661133,226400,Yahoo Finance,RSP,2026-09-11T22:08:08+08:00,confirmed
2005-02-24,38.17499923706055,38.47499847412109,38.02750015258789,38.45000076293945,27.393953323364254,199600,Yahoo Finance,RSP,2026-09-11T22:08:08+08:00,confirmed
2005-02-25,38.51250076293945,38.8849983215332,38.4375,38.852500915527344,27.680723190307617,245200,Yahoo Finance,RSP,2026-09-11T22:08:08+08:00,confirmed
2005-02-28,38.82500076293945,38.85499954223633,38.407501220703125,38.64250183105469,27.53111457824707,124800,Yahoo Finance,RSP,2026-09-11T22:08:08+08:00,confirmed
2005-03-01,38.76250076293945,38.94499969482422,38.76250076293945,38.90999984741211,27.72169303894043,174800,Yahoo Finance,RSP,2026-09-11T22:08:08+08:00,confirmed
2005-03-02,38.6875,39.0625,38.650001525878906,38.85499954223633,27.68250274658203,195200,Yahoo Finance,RSP,2026-09-11T22:08:08+08:00,confirmed
2005-03-03,39.02750015258789,39.07500076293945,38.6875,38.93000030517578,27.735933303833008,218000,Yahoo Finance,RSP,2026-09-11T22:08:08+08:00,confirmed
2005-03-04,39.10499954223633,39.38999938964844,39.06499862670898,39.32749938964844,28.019140243530277,356800,Yahoo Finance,RSP,2026-09-11T22:08:08+08:00,confirmed
2005-03-07,39.310001373291016,39.584999084472656,39.310001373291016,39.45000076293945,28.10641288757324,253200,Yahoo Finance,RSP,2026-09-11T22:08:08+08:00,confirmed
2005-03-08,39.52000045776367,39.52000045776367,39.21500015258789,39.23749923706055,27.95501136779785,71200,Yahoo Finance,RSP,2026-09-11T22:08:08+08:00,confirmed
2005-03-09,39.185001373291016,39.212501525878906,38.8224983215332,38.8224983215332,27.65933609008789,162000,Yahoo Finance,RSP,2026-09-11T22:08:08+08:00,confirmed
2005-03-10,38.875,38.91249847412109,38.59249877929688,38.79999923706055,27.6433162689209,183200,Yahoo Finance,RSP,2026-09-11T22:08:08+08:00,confirmed
2005-03-11,38.837501525878906,39.04750061035156,38.5,38.68000030517578,27.55781936645508,400400,Yahoo Finance,RSP,2026-09-11T22:08:08+08:00,confirmed
2005-03-14,38.79999923706055,38.907501220703125,38.72249984741211,38.900001525878906,27.714555740356445,180400,Yahoo Finance,RSP,2026-09-11T22:08:08+08:00,confirmed
2005-03-15,38.95000076293945,39.03749847412109,38.6349983215332,38.63999938964844,27.52931785583496,390800,Yahoo Finance,RSP,2026-09-11T22:08:08+08:00,confirmed
2005-03-16,38.525001525878906,38.525001525878906,38.1875,38.25,27.25145721435547,478800,Yahoo Finance,RSP,2026-09-11T22:08:08+08:00,confirmed
2005-03-17,38.27000045776367,38.45750045776367,38.192501068115234,38.3650016784668,27.33339500427246,340800,Yahoo Finance,RSP,2026-09-11T22:08:08+08:00,confirmed
2005-03-18,38.307498931884766,38.310001373291016,38.01250076293945,38.185001373291016,27.2680606842041,219600,Yahoo Finance,RSP,2026-09-11T22:08:08+08:00,confirmed
2005-03-21,38.192501068115234,38.192501068115234,37.9375,38.12749862670898,27.22700500488281,335600,Yahoo Finance,RSP,2026-09-11T22:08:08+08:00,confirmed
2005-03-22,38.18000030517578,38.345001220703125,37.76250076293945,37.76499938964844,26.96812629699707,244800,Yahoo Finance,RSP,2026-09-11T22:08:08+08:00,confirmed
2005-03-23,37.70000076293945,37.86249923706055,37.650001525878906,37.76250076293945,26.96634292602539,324400,Yahoo Finance,RSP,2026-09-11T22:08:08+08:00,confirmed
2005-03-24,37.88249969482422,38.0099983215332,37.78749847412109,37.78749847412109,26.98419570922852,325600,Yahoo Finance,RSP,2026-09-11T22:08:08+08:00,confirmed
2005-03-28,37.935001373291016,37.9900016784668,37.79999923706055,37.81999969482422,27.00740623474121,365600,Yahoo Finance,RSP,2026-09-11T22:08:08+08:00,confirmed
2005-03-29,37.72999954223633,37.92250061035156,37.36000061035156,37.407501220703125,26.71283531188965,762800,Yahoo Finance,RSP,2026-09-11T22:08:08+08:00,confirmed
2005-03-30,37.584999084472656,37.96749877929688,37.54750061035156,37.96749877929688,27.112735748291016,203600,Yahoo Finance,RSP,2026-09-11T22:08:08+08:00,confirmed
2005-03-31,37.98500061035156,38.10749816894531,37.95000076293945,38.02750015258789,27.15558433532715,429200,Yahoo Finance,RSP,2026-09-11T22:08:08+08:00,confirmed
2005-04-01,38.20000076293945,38.380001068115234,37.73749923706055,37.900001525878906,27.064542770385746,209200,Yahoo Finance,RSP,2026-09-11T22:08:08+08:00,confirmed
2005-04-04,37.837501525878906,37.98749923706055,37.65250015258789,37.900001525878906,27.064542770385746,177200,Yahoo Finance,RSP,2026-09-11T22:08:08+08:00,confirmed
2005-04-05,37.962501525878906,38.09999847412109,37.92499923706055,38.04999923706055,27.17164802551269,162400,Yahoo Finance,RSP,2026-09-11T22:08:08+08:00,confirmed
2005-04-06,38.150001525878906,38.3025016784668,38.067501068115234,38.10499954223633,27.21091651916504,336800,Yahoo Finance,RSP,2026-09-11T22:08:08+08:00,confirmed
2005-04-07,38.1775016784668,38.375,38.125,38.3650016784668,27.396596908569336,164800,Yahoo Finance,RSP,2026-09-11T22:08:08+08:00,confirmed
2005-04-08,38.42499923706055,38.42499923706055,38.05500030517578,38.06999969482422,27.185932159423828,104000,Yahoo Finance,RSP,2026-09-11T22:08:08+08:00,confirmed
2005-04-11,38.125,38.125,37.9275016784668,38.04999923706055,27.17164802551269,122400,Yahoo Finance,RSP,2026-09-11T22:08:08+08:00,confirmed
2005-04-12,38.01250076293945,38.31499862670898,37.665000915527344,38.244998931884766,27.31090545654297,238400,Yahoo Finance,RSP,2026-09-11T22:08:08+08:00,confirmed
2005-04-13,38.150001525878906,38.150001525878906,37.622501373291016,37.70500183105469,26.92529296875,217600,Yahoo Finance,RSP,2026-09-11T22:08:08+08:00,confirmed
2005-04-14,37.720001220703125,37.720001220703125,37.150001525878906,37.150001525878906,26.528947830200195,339200,Yahoo Finance,RSP,2026-09-11T22:08:08+08:00,confirmed
2005-04-15,36.900001525878906,37.02999877929688,36.35499954223633,36.400001525878906,25.993379592895508,807600,Yahoo Finance,RSP,2026-09-11T22:08:08+08:00,confirmed
2005-04-18,36.400001525878906,36.685001373291016,36.32749938964844,36.57500076293945,26.11835479736328,1053200,Yahoo Finance,RSP,2026-09-11T22:08:08+08:00,confirmed
2005-04-19,36.84999847412109,36.977500915527344,36.53749847412109,36.9375,26.377206802368164,674800,Yahoo Finance,RSP,2026-09-11T22:08:08+08:00,confirmed
2005-04-20,36.97499847412109,36.997501373291016,36.36750030517578,36.4375,26.020153045654297,636800,Yahoo Finance,RSP,2026-09-11T22:08:08+08:00,confirmed
2005-04-21,36.66249847412109,37.13750076293945,36.64500045776367,37.13249969482422,26.516462326049805,286000,Yahoo Finance,RSP,2026-09-11T22:08:08+08:00,confirmed
2005-04-22,37.06499862670898,37.08000183105469,36.54249954223633,36.775001525878906,26.26117515563965,211200,Yahoo Finance,RSP,2026-09-11T22:08:08+08:00,confirmed
2005-04-25,37.032501220703125,37.20000076293945,37.0,37.16999816894531,26.543243408203125,205200,Yahoo Finance,RSP,2026-09-11T22:08:08+08:00,confirmed
2005-04-26,37.130001068115234,37.290000915527344,36.8125,36.8125,26.287954330444336,142000,Yahoo Finance,RSP,2026-09-11T22:08:08+08:00,confirmed
2005-04-27,36.72499847412109,37.0,36.470001220703125,36.88999938964844,26.343297958374023,211200,Yahoo Finance,RSP,2026-09-11T22:08:08+08:00,confirmed
2005-04-28,36.837501525878906,36.84000015258789,36.43000030517578,36.43000030517578,26.01480484008789,210400,Yahoo Finance,RSP,2026-09-11T22:08:08+08:00,confirmed
2005-04-29,36.6875,36.85499954223633,36.272499084472656,36.8125,26.287954330444336,275600,Yahoo Finance,RSP,2026-09-11T22:08:08+08:00,confirmed
2005-05-02,36.98500061035156,37.095001220703125,36.807498931884766,37.01750183105469,26.43433952331543,278800,Yahoo Finance,RSP,2026-09-11T22:08:08+08:00,confirmed
2005-05-03,37.0,37.25,36.875,37.02750015258789,26.441484451293945,305200,Yahoo Finance,RSP,2026-09-11T22:08:08+08:00,confirmed
2005-05-04,37.20000076293945,37.58000183105469,37.1150016784668,37.532501220703125,26.80210876464844,356800,Yahoo Finance,RSP,2026-09-11T22:08:08+08:00,confirmed
2005-05-05,37.58250045776367,37.6775016784668,37.29999923706055,37.45750045776367,26.7485466003418,467200,Yahoo Finance,RSP,2026-09-11T22:08:08+08:00,confirmed
2005-05-06,37.657501220703125,37.657501220703125,37.43000030517578,37.525001525878906,26.796751022338867,450800,Yahoo Finance,RSP,2026-09-11T22:08:08+08:00,confirmed
2005-05-09,37.5,37.76250076293945,37.459999084472656,37.76250076293945,26.96634292602539,596800,Yahoo Finance,RSP,2026-09-11T22:08:08+08:00,confirmed
2005-05-10,37.54999923706055,37.57749938964844,37.255001068115234,37.34999847412109,26.671783447265625,286800,Yahoo Finance,RSP,2026-09-11T22:08:08+08:00,confirmed
2005-05-11,37.43999862670898,37.52999877929688,37.08000183105469,37.5,26.778892517089844,120000,Yahoo Finance,RSP,2026-09-11T22:08:08+08:00,confirmed
2005-05-12,37.53499984741211,37.63750076293945,37.03749847412109,37.125,26.5111083984375,234000,Yahoo Finance,RSP,2026-09-11T22:08:08+08:00,confirmed
2005-05-13,37.06499862670898,37.22999954223633,36.61249923706055,36.92499923706055,26.36829376220703,425200,Yahoo Finance,RSP,2026-09-11T22:08:08+08:00,confirmed
2005-05-16,36.97499847412109,37.33250045776367,36.97499847412109,37.33250045776367,26.659276962280277,209600,Yahoo Finance,RSP,2026-09-11T22:08:08+08:00,confirmed
2005-05-17,37.22499847412109,37.64250183105469,37.15250015258789,37.61750030517578,26.86280059814453,128000,Yahoo Finance,RSP,2026-09-11T22:08:08+08:00,confirmed
2005-05-18,37.88249969482422,38.182498931884766,37.810001373291016,38.130001068115234,27.22878074645996,444400,Yahoo Finance,RSP,2026-09-11T22:08:08+08:00,confirmed
2005-05-19,38.13750076293945,38.29750061035156,38.0625,38.28499984741211,27.339468002319336,397200,Yahoo Finance,RSP,2026-09-11T22:08:08+08:00,confirmed
2005-05-20,38.247501373291016,38.345001220703125,38.16999816894531,38.34000015258789,27.378740310668945,189200,Yahoo Finance,RSP,2026-09-11T22:08:08+08:00,confirmed
2005-05-23,38.400001525878906,38.59749984741211,38.33250045776367,38.4900016784668,27.48585319519043,644000,Yahoo Finance,RSP,2026-09-11T22:08:08+08:00,confirmed
2005-05-24,38.41249847412109,38.47999954223633,38.29999923706055,38.41999816894531,27.435871124267575,198400,Yahoo Finance,RSP,2026-09-11T22:08:08+08:00,confirmed
2005-05-25,38.36249923706055,38.36249923706055,38.165000915527344,38.290000915527344,27.34303855895996,87200,Yahoo Finance,RSP,2026-09-11T22:08:08+08:00,confirmed
2005-05-26,38.43000030517578,38.60749816894531,38.290000915527344,38.56499862670898,27.539419174194336,229600,Yahoo Finance,RSP,2026-09-11T22:08:08+08:00,confirmed
2005-05-27,38.54999923706055,38.66999816894531,38.53749847412109,38.647499084472656,27.598337173461918,149200,Yahoo Finance,RSP,2026-09-11T22:08:08+08:00,confirmed
2005-05-31,38.625,38.6974983215332,38.46749877929688,38.46749877929688,27.46977996826172,117200,Yahoo Finance,RSP,2026-09-11T22:08:08+08:00,confirmed
2005-06-01,38.50249862670898,38.97999954223633,38.5,38.85749816894531,27.748291015625,171600,Yahoo Finance,RSP,2026-09-11T22:08:08+08:00,confirmed
2005-06-02,38.78499984741211,38.97999954223633,38.75,38.96749877929688,27.826833724975582,102400,Yahoo Finance,RSP,2026-09-11T22:08:08+08:00,confirmed
2005-06-03,38.92499923706055,39.0,38.685001373291016,38.775001525878906,27.68938446044922,276800,Yahoo Finance,RSP,2026-09-11T22:08:08+08:00,confirmed
2005-06-06,38.775001525878906,38.82749938964844,38.625,38.78749847412109,27.698305130004883,220800,Yahoo Finance,RSP,2026-09-11T22:08:08+08:00,confirmed
2005-06-07,38.900001525878906,39.209999084472656,38.8224983215332,38.83000183105469,27.72865867614746,246400,Yahoo Finance,RSP,2026-09-11T22:08:08+08:00,confirmed
2005-06-08,38.89250183105469,38.98249816894531,38.6875,38.72999954223633,27.657241821289062,292000,Yahoo Finance,RSP,2026-09-11T22:08:08+08:00,confirmed
2005-06-09,38.70000076293945,38.970001220703125,38.60499954223633,38.962501525878906,27.82327651977539,262400,Yahoo Finance,RSP,2026-09-11T22:08:08+08:00,confirmed
2005-06-10,38.98749923706055,39.057498931884766,38.75249862670898,38.915000915527344,27.789352416992188,346400,Yahoo Finance,RSP,2026-09-11T22:08:08+08:00,confirmed
2005-06-13,38.875,39.20000076293945,38.78499984741211,39.057498931884766,27.89110565185547,235200,Yahoo Finance,RSP,2026-09-11T22:08:08+08:00,confirmed
2005-06-14,39.057498931884766,39.32749938964844,39.057498931884766,39.212501525878906,28.00179672241211,126000,Yahoo Finance,RSP,2026-09-11T22:08:08+08:00,confirmed
2005-06-15,39.369998931884766,39.369998931884766,39.04499816894531,39.31499862670898,28.074995040893555,293600,Yahoo Finance,RSP,2026-09-11T22:08:08+08:00,confirmed
2005-06-16,39.290000915527344,39.51499938964844,39.290000915527344,39.51499938964844,28.217819213867188,352000,Yahoo Finance,RSP,2026-09-11T22:08:08+08:00,confirmed
2005-06-17,39.650001525878906,39.657501220703125,39.45500183105469,39.58000183105469,28.33218765258789,238800,Yahoo Finance,RSP,2026-09-11T22:08:08+08:00,confirmed
2005-06-20,39.4375,39.602500915527344,39.3224983215332,39.5,28.2748966217041,211200,Yahoo Finance,RSP,2026-09-11T22:08:08+08:00,confirmed
2005-06-21,39.54999923706055,39.587501525878906,39.415000915527344,39.48500061035156,28.2641658782959,154400,Yahoo Finance,RSP,2026-09-11T22:08:08+08:00,confirmed
2005-06-22,39.650001525878906,39.70500183105469,39.41999816894531,39.52000045776367,28.289230346679688,646800,Yahoo Finance,RSP,2026-09-11T22:08:08+08:00,confirmed
2005-06-23,39.52000045776367,39.6150016784668,39.09000015258789,39.09000015258789,27.98140525817871,247600,Yahoo Finance,RSP,2026-09-11T22:08:08+08:00,confirmed
2005-06-24,39.03749847412109,39.05500030517578,38.7400016784668,38.7599983215332,27.745189666748047,525200,Yahoo Finance,RSP,2026-09-11T22:08:08+08:00,confirmed
2005-06-27,38.71500015258789,38.8125,38.65499877929688,38.76499938964844,27.748783111572266,1785200,Yahoo Finance,RSP,2026-09-11T22:08:08+08:00,confirmed
2005-06-28,38.82500076293945,39.20000076293945,38.82500076293945,39.19499969482422,28.05657768249512,517600,Yahoo Finance,RSP,2026-09-11T22:08:08+08:00,confirmed
2005-06-29,39.20249938964844,39.255001068115234,39.095001220703125,39.150001525878906,28.02436637878418,255200,Yahoo Finance,RSP,2026-09-11T22:08:08+08:00,confirmed
2005-06-30,39.25749969482422,39.31499862670898,38.95000076293945,38.96500015258789,27.891939163208008,176000,Yahoo Finance,RSP,2026-09-11T22:08:08+08:00,confirmed
2005-07-01,39.09999847412109,39.16999816894531,39.02999877929688,39.087501525878906,27.979637145996094,116000,Yahoo Finance,RSP,2026-09-11T22:08:08+08:00,confirmed
2005-07-05,39.025001525878906,39.5099983215332,39.025001525878906,39.49250030517578,28.26952743530273,174400,Yahoo Finance,RSP,2026-09-11T22:08:08+08:00,confirmed
2005-07-06,39.41249847412109,39.5099983215332,39.18999862670898,39.21749877929688,28.07267951965332,176000,Yahoo Finance,RSP,2026-09-11T22:08:08+08:00,confirmed
2005-07-07,38.875,39.32749938964844,38.79249954223633,39.32749938964844,28.151426315307617,294000,Yahoo Finance,RSP,2026-09-11T22:08:08+08:00,confirmed
2005-07-08,39.32500076293945,39.82749938964844,39.32500076293945,39.81999969482422,28.50395774841309,256400,Yahoo Finance,RSP,2026-09-11T22:08:08+08:00,confirmed
2005-07-11,39.900001525878906,40.11750030517578,39.880001068115234,40.09999847412109,28.704389572143555,290000,Yahoo Finance,RSP,2026-09-11T22:08:08+08:00,confirmed
2005-07-12,40.150001525878906,40.27750015258789,39.96749877929688,40.17499923706055,28.758087158203125,316800,Yahoo Finance,RSP,2026-09-11T22:08:08+08:00,confirmed
2005-07-13,40.212501525878906,40.23500061035156,40.09000015258789,40.20000076293945,28.77598762512207,104800,Yahoo Finance,RSP,2026-09-11T22:08:08+08:00,confirmed
2005-07-14,40.462501525878906,40.61249923706055,40.20750045776367,40.29999923706055,28.84755516052246,221200,Yahoo Finance,RSP,2026-09-11T22:08:08+08:00,confirmed
2005-07-15,40.3224983215332,40.372501373291016,40.182498931884766,40.337501525878906,28.874406814575195,117600,Yahoo Finance,RSP,2026-09-11T22:08:08+08:00,confirmed
2005-07-18,40.23249816894531,40.32749938964844,40.212501525878906,40.3025016784668,28.849342346191406,180000,Yahoo Finance,RSP,2026-09-11T22:08:08+08:00,confirmed
2005-07-19,40.47249984741211,40.59249877929688,40.34999847412109,40.560001373291016,29.033668518066406,214800,Yahoo Finance,RSP,2026-09-11T22:08:08+08:00,confirmed
2005-07-20,40.47499847412109,40.88999938964844,40.36249923706055,40.8025016784668,29.207258224487305,283600,Yahoo Finance,RSP,2026-09-11T22:08:08+08:00,confirmed
2005-07-21,40.78749847412109,40.78749847412109,40.42250061035156,40.45000076293945,28.95493698120117,371600,Yahoo Finance,RSP,2026-09-11T22:08:08+08:00,confirmed
2005-07-22,40.61249923706055,40.79750061035156,40.5,40.79750061035156,29.203676223754883,160400,Yahoo Finance,RSP,2026-09-11T22:08:08+08:00,confirmed
2005-07-25,40.82500076293945,40.91749954223633,40.560001373291016,40.57500076293945,29.044408798217773,264000,Yahoo Finance,RSP,2026-09-11T22:08:08+08:00,confirmed
2005-07-26,40.6875,40.810001373291016,40.63999938964844,40.727500915527344,29.153568267822266,140400,Yahoo Finance,RSP,2026-09-11T22:08:08+08:00,confirmed
2005-07-27,40.86249923706055,40.91249847412109,40.6875,40.91249847412109,29.286006927490234,304000,Yahoo Finance,RSP,2026-09-11T22:08:08+08:00,confirmed
2005-07-28,41.025001525878906,41.20000076293945,40.87749862670898,41.1775016784668,29.47568130493164,329600,Yahoo Finance,RSP,2026-09-11T22:08:08+08:00,confirmed
2005-07-29,41.17499923706055,41.2599983215332,40.935001373291016,40.95500183105469,29.31642723083496,319600,Yahoo Finance,RSP,2026-09-11T22:08:08+08:00,confirmed
2005-08-01,41.04999923706055,41.07749938964844,40.88999938964844,40.95750045776367,29.31820297241211,312400,Yahoo Finance,RSP,2026-09-11T22:08:08+08:00,confirmed
2005-08-02,41.025001525878906,41.23249816894531,41.01750183105469,41.16249847412109,29.464954376220703,179200,Yahoo Finance,RSP,2026-09-11T22:08:08+08:00,confirmed
2005-08-03,41.13999938964844,41.2599983215332,41.09000015258789,41.20750045776367,29.49717903137207,193200,Yahoo Finance,RSP,2026-09-11T22:08:08+08:00,confirmed
2005-08-04,41.0625,41.07500076293945,40.8650016784668,40.875,29.25916290283203,1064800,Yahoo Finance,RSP,2026-09-11T22:08:08+08:00,confirmed
2005-08-05,40.78499984741211,40.78499984741211,40.42499923706055,40.5,28.99071884155273,280400,Yahoo Finance,RSP,2026-09-11T22:08:08+08:00,confirmed
2005-08-08,40.57500076293945,40.692501068115234,40.32500076293945,40.34000015258789,28.87617874145508,384800,Yahoo Finance,RSP,2026-09-11T22:08:08+08:00,confirmed
2005-08-09,40.57500076293945,40.625,40.470001220703125,40.58000183105469,29.047983169555664,469600,Yahoo Finance,RSP,2026-09-11T22:08:08+08:00,confirmed
2005-08-10,40.77750015258789,40.97499847412109,40.46749877929688,40.5625,29.03546524047852,437200,Yahoo Finance,RSP,2026-09-11T22:08:08+08:00,confirmed
2005-08-11,40.58250045776367,40.82749938964844,40.55500030517578,40.744998931884766,29.16609764099121,321600,Yahoo Finance,RSP,2026-09-11T22:08:08+08:00,confirmed
2005-08-12,40.70000076293945,40.73749923706055,40.435001373291016,40.6150016784668,29.073041915893555,560400,Yahoo Finance,RSP,2026-09-11T22:08:08+08:00,confirmed
2005-08-15,40.625,40.88750076293945,40.48749923706055,40.88750076293945,29.268102645874023,230400,Yahoo Finance,RSP,2026-09-11T22:08:08+08:00,confirmed
2005-08-16,40.73749923706055,40.73749923706055,40.22249984741211,40.244998931884766,28.808183670043945,369200,Yahoo Finance,RSP,2026-09-11T22:08:08+08:00,confirmed
2005-08-17,40.25,40.43000030517578,40.16749954223633,40.3125,28.85651588439941,387600,Yahoo Finance,RSP,2026-09-11T22:08:08+08:00,confirmed
2005-08-18,40.150001525878906,40.31999969482422,40.087501525878906,40.15999984741211,28.74733543395996,163600,Yahoo Finance,RSP,2026-09-11T22:08:08+08:00,confirmed
2005-08-19,40.32500076293945,40.41249847412109,40.27000045776367,40.29999923706055,28.84755516052246,120400,Yahoo Finance,RSP,2026-09-11T22:08:08+08:00,confirmed
2005-08-22,40.42499923706055,40.59000015258789,40.192501068115234,40.32749938964844,28.86723518371582,150000,Yahoo Finance,RSP,2026-09-11T22:08:08+08:00,confirmed
2005-08-23,40.40999984741211,40.40999984741211,40.10749816894531,40.244998931884766,28.808183670043945,383200,Yahoo Finance,RSP,2026-09-11T22:08:08+08:00,confirmed
2005-08-24,40.22249984741211,40.49250030517578,40.025001525878906,40.025001525878906,28.65070915222168,227600,Yahoo Finance,RSP,2026-09-11T22:08:08+08:00,confirmed
2005-08-25,40.147499084472656,40.22999954223633,40.067501068115234,40.1775016784668,28.759876251220703,265600,Yahoo Finance,RSP,2026-09-11T22:08:08+08:00,confirmed
2005-08-26,40.130001068115234,40.1775016784668,39.869998931884766,39.962501525878906,28.605966567993164,227600,Yahoo Finance,RSP,2026-09-11T22:08:08+08:00,confirmed
2005-08-29,39.91749954223633,40.25,39.75,40.25,28.811767578125,249600,Yahoo Finance,RSP,2026-09-11T22:08:08+08:00,confirmed
2005-08-30,40.0525016784668,40.057498931884766,39.772499084472656,39.9275016784668,28.58092498779297,207200,Yahoo Finance,RSP,2026-09-11T22:08:08+08:00,confirmed
2005-08-31,40.095001220703125,40.59749984741211,39.91249847412109,40.59749984741211,29.060518264770508,395200,Yahoo Finance,RSP,2026-09-11T22:08:08+08:00,confirmed
2005-09-01,40.525001525878906,40.692501068115234,40.352500915527344,40.5,28.99071884155273,364000,Yahoo Finance,RSP,2026-09-11T22:08:08+08:00,confirmed
2005-09-02,40.625,40.625,40.375,40.397499084472656,28.917348861694336,194800,Yahoo Finance,RSP,2026-09-11T22:08:08+08:00,confirmed
2005-09-06,40.650001525878906,40.872501373291016,40.5525016784668,40.872501373291016,29.257354736328125,152400,Yahoo Finance,RSP,2026-09-11T22:08:08+08:00,confirmed
2005-09-07,40.84999847412109,40.994998931884766,40.78749847412109,40.98749923706055,29.339683532714844,262400,Yahoo Finance,RSP,2026-09-11T22:08:08+08:00,confirmed
2005-09-08,40.84999847412109,40.962501525878906,40.76499938964844,40.772499084472656,29.18578720092773,83200,Yahoo Finance,RSP,2026-09-11T22:08:08+08:00,confirmed
2005-09-09,40.91249847412109,41.212501525878906,40.89500045776367,41.212501525878906,29.500736236572266,155200,Yahoo Finance,RSP,2026-09-11T22:08:08+08:00,confirmed
2005-09-12,41.15250015258789,41.27999877929688,41.15250015258789,41.23749923706055,29.51861953735352,317200,Yahoo Finance,RSP,2026-09-11T22:08:08+08:00,confirmed
2005-09-13,41.10499954223633,41.227500915527344,40.959999084472656,40.959999084472656,29.32000732421875,106800,Yahoo Finance,RSP,2026-09-11T22:08:08+08:00,confirmed
2005-09-14,41.04999923706055,41.04999923706055,40.75749969482422,40.85499954223633,29.244842529296875,246800,Yahoo Finance,RSP,2026-09-11T22:08:08+08:00,confirmed
2005-09-15,40.93999862670898,40.93999862670898,40.665000915527344,40.74250030517578,29.164329528808597,213600,Yahoo Finance,RSP,2026-09-11T22:08:08+08:00,confirmed
2005-09-16,40.84999847412109,40.932498931884766,40.665000915527344,40.932498931884766,29.377641677856445,364000,Yahoo Finance,RSP,2026-09-11T22:08:08+08:00,confirmed
2005-09-19,40.79999923706055,40.79999923706055,40.5,40.61000061035156,29.146175384521484,235200,Yahoo Finance,RSP,2026-09-11T22:08:08+08:00,confirmed
2005-09-20,40.70500183105469,40.747501373291016,40.19499969482422,40.24250030517578,28.882421493530277,352400,Yahoo Finance,RSP,2026-09-11T22:08:08+08:00,confirmed
2005-09-21,40.03749847412109,40.0724983215332,39.727500915527344,39.727500915527344,28.512805938720703,321600,Yahoo Finance,RSP,2026-09-11T22:08:08+08:00,confirmed
2005-09-22,39.70249938964844,39.95249938964844,39.54999923706055,39.88750076293945,28.627649307250977,913600,Yahoo Finance,RSP,2026-09-11T22:08:08+08:00,confirmed
2005-09-23,39.84999847412109,40.17499923706055,39.790000915527344,40.02750015258789,28.728116989135746,736000,Yahoo Finance,RSP,2026-09-11T22:08:08+08:00,confirmed
2005-09-26,40.29999923706055,40.3224983215332,39.95500183105469,40.08250045776367,28.767580032348636,260800,Yahoo Finance,RSP,2026-09-11T22:08:08+08:00,confirmed
2005-09-27,40.087501525878906,40.220001220703125,39.92499923706055,40.11000061035156,28.7873477935791,274000,Yahoo Finance,RSP,2026-09-11T22:08:08+08:00,confirmed
2005-09-28,40.307498931884766,40.337501525878906,40.04750061035156,40.185001373291016,28.84115982055664,188800,Yahoo Finance,RSP,2026-09-11T22:08:08+08:00,confirmed
2005-09-29,40.07500076293945,40.53749847412109,39.96749877929688,40.5,29.067237854003903,686800,Yahoo Finance,RSP,2026-09-11T22:08:08+08:00,confirmed
2005-09-30,40.560001373291016,40.7400016784668,40.50749969482422,40.692501068115234,29.20539665222168,203600,Yahoo Finance,RSP,2026-09-11T22:08:08+08:00,confirmed
2005-10-03,40.70000076293945,40.872501373291016,40.625,40.72499847412109,29.228710174560547,241200,Yahoo Finance,RSP,2026-09-11T22:08:08+08:00,confirmed
2005-10-04,40.78749847412109,40.86249923706055,40.255001068115234,40.255001068115234,28.891395568847656,674800,Yahoo Finance,RSP,2026-09-11T22:08:08+08:00,confirmed
2005-10-05,40.212501525878906,40.212501525878906,39.54999923706055,39.54999923706055,28.38541030883789,433200,Yahoo Finance,RSP,2026-09-11T22:08:08+08:00,confirmed
2005-10-06,39.57500076293945,39.73249816894531,39.00749969482422,39.34000015258789,28.234699249267575,575200,Yahoo Finance,RSP,2026-09-11T22:08:08+08:00,confirmed
2005-10-07,39.505001068115234,39.54999923706055,39.369998931884766,39.48749923706055,28.340559005737305,443200,Yahoo Finance,RSP,2026-09-11T22:08:08+08:00,confirmed
2005-10-10,39.42499923706055,39.4275016784668,39.00249862670898,39.02000045776367,28.005029678344727,292400,Yahoo Finance,RSP,2026-09-11T22:08:08+08:00,confirmed
2005-10-11,39.212501525878906,39.21500015258789,38.76750183105469,38.8224983215332,27.863269805908203,247200,Yahoo Finance,RSP,2026-09-11T22:08:08+08:00,confirmed
2005-10-12,38.82749938964844,39.0,38.375,38.42499923706055,27.5779972076416,1147200,Yahoo Finance,RSP,2026-09-11T22:08:08+08:00,confirmed
2005-10-13,38.42499923706055,38.53499984741211,38.18999862670898,38.4474983215332,27.594148635864254,744000,Yahoo Finance,RSP,2026-09-11T22:08:08+08:00,confirmed
2005-10-14,38.727500915527344,38.88999938964844,38.45000076293945,38.88249969482422,27.906330108642575,968400,Yahoo Finance,RSP,2026-09-11T22:08:08+08:00,confirmed
2005-10-17,39.025001525878906,39.05500030517578,38.817501068115234,39.01499938964844,28.00143814086914,706800,Yahoo Finance,RSP,2026-09-11T22:08:08+08:00,confirmed
2005-10-18,38.869998931884766,38.907501220703125,38.595001220703125,38.59749984741211,27.701791763305664,1834800,Yahoo Finance,RSP,2026-09-11T22:08:08+08:00,confirmed
2005-10-19,38.34999847412109,39.147499084472656,38.25,39.147499084472656,28.096540451049805,956000,Yahoo Finance,RSP,2026-09-11T22:08:08+08:00,confirmed
2005-10-20,39.165000915527344,39.28749847412109,38.477500915527344,38.59749984741211,27.701791763305664,692400,Yahoo Finance,RSP,2026-09-11T22:08:08+08:00,confirmed
2005-10-21,38.900001525878906,38.93999862670898,38.57500076293945,38.77750015258789,27.830978393554688,454000,Yahoo Finance,RSP,2026-09-11T22:08:08+08:00,confirmed
2005-10-24,38.900001525878906,39.42499923706055,38.900001525878906,39.42499923706055,28.295698165893555,683200,Yahoo Finance,RSP,2026-09-11T22:08:08+08:00,confirmed
2005-10-25,39.400001525878906,39.50249862670898,39.057498931884766,39.27750015258789,28.189842224121094,727200,Yahoo Finance,RSP,2026-09-11T22:08:08+08:00,confirmed
2005-10-26,39.29999923706055,39.52999877929688,39.09999847412109,39.125,28.08038902282715,526400,Yahoo Finance,RSP,2026-09-11T22:08:08+08:00,confirmed
2005-10-27,39.13999938964844,39.13999938964844,38.595001220703125,38.60499954223633,27.707183837890625,331600,Yahoo Finance,RSP,2026-09-11T22:08:08+08:00,confirmed
2005-10-28,38.775001525878906,39.220001220703125,38.65999984741211,39.212501525878906,28.143190383911133,426400,Yahoo Finance,RSP,2026-09-11T22:08:08+08:00,confirmed
2005-10-31,39.462501525878906,39.81999969482422,39.462501525878906,39.602500915527344,28.423099517822266,474000,Yahoo Finance,RSP,2026-09-11T22:08:08+08:00,confirmed
2005-11-01,39.712501525878906,39.73249816894531,39.505001068115234,39.560001373291016,28.39258575439453,317600,Yahoo Finance,RSP,2026-09-11T22:08:08+08:00,confirmed
2005-11-02,39.57500076293945,40.08250045776367,39.57500076293945,40.08250045776367,28.767580032348636,1056000,Yahoo Finance,RSP,2026-09-11T22:08:08+08:00,confirmed
2005-11-03,40.35749816894531,40.415000915527344,40.11249923706055,40.185001373291016,28.84115982055664,452000,Yahoo Finance,RSP,2026-09-11T22:08:08+08:00,confirmed
2005-11-04,40.29999923706055,40.337501525878906,40.04999923706055,40.209999084472656,28.859111785888672,672400,Yahoo Finance,RSP,2026-09-11T22:08:08+08:00,confirmed
2005-11-07,40.375,40.397499084472656,40.185001373291016,40.310001373291016,28.93086051940918,575200,Yahoo Finance,RSP,2026-09-11T22:08:08+08:00,confirmed
2005-11-08,40.17499923706055,40.192501068115234,40.04750061035156,40.16749954223633,28.828594207763672,788400,Yahoo Finance,RSP,2026-09-11T22:08:08+08:00,confirmed
2005-11-09,40.150001525878906,40.380001068115234,40.04499816894531,40.22249984741211,28.868070602416992,244800,Yahoo Finance,RSP,2026-09-11T22:08:08+08:00,confirmed
2005-11-10,40.23749923706055,40.622501373291016,40.022499084472656,40.57500076293945,29.12107276916504,494400,Yahoo Finance,RSP,2026-09-11T22:08:08+08:00,confirmed
2005-11-11,40.59249877929688,40.69499969482422,40.54499816894531,40.67499923706055,29.19284439086914,403600,Yahoo Finance,RSP,2026-09-11T22:08:08+08:00,confirmed
2005-11-14,40.72499847412109,40.77750015258789,40.584999084472656,40.65250015258789,29.17669486999512,290400,Yahoo Finance,RSP,2026-09-11T22:08:08+08:00,confirmed
2005-11-15,40.625,40.747501373291016,40.40250015258789,40.462501525878906,29.04031562805176,564800,Yahoo Finance,RSP,2026-09-11T22:08:08+08:00,confirmed
2005-11-16,40.59999847412109,40.59999847412109,40.41749954223633,40.56499862670898,29.113893508911133,362000,Yahoo Finance,RSP,2026-09-11T22:08:08+08:00,confirmed
2005-11-17,40.70000076293945,41.0724983215332,40.6875,41.0724983215332,29.47811508178711,223600,Yahoo Finance,RSP,2026-09-11T22:08:08+08:00,confirmed
2005-11-18,41.17499923706055,41.26750183105469,40.97249984741211,41.17499923706055,29.551685333251957,280000,Yahoo Finance,RSP,2026-09-11T22:08:08+08:00,confirmed
2005-11-21,41.22499847412109,41.43999862670898,41.150001525878906,41.42250061035156,29.72933006286621,264000,Yahoo Finance,RSP,2026-09-11T22:08:08+08:00,confirmed
2005-11-22,41.36249923706055,41.63999938964844,41.307498931884766,41.6150016784668,29.86748695373535,251200,Yahoo Finance,RSP,2026-09-11T22:08:08+08:00,confirmed
2005-11-23,41.63999938964844,41.935001373291016,41.59999847412109,41.77750015258789,29.98411750793457,495200,Yahoo Finance,RSP,2026-09-11T22:08:08+08:00,confirmed
2005-11-25,41.75,41.84249877929688,41.727500915527344,41.8125,30.009227752685547,171600,Yahoo Finance,RSP,2026-09-11T22:08:08+08:00,confirmed
2005-11-28,41.82500076293945,41.86249923706055,41.45249938964844,41.46500015258789,29.75981903076172,363200,Yahoo Finance,RSP,2026-09-11T22:08:08+08:00,confirmed
2005-11-29,41.53749847412109,41.77750015258789,41.53749847412109,41.59000015258789,29.84953498840332,320800,Yahoo Finance,RSP,2026-09-11T22:08:08+08:00,confirmed
2005-11-30,41.525001525878906,41.657501220703125,41.380001068115234,41.40499877929688,29.716760635375977,185200,Yahoo Finance,RSP,2026-09-11T22:08:08+08:00,confirmed
2005-12-01,41.68000030517578,42.02750015258789,41.63999938964844,42.02750015258789,30.16353988647461,261600,Yahoo Finance,RSP,2026-09-11T22:08:08+08:00,confirmed
2005-12-02,41.97499847412109,42.09000015258789,41.915000915527344,42.07500076293945,30.197633743286133,341600,Yahoo Finance,RSP,2026-09-11T22:08:08+08:00,confirmed
2005-12-05,42.0,42.0,41.73249816894531,41.91249847412109,30.08102035522461,142000,Yahoo Finance,RSP,2026-09-11T22:08:08+08:00,confirmed
2005-12-06,42.10499954223633,42.255001068115234,41.96500015258789,41.96749877929688,30.12047004699707,171200,Yahoo Finance,RSP,2026-09-11T22:08:08+08:00,confirmed
2005-12-07,42.01250076293945,42.01250076293945,41.650001525878906,41.75,29.964385986328125,285600,Yahoo Finance,RSP,2026-09-11T22:08:08+08:00,confirmed
2005-12-08,41.79999923706055,42.022499084472656,41.625,41.78499984741211,29.98949813842773,241200,Yahoo Finance,RSP,2026-09-11T22:08:08+08:00,confirmed
2005-12-09,41.84999847412109,42.084999084472656,41.77000045776367,41.96500015258789,30.118688583374023,132000,Yahoo Finance,RSP,2026-09-11T22:08:08+08:00,confirmed
2005-12-12,42.17499923706055,42.185001373291016,41.84749984741211,42.03749847412109,30.170711517333984,299600,Yahoo Finance,RSP,2026-09-11T22:08:08+08:00,confirmed
2005-12-13,42.0,42.352500915527344,41.96749877929688,42.247501373291016,30.32143211364746,220400,Yahoo Finance,RSP,2026-09-11T22:08:08+08:00,confirmed
2005-12-14,42.26250076293945,42.522499084472656,42.23749923706055,42.42250061035156,30.447025299072266,262400,Yahoo Finance,RSP,2026-09-11T22:08:08+08:00,confirmed
2005-12-15,42.4900016784668,42.494998931884766,42.16999816894531,42.29499816894531,30.355512619018555,184000,Yahoo Finance,RSP,2026-09-11T22:08:08+08:00,confirmed
2005-12-16,42.275001525878906,42.31499862670898,42.07500076293945,42.10499954223633,30.323314666748047,219200,Yahoo Finance,RSP,2026-09-11T22:08:08+08:00,confirmed
2005-12-19,42.16999816894531,42.16999816894531,41.6974983215332,41.70750045776367,30.037019729614254,224800,Yahoo Finance,RSP,2026-09-11T22:08:08+08:00,confirmed
2005-12-20,41.6875,41.86249923706055,41.60499954223633,41.73500061035156,30.05682373046875,356000,Yahoo Finance,RSP,2026-09-11T22:08:08+08:00,confirmed
2005-12-21,41.93000030517578,42.09000015258789,41.8125,41.91249847412109,30.18467712402344,477200,Yahoo Finance,RSP,2026-09-11T22:08:08+08:00,confirmed
2005-12-22,41.95000076293945,42.125,41.91999816894531,42.125,30.337705612182617,582800,Yahoo Finance,RSP,2026-09-11T22:08:08+08:00,confirmed
2005-12-23,42.17250061035156,42.20249938964844,42.09000015258789,42.17250061035156,30.371910095214844,374400,Yahoo Finance,RSP,2026-09-11T22:08:08+08:00,confirmed
2005-12-27,42.28749847412109,42.29499816894531,41.76750183105469,41.77000045776367,30.0820369720459,418000,Yahoo Finance,RSP,2026-09-11T22:08:08+08:00,confirmed
2005-12-28,41.875,41.942501068115234,41.78749847412109,41.91999816894531,30.190065383911133,167600,Yahoo Finance,RSP,2026-09-11T22:08:08+08:00,confirmed
2005-12-29,41.97249984741211,41.97249984741211,41.75,41.75,30.067642211914062,274400,Yahoo Finance,RSP,2026-09-11T22:08:08+08:00,confirmed
2005-12-30,41.70000076293945,41.70000076293945,41.46749877929688,41.48249816894531,29.875003814697266,482400,Yahoo Finance,RSP,2026-09-11T22:08:08+08:00,confirmed
2006-01-03,41.77000045776367,42.19499969482422,41.36249923706055,42.19499969482422,30.388118743896484,696400,Yahoo Finance,RSP,2026-09-11T22:08:08+08:00,confirmed
2006-01-04,42.14250183105469,42.47249984741211,42.13999938964844,42.4375,30.56275177001953,538400,Yahoo Finance,RSP,2026-09-11T22:08:08+08:00,confirmed
2006-01-05,42.38750076293945,42.54249954223633,42.3224983215332,42.4375,30.56275177001953,1370800,Yahoo Finance,RSP,2026-09-11T22:08:08+08:00,confirmed
2006-01-06,42.79999923706055,42.93000030517578,42.52750015258789,42.85499954223633,30.863433837890625,505200,Yahoo Finance,RSP,2026-09-11T22:08:08+08:00,confirmed
2006-01-09,42.9474983215332,43.16749954223633,42.88750076293945,43.147499084472656,31.07407760620117,624800,Yahoo Finance,RSP,2026-09-11T22:08:08+08:00,confirmed
2006-01-10,42.97499847412109,43.157501220703125,42.875,43.157501220703125,31.08129501342773,297200,Yahoo Finance,RSP,2026-09-11T22:08:08+08:00,confirmed
2006-01-11,43.21749877929688,43.275001525878906,43.09249877929688,43.25,31.147911071777344,351600,Yahoo Finance,RSP,2026-09-11T22:08:08+08:00,confirmed
2006-01-12,43.25,43.25,42.962501525878906,42.9900016784668,30.96068000793457,450400,Yahoo Finance,RSP,2026-09-11T22:08:08+08:00,confirmed
2006-01-13,43.025001525878906,43.08000183105469,42.89250183105469,43.02999877929688,30.98946189880371,194400,Yahoo Finance,RSP,2026-09-11T22:08:08+08:00,confirmed
2006-01-17,42.91249847412109,42.91249847412109,42.70000076293945,42.81999969482422,30.83823585510254,274800,Yahoo Finance,RSP,2026-09-11T22:08:08+08:00,confirmed
2006-01-18,42.650001525878906,42.89500045776367,42.60749816894531,42.77999877929688,30.809425354003903,510400,Yahoo Finance,RSP,2026-09-11T22:08:08+08:00,confirmed
2006-01-19,42.95000076293945,43.212501525878906,42.89500045776367,43.119998931884766,31.054279327392575,509200,Yahoo Finance,RSP,2026-09-11T22:08:08+08:00,confirmed
2006-01-20,43.17499923706055,43.17499923706055,42.40999984741211,42.4375,30.56275177001953,644000,Yahoo Finance,RSP,2026-09-11T22:08:08+08:00,confirmed
2006-01-23,42.57500076293945,42.682498931884766,42.45500183105469,42.54999923706055,30.643775939941406,304400,Yahoo Finance,RSP,2026-09-11T22:08:08+08:00,confirmed
2006-01-24,42.72499847412109,42.9375,42.6775016784668,42.8125,30.83282470703125,269600,Yahoo Finance,RSP,2026-09-11T22:08:08+08:00,confirmed
2006-01-25,42.97249984741211,42.97499847412109,42.587501525878906,42.82500076293945,30.841833114624023,321200,Yahoo Finance,RSP,2026-09-11T22:08:08+08:00,confirmed
2006-01-26,43.0724983215332,43.13249969482422,42.915000915527344,43.13249969482422,31.06329727172852,478400,Yahoo Finance,RSP,2026-09-11T22:08:08+08:00,confirmed
2006-01-27,43.244998931884766,43.53499984741211,43.13750076293945,43.38999938964844,31.24872398376465,897200,Yahoo Finance,RSP,2026-09-11T22:08:08+08:00,confirmed
2006-01-30,43.4474983215332,43.51250076293945,43.375,43.415000915527344,31.266735076904297,209200,Yahoo Finance,RSP,2026-09-11T22:08:08+08:00,confirmed
2006-01-31,43.31999969482422,43.40250015258789,43.125,43.15250015258789,31.077680587768555,290800,Yahoo Finance,RSP,2026-09-11T22:08:08+08:00,confirmed
2006-02-01,43.244998931884766,43.34749984741211,43.122501373291016,43.345001220703125,31.216323852539062,407200,Yahoo Finance,RSP,2026-09-11T22:08:08+08:00,confirmed
2006-02-02,43.32500076293945,43.32500076293945,42.84000015258789,42.96749877929688,30.9444637298584,832400,Yahoo Finance,RSP,2026-09-11T22:08:08+08:00,confirmed
2006-02-03,42.75,42.9375,42.595001220703125,42.64500045776367,30.71220588684082,604000,Yahoo Finance,RSP,2026-09-11T22:08:08+08:00,confirmed
2006-02-06,42.82749938964844,42.89500045776367,42.68999862670898,42.880001068115234,30.88144874572754,203200,Yahoo Finance,RSP,2026-09-11T22:08:08+08:00,confirmed
2006-02-07,42.79750061035156,42.86000061035156,42.432498931884766,42.51750183105469,30.6203670501709,1179200,Yahoo Finance,RSP,2026-09-11T22:08:08+08:00,confirmed
2006-02-08,42.560001373291016,42.8025016784668,42.462501525878906,42.77750015258789,30.8076171875,309200,Yahoo Finance,RSP,2026-09-11T22:08:08+08:00,confirmed
2006-02-09,42.86750030517578,43.04999923706055,42.665000915527344,42.71749877929688,30.76439476013184,248800,Yahoo Finance,RSP,2026-09-11T22:08:08+08:00,confirmed
2006-02-10,42.685001373291016,42.845001220703125,42.415000915527344,42.73500061035156,30.777023315429688,495600,Yahoo Finance,RSP,2026-09-11T22:08:08+08:00,confirmed
2006-02-13,42.70000076293945,42.70249938964844,42.47499847412109,42.59999847412109,30.679792404174805,551600,Yahoo Finance,RSP,2026-09-11T22:08:08+08:00,confirmed
2006-02-14,42.6150016784668,43.09999847412109,42.4900016784668,42.9900016784668,30.96068000793457,309200,Yahoo Finance,RSP,2026-09-11T22:08:08+08:00,confirmed
2006-02-15,43.025001525878906,43.22999954223633,42.90999984741211,43.22999954223633,31.133522033691406,414400,Yahoo Finance,RSP,2026-09-11T22:08:08+08:00,confirmed
2006-02-16,43.33250045776367,43.53749847412109,43.25,43.53749847412109,31.35496711730957,300400,Yahoo Finance,RSP,2026-09-11T22:08:08+08:00,confirmed
2006-02-17,43.462501525878906,43.622501373291016,43.45500183105469,43.5,31.32795143127441,327200,Yahoo Finance,RSP,2026-09-11T22:08:08+08:00,confirmed
2006-02-21,43.622501373291016,43.685001373291016,43.310001373291016,43.37749862670898,31.239730834960938,249600,Yahoo Finance,RSP,2026-09-11T22:08:08+08:00,confirmed
2006-02-22,43.400001525878906,43.782501220703125,43.400001525878906,43.657501220703125,31.44137382507324,341200,Yahoo Finance,RSP,2026-09-11T22:08:08+08:00,confirmed
2006-02-23,43.65999984741211,43.817501068115234,43.54249954223633,43.6150016784668,31.41077423095703,368000,Yahoo Finance,RSP,2026-09-11T22:08:08+08:00,confirmed
2006-02-24,43.59999847412109,43.71749877929688,43.48749923706055,43.65999984741211,31.443178176879883,241600,Yahoo Finance,RSP,2026-09-11T22:08:08+08:00,confirmed
2006-02-27,43.775001525878906,43.907501220703125,43.727500915527344,43.82749938964844,31.563810348510746,341200,Yahoo Finance,RSP,2026-09-11T22:08:08+08:00,confirmed
2006-02-28,43.64500045776367,43.66249847412109,43.23249816894531,43.29750061035156,31.182111740112305,638400,Yahoo Finance,RSP,2026-09-11T22:08:08+08:00,confirmed
2006-03-01,43.462501525878906,43.755001068115234,43.3650016784668,43.71500015258789,31.48280143737793,662000,Yahoo Finance,RSP,2026-09-11T22:08:08+08:00,confirmed
2006-03-02,43.60499954223633,43.71500015258789,43.45500183105469,43.70000076293945,31.471981048583984,258000,Yahoo Finance,RSP,2026-09-11T22:08:08+08:00,confirmed
2006-03-03,43.5099983215332,43.90250015258789,43.47499847412109,43.59000015258789,31.39275932312012,456400,Yahoo Finance,RSP,2026-09-11T22:08:08+08:00,confirmed
2006-03-06,43.57500076293945,43.57500076293945,43.10499954223633,43.17250061035156,31.092079162597656,331200,Yahoo Finance,RSP,2026-09-11T22:08:08+08:00,confirmed
2006-03-07,43.025001525878906,43.09999847412109,42.834999084472656,43.0099983215332,30.97506332397461,275200,Yahoo Finance,RSP,2026-09-11T22:08:08+08:00,confirmed
2006-03-08,42.8125,43.12749862670898,42.69499969482422,43.022499084472656,30.98406791687012,1773200,Yahoo Finance,RSP,2026-09-11T22:08:08+08:00,confirmed
2006-03-09,43.16749954223633,43.3025016784668,42.88750076293945,42.92499923706055,30.913854598999023,1158400,Yahoo Finance,RSP,2026-09-11T22:08:08+08:00,confirmed
2006-03-10,42.900001525878906,43.32749938964844,42.875,43.275001525878906,31.165916442871094,420800,Yahoo Finance,RSP,2026-09-11T22:08:08+08:00,confirmed
2006-03-13,43.38249969482422,43.51499938964844,43.3125,43.375,31.2379207611084,279600,Yahoo Finance,RSP,2026-09-11T22:08:08+08:00,confirmed
2006-03-14,43.34999847412109,43.88249969482422,43.34999847412109,43.84999847412109,31.580028533935547,312400,Yahoo Finance,RSP,2026-09-11T22:08:08+08:00,confirmed
2006-03-15,43.970001220703125,44.192501068115234,43.84999847412109,44.14250183105469,31.790666580200195,379200,Yahoo Finance,RSP,2026-09-11T22:08:08+08:00,confirmed
2006-03-16,44.255001068115234,44.45500183105469,44.18999862670898,44.29750061035156,31.90229034423828,403600,Yahoo Finance,RSP,2026-09-11T22:08:08+08:00,confirmed
2006-03-17,44.32500076293945,44.33250045776367,44.157501220703125,44.275001525878906,31.96239852905273,596000,Yahoo Finance,RSP,2026-09-11T22:08:08+08:00,confirmed
2006-03-20,44.34999847412109,44.34999847412109,44.06999969482422,44.12749862670898,31.85592460632324,180800,Yahoo Finance,RSP,2026-09-11T22:08:08+08:00,confirmed
2006-03-21,44.0625,44.3224983215332,43.77750015258789,43.77750015258789,31.60323715209961,202000,Yahoo Finance,RSP,2026-09-11T22:08:08+08:00,confirmed
2006-03-22,43.834999084472656,44.11249923706055,43.78749847412109,44.067501068115234,31.81258773803711,235600,Yahoo Finance,RSP,2026-09-11T22:08:08+08:00,confirmed
2006-03-23,44.04750061035156,44.084999084472656,43.880001068115234,44.084999084472656,31.82524299621582,238400,Yahoo Finance,RSP,2026-09-11T22:08:08+08:00,confirmed
2006-03-24,44.057498931884766,44.20500183105469,43.932498931884766,44.1349983215332,31.861316680908203,135200,Yahoo Finance,RSP,2026-09-11T22:08:08+08:00,confirmed
2006-03-27,44.05500030517578,44.147499084472656,44.0,44.11000061035156,31.843276977539062,149200,Yahoo Finance,RSP,2026-09-11T22:08:08+08:00,confirmed
2006-03-28,44.07500076293945,44.24250030517578,43.81999969482422,43.897499084472656,31.689889907836918,224800,Yahoo Finance,RSP,2026-09-11T22:08:08+08:00,confirmed
2006-03-29,44.00749969482422,44.34999847412109,43.91999816894531,44.28749847412109,31.97142219543457,246800,Yahoo Finance,RSP,2026-09-11T22:08:08+08:00,confirmed
2006-03-30,44.375,44.53749847412109,44.07500076293945,44.11750030517578,31.84870338439941,264000,Yahoo Finance,RSP,2026-09-11T22:08:08+08:00,confirmed
2006-03-31,44.25,44.25,43.977500915527344,44.09999847412109,31.83607292175293,284400,Yahoo Finance,RSP,2026-09-11T22:08:08+08:00,confirmed
2006-04-03,44.17499923706055,44.4474983215332,44.0,44.060001373291016,31.807188034057617,297200,Yahoo Finance,RSP,2026-09-11T22:08:08+08:00,confirmed
2006-04-04,44.057498931884766,44.36249923706055,43.91249847412109,44.29999923706055,31.980451583862305,222800,Yahoo Finance,RSP,2026-09-11T22:08:08+08:00,confirmed
2006-04-05,44.435001373291016,44.59249877929688,44.290000915527344,44.48249816894531,32.11220169067383,258800,Yahoo Finance,RSP,2026-09-11T22:08:08+08:00,confirmed
2006-04-06,44.5,44.5525016784668,44.27999877929688,44.497501373291016,32.123008728027344,172000,Yahoo Finance,RSP,2026-09-11T22:08:08+08:00,confirmed
2006-04-07,44.54999923706055,44.66999816894531,44.02000045776367,44.09249877929688,31.830638885498047,270400,Yahoo Finance,RSP,2026-09-11T22:08:08+08:00,confirmed
2006-04-10,44.09999847412109,44.15499877929688,43.88999938964844,44.067501068115234,31.81258773803711,125200,Yahoo Finance,RSP,2026-09-11T22:08:08+08:00,confirmed
2006-04-11,44.02000045776367,44.0724983215332,43.462501525878906,43.54999923706055,31.439022064208984,243200,Yahoo Finance,RSP,2026-09-11T22:08:08+08:00,confirmed
2006-04-12,43.65499877929688,43.747501373291016,43.525001525878906,43.66249847412109,31.520225524902344,269200,Yahoo Finance,RSP,2026-09-11T22:08:08+08:00,confirmed
2006-04-13,43.602500915527344,43.79499816894531,43.459999084472656,43.75249862670898,31.58521270751953,336000,Yahoo Finance,RSP,2026-09-11T22:08:08+08:00,confirmed
2006-04-17,43.817501068115234,43.845001220703125,43.442501068115234,43.622501373291016,31.491352081298828,208000,Yahoo Finance,RSP,2026-09-11T22:08:08+08:00,confirmed
2006-04-18,43.66999816894531,44.48749923706055,43.66999816894531,44.442501068115234,32.08332443237305,169200,Yahoo Finance,RSP,2026-09-11T22:08:08+08:00,confirmed
2006-04-19,44.59249877929688,44.647499084472656,44.345001220703125,44.647499084472656,32.23131561279297,174800,Yahoo Finance,RSP,2026-09-11T22:08:08+08:00,confirmed
2006-04-20,44.61249923706055,44.8650016784668,44.43999862670898,44.6349983215332,32.22228240966797,383600,Yahoo Finance,RSP,2026-09-11T22:08:08+08:00,confirmed
2006-04-21,44.85499954223633,44.85499954223633,44.42250061035156,44.525001525878906,32.142879486083984,240800,Yahoo Finance,RSP,2026-09-11T22:08:08+08:00,confirmed
2006-04-24,44.4275016784668,44.52750015258789,44.282501220703125,44.49250030517578,32.1193962097168,120000,Yahoo Finance,RSP,2026-09-11T22:08:08+08:00,confirmed
2006-04-25,44.525001525878906,44.5625,44.20000076293945,44.31499862670898,31.991260528564453,373600,Yahoo Finance,RSP,2026-09-11T22:08:08+08:00,confirmed
2006-04-26,44.522499084472656,44.60749816894531,44.30500030517578,44.43000030517578,32.07428359985352,322800,Yahoo Finance,RSP,2026-09-11T22:08:08+08:00,confirmed
2006-04-27,44.08000183105469,44.68999862670898,44.02000045776367,44.43999862670898,32.08150863647461,576700,Yahoo Finance,RSP,2026-09-11T22:08:08+08:00,confirmed
2006-04-28,44.43999862670898,44.63999938964844,44.38999938964844,44.47999954223633,32.11038589477539,216600,Yahoo Finance,RSP,2026-09-11T22:08:08+08:00,confirmed
2006-05-01,44.59999847412109,44.70000076293945,44.22999954223633,44.25,31.94434928894043,312800,Yahoo Finance,RSP,2026-09-11T22:08:08+08:00,confirmed
2006-05-02,44.4900016784668,44.560001373291016,44.290000915527344,44.5099983215332,32.132049560546875,251100,Yahoo Finance,RSP,2026-09-11T22:08:08+08:00,confirmed
2006-05-03,44.5099983215332,44.560001373291016,44.29999923706055,44.40999984741211,32.05986404418945,412200,Yahoo Finance,RSP,2026-09-11T22:08:08+08:00,confirmed
2006-05-04,44.630001068115234,44.720001220703125,44.54999923706055,44.619998931884766,32.211456298828125,307700,Yahoo Finance,RSP,2026-09-11T22:08:08+08:00,confirmed
2006-05-05,44.91999816894531,45.13999938964844,44.84000015258789,45.08000183105469,32.54356002807617,258200,Yahoo Finance,RSP,2026-09-11T22:08:08+08:00,confirmed
2006-05-08,45.150001525878906,45.209999084472656,45.08000183105469,45.13999938964844,32.58684158325195,337300,Yahoo Finance,RSP,2026-09-11T22:08:08+08:00,confirmed
2006-05-09,45.130001068115234,45.13999938964844,45.02000045776367,45.119998931884766,32.57242202758789,277000,Yahoo Finance,RSP,2026-09-11T22:08:08+08:00,confirmed
2006-05-10,45.06999969482422,45.18999862670898,44.900001525878906,45.09000015258789,32.55073928833008,281800,Yahoo Finance,RSP,2026-09-11T22:08:08+08:00,confirmed
2006-05-11,44.970001220703125,44.970001220703125,44.400001525878906,44.41999816894531,32.067073822021484,400600,Yahoo Finance,RSP,2026-09-11T22:08:08+08:00,confirmed
2006-05-12,44.20000076293945,44.400001525878906,43.900001525878906,43.900001525878906,31.69168472290039,718300,Yahoo Finance,RSP,2026-09-11T22:08:08+08:00,confirmed
2006-05-15,43.709999084472656,43.97999954223633,43.560001373291016,43.90999984741211,31.698909759521484,509600,Yahoo Finance,RSP,2026-09-11T22:08:08+08:00,confirmed
2006-05-16,44.06999969482422,44.06999969482422,43.61000061035156,43.70000076293945,31.547292709350582,296900,Yahoo Finance,RSP,2026-09-11T22:08:08+08:00,confirmed
2006-05-17,43.54999923706055,43.650001525878906,42.95000076293945,43.0099983215332,31.0491886138916,602700,Yahoo Finance,RSP,2026-09-11T22:08:08+08:00,confirmed
2006-05-18,43.31999969482422,43.31999969482422,42.72999954223633,42.7400016784668,30.854286193847656,1699300,Yahoo Finance,RSP,2026-09-11T22:08:08+08:00,confirmed
2006-05-19,42.79999923706055,43.20000076293945,42.54999923706055,43.02000045776367,31.056406021118164,540800,Yahoo Finance,RSP,2026-09-11T22:08:08+08:00,confirmed
2006-05-22,42.70000076293945,42.9900016784668,42.400001525878906,42.75,30.86149406433105,359700,Yahoo Finance,RSP,2026-09-11T22:08:08+08:00,confirmed
2006-05-23,43.09999847412109,43.209999084472656,42.5,42.5,30.68101119995117,212000,Yahoo Finance,RSP,2026-09-11T22:08:08+08:00,confirmed
2006-05-24,42.25,42.84999847412109,42.02999877929688,42.619998931884766,30.767637252807617,301200,Yahoo Finance,RSP,2026-09-11T22:08:08+08:00,confirmed
2006-05-25,42.93000030517578,43.08000183105469,42.75,43.08000183105469,31.099720001220703,405100,Yahoo Finance,RSP,2026-09-11T22:08:08+08:00,confirmed
2006-05-26,43.27000045776367,43.400001525878906,43.09999847412109,43.369998931884766,31.309062957763672,889400,Yahoo Finance,RSP,2026-09-11T22:08:08+08:00,confirmed
2006-05-30,43.290000915527344,43.290000915527344,42.619998931884766,42.619998931884766,30.767637252807617,187900,Yahoo Finance,RSP,2026-09-11T22:08:08+08:00,confirmed
2006-05-31,42.93999862670898,43.16999816894531,42.79999923706055,43.15999984741211,31.15746307373047,177400,Yahoo Finance,RSP,2026-09-11T22:08:08+08:00,confirmed
2006-06-01,43.209999084472656,43.709999084472656,43.15999984741211,43.65999984741211,31.51841163635254,363200,Yahoo Finance,RSP,2026-09-11T22:08:08+08:00,confirmed
2006-06-02,43.91999816894531,43.91999816894531,43.470001220703125,43.709999084472656,31.554515838623047,366700,Yahoo Finance,RSP,2026-09-11T22:08:08+08:00,confirmed
2006-06-05,43.52000045776367,43.59999847412109,42.869998931884766,42.9900016784668,31.034767150878903,237000,Yahoo Finance,RSP,2026-09-11T22:08:08+08:00,confirmed
2006-06-06,42.900001525878906,42.900001525878906,42.470001220703125,42.72999954223633,30.8470401763916,358400,Yahoo Finance,RSP,2026-09-11T22:08:08+08:00,confirmed
2006-06-07,42.83000183105469,43.08000183105469,42.47999954223633,42.47999954223633,30.66657066345215,298600,Yahoo Finance,RSP,2026-09-11T22:08:08+08:00,confirmed
2006-06-08,42.31999969482422,42.619998931884766,41.5,42.43000030517578,30.6304931640625,569500,Yahoo Finance,RSP,2026-09-11T22:08:08+08:00,confirmed
2006-06-09,42.66999816894531,42.79999923706055,42.34999847412109,42.41999816894531,30.62325859069824,940600,Yahoo Finance,RSP,2026-09-11T22:08:08+08:00,confirmed
2006-06-12,42.43000030517578,42.5,41.72999954223633,41.7400016784668,30.13237953186035,421800,Yahoo Finance,RSP,2026-09-11T22:08:08+08:00,confirmed
2006-06-13,41.59999847412109,42.0099983215332,41.209999084472656,41.2599983215332,29.78585433959961,713600,Yahoo Finance,RSP,2026-09-11T22:08:08+08:00,confirmed
2006-06-14,41.04999923706055,41.58000183105469,41.0099983215332,41.459999084472656,29.930225372314453,631900,Yahoo Finance,RSP,2026-09-11T22:08:08+08:00,confirmed
2006-06-15,41.70000076293945,42.59000015258789,41.56999969482422,42.52000045776367,30.6954402923584,231000,Yahoo Finance,RSP,2026-09-11T22:08:08+08:00,confirmed
2006-06-16,42.380001068115234,42.38999938964844,42.0,42.0,30.41087913513184,162200,Yahoo Finance,RSP,2026-09-11T22:08:08+08:00,confirmed
2006-06-19,42.369998931884766,42.369998931884766,41.70000076293945,41.70000076293945,30.193675994873047,198000,Yahoo Finance,RSP,2026-09-11T22:08:08+08:00,confirmed
2006-06-20,41.84999847412109,42.02999877929688,41.65999984741211,41.68999862670898,30.186433792114254,109500,Yahoo Finance,RSP,2026-09-11T22:08:08+08:00,confirmed
2006-06-21,41.86000061035156,42.400001525878906,41.81999969482422,42.20000076293945,30.55569839477539,237500,Yahoo Finance,RSP,2026-09-11T22:08:08+08:00,confirmed
2006-06-22,42.08000183105469,42.13999938964844,41.810001373291016,41.93999862670898,30.367454528808597,84900,Yahoo Finance,RSP,2026-09-11T22:08:08+08:00,confirmed
2006-06-23,41.91999816894531,42.290000915527344,41.880001068115234,42.04999923706055,30.447099685668945,239300,Yahoo Finance,RSP,2026-09-11T22:08:08+08:00,confirmed
2006-06-26,42.08000183105469,42.209999084472656,41.97999954223633,42.20000076293945,30.55569839477539,118600,Yahoo Finance,RSP,2026-09-11T22:08:08+08:00,confirmed
2006-06-27,42.2400016784668,42.25,41.68999862670898,41.790000915527344,30.25883102416992,185100,Yahoo Finance,RSP,2026-09-11T22:08:08+08:00,confirmed
2006-06-28,41.900001525878906,41.93000030517578,41.59000015258789,41.900001525878906,30.33848190307617,103700,Yahoo Finance,RSP,2026-09-11T22:08:08+08:00,confirmed
2006-06-29,42.15999984741211,42.95000076293945,42.09999847412109,42.95000076293945,31.098764419555664,390900,Yahoo Finance,RSP,2026-09-11T22:08:08+08:00,confirmed
2006-06-30,43.09999847412109,43.09999847412109,42.810001373291016,42.90999984741211,31.069795608520508,1070600,Yahoo Finance,RSP,2026-09-11T22:08:08+08:00,confirmed
2006-07-03,43.20000076293945,43.20000076293945,42.93999862670898,43.20000076293945,31.27977561950684,326600,Yahoo Finance,RSP,2026-09-11T22:08:08+08:00,confirmed
2006-07-05,42.79999923706055,42.90999984741211,42.58000183105469,42.77000045776367,30.96842193603516,268800,Yahoo Finance,RSP,2026-09-11T22:08:08+08:00,confirmed
2006-07-06,42.95000076293945,42.97999954223633,42.65999984741211,42.77999877929688,30.97567367553711,1035600,Yahoo Finance,RSP,2026-09-11T22:08:08+08:00,confirmed
2006-07-07,42.720001220703125,42.81999969482422,42.36000061035156,42.52999877929688,30.79464340209961,335000,Yahoo Finance,RSP,2026-09-11T22:08:08+08:00,confirmed
2006-07-10,42.630001068115234,42.72999954223633,42.34999847412109,42.43999862670898,30.7295036315918,219300,Yahoo Finance,RSP,2026-09-11T22:08:08+08:00,confirmed
2006-07-11,42.43000030517578,42.68000030517578,42.16999816894531,42.65999984741211,30.888771057128903,300400,Yahoo Finance,RSP,2026-09-11T22:08:08+08:00,confirmed
2006-07-12,42.68999862670898,42.709999084472656,42.09999847412109,42.27999877929688,30.613615036010746,282200,Yahoo Finance,RSP,2026-09-11T22:08:08+08:00,confirmed
2006-07-13,41.900001525878906,42.040000915527344,41.52000045776367,41.58000183105469,30.10679244995117,309000,Yahoo Finance,RSP,2026-09-11T22:08:08+08:00,confirmed
2006-07-14,41.400001525878906,41.47999954223633,40.93999862670898,41.220001220703125,29.84612274169922,858900,Yahoo Finance,RSP,2026-09-11T22:08:08+08:00,confirmed
2006-07-17,41.13999938964844,41.43999862670898,41.08000183105469,41.18999862670898,29.82439613342285,274100,Yahoo Finance,RSP,2026-09-11T22:08:08+08:00,confirmed
2006-07-18,41.40999984741211,41.41999816894531,40.7599983215332,41.18000030517578,29.8171443939209,384700,Yahoo Finance,RSP,2026-09-11T22:08:08+08:00,confirmed
2006-07-19,41.31999969482422,42.060001373291016,41.31999969482422,41.900001525878906,30.33848190307617,279500,Yahoo Finance,RSP,2026-09-11T22:08:08+08:00,confirmed
2006-07-20,42.150001525878906,42.150001525878906,41.459999084472656,41.470001220703125,30.027143478393555,515300,Yahoo Finance,RSP,2026-09-11T22:08:08+08:00,confirmed
2006-07-21,41.5,41.5,40.970001220703125,41.02000045776367,29.701305389404297,1344700,Yahoo Finance,RSP,2026-09-11T22:08:08+08:00,confirmed
2006-07-24,41.18000030517578,41.79999923706055,41.18000030517578,41.7599983215332,30.23710250854492,289600,Yahoo Finance,RSP,2026-09-11T22:08:08+08:00,confirmed
2006-07-25,41.79999923706055,42.20000076293945,41.650001525878906,41.970001220703125,30.3891716003418,263000,Yahoo Finance,RSP,2026-09-11T22:08:08+08:00,confirmed
2006-07-26,42.04999923706055,42.2400016784668,41.81999969482422,42.09999847412109,30.48329734802246,206600,Yahoo Finance,RSP,2026-09-11T22:08:08+08:00,confirmed
2006-07-27,42.400001525878906,42.400001525878906,41.70000076293945,41.84999847412109,30.30228614807129,383600,Yahoo Finance,RSP,2026-09-11T22:08:08+08:00,confirmed
2006-07-28,41.79999923706055,42.34999847412109,41.79999923706055,42.27999877929688,30.613615036010746,2793600,Yahoo Finance,RSP,2026-09-11T22:08:08+08:00,confirmed
2006-07-31,42.20000076293945,42.34000015258789,42.11000061035156,42.34000015258789,30.65708541870117,1982800,Yahoo Finance,RSP,2026-09-11T22:08:08+08:00,confirmed
2006-08-01,42.04999923706055,42.08000183105469,41.84000015258789,42.06999969482422,30.461572647094727,1930100,Yahoo Finance,RSP,2026-09-11T22:08:08+08:00,confirmed
2006-08-02,42.13999938964844,42.4900016784668,42.13999938964844,42.310001373291016,30.635347366333008,271200,Yahoo Finance,RSP,2026-09-11T22:08:08+08:00,confirmed
2006-08-03,42.0099983215332,42.619998931884766,42.0099983215332,42.52000045776367,30.787412643432617,442000,Yahoo Finance,RSP,2026-09-11T22:08:08+08:00,confirmed
2006-08-04,42.869998931884766,43.040000915527344,42.27999877929688,42.43000030517578,30.722261428833008,155900,Yahoo Finance,RSP,2026-09-11T22:08:08+08:00,confirmed
2006-08-07,42.400001525878906,42.45000076293945,42.22999954223633,42.29999923706055,30.628116607666016,278900,Yahoo Finance,RSP,2026-09-11T22:08:08+08:00,confirmed
2006-08-08,42.34999847412109,42.61000061035156,42.040000915527344,42.11000061035156,30.49055290222168,398700,Yahoo Finance,RSP,2026-09-11T22:08:08+08:00,confirmed
2006-08-09,42.52000045776367,42.52000045776367,41.79999923706055,41.810001373291016,30.27333068847656,274800,Yahoo Finance,RSP,2026-09-11T22:08:08+08:00,confirmed
2006-08-10,41.720001220703125,42.16999816894531,41.720001220703125,42.09000015258789,30.476055145263672,270400,Yahoo Finance,RSP,2026-09-11T22:08:08+08:00,confirmed
2006-08-11,41.959999084472656,42.09000015258789,41.790000915527344,41.869998931884766,30.316762924194336,83400,Yahoo Finance,RSP,2026-09-11T22:08:08+08:00,confirmed
2006-08-14,42.08000183105469,42.380001068115234,41.93999862670898,41.970001220703125,30.3891716003418,235300,Yahoo Finance,RSP,2026-09-11T22:08:08+08:00,confirmed
2006-08-15,42.31999969482422,42.68999862670898,42.29999923706055,42.630001068115234,30.8670654296875,126200,Yahoo Finance,RSP,2026-09-11T22:08:08+08:00,confirmed
2006-08-16,42.77000045776367,43.20000076293945,42.77000045776367,43.119998931884766,31.22185516357422,280200,Yahoo Finance,RSP,2026-09-11T22:08:08+08:00,confirmed
2006-08-17,43.060001373291016,43.41999816894531,43.02999877929688,43.290000915527344,31.344945907592773,357000,Yahoo Finance,RSP,2026-09-11T22:08:08+08:00,confirmed
2006-08-18,43.34000015258789,43.369998931884766,43.06999969482422,43.33000183105469,31.373899459838867,164600,Yahoo Finance,RSP,2026-09-11T22:08:08+08:00,confirmed
2006-08-21,43.09999847412109,43.18999862670898,43.02000045776367,43.130001068115234,31.22909927368164,100500,Yahoo Finance,RSP,2026-09-11T22:08:08+08:00,confirmed
2006-08-22,43.09999847412109,43.29999923706055,43.0099983215332,43.16999816894531,31.258045196533203,305100,Yahoo Finance,RSP,2026-09-11T22:08:08+08:00,confirmed
2006-08-23,43.18000030517578,43.25,42.77999877929688,42.900001525878906,31.06257057189941,211100,Yahoo Finance,RSP,2026-09-11T22:08:08+08:00,confirmed
2006-08-24,42.900001525878906,43.04999923706055,42.75,42.81999969482422,31.00464630126953,90600,Yahoo Finance,RSP,2026-09-11T22:08:08+08:00,confirmed
2006-08-25,42.84000015258789,43.0099983215332,42.79999923706055,42.869998931884766,31.04084205627441,95800,Yahoo Finance,RSP,2026-09-11T22:08:08+08:00,confirmed
2006-08-28,42.869998931884766,43.27999877929688,42.86000061035156,43.15999984741211,31.250812530517575,108000,Yahoo Finance,RSP,2026-09-11T22:08:08+08:00,confirmed
2006-08-29,43.2400016784668,43.38999938964844,42.97999954223633,43.36000061035156,31.395626068115234,450700,Yahoo Finance,RSP,2026-09-11T22:08:08+08:00,confirmed
2006-08-30,43.34999847412109,43.459999084472656,43.310001373291016,43.43000030517578,31.44632339477539,180800,Yahoo Finance,RSP,2026-09-11T22:08:08+08:00,confirmed
2006-08-31,43.34999847412109,43.540000915527344,43.34999847412109,43.5,31.497005462646484,348700,Yahoo Finance,RSP,2026-09-11T22:08:08+08:00,confirmed
2006-09-01,43.54999923706055,43.7400016784668,43.5,43.68000030517578,31.627338409423828,173500,Yahoo Finance,RSP,2026-09-11T22:08:08+08:00,confirmed
2006-09-05,43.68999862670898,43.79999923706055,43.61000061035156,43.75,31.678014755249023,241600,Yahoo Finance,RSP,2026-09-11T22:08:08+08:00,confirmed
2006-09-06,43.47999954223633,43.540000915527344,43.2400016784668,43.2400016784668,31.308752059936523,180800,Yahoo Finance,RSP,2026-09-11T22:08:08+08:00,confirmed
2006-09-07,43.04999923706055,43.36000061035156,42.959999084472656,43.040000915527344,31.16394424438477,329300,Yahoo Finance,RSP,2026-09-11T22:08:08+08:00,confirmed
2006-09-08,43.20000076293945,43.36000061035156,43.09999847412109,43.31999969482422,31.36665725708008,87700,Yahoo Finance,RSP,2026-09-11T22:08:08+08:00,confirmed
2006-09-11,43.08000183105469,43.5099983215332,43.02999877929688,43.380001068115234,31.410118103027344,378600,Yahoo Finance,RSP,2026-09-11T22:08:08+08:00,confirmed
2006-09-12,43.380001068115234,43.9900016784668,43.380001068115234,43.970001220703125,31.837308883666992,465600,Yahoo Finance,RSP,2026-09-11T22:08:08+08:00,confirmed
2006-09-13,43.970001220703125,44.25,43.93999862670898,44.18000030517578,31.98936080932617,161100,Yahoo Finance,RSP,2026-09-11T22:08:08+08:00,confirmed
2006-09-14,44.09999847412109,44.18000030517578,43.959999084472656,44.08000183105469,31.916954040527344,213800,Yahoo Finance,RSP,2026-09-11T22:08:08+08:00,confirmed
2006-09-15,44.33000183105469,44.33000183105469,44.02999877929688,44.130001068115234,32.04111099243164,337300,Yahoo Finance,RSP,2026-09-11T22:08:08+08:00,confirmed
2006-09-18,44.150001525878906,44.27999877929688,44.040000915527344,44.11000061035156,32.02659606933594,278700,Yahoo Finance,RSP,2026-09-11T22:08:08+08:00,confirmed
2006-09-19,44.11000061035156,44.150001525878906,43.77000045776367,44.02999877929688,31.968521118164062,311800,Yahoo Finance,RSP,2026-09-11T22:08:08+08:00,confirmed
2006-09-20,44.2599983215332,44.369998931884766,44.13999938964844,44.25,32.12824630737305,275000,Yahoo Finance,RSP,2026-09-11T22:08:08+08:00,confirmed
2006-09-21,44.33000183105469,44.36000061035156,43.84999847412109,43.93000030517578,31.89591217041016,378300,Yahoo Finance,RSP,2026-09-11T22:08:08+08:00,confirmed
2006-09-22,43.97999954223633,43.97999954223633,43.65999984741211,43.83000183105469,31.82329750061035,479900,Yahoo Finance,RSP,2026-09-11T22:08:08+08:00,confirmed
2006-09-25,43.84999847412109,44.31999969482422,43.66999816894531,44.25,32.12824630737305,321800,Yahoo Finance,RSP,2026-09-11T22:08:08+08:00,confirmed
2006-09-26,44.09000015258789,44.540000915527344,44.09000015258789,44.540000915527344,32.33879089355469,164900,Yahoo Finance,RSP,2026-09-11T22:08:08+08:00,confirmed
2006-09-27,44.43999862670898,44.650001525878906,44.41999816894531,44.54999923706055,32.3460693359375,194900,Yahoo Finance,RSP,2026-09-11T22:08:08+08:00,confirmed
2006-09-28,44.58000183105469,44.650001525878906,44.369998931884766,44.59000015258789,32.37510681152344,272700,Yahoo Finance,RSP,2026-09-11T22:08:08+08:00,confirmed
2006-09-29,44.59999847412109,44.650001525878906,44.41999816894531,44.41999816894531,32.25166702270508,208600,Yahoo Finance,RSP,2026-09-11T22:08:08+08:00,confirmed
2006-10-02,44.5,44.58000183105469,44.2400016784668,44.36000061035156,32.208099365234375,165600,Yahoo Finance,RSP,2026-09-11T22:08:08+08:00,confirmed
2006-10-03,44.29999923706055,44.47999954223633,44.08000183105469,44.25,32.12824630737305,242000,Yahoo Finance,RSP,2026-09-11T22:08:08+08:00,confirmed
2006-10-04,44.2400016784668,44.900001525878906,44.20000076293945,44.84999847412109,32.56388854980469,192300,Yahoo Finance,RSP,2026-09-11T22:08:08+08:00,confirmed
2006-10-05,44.959999084472656,45.119998931884766,44.81999969482422,45.09000015258789,32.73811721801758,240600,Yahoo Finance,RSP,2026-09-11T22:08:08+08:00,confirmed
2006-10-06,45.0,45.0,44.75,44.95000076293945,32.63648223876953,303400,Yahoo Finance,RSP,2026-09-11T22:08:08+08:00,confirmed
2006-10-09,44.84999847412109,45.13999938964844,44.810001373291016,45.02999877929688,32.6945686340332,217400,Yahoo Finance,RSP,2026-09-11T22:08:08+08:00,confirmed
2006-10-10,45.06999969482422,45.22999954223633,45.02000045776367,45.13999938964844,32.77443313598633,223100,Yahoo Finance,RSP,2026-09-11T22:08:08+08:00,confirmed
2006-10-11,44.97999954223633,45.22999954223633,44.86000061035156,45.09000015258789,32.73811721801758,585300,Yahoo Finance,RSP,2026-09-11T22:08:08+08:00,confirmed
2006-10-12,45.15999984741211,45.56999969482422,45.15999984741211,45.540000915527344,33.06486511230469,232800,Yahoo Finance,RSP,2026-09-11T22:08:08+08:00,confirmed
2006-10-13,45.52000045776367,45.709999084472656,45.43000030517578,45.63999938964844,33.13747024536133,226800,Yahoo Finance,RSP,2026-09-11T22:08:08+08:00,confirmed
2006-10-16,45.68999862670898,45.91999816894531,45.66999816894531,45.810001373291016,33.26089859008789,275200,Yahoo Finance,RSP,2026-09-11T22:08:08+08:00,confirmed
2006-10-17,45.75,45.75,45.400001525878906,45.65999984741211,33.151973724365234,328000,Yahoo Finance,RSP,2026-09-11T22:08:08+08:00,confirmed
2006-10-18,45.97999954223633,45.97999954223633,45.470001220703125,45.63999938964844,33.13747024536133,219100,Yahoo Finance,RSP,2026-09-11T22:08:08+08:00,confirmed
2006-10-19,45.58000183105469,45.709999084472656,45.45000076293945,45.70000076293945,33.18104553222656,231200,Yahoo Finance,RSP,2026-09-11T22:08:08+08:00,confirmed
2006-10-20,45.7400016784668,45.7400016784668,45.400001525878906,45.5099983215332,33.04307556152344,128900,Yahoo Finance,RSP,2026-09-11T22:08:08+08:00,confirmed
2006-10-23,45.5,45.86000061035156,45.38999938964844,45.84000015258789,33.282676696777344,113800,Yahoo Finance,RSP,2026-09-11T22:08:08+08:00,confirmed
2006-10-24,45.7599983215332,45.959999084472656,45.68000030517578,45.959999084472656,33.36981201171875,304100,Yahoo Finance,RSP,2026-09-11T22:08:08+08:00,confirmed
2006-10-25,45.900001525878906,46.09999847412109,45.84999847412109,46.060001373291016,33.442420959472656,160000,Yahoo Finance,RSP,2026-09-11T22:08:08+08:00,confirmed
2006-10-26,46.209999084472656,46.34999847412109,45.95000076293945,46.2599983215332,33.5876350402832,320200,Yahoo Finance,RSP,2026-09-11T22:08:08+08:00,confirmed
2006-10-27,46.09000015258789,46.29999923706055,45.900001525878906,45.970001220703125,33.37705612182617,133000,Yahoo Finance,RSP,2026-09-11T22:08:08+08:00,confirmed
2006-10-30,45.900001525878906,46.150001525878906,45.84000015258789,46.09999847412109,33.471458435058594,340000,Yahoo Finance,RSP,2026-09-11T22:08:08+08:00,confirmed
2006-10-31,46.220001220703125,46.220001220703125,45.869998931884766,46.09000015258789,33.46419906616211,315600,Yahoo Finance,RSP,2026-09-11T22:08:08+08:00,confirmed
2006-11-01,46.209999084472656,46.25,45.630001068115234,45.70000076293945,33.18104553222656,160400,Yahoo Finance,RSP,2026-09-11T22:08:08+08:00,confirmed
2006-11-02,45.540000915527344,45.70000076293945,45.470001220703125,45.70000076293945,33.18104553222656,82400,Yahoo Finance,RSP,2026-09-11T22:08:08+08:00,confirmed
2006-11-03,45.880001068115234,45.900001525878906,45.38999938964844,45.58000183105469,33.09392547607422,238400,Yahoo Finance,RSP,2026-09-11T22:08:08+08:00,confirmed
2006-11-06,45.790000915527344,46.150001525878906,45.709999084472656,46.040000915527344,33.42789077758789,313800,Yahoo Finance,RSP,2026-09-11T22:08:08+08:00,confirmed
2006-11-07,46.08000183105469,46.380001068115234,46.060001373291016,46.18000030517578,33.529544830322266,422800,Yahoo Finance,RSP,2026-09-11T22:08:08+08:00,confirmed
2006-11-08,46.09999847412109,46.43000030517578,45.970001220703125,46.34000015258789,33.64570617675781,391700,Yahoo Finance,RSP,2026-09-11T22:08:08+08:00,confirmed
2006-11-09,46.400001525878906,46.4900016784668,46.09000015258789,46.13999938964844,33.50051498413086,227500,Yahoo Finance,RSP,2026-09-11T22:08:08+08:00,confirmed
2006-11-10,46.11000061035156,46.29999923706055,46.06999969482422,46.29999923706055,33.61666488647461,206200,Yahoo Finance,RSP,2026-09-11T22:08:08+08:00,confirmed
2006-11-13,46.209999084472656,46.52999877929688,46.20000076293945,46.459999084472656,33.73283386230469,304100,Yahoo Finance,RSP,2026-09-11T22:08:08+08:00,confirmed
2006-11-14,46.52000045776367,46.810001373291016,46.29999923706055,46.7599983215332,33.95066452026367,237200,Yahoo Finance,RSP,2026-09-11T22:08:08+08:00,confirmed
2006-11-15,46.790000915527344,47.119998931884766,46.790000915527344,47.02999877929688,34.146690368652344,270600,Yahoo Finance,RSP,2026-09-11T22:08:08+08:00,confirmed
2006-11-16,47.15999984741211,47.20000076293945,47.02000045776367,47.11000061035156,34.20478439331055,511300,Yahoo Finance,RSP,2026-09-11T22:08:08+08:00,confirmed
2006-11-17,47.0,47.09000015258789,46.86000061035156,47.09000015258789,34.19025802612305,208200,Yahoo Finance,RSP,2026-09-11T22:08:08+08:00,confirmed
2006-11-20,47.08000183105469,47.15999984741211,46.970001220703125,47.040000915527344,34.15397262573242,1258400,Yahoo Finance,RSP,2026-09-11T22:08:08+08:00,confirmed
2006-11-21,47.06999969482422,47.29999923706055,47.04999923706055,47.29999923706055,34.34273147583008,684700,Yahoo Finance,RSP,2026-09-11T22:08:08+08:00,confirmed
2006-11-22,47.27999877929688,47.40999984741211,47.20000076293945,47.400001525878906,34.41533660888672,161300,Yahoo Finance,RSP,2026-09-11T22:08:08+08:00,confirmed
2006-11-24,47.18000030517578,47.38999938964844,47.150001525878906,47.310001373291016,34.34999084472656,68400,Yahoo Finance,RSP,2026-09-11T22:08:08+08:00,confirmed
2006-11-27,47.09999847412109,47.209999084472656,46.5,46.540000915527344,33.79093170166016,275000,Yahoo Finance,RSP,2026-09-11T22:08:08+08:00,confirmed
2006-11-28,46.29999923706055,46.65999984741211,46.29999923706055,46.630001068115234,33.85627746582031,186600,Yahoo Finance,RSP,2026-09-11T22:08:08+08:00,confirmed
2006-11-29,46.81999969482422,47.150001525878906,46.79999923706055,47.09999847412109,34.19750213623047,329700,Yahoo Finance,RSP,2026-09-11T22:08:08+08:00,confirmed
2006-11-30,47.18000030517578,47.380001068115234,46.90999984741211,47.2400016784668,34.299171447753906,172800,Yahoo Finance,RSP,2026-09-11T22:08:08+08:00,confirmed
2006-12-01,47.34000015258789,47.34000015258789,46.70000076293945,47.04999923706055,34.16122055053711,129500,Yahoo Finance,RSP,2026-09-11T22:08:08+08:00,confirmed
2006-12-04,47.20000076293945,47.68999862670898,47.20000076293945,47.58000183105469,34.546024322509766,372800,Yahoo Finance,RSP,2026-09-11T22:08:08+08:00,confirmed
2006-12-05,47.68000030517578,47.83000183105469,47.56999969482422,47.72999954223633,34.65493392944336,456600,Yahoo Finance,RSP,2026-09-11T22:08:08+08:00,confirmed
2006-12-06,47.709999084472656,47.88999938964844,47.66999816894531,47.79999923706055,34.705753326416016,151400,Yahoo Finance,RSP,2026-09-11T22:08:08+08:00,confirmed
2006-12-07,47.93999862670898,47.970001220703125,47.560001373291016,47.560001373291016,34.531517028808594,91800,Yahoo Finance,RSP,2026-09-11T22:08:08+08:00,confirmed
2006-12-08,47.58000183105469,47.79999923706055,47.400001525878906,47.630001068115234,34.582332611083984,219300,Yahoo Finance,RSP,2026-09-11T22:08:08+08:00,confirmed
2006-12-11,47.70000076293945,47.790000915527344,47.54999923706055,47.650001525878906,34.59686279296875,156900,Yahoo Finance,RSP,2026-09-11T22:08:08+08:00,confirmed
2006-12-12,47.72999954223633,47.72999954223633,47.34999847412109,47.58000183105469,34.546024322509766,401700,Yahoo Finance,RSP,2026-09-11T22:08:08+08:00,confirmed
2006-12-13,47.77999877929688,47.77999877929688,47.52999877929688,47.65999984741211,34.60409927368164,82600,Yahoo Finance,RSP,2026-09-11T22:08:08+08:00,confirmed
2006-12-14,47.720001220703125,48.06999969482422,47.709999084472656,48.0099983215332,34.85824203491211,220800,Yahoo Finance,RSP,2026-09-11T22:08:08+08:00,confirmed
2006-12-15,48.04999923706055,48.11000061035156,47.720001220703125,47.79999923706055,34.82835388183594,179600,Yahoo Finance,RSP,2026-09-11T22:08:08+08:00,confirmed
2006-12-18,47.880001068115234,47.900001525878906,47.43999862670898,47.52999877929688,34.631622314453125,133100,Yahoo Finance,RSP,2026-09-11T22:08:08+08:00,confirmed
2006-12-19,47.220001220703125,47.65999984741211,47.20000076293945,47.59000015258789,34.675350189208984,174800,Yahoo Finance,RSP,2026-09-11T22:08:08+08:00,confirmed
2006-12-20,47.650001525878906,47.77000045776367,47.56999969482422,47.619998931884766,34.697200775146484,154200,Yahoo Finance,RSP,2026-09-11T22:08:08+08:00,confirmed
2006-12-21,47.560001373291016,47.68000030517578,47.310001373291016,47.369998931884766,34.51506042480469,338400,Yahoo Finance,RSP,2026-09-11T22:08:08+08:00,confirmed
2006-12-22,47.5099983215332,47.5099983215332,47.11000061035156,47.13999938964844,34.34747314453125,147700,Yahoo Finance,RSP,2026-09-11T22:08:08+08:00,confirmed
2006-12-26,47.220001220703125,47.400001525878906,47.20000076293945,47.36000061035156,34.507755279541016,328700,Yahoo Finance,RSP,2026-09-11T22:08:08+08:00,confirmed
2006-12-27,47.470001220703125,47.72999954223633,47.470001220703125,47.65999984741211,34.72633743286133,294900,Yahoo Finance,RSP,2026-09-11T22:08:08+08:00,confirmed
2006-12-28,47.75,47.75,47.52000045776367,47.52000045776367,34.62434387207031,230700,Yahoo Finance,RSP,2026-09-11T22:08:08+08:00,confirmed
2006-12-29,47.52000045776367,47.68000030517578,47.31999969482422,47.34000015258789,34.493194580078125,479400,Yahoo Finance,RSP,2026-09-11T22:08:08+08:00,confirmed
2007-01-03,47.58000183105469,47.790000915527344,47.040000915527344,47.31999969482422,34.47861862182617,458900,Yahoo Finance,RSP,2026-09-11T22:08:08+08:00,confirmed
2007-01-04,47.27000045776367,47.47999954223633,47.040000915527344,47.38999938964844,34.52962112426758,323100,Yahoo Finance,RSP,2026-09-11T22:08:08+08:00,confirmed
2007-01-05,47.22999954223633,47.22999954223633,46.93999862670898,47.06999969482422,34.296470642089844,291500,Yahoo Finance,RSP,2026-09-11T22:08:08+08:00,confirmed
2007-01-08,47.0099983215332,47.22999954223633,46.88999938964844,47.16999816894531,34.36932373046875,279000,Yahoo Finance,RSP,2026-09-11T22:08:08+08:00,confirmed
2007-01-09,47.25,47.29999923706055,46.970001220703125,47.22999954223633,34.41303253173828,354500,Yahoo Finance,RSP,2026-09-11T22:08:08+08:00,confirmed
2007-01-10,47.09999847412109,47.41999816894531,46.970001220703125,47.369998931884766,34.51506042480469,249600,Yahoo Finance,RSP,2026-09-11T22:08:08+08:00,confirmed
2007-01-11,47.400001525878906,47.84000015258789,47.400001525878906,47.68999862670898,34.74821853637695,1222500,Yahoo Finance,RSP,2026-09-11T22:08:08+08:00,confirmed
2007-01-12,47.65999984741211,47.93999862670898,47.65999984741211,47.90999984741211,34.90849685668945,376500,Yahoo Finance,RSP,2026-09-11T22:08:08+08:00,confirmed
2007-01-16,47.97999954223633,48.040000915527344,47.86000061035156,47.95000076293945,34.93765640258789,328600,Yahoo Finance,RSP,2026-09-11T22:08:08+08:00,confirmed
2007-01-17,47.88999938964844,48.09000015258789,47.86000061035156,47.93999862670898,34.93037033081055,166900,Yahoo Finance,RSP,2026-09-11T22:08:08+08:00,confirmed
2007-01-18,47.90999984741211,48.0099983215332,47.650001525878906,47.650001525878906,34.719078063964844,211800,Yahoo Finance,RSP,2026-09-11T22:08:08+08:00,confirmed
2007-01-19,47.7599983215332,47.970001220703125,47.720001220703125,47.970001220703125,34.95223617553711,240700,Yahoo Finance,RSP,2026-09-11T22:08:08+08:00,confirmed
2007-01-22,47.93000030517578,47.93000030517578,47.630001068115234,47.70000076293945,34.7554931640625,549500,Yahoo Finance,RSP,2026-09-11T22:08:08+08:00,confirmed
2007-01-23,47.72999954223633,48.09999847412109,47.68999862670898,47.970001220703125,34.95223617553711,111300,Yahoo Finance,RSP,2026-09-11T22:08:08+08:00,confirmed
2007-01-24,48.09000015258789,48.33000183105469,48.02000045776367,48.33000183105469,35.21451568603516,193700,Yahoo Finance,RSP,2026-09-11T22:08:08+08:00,confirmed
2007-01-25,48.34999847412109,48.34999847412109,47.77000045776367,47.83000183105469,34.8502311706543,145500,Yahoo Finance,RSP,2026-09-11T22:08:08+08:00,confirmed
2007-01-26,47.91999816894531,47.93999862670898,47.650001525878906,47.84999847412109,34.86478805541992,181100,Yahoo Finance,RSP,2026-09-11T22:08:08+08:00,confirmed
2007-01-29,47.900001525878906,48.04999923706055,47.7599983215332,47.880001068115234,34.88663864135742,340000,Yahoo Finance,RSP,2026-09-11T22:08:08+08:00,confirmed
2007-01-30,47.970001220703125,48.25,47.880001068115234,48.16999816894531,35.09794616699219,383600,Yahoo Finance,RSP,2026-09-11T22:08:08+08:00,confirmed
2007-01-31,48.09999847412109,48.650001525878906,47.9900016784668,48.47999954223633,35.32382583618164,196400,Yahoo Finance,RSP,2026-09-11T22:08:08+08:00,confirmed
2007-02-01,48.79999923706055,48.869998931884766,48.619998931884766,48.83000183105469,35.57884216308594,234300,Yahoo Finance,RSP,2026-09-11T22:08:08+08:00,confirmed
2007-02-02,48.91999816894531,49.060001373291016,48.84999847412109,48.959999084472656,35.6735725402832,320400,Yahoo Finance,RSP,2026-09-11T22:08:08+08:00,confirmed
2007-02-05,48.91999816894531,49.02000045776367,48.83000183105469,48.959999084472656,35.6735725402832,299200,Yahoo Finance,RSP,2026-09-11T22:08:08+08:00,confirmed
2007-02-06,49.09999847412109,49.09999847412109,48.869998931884766,49.060001373291016,35.74642562866211,470800,Yahoo Finance,RSP,2026-09-11T22:08:08+08:00,confirmed
2007-02-07,49.150001525878906,49.310001373291016,49.08000183105469,49.209999084472656,35.8557243347168,314900,Yahoo Finance,RSP,2026-09-11T22:08:08+08:00,confirmed
2007-02-08,49.25,49.540000915527344,49.06999969482422,49.540000915527344,36.09616470336914,328800,Yahoo Finance,RSP,2026-09-11T22:08:08+08:00,confirmed
2007-02-09,49.5,49.5,48.709999084472656,48.91999816894531,35.64442825317383,258900,Yahoo Finance,RSP,2026-09-11T22:08:08+08:00,confirmed
2007-02-12,48.95000076293945,48.95000076293945,48.459999084472656,48.720001220703125,35.49869918823242,285600,Yahoo Finance,RSP,2026-09-11T22:08:08+08:00,confirmed
2007-02-13,48.75,49.119998931884766,48.75,49.11000061035156,35.78285217285156,154400,Yahoo Finance,RSP,2026-09-11T22:08:08+08:00,confirmed
2007-02-14,49.29999923706055,49.61000061035156,49.209999084472656,49.54999923706055,36.103477478027344,295700,Yahoo Finance,RSP,2026-09-11T22:08:08+08:00,confirmed
2007-02-15,49.59999847412109,49.7400016784668,49.4900016784668,49.66999816894531,36.19089126586914,528100,Yahoo Finance,RSP,2026-09-11T22:08:08+08:00,confirmed
2007-02-16,49.630001068115234,49.68999862670898,49.5099983215332,49.650001525878906,36.17631530761719,283200,Yahoo Finance,RSP,2026-09-11T22:08:08+08:00,confirmed
2007-02-20,49.63999938964844,49.93999862670898,49.43999862670898,49.869998931884766,36.33662414550781,342700,Yahoo Finance,RSP,2026-09-11T22:08:08+08:00,confirmed
2007-02-21,49.68999862670898,49.95000076293945,49.65999984741211,49.93000030517578,36.38033676147461,437900,Yahoo Finance,RSP,2026-09-11T22:08:08+08:00,confirmed
2007-02-22,50.040000915527344,50.09999847412109,49.68999862670898,49.900001525878906,36.35848617553711,272800,Yahoo Finance,RSP,2026-09-11T22:08:08+08:00,confirmed
2007-02-23,49.93000030517578,49.9900016784668,49.650001525878906,49.84999847412109,36.32205581665039,287500,Yahoo Finance,RSP,2026-09-11T22:08:08+08:00,confirmed
2007-02-26,50.09000015258789,50.09000015258789,49.560001373291016,49.77999877929688,36.27104568481445,1148000,Yahoo Finance,RSP,2026-09-11T22:08:08+08:00,confirmed
2007-02-27,49.119998931884766,49.20000076293945,47.650001525878906,47.900001525878906,34.90122985839844,562300,Yahoo Finance,RSP,2026-09-11T22:08:08+08:00,confirmed
2007-02-28,48.209999084472656,48.68999862670898,47.900001525878906,48.25,35.1562385559082,604800,Yahoo Finance,RSP,2026-09-11T22:08:08+08:00,confirmed
2007-03-01,47.20000076293945,48.40999984741211,46.70000076293945,48.09999847412109,35.04695129394531,922900,Yahoo Finance,RSP,2026-09-11T22:08:08+08:00,confirmed
2007-03-02,47.900001525878906,48.060001373291016,47.38999938964844,47.41999816894531,34.55147933959961,785400,Yahoo Finance,RSP,2026-09-11T22:08:08+08:00,confirmed
2007-03-05,47.02000045776367,47.47999954223633,46.83000183105469,46.91999816894531,34.18717956542969,891900,Yahoo Finance,RSP,2026-09-11T22:08:08+08:00,confirmed
2007-03-06,47.31999969482422,47.7400016784668,47.0,47.59000015258789,34.675350189208984,307500,Yahoo Finance,RSP,2026-09-11T22:08:08+08:00,confirmed
2007-03-07,47.630001068115234,47.869998931884766,47.5,47.630001068115234,34.70449447631836,163600,Yahoo Finance,RSP,2026-09-11T22:08:08+08:00,confirmed
2007-03-08,47.869998931884766,48.20000076293945,47.84000015258789,48.040000915527344,35.00324249267578,235800,Yahoo Finance,RSP,2026-09-11T22:08:08+08:00,confirmed
2007-03-09,48.310001373291016,48.34000015258789,47.869998931884766,48.11000061035156,35.05424499511719,262800,Yahoo Finance,RSP,2026-09-11T22:08:08+08:00,confirmed
2007-03-12,48.06999969482422,48.33000183105469,47.97999954223633,48.22999954223633,35.14167785644531,193300,Yahoo Finance,RSP,2026-09-11T22:08:08+08:00,confirmed
2007-03-13,47.93999862670898,48.130001068115234,47.22999954223633,47.27000045776367,34.44218826293945,202300,Yahoo Finance,RSP,2026-09-11T22:08:08+08:00,confirmed
2007-03-14,47.34000015258789,47.59000015258789,46.709999084472656,47.52000045776367,34.62434387207031,440600,Yahoo Finance,RSP,2026-09-11T22:08:08+08:00,confirmed
2007-03-15,47.68000030517578,47.869998931884766,47.5099983215332,47.810001373291016,34.835662841796875,134000,Yahoo Finance,RSP,2026-09-11T22:08:08+08:00,confirmed
2007-03-16,47.7400016784668,47.869998931884766,47.43000030517578,47.52999877929688,34.701297760009766,177000,Yahoo Finance,RSP,2026-09-11T22:08:08+08:00,confirmed
2007-03-19,47.75,48.09999847412109,47.720001220703125,48.08000183105469,35.10285949707031,197900,Yahoo Finance,RSP,2026-09-11T22:08:08+08:00,confirmed
2007-03-20,48.04999923706055,48.33000183105469,48.0,48.29999923706055,35.26346206665039,302900,Yahoo Finance,RSP,2026-09-11T22:08:08+08:00,confirmed
2007-03-21,48.36000061035156,49.25,48.22999954223633,49.02000045776367,35.78915023803711,349200,Yahoo Finance,RSP,2026-09-11T22:08:08+08:00,confirmed
2007-03-22,49.15999984741211,49.16999816894531,48.900001525878906,49.04999923706055,35.81105041503906,318200,Yahoo Finance,RSP,2026-09-11T22:08:08+08:00,confirmed
2007-03-23,49.0,49.25,49.0,49.150001525878906,35.88405990600586,212700,Yahoo Finance,RSP,2026-09-11T22:08:08+08:00,confirmed
2007-03-26,49.150001525878906,49.18000030517578,48.68000030517578,49.150001525878906,35.88405990600586,407200,Yahoo Finance,RSP,2026-09-11T22:08:08+08:00,confirmed
2007-03-27,49.0099983215332,49.0099983215332,48.70000076293945,48.84000015258789,35.65774154663086,237600,Yahoo Finance,RSP,2026-09-11T22:08:08+08:00,confirmed
2007-03-28,48.709999084472656,48.7400016784668,48.33000183105469,48.45000076293945,35.37300109863281,351600,Yahoo Finance,RSP,2026-09-11T22:08:08+08:00,confirmed
2007-03-29,48.75,48.86000061035156,48.25,48.560001373291016,35.45331573486328,326400,Yahoo Finance,RSP,2026-09-11T22:08:08+08:00,confirmed
2007-03-30,48.650001525878906,48.88999938964844,48.220001220703125,48.54999923706055,35.44600296020508,362000,Yahoo Finance,RSP,2026-09-11T22:08:08+08:00,confirmed
2007-04-02,48.58000183105469,48.81999969482422,48.4900016784668,48.77999877929688,35.613948822021484,128600,Yahoo Finance,RSP,2026-09-11T22:08:08+08:00,confirmed
2007-04-03,49.040000915527344,49.33000183105469,48.9900016784668,49.25,35.95707702636719,392500,Yahoo Finance,RSP,2026-09-11T22:08:08+08:00,confirmed
2007-04-04,49.18000030517578,49.5,49.0,49.2400016784668,35.94977569580078,711600,Yahoo Finance,RSP,2026-09-11T22:08:08+08:00,confirmed
2007-04-05,49.20000076293945,49.43000030517578,49.150001525878906,49.41999816894531,36.081172943115234,319600,Yahoo Finance,RSP,2026-09-11T22:08:08+08:00,confirmed
2007-04-09,49.459999084472656,49.75,49.36000061035156,49.4900016784668,36.13229370117188,382100,Yahoo Finance,RSP,2026-09-11T22:08:08+08:00,confirmed
2007-04-10,49.5099983215332,49.59000015258789,49.400001525878906,49.54999923706055,36.17609024047852,260600,Yahoo Finance,RSP,2026-09-11T22:08:08+08:00,confirmed
2007-04-11,49.54999923706055,49.54999923706055,49.16999816894531,49.2400016784668,35.94977569580078,313300,Yahoo Finance,RSP,2026-09-11T22:08:08+08:00,confirmed
2007-04-12,49.25,49.58000183105469,49.02999877929688,49.58000183105469,36.19799041748047,290900,Yahoo Finance,RSP,2026-09-11T22:08:08+08:00,confirmed
2007-04-13,49.59000015258789,49.720001220703125,49.40999984741211,49.720001220703125,36.30022811889648,353200,Yahoo Finance,RSP,2026-09-11T22:08:08+08:00,confirmed
2007-04-16,49.93000030517578,50.27000045776367,49.93000030517578,50.22999954223633,36.67256546020508,336000,Yahoo Finance,RSP,2026-09-11T22:08:08+08:00,confirmed
2007-04-17,50.2400016784668,50.43999862670898,50.16999816894531,50.290000915527344,36.71636581420898,355500,Yahoo Finance,RSP,2026-09-11T22:08:08+08:00,confirmed
2007-04-18,50.18999862670898,50.5099983215332,50.11000061035156,50.41999816894531,36.8112907409668,478200,Yahoo Finance,RSP,2026-09-11T22:08:08+08:00,confirmed
2007-04-19,50.02999877929688,50.43999862670898,50.0099983215332,50.369998931884766,36.77477645874024,403200,Yahoo Finance,RSP,2026-09-11T22:08:08+08:00,confirmed
2007-04-20,50.77000045776367,50.77000045776367,50.5,50.68999862670898,37.00840759277344,317400,Yahoo Finance,RSP,2026-09-11T22:08:08+08:00,confirmed
2007-04-23,50.81999969482422,50.91999816894531,50.68999862670898,50.77000045776367,37.06681060791016,288100,Yahoo Finance,RSP,2026-09-11T22:08:08+08:00,confirmed
2007-04-24,50.84000015258789,50.93999862670898,50.5,50.77000045776367,37.06681060791016,210600,Yahoo Finance,RSP,2026-09-11T22:08:08+08:00,confirmed
2007-04-25,51.150001525878906,51.34999847412109,50.869998931884766,51.27999877929688,37.43915939331055,210200,Yahoo Finance,RSP,2026-09-11T22:08:08+08:00,confirmed
2007-04-26,51.27000045776367,51.400001525878906,51.150001525878906,51.33000183105469,37.47566223144531,240800,Yahoo Finance,RSP,2026-09-11T22:08:08+08:00,confirmed
2007-04-27,51.18999862670898,51.29999923706055,51.0,51.220001220703125,37.39536666870117,262700,Yahoo Finance,RSP,2026-09-11T22:08:08+08:00,confirmed
2007-04-30,51.20000076293945,51.22999954223633,50.650001525878906,50.68999862670898,37.00840759277344,331900,Yahoo Finance,RSP,2026-09-11T22:08:08+08:00,confirmed
2007-05-01,50.75,50.84999847412109,50.33000183105469,50.79999923706055,37.08872604370117,304400,Yahoo Finance,RSP,2026-09-11T22:08:08+08:00,confirmed
2007-05-02,50.900001525878906,51.29999923706055,50.900001525878906,51.20000076293945,37.38075637817383,212900,Yahoo Finance,RSP,2026-09-11T22:08:08+08:00,confirmed
2007-05-03,51.33000183105469,51.41999816894531,51.18000030517578,51.400001525878906,37.52677536010742,285300,Yahoo Finance,RSP,2026-09-11T22:08:08+08:00,confirmed
2007-05-04,51.540000915527344,51.630001068115234,51.31999969482422,51.43999862670898,37.55597305297852,134300,Yahoo Finance,RSP,2026-09-11T22:08:08+08:00,confirmed
2007-05-07,51.5,51.70000076293945,51.5,51.52999877929688,37.62168884277344,265800,Yahoo Finance,RSP,2026-09-11T22:08:08+08:00,confirmed
2007-05-08,51.34000015258789,51.5099983215332,51.220001220703125,51.5,37.59978103637695,142400,Yahoo Finance,RSP,2026-09-11T22:08:08+08:00,confirmed
2007-05-09,51.41999816894531,51.81999969482422,51.38999938964844,51.720001220703125,37.760398864746094,110700,Yahoo Finance,RSP,2026-09-11T22:08:08+08:00,confirmed
2007-05-10,51.59000015258789,51.619998931884766,51.0099983215332,51.09999847412109,37.30773162841797,192500,Yahoo Finance,RSP,2026-09-11T22:08:08+08:00,confirmed
2007-05-11,51.27999877929688,51.4900016784668,51.15999984741211,51.459999084472656,37.570579528808594,314400,Yahoo Finance,RSP,2026-09-11T22:08:08+08:00,confirmed
2007-05-14,51.59000015258789,51.68000030517578,51.22999954223633,51.33000183105469,37.47566223144531,1636000,Yahoo Finance,RSP,2026-09-11T22:08:08+08:00,confirmed
2007-05-15,51.5,51.709999084472656,51.220001220703125,51.2599983215332,37.42454528808594,1514400,Yahoo Finance,RSP,2026-09-11T22:08:08+08:00,confirmed
2007-05-16,51.43999862670898,51.56999969482422,51.16999816894531,51.56999969482422,37.65088653564453,2479900,Yahoo Finance,RSP,2026-09-11T22:08:08+08:00,confirmed
2007-05-17,51.56999969482422,51.68000030517578,51.400001525878906,51.61000061035156,37.68009567260742,325700,Yahoo Finance,RSP,2026-09-11T22:08:08+08:00,confirmed
2007-05-18,51.65999984741211,51.88999938964844,51.59000015258789,51.869998931884766,37.86989974975586,231900,Yahoo Finance,RSP,2026-09-11T22:08:08+08:00,confirmed
2007-05-21,51.880001068115234,52.16999816894531,51.84000015258789,51.9900016784668,37.95752716064453,1982600,Yahoo Finance,RSP,2026-09-11T22:08:08+08:00,confirmed
2007-05-22,52.02999877929688,52.150001525878906,51.880001068115234,51.95000076293945,37.92831039428711,1780500,Yahoo Finance,RSP,2026-09-11T22:08:08+08:00,confirmed
2007-05-23,52.13999938964844,52.290000915527344,51.88999938964844,51.900001525878906,37.891822814941406,494500,Yahoo Finance,RSP,2026-09-11T22:08:08+08:00,confirmed
2007-05-24,51.790000915527344,52.13999938964844,51.220001220703125,51.31999969482422,37.46836853027344,315400,Yahoo Finance,RSP,2026-09-11T22:08:08+08:00,confirmed
2007-05-25,51.43999862670898,51.66999816894531,51.400001525878906,51.58000183105469,37.65818786621094,182500,Yahoo Finance,RSP,2026-09-11T22:08:08+08:00,confirmed
2007-05-29,51.75,51.880001068115234,51.52000045776367,51.72999954223633,37.76770782470703,192300,Yahoo Finance,RSP,2026-09-11T22:08:08+08:00,confirmed
2007-05-30,51.56999969482422,52.15999984741211,51.470001220703125,52.150001525878906,38.074337005615234,493300,Yahoo Finance,RSP,2026-09-11T22:08:08+08:00,confirmed
2007-05-31,52.369998931884766,52.41999816894531,52.15999984741211,52.33000183105469,38.20574951171875,286100,Yahoo Finance,RSP,2026-09-11T22:08:08+08:00,confirmed
2007-06-01,52.59000015258789,52.709999084472656,52.40999984741211,52.540000915527344,38.35908508300781,672400,Yahoo Finance,RSP,2026-09-11T22:08:08+08:00,confirmed
2007-06-04,52.5099983215332,52.7400016784668,52.41999816894531,52.66999816894531,38.45399475097656,567500,Yahoo Finance,RSP,2026-09-11T22:08:08+08:00,confirmed
2007-06-05,52.560001373291016,52.56999969482422,52.220001220703125,52.400001525878906,38.25685119628906,196800,Yahoo Finance,RSP,2026-09-11T22:08:08+08:00,confirmed
2007-06-06,52.16999816894531,52.16999816894531,51.7599983215332,51.900001525878906,37.891822814941406,259300,Yahoo Finance,RSP,2026-09-11T22:08:08+08:00,confirmed
2007-06-07,51.66999816894531,51.810001373291016,50.81999969482422,50.81999969482422,37.10331726074219,404900,Yahoo Finance,RSP,2026-09-11T22:08:08+08:00,confirmed
2007-06-08,50.84999847412109,51.5099983215332,50.75,51.5099983215332,37.60708236694336,221300,Yahoo Finance,RSP,2026-09-11T22:08:08+08:00,confirmed
2007-06-11,51.47999954223633,51.75,51.34000015258789,51.52000045776367,37.61438751220703,170300,Yahoo Finance,RSP,2026-09-11T22:08:08+08:00,confirmed
2007-06-12,51.27999877929688,51.59999847412109,50.95000076293945,50.95000076293945,37.19823455810547,229300,Yahoo Finance,RSP,2026-09-11T22:08:08+08:00,confirmed
2007-06-13,50.150001525878906,51.790000915527344,50.150001525878906,51.790000915527344,37.81150817871094,364100,Yahoo Finance,RSP,2026-09-11T22:08:08+08:00,confirmed
2007-06-14,51.84000015258789,52.16999816894531,51.84000015258789,51.970001220703125,37.94293975830078,412200,Yahoo Finance,RSP,2026-09-11T22:08:08+08:00,confirmed
2007-06-15,52.310001373291016,52.400001525878906,52.0,52.0,38.082801818847656,297200,Yahoo Finance,RSP,2026-09-11T22:08:08+08:00,confirmed
2007-06-18,52.2400016784668,52.2400016784668,52.0099983215332,52.09000015258789,38.148719787597656,286200,Yahoo Finance,RSP,2026-09-11T22:08:08+08:00,confirmed
2007-06-19,52.02999877929688,52.16999816894531,51.869998931884766,52.15999984741211,38.199974060058594,173000,Yahoo Finance,RSP,2026-09-11T22:08:08+08:00,confirmed
2007-06-20,52.22999954223633,52.2400016784668,51.470001220703125,51.52000045776367,37.73127746582031,221800,Yahoo Finance,RSP,2026-09-11T22:08:08+08:00,confirmed
2007-06-21,51.43000030517578,51.81999969482422,51.15999984741211,51.790000915527344,37.929012298583984,362300,Yahoo Finance,RSP,2026-09-11T22:08:08+08:00,confirmed
2007-06-22,51.619998931884766,51.720001220703125,51.150001525878906,51.400001525878906,37.64339828491211,471200,Yahoo Finance,RSP,2026-09-11T22:08:08+08:00,confirmed
2007-06-25,51.34000015258789,51.540000915527344,50.86000061035156,50.900001525878906,37.27719879150391,267300,Yahoo Finance,RSP,2026-09-11T22:08:08+08:00,confirmed
2007-06-26,51.16999816894531,51.209999084472656,50.61000061035156,50.81999969482422,37.2186164855957,306000,Yahoo Finance,RSP,2026-09-11T22:08:08+08:00,confirmed
2007-06-27,50.4900016784668,51.31999969482422,50.4900016784668,51.209999084472656,37.50424575805664,351100,Yahoo Finance,RSP,2026-09-11T22:08:08+08:00,confirmed
2007-06-28,51.22999954223633,51.61000061035156,51.22999954223633,51.29999923706055,37.57015609741211,596200,Yahoo Finance,RSP,2026-09-11T22:08:08+08:00,confirmed
2007-06-29,51.45000076293945,51.68000030517578,50.90999984741211,51.20000076293945,37.496917724609375,221400,Yahoo Finance,RSP,2026-09-11T22:08:08+08:00,confirmed
2007-07-02,51.45000076293945,51.7599983215332,51.36000061035156,51.7599983215332,37.90702438354492,707100,Yahoo Finance,RSP,2026-09-11T22:08:08+08:00,confirmed
2007-07-03,51.900001525878906,51.970001220703125,51.75,51.84000015258789,37.965614318847656,441200,Yahoo Finance,RSP,2026-09-11T22:08:08+08:00,confirmed
2007-07-05,51.9900016784668,52.040000915527344,51.72999954223633,51.970001220703125,38.06085205078125,683000,Yahoo Finance,RSP,2026-09-11T22:08:08+08:00,confirmed
2007-07-06,51.84999847412109,52.27000045776367,51.790000915527344,52.209999084472656,38.23659896850586,385300,Yahoo Finance,RSP,2026-09-11T22:08:08+08:00,confirmed
2007-07-09,52.27000045776367,52.29999923706055,52.060001373291016,52.18000030517578,38.21464157104492,354700,Yahoo Finance,RSP,2026-09-11T22:08:08+08:00,confirmed
2007-07-10,51.90999984741211,51.970001220703125,51.40999984741211,51.459999084472656,37.68733596801758,257100,Yahoo Finance,RSP,2026-09-11T22:08:08+08:00,confirmed
2007-07-11,51.34000015258789,51.65999984741211,51.27000045776367,51.59999847412109,37.78985595703125,2440400,Yahoo Finance,RSP,2026-09-11T22:08:08+08:00,confirmed
2007-07-12,51.88999938964844,52.470001220703125,51.88999938964844,52.470001220703125,38.42702102661133,426300,Yahoo Finance,RSP,2026-09-11T22:08:08+08:00,confirmed
2007-07-13,52.470001220703125,52.7400016784668,52.369998931884766,52.59999847412109,38.52223205566406,509100,Yahoo Finance,RSP,2026-09-11T22:08:08+08:00,confirmed
2007-07-16,52.619998931884766,52.70000076293945,52.38999938964844,52.38999938964844,38.36842727661133,1130900,Yahoo Finance,RSP,2026-09-11T22:08:08+08:00,confirmed
2007-07-17,52.43999862670898,52.630001068115234,52.369998931884766,52.459999084472656,38.419681549072266,881300,Yahoo Finance,RSP,2026-09-11T22:08:08+08:00,confirmed
2007-07-18,52.290000915527344,52.40999984741211,51.93000030517578,52.369998931884766,38.35376739501953,305400,Yahoo Finance,RSP,2026-09-11T22:08:08+08:00,confirmed
2007-07-19,52.58000183105469,52.66999816894531,52.470001220703125,52.650001525878906,38.55884552001953,1429200,Yahoo Finance,RSP,2026-09-11T22:08:08+08:00,confirmed
2007-07-20,52.54999923706055,52.54999923706055,51.790000915527344,51.93999862670898,38.03886413574219,1867900,Yahoo Finance,RSP,2026-09-11T22:08:08+08:00,confirmed
2007-07-23,52.15999984741211,52.290000915527344,51.97999954223633,52.0,38.082801818847656,544700,Yahoo Finance,RSP,2026-09-11T22:08:08+08:00,confirmed
2007-07-24,51.68999862670898,51.95000076293945,50.84000015258789,51.08000183105469,37.40903472900391,2560500,Yahoo Finance,RSP,2026-09-11T22:08:08+08:00,confirmed
2007-07-25,51.209999084472656,51.34999847412109,50.54999923706055,50.9900016784668,37.34312057495117,887600,Yahoo Finance,RSP,2026-09-11T22:08:08+08:00,confirmed
2007-07-26,50.310001373291016,50.47999954223633,49.08000183105469,49.63999938964844,36.35443115234375,999500,Yahoo Finance,RSP,2026-09-11T22:08:08+08:00,confirmed
2007-07-27,49.540000915527344,49.869998931884766,48.709999084472656,48.709999084472656,35.6733283996582,730400,Yahoo Finance,RSP,2026-09-11T22:08:08+08:00,confirmed
2007-07-30,49.06999969482422,49.59999847412109,48.720001220703125,49.45000076293945,36.21526718139648,4678400,Yahoo Finance,RSP,2026-09-11T22:08:08+08:00,confirmed
2007-07-31,49.810001373291016,49.97999954223633,48.880001068115234,48.88999938964844,35.80516052246094,1998800,Yahoo Finance,RSP,2026-09-11T22:08:08+08:00,confirmed
2007-08-01,49.0,53.540000915527344,48.220001220703125,49.08000183105469,35.94432067871094,3387600,Yahoo Finance,RSP,2026-09-11T22:08:08+08:00,confirmed
2007-08-02,49.209999084472656,49.5,49.0,49.400001525878906,36.178672790527344,1334500,Yahoo Finance,RSP,2026-09-11T22:08:08+08:00,confirmed
2007-08-03,49.29999923706055,49.40999984741211,47.7599983215332,48.02000045776367,35.16799545288086,1724500,Yahoo Finance,RSP,2026-09-11T22:08:08+08:00,confirmed
2007-08-06,48.27999877929688,48.91999816894531,47.58000183105469,48.83000183105469,35.761226654052734,2308400,Yahoo Finance,RSP,2026-09-11T22:08:08+08:00,confirmed
2007-08-07,48.65999984741211,49.540000915527344,48.43000030517578,49.09999847412109,35.958953857421875,260200,Yahoo Finance,RSP,2026-09-11T22:08:08+08:00,confirmed
2007-08-08,49.59999847412109,50.09000015258789,49.16999816894531,49.75,36.435001373291016,2019000,Yahoo Finance,RSP,2026-09-11T22:08:08+08:00,confirmed
2007-08-09,48.81999969482422,49.5,48.47999954223633,48.5099983215332,35.526859283447266,1964400,Yahoo Finance,RSP,2026-09-11T22:08:08+08:00,confirmed
2007-08-10,47.83000183105469,48.75,47.52999877929688,48.5099983215332,35.526859283447266,1909900,Yahoo Finance,RSP,2026-09-11T22:08:08+08:00,confirmed
2007-08-13,49.06999969482422,49.06999969482422,48.59000015258789,48.63999938964844,35.622074127197266,768200,Yahoo Finance,RSP,2026-09-11T22:08:08+08:00,confirmed
2007-08-14,48.70000076293945,48.70000076293945,47.52999877929688,47.540000915527344,34.81646728515625,1023200,Yahoo Finance,RSP,2026-09-11T22:08:08+08:00,confirmed
2007-08-15,47.45000076293945,48.060001373291016,46.290000915527344,46.83000183105469,34.2964973449707,1327300,Yahoo Finance,RSP,2026-09-11T22:08:08+08:00,confirmed
2007-08-16,46.27000045776367,47.060001373291016,45.22999954223633,46.93000030517578,34.36973571777344,1761500,Yahoo Finance,RSP,2026-09-11T22:08:08+08:00,confirmed
2007-08-17,48.810001373291016,50.0,47.09000015258789,48.06999969482422,35.204620361328125,2117000,Yahoo Finance,RSP,2026-09-11T22:08:08+08:00,confirmed
2007-08-20,48.09000015258789,48.209999084472656,47.540000915527344,48.04999923706055,35.18996810913086,599800,Yahoo Finance,RSP,2026-09-11T22:08:08+08:00,confirmed
2007-08-21,47.900001525878906,48.41999816894531,47.84000015258789,48.04999923706055,35.18996810913086,888000,Yahoo Finance,RSP,2026-09-11T22:08:08+08:00,confirmed
2007-08-22,48.5099983215332,48.84999847412109,48.400001525878906,48.81999969482422,35.75388717651367,380000,Yahoo Finance,RSP,2026-09-11T22:08:08+08:00,confirmed
2007-08-23,49.15999984741211,49.20000076293945,48.40999984741211,48.70000076293945,35.666011810302734,725600,Yahoo Finance,RSP,2026-09-11T22:08:08+08:00,confirmed
2007-08-24,48.68999862670898,49.33000183105469,48.59999847412109,49.31999969482422,36.12006378173828,607700,Yahoo Finance,RSP,2026-09-11T22:08:08+08:00,confirmed
2007-08-27,49.16999816894531,49.16999816894531,48.56999969482422,48.56999969482422,35.57080841064453,349000,Yahoo Finance,RSP,2026-09-11T22:08:08+08:00,confirmed
2007-08-28,48.400001525878906,48.40999984741211,47.5,47.66999816894531,34.91168594360352,738200,Yahoo Finance,RSP,2026-09-11T22:08:08+08:00,confirmed
2007-08-29,47.79999923706055,48.59999847412109,47.70000076293945,48.58000183105469,35.578125,372000,Yahoo Finance,RSP,2026-09-11T22:08:08+08:00,confirmed
2007-08-30,48.20000076293945,48.720001220703125,48.150001525878906,48.369998931884766,35.4243278503418,437800,Yahoo Finance,RSP,2026-09-11T22:08:08+08:00,confirmed
2007-08-31,48.88999938964844,49.18000030517578,48.61000061035156,48.93000030517578,35.834468841552734,965900,Yahoo Finance,RSP,2026-09-11T22:08:08+08:00,confirmed
2007-09-04,48.93999862670898,49.68000030517578,48.77000045776367,49.58000183105469,36.31048583984375,516700,Yahoo Finance,RSP,2026-09-11T22:08:08+08:00,confirmed
2007-09-05,49.06999969482422,49.11000061035156,48.63999938964844,48.63999938964844,35.622074127197266,724100,Yahoo Finance,RSP,2026-09-11T22:08:08+08:00,confirmed
2007-09-06,48.9900016784668,49.18000030517578,48.650001525878906,49.02999877929688,35.907691955566406,1559700,Yahoo Finance,RSP,2026-09-11T22:08:08+08:00,confirmed
2007-09-07,48.369998931884766,48.52999877929688,48.02999877929688,48.27000045776367,35.35110092163086,870300,Yahoo Finance,RSP,2026-09-11T22:08:08+08:00,confirmed
2007-09-10,48.41999816894531,48.47999954223633,47.56999969482422,47.900001525878906,35.08012771606445,838300,Yahoo Finance,RSP,2026-09-11T22:08:08+08:00,confirmed
2007-09-11,48.15999984741211,48.58000183105469,48.09999847412109,48.52999877929688,35.541500091552734,1338000,Yahoo Finance,RSP,2026-09-11T22:08:08+08:00,confirmed
2007-09-12,48.41999816894531,48.790000915527344,48.380001068115234,48.45000076293945,35.4829216003418,707000,Yahoo Finance,RSP,2026-09-11T22:08:08+08:00,confirmed
2007-09-13,48.75,49.02000045776367,48.619998931884766,48.77000045776367,35.7172737121582,254800,Yahoo Finance,RSP,2026-09-11T22:08:08+08:00,confirmed
2007-09-14,48.540000915527344,48.970001220703125,48.5,48.93999862670898,35.8417854309082,628600,Yahoo Finance,RSP,2026-09-11T22:08:08+08:00,confirmed
2007-09-17,48.810001373291016,48.810001373291016,48.45000076293945,48.650001525878906,35.629390716552734,178600,Yahoo Finance,RSP,2026-09-11T22:08:08+08:00,confirmed
2007-09-18,48.93000030517578,50.15999984741211,48.7599983215332,50.13999938964844,36.72060394287109,465000,Yahoo Finance,RSP,2026-09-11T22:08:08+08:00,confirmed
2007-09-19,50.4900016784668,50.84999847412109,50.27999877929688,50.4900016784668,36.976959228515625,561300,Yahoo Finance,RSP,2026-09-11T22:08:08+08:00,confirmed
2007-09-20,50.43999862670898,50.47999954223633,49.959999084472656,50.02999877929688,36.64005661010742,669100,Yahoo Finance,RSP,2026-09-11T22:08:08+08:00,confirmed
2007-09-21,50.20000076293945,50.2400016784668,49.97999954223633,49.97999954223633,36.71939086914063,189200,Yahoo Finance,RSP,2026-09-11T22:08:08+08:00,confirmed
2007-09-24,50.02999877929688,50.16999816894531,49.650001525878906,49.720001220703125,36.52839279174805,2317400,Yahoo Finance,RSP,2026-09-11T22:08:08+08:00,confirmed
2007-09-25,49.400001525878906,49.68000030517578,49.2400016784668,49.66999816894531,36.49164581298828,563700,Yahoo Finance,RSP,2026-09-11T22:08:08+08:00,confirmed
2007-09-26,49.81999969482422,50.02999877929688,49.70000076293945,49.93999862670898,36.68999099731445,409700,Yahoo Finance,RSP,2026-09-11T22:08:08+08:00,confirmed
2007-09-27,50.09999847412109,50.18000030517578,49.959999084472656,50.119998931884766,36.82224655151367,502700,Yahoo Finance,RSP,2026-09-11T22:08:08+08:00,confirmed
2007-09-28,50.16999816894531,50.25,49.869998931884766,49.9900016784668,36.72674560546875,309900,Yahoo Finance,RSP,2026-09-11T22:08:08+08:00,confirmed
2007-10-01,50.09999847412109,50.7599983215332,50.09999847412109,50.66999816894531,37.22632598876953,377700,Yahoo Finance,RSP,2026-09-11T22:08:08+08:00,confirmed
2007-10-02,50.709999084472656,50.84999847412109,50.58000183105469,50.77000045776367,37.2997932434082,259900,Yahoo Finance,RSP,2026-09-11T22:08:08+08:00,confirmed
2007-10-03,50.61000061035156,50.880001068115234,50.52999877929688,50.70000076293945,37.24837112426758,463300,Yahoo Finance,RSP,2026-09-11T22:08:08+08:00,confirmed
2007-10-04,50.7400016784668,50.79999923706055,50.56999969482422,50.68999862670898,37.24101638793945,353500,Yahoo Finance,RSP,2026-09-11T22:08:08+08:00,confirmed
2007-10-05,51.02999877929688,51.52000045776367,50.91999816894531,51.34999847412109,37.72591018676758,313500,Yahoo Finance,RSP,2026-09-11T22:08:08+08:00,confirmed
2007-10-08,51.2599983215332,51.33000183105469,51.060001373291016,51.13999938964844,37.57162094116211,503700,Yahoo Finance,RSP,2026-09-11T22:08:08+08:00,confirmed
2007-10-09,51.29999923706055,51.52000045776367,51.04999923706055,51.5,37.83611297607422,219300,Yahoo Finance,RSP,2026-09-11T22:08:08+08:00,confirmed
2007-10-10,51.41999816894531,51.5,51.18000030517578,51.43000030517578,37.78468322753906,223100,Yahoo Finance,RSP,2026-09-11T22:08:08+08:00,confirmed
2007-10-11,51.709999084472656,51.81999969482422,50.84000015258789,51.08000183105469,37.52755355834961,664600,Yahoo Finance,RSP,2026-09-11T22:08:08+08:00,confirmed
2007-10-12,51.060001373291016,51.36000061035156,51.040000915527344,51.2599983215332,37.659786224365234,280200,Yahoo Finance,RSP,2026-09-11T22:08:08+08:00,confirmed
2007-10-15,51.31999969482422,51.43000030517578,50.540000915527344,50.77999877929688,37.3071403503418,745000,Yahoo Finance,RSP,2026-09-11T22:08:08+08:00,confirmed
2007-10-16,50.7599983215332,50.7599983215332,50.29999923706055,50.38999938964844,37.02061462402344,1244900,Yahoo Finance,RSP,2026-09-11T22:08:08+08:00,confirmed
2007-10-17,50.7599983215332,50.810001373291016,49.90999984741211,50.470001220703125,37.079402923583984,1521200,Yahoo Finance,RSP,2026-09-11T22:08:08+08:00,confirmed
2007-10-18,50.220001220703125,50.5,50.040000915527344,50.34000015258789,36.98388671875,1123100,Yahoo Finance,RSP,2026-09-11T22:08:08+08:00,confirmed
2007-10-19,50.15999984741211,50.209999084472656,48.970001220703125,48.970001220703125,35.97735977172852,608700,Yahoo Finance,RSP,2026-09-11T22:08:08+08:00,confirmed
2007-10-22,48.68999862670898,49.459999084472656,48.63999938964844,49.400001525878906,36.29328918457031,1958000,Yahoo Finance,RSP,2026-09-11T22:08:08+08:00,confirmed
2007-10-23,49.72999954223633,49.79999923706055,49.22999954223633,49.79999923706055,36.58714294433594,821100,Yahoo Finance,RSP,2026-09-11T22:08:08+08:00,confirmed
2007-10-24,49.5099983215332,49.63999938964844,48.75,49.54999923706055,36.40347671508789,2287300,Yahoo Finance,RSP,2026-09-11T22:08:08+08:00,confirmed
2007-10-25,49.65999984741211,49.93999862670898,49.060001373291016,49.560001373291016,36.41082000732422,1059700,Yahoo Finance,RSP,2026-09-11T22:08:08+08:00,confirmed
2007-10-26,50.09999847412109,50.22999954223633,49.59999847412109,50.22999954223633,36.903076171875,609800,Yahoo Finance,RSP,2026-09-11T22:08:08+08:00,confirmed
2007-10-29,50.2599983215332,50.470001220703125,50.13999938964844,50.27999877929688,36.93980026245117,429100,Yahoo Finance,RSP,2026-09-11T22:08:08+08:00,confirmed
2007-10-30,50.119998931884766,50.310001373291016,49.9900016784668,50.02999877929688,36.75613021850586,490800,Yahoo Finance,RSP,2026-09-11T22:08:08+08:00,confirmed
2007-10-31,50.34999847412109,50.75,50.0,50.54999923706055,37.1381721496582,848000,Yahoo Finance,RSP,2026-09-11T22:08:08+08:00,confirmed
2007-11-01,50.060001373291016,50.290000915527344,49.16999816894531,49.16999816894531,36.12431335449219,1958100,Yahoo Finance,RSP,2026-09-11T22:08:08+08:00,confirmed
2007-11-02,49.52000045776367,49.52000045776367,48.79999923706055,49.2400016784668,36.17573928833008,1124900,Yahoo Finance,RSP,2026-09-11T22:08:08+08:00,confirmed
2007-11-05,47.5,49.310001373291016,47.5,49.06999969482422,36.05083847045898,924700,Yahoo Finance,RSP,2026-09-11T22:08:08+08:00,confirmed
2007-11-06,49.27999877929688,49.52000045776367,48.77999877929688,49.5099983215332,36.37408828735352,620500,Yahoo Finance,RSP,2026-09-11T22:08:08+08:00,confirmed
2007-11-07,48.77000045776367,49.20000076293945,48.16999816894531,48.27000045776367,35.463096618652344,488800,Yahoo Finance,RSP,2026-09-11T22:08:08+08:00,confirmed
2007-11-08,48.31999969482422,48.470001220703125,47.45000076293945,48.16999816894531,35.389625549316406,2523600,Yahoo Finance,RSP,2026-09-11T22:08:08+08:00,confirmed
2007-11-09,47.970001220703125,48.36000061035156,47.52000045776367,47.70000076293945,35.0443229675293,1020200,Yahoo Finance,RSP,2026-09-11T22:08:08+08:00,confirmed
2007-11-12,47.79999923706055,48.08000183105469,47.06999969482422,47.15999984741211,34.6475944519043,1213600,Yahoo Finance,RSP,2026-09-11T22:08:08+08:00,confirmed
2007-11-13,47.18000030517578,48.5,47.18000030517578,48.41999816894531,35.57329559326172,932000,Yahoo Finance,RSP,2026-09-11T22:08:08+08:00,confirmed
2007-11-14,48.77999877929688,48.869998931884766,48.0099983215332,48.02999877929688,35.28676223754883,694500,Yahoo Finance,RSP,2026-09-11T22:08:08+08:00,confirmed
2007-11-15,47.95000076293945,48.18999862670898,47.25,47.58000183105469,34.9561653137207,890500,Yahoo Finance,RSP,2026-09-11T22:08:08+08:00,confirmed
2007-11-16,47.900001525878906,47.900001525878906,47.11000061035156,47.560001373291016,34.94147491455078,873300,Yahoo Finance,RSP,2026-09-11T22:08:08+08:00,confirmed
2007-11-19,47.63999938964844,47.63999938964844,46.54999923706055,46.66999816894531,34.28760528564453,752500,Yahoo Finance,RSP,2026-09-11T22:08:08+08:00,confirmed
2007-11-20,46.70000076293945,47.2400016784668,46.0,46.59999847412109,34.236175537109375,1055300,Yahoo Finance,RSP,2026-09-11T22:08:08+08:00,confirmed
2007-11-21,46.650001525878906,46.650001525878906,45.84999847412109,46.0099983215332,33.802703857421875,876200,Yahoo Finance,RSP,2026-09-11T22:08:08+08:00,confirmed
2007-11-23,46.459999084472656,46.880001068115234,46.27999877929688,46.7599983215332,34.35371780395508,169300,Yahoo Finance,RSP,2026-09-11T22:08:08+08:00,confirmed
2007-11-26,46.54999923706055,47.02999877929688,45.70000076293945,45.70000076293945,33.5749626159668,1079200,Yahoo Finance,RSP,2026-09-11T22:08:08+08:00,confirmed
2007-11-27,46.09999847412109,46.459999084472656,45.81999969482422,46.38999938964844,34.08188247680664,1601700,Yahoo Finance,RSP,2026-09-11T22:08:08+08:00,confirmed
2007-11-28,46.459999084472656,47.880001068115234,46.459999084472656,47.720001220703125,35.05900955200195,1685600,Yahoo Finance,RSP,2026-09-11T22:08:08+08:00,confirmed
2007-11-29,47.93000030517578,47.93000030517578,47.400001525878906,47.630001068115234,34.992889404296875,815700,Yahoo Finance,RSP,2026-09-11T22:08:08+08:00,confirmed
2007-11-30,48.25,48.52999877929688,47.91999816894531,48.20000076293945,35.41166687011719,538300,Yahoo Finance,RSP,2026-09-11T22:08:08+08:00,confirmed
2007-12-03,48.150001525878906,48.22999954223633,47.869998931884766,47.93999862670898,35.220638275146484,239000,Yahoo Finance,RSP,2026-09-11T22:08:08+08:00,confirmed
2007-12-04,47.61000061035156,47.900001525878906,47.54999923706055,47.66999816894531,35.02228546142578,553400,Yahoo Finance,RSP,2026-09-11T22:08:08+08:00,confirmed
2007-12-05,48.0,48.41999816894531,48.0,48.34999847412109,35.52185821533203,429000,Yahoo Finance,RSP,2026-09-11T22:08:08+08:00,confirmed
2007-12-06,48.09000015258789,49.16999816894531,48.09000015258789,49.08000183105469,36.058197021484375,791800,Yahoo Finance,RSP,2026-09-11T22:08:08+08:00,confirmed
2007-12-07,49.18000030517578,49.34000015258789,49.09000015258789,49.130001068115234,36.09492111206055,1121800,Yahoo Finance,RSP,2026-09-11T22:08:08+08:00,confirmed
2007-12-10,49.08000183105469,49.68000030517578,49.08000183105469,49.59999847412109,36.44021987915039,352700,Yahoo Finance,RSP,2026-09-11T22:08:08+08:00,confirmed
2007-12-11,49.47999954223633,49.7400016784668,48.040000915527344,48.04999923706055,35.30145263671875,1369700,Yahoo Finance,RSP,2026-09-11T22:08:08+08:00,confirmed
2007-12-12,49.380001068115234,49.380001068115234,47.75,48.369998931884766,35.536556243896484,897200,Yahoo Finance,RSP,2026-09-11T22:08:08+08:00,confirmed
2007-12-13,48.31999969482422,48.33000183105469,47.7400016784668,48.310001373291016,35.49248123168945,627800,Yahoo Finance,RSP,2026-09-11T22:08:08+08:00,confirmed
2007-12-14,47.540000915527344,48.16999816894531,47.540000915527344,47.58000183105469,34.9561653137207,300700,Yahoo Finance,RSP,2026-09-11T22:08:08+08:00,confirmed
2007-12-17,47.2599983215332,47.5099983215332,46.88999938964844,46.91999816894531,34.47126770019531,318400,Yahoo Finance,RSP,2026-09-11T22:08:08+08:00,confirmed
2007-12-18,47.08000183105469,47.34000015258789,46.59000015258789,47.13999938964844,34.632896423339844,573000,Yahoo Finance,RSP,2026-09-11T22:08:08+08:00,confirmed
2007-12-19,47.04999923706055,47.40999984741211,46.84999847412109,47.13999938964844,34.632896423339844,876300,Yahoo Finance,RSP,2026-09-11T22:08:08+08:00,confirmed
2007-12-20,47.27000045776367,47.560001373291016,46.84000015258789,47.33000183105469,34.77249526977539,998200,Yahoo Finance,RSP,2026-09-11T22:08:08+08:00,confirmed
2007-12-21,47.5,47.88999938964844,47.5,47.86000061035156,35.308074951171875,256800,Yahoo Finance,RSP,2026-09-11T22:08:08+08:00,confirmed
2007-12-24,47.90999984741211,48.34000015258789,47.90999984741211,48.310001373291016,35.640079498291016,122600,Yahoo Finance,RSP,2026-09-11T22:08:08+08:00,confirmed
2007-12-26,47.9900016784668,48.27999877929688,47.93999862670898,48.220001220703125,35.57366943359375,431000,Yahoo Finance,RSP,2026-09-11T22:08:08+08:00,confirmed
2007-12-27,48.2599983215332,48.2599983215332,47.5,47.54999923706055,35.07938003540039,396000,Yahoo Finance,RSP,2026-09-11T22:08:08+08:00,confirmed
2007-12-28,47.7400016784668,47.900001525878906,47.33000183105469,47.470001220703125,35.020362854003906,151300,Yahoo Finance,RSP,2026-09-11T22:08:08+08:00,confirmed
2007-12-31,47.15999984741211,47.54999923706055,47.060001373291016,47.18000030517578,34.80641555786133,425000,Yahoo Finance,RSP,2026-09-11T22:08:08+08:00,confirmed
2008-01-02,47.09999847412109,47.33000183105469,46.34999847412109,46.459999084472656,34.275264739990234,524900,Yahoo Finance,RSP,2026-09-11T22:08:08+08:00,confirmed
2008-01-03,46.47999954223633,46.66999816894531,46.11000061035156,46.25,34.120330810546875,297900,Yahoo Finance,RSP,2026-09-11T22:08:08+08:00,confirmed
2008-01-04,46.0,46.0,44.86000061035156,44.93999862670898,33.15391159057617,671000,Yahoo Finance,RSP,2026-09-11T22:08:08+08:00,confirmed
2008-01-07,45.04999923706055,45.27000045776367,44.59999847412109,45.060001373291016,33.2424201965332,817900,Yahoo Finance,RSP,2026-09-11T22:08:08+08:00,confirmed
2008-01-08,45.2599983215332,45.470001220703125,43.880001068115234,43.900001525878906,32.38664627075195,473500,Yahoo Finance,RSP,2026-09-11T22:08:08+08:00,confirmed
2008-01-09,44.0,44.43000030517578,43.310001373291016,44.369998931884766,32.7333869934082,741400,Yahoo Finance,RSP,2026-09-11T22:08:08+08:00,confirmed
2008-01-10,44.09999847412109,45.310001373291016,43.91999816894531,44.9900016784668,33.1907844543457,1469800,Yahoo Finance,RSP,2026-09-11T22:08:08+08:00,confirmed
2008-01-11,44.540000915527344,44.900001525878906,44.209999084472656,44.380001068115234,32.74077224731445,593300,Yahoo Finance,RSP,2026-09-11T22:08:08+08:00,confirmed
2008-01-14,44.560001373291016,44.869998931884766,44.40999984741211,44.83000183105469,33.0727424621582,598200,Yahoo Finance,RSP,2026-09-11T22:08:08+08:00,confirmed
2008-01-15,44.22999954223633,44.34000015258789,43.63999938964844,43.68000030517578,32.224342346191406,838500,Yahoo Finance,RSP,2026-09-11T22:08:08+08:00,confirmed
2008-01-16,43.4900016784668,44.33000183105469,43.33000183105469,43.7599983215332,32.28337478637695,1036400,Yahoo Finance,RSP,2026-09-11T22:08:08+08:00,confirmed
2008-01-17,43.7400016784668,43.86000061035156,42.38999938964844,42.470001220703125,31.33167839050293,1382200,Yahoo Finance,RSP,2026-09-11T22:08:08+08:00,confirmed
2008-01-18,42.77000045776367,43.08000183105469,41.84999847412109,42.15999984741211,31.10297203063965,1072300,Yahoo Finance,RSP,2026-09-11T22:08:08+08:00,confirmed
2008-01-22,39.31999969482422,42.47999954223633,39.29999923706055,42.16999816894531,31.11035919189453,1005800,Yahoo Finance,RSP,2026-09-11T22:08:08+08:00,confirmed
2008-01-23,40.68999862670898,43.52999877929688,40.68999862670898,43.5099983215332,32.09892654418945,783600,Yahoo Finance,RSP,2026-09-11T22:08:08+08:00,confirmed
2008-01-24,43.560001373291016,43.90999984741211,43.22999954223633,43.70000076293945,32.239105224609375,719200,Yahoo Finance,RSP,2026-09-11T22:08:08+08:00,confirmed
2008-01-25,44.25,44.34999847412109,43.060001373291016,43.2400016784668,31.89974403381348,999700,Yahoo Finance,RSP,2026-09-11T22:08:08+08:00,confirmed
2008-01-28,43.22999954223633,44.15999984741211,42.88999938964844,44.15999984741211,32.57845687866211,793700,Yahoo Finance,RSP,2026-09-11T22:08:08+08:00,confirmed
2008-01-29,44.27999877929688,44.63999938964844,43.95000076293945,44.540000915527344,32.85880279541016,1050800,Yahoo Finance,RSP,2026-09-11T22:08:08+08:00,confirmed
2008-01-30,44.540000915527344,45.34999847412109,44.040000915527344,44.04999923706055,32.49729919433594,562300,Yahoo Finance,RSP,2026-09-11T22:08:08+08:00,confirmed
2008-01-31,43.61000061035156,45.52999877929688,43.45000076293945,45.150001525878906,33.3088264465332,499800,Yahoo Finance,RSP,2026-09-11T22:08:08+08:00,confirmed
2008-02-01,45.22999954223633,46.209999084472656,45.22999954223633,46.08000183105469,33.994930267333984,441800,Yahoo Finance,RSP,2026-09-11T22:08:08+08:00,confirmed
2008-02-04,46.15999984741211,46.15999984741211,45.47999954223633,45.4900016784668,33.559661865234375,274800,Yahoo Finance,RSP,2026-09-11T22:08:08+08:00,confirmed
2008-02-05,44.900001525878906,45.02000045776367,44.11000061035156,44.18999862670898,32.60059356689453,530300,Yahoo Finance,RSP,2026-09-11T22:08:08+08:00,confirmed
2008-02-06,44.45000076293945,44.72999954223633,43.709999084472656,43.84000015258789,32.342376708984375,1002600,Yahoo Finance,RSP,2026-09-11T22:08:08+08:00,confirmed
2008-02-07,43.59999847412109,44.52999877929688,43.4900016784668,44.22999954223633,32.630088806152344,710600,Yahoo Finance,RSP,2026-09-11T22:08:08+08:00,confirmed
2008-02-08,44.130001068115234,44.380001068115234,43.650001525878906,43.869998931884766,32.36451721191406,769100,Yahoo Finance,RSP,2026-09-11T22:08:08+08:00,confirmed
2008-02-11,43.88999938964844,44.38999938964844,43.65999984741211,44.33000183105469,32.70390319824219,315000,Yahoo Finance,RSP,2026-09-11T22:08:08+08:00,confirmed
2008-02-12,44.5,45.040000915527344,44.22999954223633,44.59000015258789,32.89567947387695,315200,Yahoo Finance,RSP,2026-09-11T22:08:08+08:00,confirmed
2008-02-13,44.79999923706055,45.22999954223633,44.59000015258789,45.150001525878906,33.3088264465332,393500,Yahoo Finance,RSP,2026-09-11T22:08:08+08:00,confirmed
2008-02-14,45.18000030517578,45.18000030517578,44.369998931884766,44.459999084472656,32.79977035522461,389700,Yahoo Finance,RSP,2026-09-11T22:08:08+08:00,confirmed
2008-02-15,44.220001220703125,44.45000076293945,44.0,44.45000076293945,32.79240417480469,318100,Yahoo Finance,RSP,2026-09-11T22:08:08+08:00,confirmed
2008-02-19,44.810001373291016,45.02999877929688,44.27999877929688,44.5,32.82928466796875,575100,Yahoo Finance,RSP,2026-09-11T22:08:08+08:00,confirmed
2008-02-20,44.220001220703125,45.02999877929688,44.060001373291016,44.91999816894531,33.13913345336914,574800,Yahoo Finance,RSP,2026-09-11T22:08:08+08:00,confirmed
2008-02-21,45.130001068115234,45.25,44.150001525878906,44.2400016784668,32.63747024536133,471300,Yahoo Finance,RSP,2026-09-11T22:08:08+08:00,confirmed
2008-02-22,44.43000030517578,44.619998931884766,43.70000076293945,44.59999847412109,32.9030647277832,374300,Yahoo Finance,RSP,2026-09-11T22:08:08+08:00,confirmed
2008-02-25,44.66999816894531,45.560001373291016,44.36000061035156,45.380001068115234,33.47848892211914,702900,Yahoo Finance,RSP,2026-09-11T22:08:08+08:00,confirmed
2008-02-26,45.20000076293945,46.0,45.15999984741211,45.790000915527344,33.780975341796875,379200,Yahoo Finance,RSP,2026-09-11T22:08:08+08:00,confirmed
2008-02-27,45.68000030517578,46.09000015258789,45.459999084472656,45.459999084472656,33.53752136230469,227000,Yahoo Finance,RSP,2026-09-11T22:08:08+08:00,confirmed
2008-02-28,45.34000015258789,45.43000030517578,44.93999862670898,45.06999969482422,33.249786376953125,460500,Yahoo Finance,RSP,2026-09-11T22:08:08+08:00,confirmed
2008-02-29,44.63999938964844,44.63999938964844,43.52999877929688,43.790000915527344,32.30551528930664,141000,Yahoo Finance,RSP,2026-09-11T22:08:08+08:00,confirmed
2008-03-03,43.54999923706055,43.84000015258789,43.27999877929688,43.709999084472656,32.246456146240234,456700,Yahoo Finance,RSP,2026-09-11T22:08:08+08:00,confirmed
2008-03-04,43.34000015258789,43.709999084472656,42.90999984741211,43.59000015258789,32.15794372558594,177900,Yahoo Finance,RSP,2026-09-11T22:08:08+08:00,confirmed
2008-03-05,43.63999938964844,44.22999954223633,43.400001525878906,43.84000015258789,32.342376708984375,382800,Yahoo Finance,RSP,2026-09-11T22:08:08+08:00,confirmed
2008-03-06,43.560001373291016,43.63999938964844,42.56999969482422,42.56999969482422,31.405460357666016,279900,Yahoo Finance,RSP,2026-09-11T22:08:08+08:00,confirmed
2008-03-07,42.31999969482422,43.0099983215332,41.959999084472656,42.380001068115234,31.265295028686523,287300,Yahoo Finance,RSP,2026-09-11T22:08:08+08:00,confirmed
2008-03-10,42.31999969482422,42.41999816894531,41.54999923706055,41.66999816894531,30.74149513244629,319400,Yahoo Finance,RSP,2026-09-11T22:08:08+08:00,confirmed
2008-03-11,42.45000076293945,43.22999954223633,41.93000030517578,43.22999954223633,31.892372131347656,220000,Yahoo Finance,RSP,2026-09-11T22:08:08+08:00,confirmed
2008-03-12,43.27000045776367,43.65999984741211,42.77000045776367,42.77000045776367,31.553001403808597,120000,Yahoo Finance,RSP,2026-09-11T22:08:08+08:00,confirmed
2008-03-13,42.27000045776367,43.27999877929688,41.84999847412109,43.060001373291016,31.76695251464844,159400,Yahoo Finance,RSP,2026-09-11T22:08:08+08:00,confirmed
2008-03-14,43.29999923706055,43.31999969482422,41.720001220703125,42.25,31.169389724731445,251400,Yahoo Finance,RSP,2026-09-11T22:08:08+08:00,confirmed
2008-03-17,41.06999969482422,41.869998931884766,40.869998931884766,41.47999954223633,30.601320266723636,625200,Yahoo Finance,RSP,2026-09-11T22:08:08+08:00,confirmed
2008-03-18,42.09000015258789,43.209999084472656,42.06999969482422,43.20000076293945,31.8702392578125,535900,Yahoo Finance,RSP,2026-09-11T22:08:08+08:00,confirmed
2008-03-19,43.45000076293945,43.7400016784668,42.27000045776367,42.27000045776367,31.184139251708984,249900,Yahoo Finance,RSP,2026-09-11T22:08:08+08:00,confirmed
2008-03-20,42.27999877929688,43.15999984741211,41.97999954223633,43.0,31.84700584411621,149700,Yahoo Finance,RSP,2026-09-11T22:08:08+08:00,confirmed
2008-03-24,43.38999938964844,44.43000030517578,43.34999847412109,44.08000183105469,32.64689254760742,157000,Yahoo Finance,RSP,2026-09-11T22:08:08+08:00,confirmed
2008-03-25,44.209999084472656,44.43999862670898,43.81999969482422,44.290000915527344,32.80241394042969,476000,Yahoo Finance,RSP,2026-09-11T22:08:08+08:00,confirmed
2008-03-26,44.060001373291016,44.130001068115234,43.61000061035156,43.61000061035156,32.29877853393555,301300,Yahoo Finance,RSP,2026-09-11T22:08:08+08:00,confirmed
2008-03-27,43.790000915527344,43.95000076293945,43.18999862670898,43.18999862670898,31.987701416015625,236900,Yahoo Finance,RSP,2026-09-11T22:08:08+08:00,confirmed
2008-03-28,43.2599983215332,43.400001525878906,42.630001068115234,42.72999954223633,31.647029876708984,198000,Yahoo Finance,RSP,2026-09-11T22:08:08+08:00,confirmed
2008-03-31,42.66999816894531,43.18000030517578,42.58000183105469,42.810001373291016,31.706281661987305,1305300,Yahoo Finance,RSP,2026-09-11T22:08:08+08:00,confirmed
2008-04-01,43.560001373291016,45.060001373291016,43.5,44.72999954223633,33.12828063964844,798200,Yahoo Finance,RSP,2026-09-11T22:08:08+08:00,confirmed
2008-04-02,44.84000015258789,45.20000076293945,44.63999938964844,44.84999847412109,33.21715545654297,175900,Yahoo Finance,RSP,2026-09-11T22:08:08+08:00,confirmed
2008-04-03,44.70000076293945,45.11000061035156,44.369998931884766,44.880001068115234,33.2393798828125,252500,Yahoo Finance,RSP,2026-09-11T22:08:08+08:00,confirmed
2008-04-04,45.02000045776367,45.31999969482422,44.70000076293945,45.0,33.3282585144043,380400,Yahoo Finance,RSP,2026-09-11T22:08:08+08:00,confirmed
2008-04-07,45.20000076293945,45.47999954223633,44.5,44.86000061035156,33.22456741333008,235400,Yahoo Finance,RSP,2026-09-11T22:08:08+08:00,confirmed
2008-04-08,44.66999816894531,44.86000061035156,44.5,44.720001220703125,33.120887756347656,106700,Yahoo Finance,RSP,2026-09-11T22:08:08+08:00,confirmed
2008-04-09,44.65999984741211,44.77000045776367,43.9900016784668,44.16999816894531,32.71352767944336,211800,Yahoo Finance,RSP,2026-09-11T22:08:08+08:00,confirmed
2008-04-10,44.04999923706055,44.52000045776367,43.90999984741211,44.27000045776367,32.787593841552734,1290700,Yahoo Finance,RSP,2026-09-11T22:08:08+08:00,confirmed
2008-04-11,44.02000045776367,44.09000015258789,43.45000076293945,43.52000045776367,32.23212432861328,148200,Yahoo Finance,RSP,2026-09-11T22:08:08+08:00,confirmed
2008-04-14,43.470001220703125,43.59999847412109,43.27000045776367,43.31999969482422,32.08399200439453,145900,Yahoo Finance,RSP,2026-09-11T22:08:08+08:00,confirmed
2008-04-15,43.58000183105469,43.59000015258789,43.11000061035156,43.47999954223633,32.20249938964844,127600,Yahoo Finance,RSP,2026-09-11T22:08:08+08:00,confirmed
2008-04-16,43.79999923706055,44.65999984741211,43.79999923706055,44.65999984741211,33.076438903808594,397900,Yahoo Finance,RSP,2026-09-11T22:08:08+08:00,confirmed
2008-04-17,44.45000076293945,44.75,44.33000183105469,44.630001068115234,33.05424118041992,128700,Yahoo Finance,RSP,2026-09-11T22:08:08+08:00,confirmed
2008-04-18,45.630001068115234,45.68000030517578,45.27999877929688,45.34999847412109,33.58747482299805,398500,Yahoo Finance,RSP,2026-09-11T22:08:08+08:00,confirmed
2008-04-21,45.16999816894531,45.40999984741211,45.02999877929688,45.27999877929688,33.53562927246094,139000,Yahoo Finance,RSP,2026-09-11T22:08:08+08:00,confirmed
2008-04-22,45.150001525878906,45.150001525878906,44.43000030517578,44.709999084472656,33.113487243652344,116900,Yahoo Finance,RSP,2026-09-11T22:08:08+08:00,confirmed
2008-04-23,44.7599983215332,45.119998931884766,44.59000015258789,44.84000015258789,33.20975875854492,148400,Yahoo Finance,RSP,2026-09-11T22:08:08+08:00,confirmed
2008-04-24,44.77999877929688,45.4900016784668,44.5099983215332,45.18000030517578,33.46156692504883,121800,Yahoo Finance,RSP,2026-09-11T22:08:08+08:00,confirmed
2008-04-25,45.36000061035156,45.72999954223633,44.9900016784668,45.68999862670898,33.83928680419922,141700,Yahoo Finance,RSP,2026-09-11T22:08:08+08:00,confirmed
2008-04-28,45.7400016784668,45.93000030517578,45.5099983215332,45.7400016784668,33.87632369995117,114900,Yahoo Finance,RSP,2026-09-11T22:08:08+08:00,confirmed
2008-04-29,45.650001525878906,45.77000045776367,45.40999984741211,45.66999816894531,33.8244743347168,285900,Yahoo Finance,RSP,2026-09-11T22:08:08+08:00,confirmed
2008-04-30,45.630001068115234,46.02999877929688,45.20000076293945,45.2599983215332,33.52080535888672,202000,Yahoo Finance,RSP,2026-09-11T22:08:08+08:00,confirmed
2008-05-01,45.18999862670898,46.27999877929688,45.150001525878906,46.2599983215332,34.26143264770508,184600,Yahoo Finance,RSP,2026-09-11T22:08:08+08:00,confirmed
2008-05-02,46.61000061035156,46.79999923706055,46.119998931884766,46.38999938964844,34.35771560668945,230700,Yahoo Finance,RSP,2026-09-11T22:08:08+08:00,confirmed
2008-05-05,46.15999984741211,46.34999847412109,45.93999862670898,46.130001068115234,34.165157318115234,142400,Yahoo Finance,RSP,2026-09-11T22:08:08+08:00,confirmed
2008-05-06,45.93999862670898,46.63999938964844,45.7400016784668,46.52000045776367,34.45401382446289,147300,Yahoo Finance,RSP,2026-09-11T22:08:08+08:00,confirmed
2008-05-07,46.619998931884766,46.66999816894531,45.68999862670898,45.77000045776367,33.898536682128906,112800,Yahoo Finance,RSP,2026-09-11T22:08:08+08:00,confirmed
2008-05-08,45.7400016784668,46.0,45.540000915527344,45.77000045776367,33.898536682128906,120300,Yahoo Finance,RSP,2026-09-11T22:08:08+08:00,confirmed
2008-05-09,45.38999938964844,45.790000915527344,45.34000015258789,45.560001373291016,33.743011474609375,130000,Yahoo Finance,RSP,2026-09-11T22:08:08+08:00,confirmed
2008-05-12,45.709999084472656,46.27999877929688,45.540000915527344,46.27999877929688,34.2762565612793,1382000,Yahoo Finance,RSP,2026-09-11T22:08:08+08:00,confirmed
2008-05-13,46.369998931884766,46.43999862670898,46.06999969482422,46.34000015258789,34.32069396972656,296600,Yahoo Finance,RSP,2026-09-11T22:08:08+08:00,confirmed
2008-05-14,46.5,47.02000045776367,46.5,46.58000183105469,34.49845123291016,355000,Yahoo Finance,RSP,2026-09-11T22:08:08+08:00,confirmed
2008-05-15,46.66999816894531,47.25,46.540000915527344,47.16999816894531,34.93541717529297,184100,Yahoo Finance,RSP,2026-09-11T22:08:08+08:00,confirmed
2008-05-16,47.27000045776367,47.27000045776367,46.790000915527344,47.16999816894531,34.93541717529297,95100,Yahoo Finance,RSP,2026-09-11T22:08:08+08:00,confirmed
2008-05-19,47.130001068115234,47.65999984741211,46.97999954223633,47.09999847412109,34.883575439453125,141100,Yahoo Finance,RSP,2026-09-11T22:08:08+08:00,confirmed
2008-05-20,46.900001525878906,46.900001525878906,46.5,46.75,34.62434387207031,300300,Yahoo Finance,RSP,2026-09-11T22:08:08+08:00,confirmed
2008-05-21,46.84000015258789,46.91999816894531,45.84999847412109,45.88999938964844,33.98741149902344,229000,Yahoo Finance,RSP,2026-09-11T22:08:08+08:00,confirmed
2008-05-22,45.97999954223633,46.220001220703125,45.880001068115234,46.0,34.068878173828125,445500,Yahoo Finance,RSP,2026-09-11T22:08:08+08:00,confirmed
2008-05-23,45.75,45.81999969482422,45.2599983215332,45.380001068115234,33.60968780517578,184900,Yahoo Finance,RSP,2026-09-11T22:08:08+08:00,confirmed
2008-05-27,45.4900016784668,45.84999847412109,45.36000061035156,45.81999969482422,33.935569763183594,203900,Yahoo Finance,RSP,2026-09-11T22:08:08+08:00,confirmed
2008-05-28,45.91999816894531,46.11000061035156,45.68999862670898,46.11000061035156,34.15033721923828,117700,Yahoo Finance,RSP,2026-09-11T22:08:08+08:00,confirmed
2008-05-29,46.02000045776367,46.59999847412109,46.02000045776367,46.36000061035156,34.33552169799805,118700,Yahoo Finance,RSP,2026-09-11T22:08:08+08:00,confirmed
2008-05-30,46.52999877929688,46.58000183105469,46.310001373291016,46.459999084472656,34.409576416015625,186400,Yahoo Finance,RSP,2026-09-11T22:08:08+08:00,confirmed
2008-06-02,46.27000045776367,46.43999862670898,45.65999984741211,45.95000076293945,34.0318603515625,154100,Yahoo Finance,RSP,2026-09-11T22:08:08+08:00,confirmed
2008-06-03,46.15999984741211,46.22999954223633,45.45000076293945,45.790000915527344,33.91335678100586,362800,Yahoo Finance,RSP,2026-09-11T22:08:08+08:00,confirmed
2008-06-04,45.63999938964844,46.220001220703125,45.540000915527344,45.77000045776367,33.898536682128906,395800,Yahoo Finance,RSP,2026-09-11T22:08:08+08:00,confirmed
2008-06-05,46.02000045776367,46.619998931884766,45.90999984741211,46.560001373291016,34.48362350463867,93200,Yahoo Finance,RSP,2026-09-11T22:08:08+08:00,confirmed
2008-06-06,46.15999984741211,46.16999816894531,44.9900016784668,44.9900016784668,33.32085037231445,563300,Yahoo Finance,RSP,2026-09-11T22:08:08+08:00,confirmed
2008-06-09,45.15999984741211,45.459999084472656,44.650001525878906,45.0,33.3282585144043,734500,Yahoo Finance,RSP,2026-09-11T22:08:08+08:00,confirmed
2008-06-10,44.68000030517578,45.119998931884766,44.630001068115234,44.81999969482422,33.1949348449707,221100,Yahoo Finance,RSP,2026-09-11T22:08:08+08:00,confirmed
2008-06-11,44.720001220703125,44.7599983215332,43.880001068115234,43.93000030517578,32.53578567504883,629600,Yahoo Finance,RSP,2026-09-11T22:08:08+08:00,confirmed
2008-06-12,44.310001373291016,44.650001525878906,43.86000061035156,44.130001068115234,32.683895111083984,476200,Yahoo Finance,RSP,2026-09-11T22:08:08+08:00,confirmed
2008-06-13,44.34000015258789,44.93000030517578,44.27999877929688,44.93000030517578,33.27640914916992,414500,Yahoo Finance,RSP,2026-09-11T22:08:08+08:00,confirmed
2008-06-16,44.70000076293945,45.130001068115234,44.56999969482422,45.0,33.3282585144043,199800,Yahoo Finance,RSP,2026-09-11T22:08:08+08:00,confirmed
2008-06-17,45.18000030517578,45.18000030517578,44.560001373291016,44.560001373291016,33.00239181518555,503400,Yahoo Finance,RSP,2026-09-11T22:08:08+08:00,confirmed
2008-06-18,44.33000183105469,44.38999938964844,43.900001525878906,44.09000015258789,32.654293060302734,291300,Yahoo Finance,RSP,2026-09-11T22:08:08+08:00,confirmed
2008-06-19,44.02000045776367,44.5099983215332,43.880001068115234,44.380001068115234,32.869075775146484,250600,Yahoo Finance,RSP,2026-09-11T22:08:08+08:00,confirmed
2008-06-20,43.790000915527344,43.84000015258789,43.209999084472656,43.38999938964844,32.24919509887695,177600,Yahoo Finance,RSP,2026-09-11T22:08:08+08:00,confirmed
2008-06-23,43.4900016784668,43.56999969482422,43.04999923706055,43.11000061035156,32.041107177734375,350600,Yahoo Finance,RSP,2026-09-11T22:08:08+08:00,confirmed
2008-06-24,43.02999877929688,43.41999816894531,42.56999969482422,42.9900016784668,31.951913833618164,490100,Yahoo Finance,RSP,2026-09-11T22:08:08+08:00,confirmed
2008-06-25,43.25,43.810001373291016,43.11000061035156,43.29999923706055,32.18230438232422,429400,Yahoo Finance,RSP,2026-09-11T22:08:08+08:00,confirmed
2008-06-26,42.84999847412109,42.84999847412109,42.0,42.0,31.216100692749023,409400,Yahoo Finance,RSP,2026-09-11T22:08:08+08:00,confirmed
2008-06-27,42.13999938964844,42.20000076293945,41.59999847412109,41.95000076293945,31.178924560546875,447900,Yahoo Finance,RSP,2026-09-11T22:08:08+08:00,confirmed
2008-06-30,42.75,42.75,41.58000183105469,41.7400016784668,31.022859573364254,191700,Yahoo Finance,RSP,2026-09-11T22:08:08+08:00,confirmed
2008-07-01,41.209999084472656,41.86000061035156,40.959999084472656,41.83000183105469,31.08975601196289,1283900,Yahoo Finance,RSP,2026-09-11T22:08:08+08:00,confirmed
2008-07-02,42.02999877929688,42.13999938964844,40.970001220703125,40.970001220703125,30.450563430786133,272500,Yahoo Finance,RSP,2026-09-11T22:08:08+08:00,confirmed
2008-07-03,41.20000076293945,41.40999984741211,40.52999877929688,40.720001220703125,30.26474380493164,435800,Yahoo Finance,RSP,2026-09-11T22:08:08+08:00,confirmed
2008-07-07,41.02000045776367,41.27999877929688,40.02999877929688,40.43999862670898,30.05664825439453,951100,Yahoo Finance,RSP,2026-09-11T22:08:08+08:00,confirmed
2008-07-08,40.31999969482422,41.43000030517578,40.15999984741211,41.43000030517578,30.792461395263672,947300,Yahoo Finance,RSP,2026-09-11T22:08:08+08:00,confirmed
2008-07-09,41.33000183105469,41.58000183105469,40.36000061035156,40.38999938964844,30.019474029541016,361300,Yahoo Finance,RSP,2026-09-11T22:08:08+08:00,confirmed
2008-07-10,40.470001220703125,40.70000076293945,39.91999816894531,40.38999938964844,30.019474029541016,492200,Yahoo Finance,RSP,2026-09-11T22:08:08+08:00,confirmed
2008-07-11,40.04999923706055,40.540000915527344,39.36000061035156,40.08000183105469,29.789077758789062,513300,Yahoo Finance,RSP,2026-09-11T22:08:08+08:00,confirmed
2008-07-14,40.29999923706055,40.5,39.31999969482422,39.36000061035156,29.253950119018555,353500,Yahoo Finance,RSP,2026-09-11T22:08:08+08:00,confirmed
2008-07-15,39.0,39.7599983215332,38.38999938964844,39.06999969482422,29.038393020629883,570600,Yahoo Finance,RSP,2026-09-11T22:08:08+08:00,confirmed
2008-07-16,39.18999862670898,40.43999862670898,38.959999084472656,40.43999862670898,30.05664825439453,627800,Yahoo Finance,RSP,2026-09-11T22:08:08+08:00,confirmed
2008-07-17,40.790000915527344,41.31999969482422,40.22999954223633,41.27000045776367,30.67352867126465,1487800,Yahoo Finance,RSP,2026-09-11T22:08:08+08:00,confirmed
2008-07-18,41.45000076293945,41.45000076293945,40.900001525878906,41.2400016784668,30.6512451171875,540300,Yahoo Finance,RSP,2026-09-11T22:08:08+08:00,confirmed
2008-07-21,41.25,41.52999877929688,41.02999877929688,41.20000076293945,30.62152099609375,423400,Yahoo Finance,RSP,2026-09-11T22:08:08+08:00,confirmed
2008-07-22,41.0,41.90999984741211,40.68000030517578,41.88999938964844,31.13434600830078,523800,Yahoo Finance,RSP,2026-09-11T22:08:08+08:00,confirmed
2008-07-23,41.709999084472656,42.7400016784668,41.5,42.27000045776367,31.41676902770996,1532500,Yahoo Finance,RSP,2026-09-11T22:08:08+08:00,confirmed
2008-07-24,42.33000183105469,42.36000061035156,40.900001525878906,40.9900016784668,30.46542358398437,750600,Yahoo Finance,RSP,2026-09-11T22:08:08+08:00,confirmed
2008-07-25,41.220001220703125,41.34000015258789,40.84999847412109,41.02999877929688,30.49515724182129,378500,Yahoo Finance,RSP,2026-09-11T22:08:08+08:00,confirmed
2008-07-28,41.0,41.16999816894531,40.2599983215332,40.27000045776367,29.93029022216797,308000,Yahoo Finance,RSP,2026-09-11T22:08:08+08:00,confirmed
2008-07-29,40.34999847412109,41.45000076293945,40.34999847412109,41.45000076293945,30.807321548461918,468200,Yahoo Finance,RSP,2026-09-11T22:08:08+08:00,confirmed
2008-07-30,41.75,42.040000915527344,41.310001373291016,42.040000915527344,31.24581527709961,274600,Yahoo Finance,RSP,2026-09-11T22:08:08+08:00,confirmed
2008-07-31,41.540000915527344,42.02999877929688,41.47999954223633,41.52999877929688,30.86676597595215,337200,Yahoo Finance,RSP,2026-09-11T22:08:08+08:00,confirmed
2008-08-01,41.880001068115234,41.880001068115234,40.959999084472656,41.27999877929688,30.680965423583984,267600,Yahoo Finance,RSP,2026-09-11T22:08:08+08:00,confirmed
2008-08-04,41.45000076293945,41.45000076293945,40.81999969482422,41.0099983215332,30.48028564453125,196700,Yahoo Finance,RSP,2026-09-11T22:08:08+08:00,confirmed
2008-08-05,41.16999816894531,42.25,41.16999816894531,42.25,31.40191078186035,332000,Yahoo Finance,RSP,2026-09-11T22:08:08+08:00,confirmed
2008-08-06,42.209999084472656,42.5,41.86000061035156,42.40999984741211,31.520832061767575,417800,Yahoo Finance,RSP,2026-09-11T22:08:08+08:00,confirmed
2008-08-07,42.0,42.20000076293945,41.54999923706055,41.619998931884766,30.933677673339844,266900,Yahoo Finance,RSP,2026-09-11T22:08:08+08:00,confirmed
2008-08-08,41.7400016784668,42.900001525878906,41.68999862670898,42.77999877929688,31.79583168029785,1416000,Yahoo Finance,RSP,2026-09-11T22:08:08+08:00,confirmed
2008-08-11,42.84999847412109,43.709999084472656,42.59000015258789,43.34000015258789,32.21202850341797,1202300,Yahoo Finance,RSP,2026-09-11T22:08:08+08:00,confirmed
2008-08-12,43.400001525878906,43.400001525878906,42.560001373291016,42.68999862670898,31.728933334350582,1252900,Yahoo Finance,RSP,2026-09-11T22:08:08+08:00,confirmed
2008-08-13,42.959999084472656,42.959999084472656,42.02000045776367,42.5,31.587709426879883,1508200,Yahoo Finance,RSP,2026-09-11T22:08:08+08:00,confirmed
2008-08-14,42.5099983215332,43.20000076293945,42.13999938964844,43.0,31.959348678588867,324800,Yahoo Finance,RSP,2026-09-11T22:08:08+08:00,confirmed
2008-08-15,43.20000076293945,43.470001220703125,43.02999877929688,43.31999969482422,32.19715881347656,1054800,Yahoo Finance,RSP,2026-09-11T22:08:08+08:00,confirmed
2008-08-18,43.4900016784668,43.4900016784668,42.41999816894531,42.59000015258789,31.654613494873047,1390600,Yahoo Finance,RSP,2026-09-11T22:08:08+08:00,confirmed
2008-08-19,42.33000183105469,42.369998931884766,41.83000183105469,41.93999862670898,31.171506881713867,1626000,Yahoo Finance,RSP,2026-09-11T22:08:08+08:00,confirmed
2008-08-20,42.130001068115234,42.2400016784668,41.619998931884766,42.04999923706055,31.253271102905277,1814900,Yahoo Finance,RSP,2026-09-11T22:08:08+08:00,confirmed
2008-08-21,41.93000030517578,42.18000030517578,41.619998931884766,41.84999847412109,31.10462188720703,66900,Yahoo Finance,RSP,2026-09-11T22:08:08+08:00,confirmed
2008-08-22,42.16999816894531,42.65999984741211,42.16999816894531,42.65999984741211,31.706636428833008,653800,Yahoo Finance,RSP,2026-09-11T22:08:08+08:00,confirmed
2008-08-25,42.61000061035156,42.61000061035156,41.75,41.79999923706055,31.067459106445312,157400,Yahoo Finance,RSP,2026-09-11T22:08:08+08:00,confirmed
2008-08-26,41.84000015258789,42.08000183105469,41.59999847412109,41.869998931884766,31.11946678161621,453100,Yahoo Finance,RSP,2026-09-11T22:08:08+08:00,confirmed
2008-08-27,41.900001525878906,42.45000076293945,41.86000061035156,42.34999847412109,31.476228713989254,112000,Yahoo Finance,RSP,2026-09-11T22:08:08+08:00,confirmed
2008-08-28,42.54999923706055,43.15999984741211,42.54999923706055,43.119998931884766,32.048519134521484,144300,Yahoo Finance,RSP,2026-09-11T22:08:08+08:00,confirmed
2008-08-29,43.09000015258789,43.09000015258789,42.68000030517578,42.7599983215332,31.78096008300781,942700,Yahoo Finance,RSP,2026-09-11T22:08:08+08:00,confirmed
2008-09-02,43.20000076293945,43.70000076293945,42.5,42.79999923706055,31.810699462890625,971700,Yahoo Finance,RSP,2026-09-11T22:08:08+08:00,confirmed
2008-09-03,42.7599983215332,42.95000076293945,42.380001068115234,42.560001373291016,31.63231468200684,952900,Yahoo Finance,RSP,2026-09-11T22:08:08+08:00,confirmed
2008-09-04,42.41999816894531,42.41999816894531,41.400001525878906,41.40999984741211,30.777591705322266,243600,Yahoo Finance,RSP,2026-09-11T22:08:08+08:00,confirmed
2008-09-05,41.16999816894531,41.84999847412109,40.70000076293945,41.790000915527344,31.060014724731445,271700,Yahoo Finance,RSP,2026-09-11T22:08:08+08:00,confirmed
2008-09-08,41.79999923706055,43.40999984741211,41.79999923706055,42.65999984741211,31.706636428833008,1179000,Yahoo Finance,RSP,2026-09-11T22:08:08+08:00,confirmed
2008-09-09,42.81999969482422,42.81999969482422,41.13999938964844,41.13999938964844,30.576904296875,240300,Yahoo Finance,RSP,2026-09-11T22:08:08+08:00,confirmed
2008-09-10,41.2599983215332,41.72999954223633,40.869998931884766,41.29999923706055,30.695825576782227,226400,Yahoo Finance,RSP,2026-09-11T22:08:08+08:00,confirmed
2008-09-11,40.79999923706055,41.869998931884766,40.52999877929688,41.83000183105469,31.08975601196289,411400,Yahoo Finance,RSP,2026-09-11T22:08:08+08:00,confirmed
2008-09-12,41.66999816894531,42.16999816894531,41.369998931884766,42.02000045776367,31.23096466064453,202200,Yahoo Finance,RSP,2026-09-11T22:08:08+08:00,confirmed
2008-09-15,40.29999923706055,41.59999847412109,40.2599983215332,40.27000045776367,29.93029022216797,585700,Yahoo Finance,RSP,2026-09-11T22:08:08+08:00,confirmed
2008-09-16,39.36000061035156,40.72999954223633,39.25,40.630001068115234,30.19785690307617,808800,Yahoo Finance,RSP,2026-09-11T22:08:08+08:00,confirmed
2008-09-17,40.310001373291016,40.310001373291016,38.77999877929688,38.77999877929688,28.82286071777344,520000,Yahoo Finance,RSP,2026-09-11T22:08:08+08:00,confirmed
2008-09-18,39.18000030517578,40.720001220703125,37.790000915527344,40.459999084472656,30.071502685546875,796500,Yahoo Finance,RSP,2026-09-11T22:08:08+08:00,confirmed
2008-09-19,41.79999923706055,41.79999923706055,41.27999877929688,41.79999923706055,31.207839965820312,642000,Yahoo Finance,RSP,2026-09-11T22:08:08+08:00,confirmed
2008-09-22,40.7599983215332,41.540000915527344,40.15999984741211,40.18999862670898,30.00581169128418,526100,Yahoo Finance,RSP,2026-09-11T22:08:08+08:00,confirmed
2008-09-23,40.5,40.68999862670898,39.52999877929688,39.56999969482422,29.54292678833008,147700,Yahoo Finance,RSP,2026-09-11T22:08:08+08:00,confirmed
2008-09-24,39.5099983215332,40.97999954223633,38.810001373291016,40.09000015258789,29.93115234375,175500,Yahoo Finance,RSP,2026-09-11T22:08:08+08:00,confirmed
2008-09-25,40.970001220703125,40.97999954223633,39.59000015258789,40.04999923706055,29.901296615600582,485500,Yahoo Finance,RSP,2026-09-11T22:08:08+08:00,confirmed
2008-09-26,40.52000045776367,41.02000045776367,39.13999938964844,40.0,29.86395072937012,1060700,Yahoo Finance,RSP,2026-09-11T22:08:08+08:00,confirmed
2008-09-29,39.75,39.75,36.34000015258789,36.900001525878906,27.549509048461918,1394400,Yahoo Finance,RSP,2026-09-11T22:08:08+08:00,confirmed
2008-09-30,38.0,38.040000915527344,36.7400016784668,37.93000030517578,28.31849479675293,378300,Yahoo Finance,RSP,2026-09-11T22:08:08+08:00,confirmed
2008-10-01,37.93999862670898,38.0,37.18999862670898,37.869998931884766,28.273704528808597,941400,Yahoo Finance,RSP,2026-09-11T22:08:08+08:00,confirmed
2008-10-02,37.77999877929688,37.77999877929688,35.869998931884766,36.20000076293945,27.02687644958496,509200,Yahoo Finance,RSP,2026-09-11T22:08:08+08:00,confirmed
2008-10-03,36.58000183105469,37.20000076293945,35.22999954223633,35.279998779296875,26.340002059936523,715200,Yahoo Finance,RSP,2026-09-11T22:08:08+08:00,confirmed
2008-10-06,34.38999938964844,34.86000061035156,32.15999984741211,34.040000915527344,25.414230346679688,781300,Yahoo Finance,RSP,2026-09-11T22:08:08+08:00,confirmed
2008-10-07,34.380001068115234,35.16999816894531,31.46999931335449,31.75,23.704517364501957,387100,Yahoo Finance,RSP,2026-09-11T22:08:08+08:00,confirmed
2008-10-08,31.06999969482422,32.61000061035156,30.229999542236328,31.479999542236328,23.5029354095459,809200,Yahoo Finance,RSP,2026-09-11T22:08:08+08:00,confirmed
2008-10-09,31.76000022888184,32.0099983215332,28.959999084472656,29.200000762939453,21.800682067871094,1513900,Yahoo Finance,RSP,2026-09-11T22:08:08+08:00,confirmed
2008-10-10,27.799999237060547,29.6299991607666,26.200000762939453,28.809999465942383,21.5095157623291,1166600,Yahoo Finance,RSP,2026-09-11T22:08:08+08:00,confirmed
2008-10-13,29.31999969482422,32.0,29.31999969482422,32.0,23.891162872314453,1266600,Yahoo Finance,RSP,2026-09-11T22:08:08+08:00,confirmed
2008-10-14,33.36000061035156,34.040000915527344,30.86000061035156,31.709999084472656,23.67464256286621,1173500,Yahoo Finance,RSP,2026-09-11T22:08:08+08:00,confirmed
2008-10-15,30.51000022888184,31.420000076293945,28.71999931335449,28.8799991607666,21.561771392822266,477900,Yahoo Finance,RSP,2026-09-11T22:08:08+08:00,confirmed
2008-10-16,28.96999931335449,29.799999237060547,27.309999465942383,29.770000457763672,22.226247787475582,541700,Yahoo Finance,RSP,2026-09-11T22:08:08+08:00,confirmed
2008-10-17,29.229999542236328,30.989999771118164,28.920000076293945,29.299999237060547,21.875341415405277,478300,Yahoo Finance,RSP,2026-09-11T22:08:08+08:00,confirmed
2008-10-20,30.06999969482422,31.440000534057617,29.71999931335449,31.100000381469727,23.2192325592041,317800,Yahoo Finance,RSP,2026-09-11T22:08:08+08:00,confirmed
2008-10-21,30.76000022888184,31.01000022888184,29.88999938964844,30.030000686645508,22.42036247253418,408700,Yahoo Finance,RSP,2026-09-11T22:08:08+08:00,confirmed
2008-10-22,29.420000076293945,29.420000076293945,27.309999465942383,28.11000061035156,20.986892700195312,288700,Yahoo Finance,RSP,2026-09-11T22:08:08+08:00,confirmed
2008-10-23,27.84000015258789,28.520000457763672,26.36000061035156,27.93000030517578,20.85251235961914,446100,Yahoo Finance,RSP,2026-09-11T22:08:08+08:00,confirmed
2008-10-24,25.25,27.6200008392334,25.0,26.809999465942383,20.01631546020508,580700,Yahoo Finance,RSP,2026-09-11T22:08:08+08:00,confirmed
2008-10-27,25.790000915527344,27.229999542236328,25.5,25.5,19.03826904296875,406400,Yahoo Finance,RSP,2026-09-11T22:08:08+08:00,confirmed
2008-10-28,26.68000030517578,28.549999237060547,25.63999938964844,28.549999237060547,21.31539726257324,389300,Yahoo Finance,RSP,2026-09-11T22:08:08+08:00,confirmed
2008-10-29,29.290000915527344,29.700000762939453,28.209999084472656,28.440000534057617,21.233274459838867,468700,Yahoo Finance,RSP,2026-09-11T22:08:08+08:00,confirmed
2008-10-30,29.8799991607666,29.8799991607666,28.5,29.3799991607666,21.935081481933597,365400,Yahoo Finance,RSP,2026-09-11T22:08:08+08:00,confirmed
2008-10-31,29.559999465942383,30.459999084472656,28.88999938964844,30.0,22.3979606628418,324600,Yahoo Finance,RSP,2026-09-11T22:08:08+08:00,confirmed
2008-11-03,29.84000015258789,30.239999771118164,29.700000762939453,29.940000534057617,22.35317611694336,214700,Yahoo Finance,RSP,2026-09-11T22:08:08+08:00,confirmed
2008-11-04,30.799999237060547,31.190000534057617,30.34000015258789,31.1200008392334,23.234161376953125,709900,Yahoo Finance,RSP,2026-09-11T22:08:08+08:00,confirmed
2008-11-05,30.770000457763672,31.0,29.450000762939453,29.450000762939453,21.987335205078125,327600,Yahoo Finance,RSP,2026-09-11T22:08:08+08:00,confirmed
2008-11-06,29.059999465942383,29.51000022888184,27.86000061035156,27.920000076293945,20.84503936767578,453000,Yahoo Finance,RSP,2026-09-11T22:08:08+08:00,confirmed
2008-11-07,28.34000015258789,28.729999542236328,28.01000022888184,28.709999084472656,21.434852600097656,346400,Yahoo Finance,RSP,2026-09-11T22:08:08+08:00,confirmed
2008-11-10,29.450000762939453,29.450000762939453,27.770000457763672,28.18000030517578,21.03915405273437,261700,Yahoo Finance,RSP,2026-09-11T22:08:08+08:00,confirmed
2008-11-11,27.57999992370605,27.979999542236328,26.920000076293945,27.31999969482422,20.397077560424805,337100,Yahoo Finance,RSP,2026-09-11T22:08:08+08:00,confirmed
2008-11-12,26.899999618530277,26.899999618530277,25.780000686645508,25.940000534057617,19.366777420043945,379800,Yahoo Finance,RSP,2026-09-11T22:08:08+08:00,confirmed
2008-11-13,26.06999969482422,27.71999931335449,24.75,27.71999931335449,20.695707321166992,363600,Yahoo Finance,RSP,2026-09-11T22:08:08+08:00,confirmed
2008-11-14,27.040000915527344,27.76000022888184,26.3700008392334,26.450000762939453,19.747547149658203,246400,Yahoo Finance,RSP,2026-09-11T22:08:08+08:00,confirmed
2008-11-17,26.1299991607666,26.6200008392334,25.65999984741211,25.65999984741211,19.157724380493164,754000,Yahoo Finance,RSP,2026-09-11T22:08:08+08:00,confirmed
2008-11-18,25.520000457763672,26.07999992370605,24.850000381469727,25.61000061035156,19.120399475097656,244800,Yahoo Finance,RSP,2026-09-11T22:08:08+08:00,confirmed
2008-11-19,25.790000915527344,25.82999992370605,23.93000030517578,23.950000762939453,17.881046295166016,320700,Yahoo Finance,RSP,2026-09-11T22:08:08+08:00,confirmed
2008-11-20,23.61000061035156,24.290000915527344,22.149999618530277,22.31999969482422,16.664085388183594,1208400,Yahoo Finance,RSP,2026-09-11T22:08:08+08:00,confirmed
2008-11-21,22.549999237060547,23.670000076293945,21.8700008392334,23.57999992370605,17.604801177978516,1056700,Yahoo Finance,RSP,2026-09-11T22:08:08+08:00,confirmed
2008-11-24,24.07999992370605,25.75,23.799999237060547,25.280000686645508,18.8740177154541,1242000,Yahoo Finance,RSP,2026-09-11T22:08:08+08:00,confirmed
2008-11-25,25.940000534057617,26.0,24.90999984741211,25.649999618530277,19.150259017944336,340600,Yahoo Finance,RSP,2026-09-11T22:08:08+08:00,confirmed
2008-11-26,24.93000030517578,26.850000381469727,24.93000030517578,26.82999992370605,20.03124046325684,828700,Yahoo Finance,RSP,2026-09-11T22:08:08+08:00,confirmed
2008-11-28,26.700000762939453,27.11000061035156,26.600000381469727,27.11000061035156,20.240297317504883,474600,Yahoo Finance,RSP,2026-09-11T22:08:08+08:00,confirmed
2008-12-01,26.540000915527344,26.559999465942383,24.59000015258789,24.649999618530277,18.40365600585937,648600,Yahoo Finance,RSP,2026-09-11T22:08:08+08:00,confirmed
2008-12-02,24.75,25.57999992370605,24.6299991607666,25.57999992370605,19.097999572753903,409300,Yahoo Finance,RSP,2026-09-11T22:08:08+08:00,confirmed
2008-12-03,24.93000030517578,26.280000686645508,24.809999465942383,26.280000686645508,19.62061882019043,330100,Yahoo Finance,RSP,2026-09-11T22:08:08+08:00,confirmed
2008-12-04,25.809999465942383,26.51000022888184,25.07999992370605,25.459999084472656,19.00840759277344,666100,Yahoo Finance,RSP,2026-09-11T22:08:08+08:00,confirmed
2008-12-05,25.11000061035156,26.549999237060547,24.549999237060547,26.440000534057617,19.74008178710937,900400,Yahoo Finance,RSP,2026-09-11T22:08:08+08:00,confirmed
2008-12-08,26.950000762939453,27.75,26.90999984741211,27.399999618530277,20.45680427551269,1353600,Yahoo Finance,RSP,2026-09-11T22:08:08+08:00,confirmed
2008-12-09,27.350000381469727,27.899999618530277,26.86000061035156,27.059999465942383,20.20296287536621,720900,Yahoo Finance,RSP,2026-09-11T22:08:08+08:00,confirmed
2008-12-10,27.26000022888184,27.729999542236328,26.989999771118164,27.399999618530277,20.45680427551269,337000,Yahoo Finance,RSP,2026-09-11T22:08:08+08:00,confirmed
2008-12-11,27.26000022888184,27.649999618530277,26.32999992370605,26.670000076293945,19.911792755126957,1198400,Yahoo Finance,RSP,2026-09-11T22:08:08+08:00,confirmed
2008-12-12,25.84000015258789,26.920000076293945,25.63999938964844,26.8799991607666,20.068580627441406,433000,Yahoo Finance,RSP,2026-09-11T22:08:08+08:00,confirmed
2008-12-15,26.93000030517578,26.989999771118164,25.959999084472656,26.3799991607666,19.69527244567871,366200,Yahoo Finance,RSP,2026-09-11T22:08:08+08:00,confirmed
2008-12-16,27.979999542236328,27.979999542236328,26.670000076293945,27.979999542236328,20.88983726501465,665000,Yahoo Finance,RSP,2026-09-11T22:08:08+08:00,confirmed
2008-12-17,27.56999969482422,28.229999542236328,27.3700008392334,27.82999992370605,20.77783966064453,2531000,Yahoo Finance,RSP,2026-09-11T22:08:08+08:00,confirmed
2008-12-18,27.920000076293945,28.170000076293945,26.989999771118164,27.34000015258789,20.41201400756836,1257200,Yahoo Finance,RSP,2026-09-11T22:08:08+08:00,confirmed
2008-12-19,27.43000030517578,27.96999931335449,27.1200008392334,27.350000381469727,20.526853561401367,904800,Yahoo Finance,RSP,2026-09-11T22:08:08+08:00,confirmed
2008-12-22,27.40999984741211,27.40999984741211,26.07999992370605,26.51000022888184,19.89640235900879,798500,Yahoo Finance,RSP,2026-09-11T22:08:08+08:00,confirmed
2008-12-23,26.59000015258789,26.790000915527344,26.020000457763672,26.1200008392334,19.603702545166016,1152600,Yahoo Finance,RSP,2026-09-11T22:08:08+08:00,confirmed
2008-12-24,26.21999931335449,26.3700008392334,26.07999992370605,26.270000457763672,19.716272354125977,289200,Yahoo Finance,RSP,2026-09-11T22:08:08+08:00,confirmed
2008-12-26,26.43000030517578,26.61000061035156,26.239999771118164,26.61000061035156,19.97144889831543,226900,Yahoo Finance,RSP,2026-09-11T22:08:08+08:00,confirmed
2008-12-29,26.51000022888184,26.530000686645508,25.899999618530277,26.299999237060547,19.738792419433597,380000,Yahoo Finance,RSP,2026-09-11T22:08:08+08:00,confirmed
2008-12-30,26.40999984741211,27.200000762939453,26.3799991607666,27.1299991607666,20.36172103881836,631800,Yahoo Finance,RSP,2026-09-11T22:08:08+08:00,confirmed
2008-12-31,27.21999931335449,27.920000076293945,27.020000457763672,27.799999237060547,20.864574432373047,574300,Yahoo Finance,RSP,2026-09-11T22:08:08+08:00,confirmed
2009-01-02,27.32999992370605,28.920000076293945,27.32999992370605,28.75,21.577579498291016,1813500,Yahoo Finance,RSP,2026-09-11T22:08:08+08:00,confirmed
2009-01-05,28.59000015258789,29.239999771118164,28.420000076293945,28.899999618530277,21.69015312194824,2954300,Yahoo Finance,RSP,2026-09-11T22:08:08+08:00,confirmed
2009-01-06,29.25,29.82999992370605,29.100000381469727,29.56999969482422,22.19300842285156,963800,Yahoo Finance,RSP,2026-09-11T22:08:08+08:00,confirmed
2009-01-07,29.190000534057617,29.190000534057617,28.440000534057617,28.59000015258789,21.457489013671875,884500,Yahoo Finance,RSP,2026-09-11T22:08:08+08:00,confirmed
2009-01-08,28.399999618530277,28.84000015258789,28.18000030517578,28.81999969482422,21.630111694335938,544900,Yahoo Finance,RSP,2026-09-11T22:08:08+08:00,confirmed
2009-01-09,28.88999938964844,28.899999618530277,28.020000457763672,28.059999465942383,21.05971908569336,458700,Yahoo Finance,RSP,2026-09-11T22:08:08+08:00,confirmed
2009-01-12,28.0,28.030000686645508,26.979999542236328,27.149999618530277,20.376733779907227,599100,Yahoo Finance,RSP,2026-09-11T22:08:08+08:00,confirmed
2009-01-13,27.030000686645508,27.440000534057617,26.81999969482422,27.15999984741211,20.384241104125977,1318000,Yahoo Finance,RSP,2026-09-11T22:08:08+08:00,confirmed
2009-01-14,26.65999984741211,26.670000076293945,25.88999938964844,26.1299991607666,19.6112003326416,1494000,Yahoo Finance,RSP,2026-09-11T22:08:08+08:00,confirmed
2009-01-15,26.200000762939453,26.690000534057617,25.280000686645508,26.309999465942383,19.746301651000977,1985700,Yahoo Finance,RSP,2026-09-11T22:08:08+08:00,confirmed
2009-01-16,26.71999931335449,26.8799991607666,25.899999618530277,26.670000076293945,20.0164852142334,1617600,Yahoo Finance,RSP,2026-09-11T22:08:08+08:00,confirmed
2009-01-20,26.46999931335449,26.46999931335449,24.959999084472656,24.959999084472656,18.733089447021484,973400,Yahoo Finance,RSP,2026-09-11T22:08:08+08:00,confirmed
2009-01-21,25.420000076293945,26.170000076293945,24.920000076293945,26.170000076293945,19.64122200012207,835900,Yahoo Finance,RSP,2026-09-11T22:08:08+08:00,confirmed
2009-01-22,25.649999618530277,26.059999465942383,25.09000015258789,25.61000061035156,19.220932006835938,1250800,Yahoo Finance,RSP,2026-09-11T22:08:08+08:00,confirmed
2009-01-23,24.959999084472656,26.149999618530277,24.799999237060547,25.86000061035156,19.40856170654297,642600,Yahoo Finance,RSP,2026-09-11T22:08:08+08:00,confirmed
2009-01-26,25.950000762939453,26.600000381469727,25.670000076293945,25.959999084472656,19.483612060546875,635800,Yahoo Finance,RSP,2026-09-11T22:08:08+08:00,confirmed
2009-01-27,26.030000686645508,26.489999771118164,25.93000030517578,26.309999465942383,19.746301651000977,482200,Yahoo Finance,RSP,2026-09-11T22:08:08+08:00,confirmed
2009-01-28,26.86000061035156,27.6200008392334,26.86000061035156,27.3799991607666,20.54934883117676,481300,Yahoo Finance,RSP,2026-09-11T22:08:08+08:00,confirmed
2009-01-29,27.0,27.0,26.270000457763672,26.309999465942383,19.746301651000977,250900,Yahoo Finance,RSP,2026-09-11T22:08:08+08:00,confirmed
2009-01-30,26.43000030517578,26.51000022888184,25.34000015258789,25.479999542236328,19.123363494873047,642900,Yahoo Finance,RSP,2026-09-11T22:08:08+08:00,confirmed
2009-02-02,25.100000381469727,25.59000015258789,24.989999771118164,25.420000076293945,19.07832717895508,407800,Yahoo Finance,RSP,2026-09-11T22:08:08+08:00,confirmed
2009-02-03,25.5,25.989999771118164,25.25,25.84000015258789,19.3935489654541,327300,Yahoo Finance,RSP,2026-09-11T22:08:08+08:00,confirmed
2009-02-04,25.899999618530277,26.34000015258789,25.63999938964844,25.700000762939453,19.28848648071289,379300,Yahoo Finance,RSP,2026-09-11T22:08:08+08:00,confirmed
2009-02-05,25.5,26.479999542236328,25.36000061035156,26.209999084472656,19.67124557495117,517400,Yahoo Finance,RSP,2026-09-11T22:08:08+08:00,confirmed
2009-02-06,26.200000762939453,27.15999984741211,26.200000762939453,27.01000022888184,20.27165985107422,580700,Yahoo Finance,RSP,2026-09-11T22:08:08+08:00,confirmed
2009-02-09,27.01000022888184,27.350000381469727,26.809999465942383,27.059999465942383,20.309186935424805,904400,Yahoo Finance,RSP,2026-09-11T22:08:08+08:00,confirmed
2009-02-10,26.81999969482422,27.100000381469727,25.459999084472656,25.6200008392334,19.22843170166016,721100,Yahoo Finance,RSP,2026-09-11T22:08:08+08:00,confirmed
2009-02-11,25.81999969482422,26.059999465942383,25.43000030517578,25.850000381469727,19.40106201171875,1074500,Yahoo Finance,RSP,2026-09-11T22:08:08+08:00,confirmed
2009-02-12,25.43000030517578,26.01000022888184,25.040000915527344,25.96999931335449,19.491119384765625,951200,Yahoo Finance,RSP,2026-09-11T22:08:08+08:00,confirmed
2009-02-13,25.88999938964844,26.15999984741211,25.6200008392334,25.709999084472656,19.295991897583008,846300,Yahoo Finance,RSP,2026-09-11T22:08:08+08:00,confirmed
2009-02-17,24.86000061035156,24.86000061035156,24.3700008392334,24.3799991607666,18.29778861999512,577600,Yahoo Finance,RSP,2026-09-11T22:08:08+08:00,confirmed
2009-02-18,24.6299991607666,24.6299991607666,23.940000534057617,24.200000762939453,18.16269302368164,999600,Yahoo Finance,RSP,2026-09-11T22:08:08+08:00,confirmed
2009-02-19,24.420000076293945,24.690000534057617,23.799999237060547,23.8700008392334,17.915019989013672,760400,Yahoo Finance,RSP,2026-09-11T22:08:08+08:00,confirmed
2009-02-20,23.36000061035156,23.940000534057617,23.040000915527344,23.65999984741211,17.75741195678711,1109200,Yahoo Finance,RSP,2026-09-11T22:08:08+08:00,confirmed
2009-02-23,23.770000457763672,23.899999618530277,22.690000534057617,22.739999771118164,17.066925048828125,638800,Yahoo Finance,RSP,2026-09-11T22:08:08+08:00,confirmed
2009-02-24,22.850000381469727,23.8799991607666,22.729999542236328,23.770000457763672,17.839969635009766,595200,Yahoo Finance,RSP,2026-09-11T22:08:08+08:00,confirmed
2009-02-25,23.61000061035156,23.989999771118164,23.07999992370605,23.489999771118164,17.629819869995117,620100,Yahoo Finance,RSP,2026-09-11T22:08:08+08:00,confirmed
2009-02-26,23.770000457763672,23.96999931335449,23.020000457763672,23.040000915527344,17.292089462280273,357300,Yahoo Finance,RSP,2026-09-11T22:08:08+08:00,confirmed
2009-02-27,22.530000686645508,23.15999984741211,22.479999542236328,22.6200008392334,16.976865768432617,650700,Yahoo Finance,RSP,2026-09-11T22:08:08+08:00,confirmed
2009-03-02,22.100000381469727,22.280000686645508,21.290000915527344,21.38999938964844,16.0537166595459,1608900,Yahoo Finance,RSP,2026-09-11T22:08:08+08:00,confirmed
2009-03-03,21.6200008392334,21.729999542236328,21.01000022888184,21.170000076293945,15.888596534729004,873500,Yahoo Finance,RSP,2026-09-11T22:08:08+08:00,confirmed
2009-03-04,21.57999992370605,22.239999771118164,21.399999618530277,21.82999992370605,16.38395118713379,381500,Yahoo Finance,RSP,2026-09-11T22:08:08+08:00,confirmed
2009-03-05,21.309999465942383,21.540000915527344,20.65999984741211,20.82999992370605,15.6334228515625,887500,Yahoo Finance,RSP,2026-09-11T22:08:08+08:00,confirmed
2009-03-06,21.09000015258789,21.299999237060547,20.190000534057617,20.739999771118164,15.565876007080078,678600,Yahoo Finance,RSP,2026-09-11T22:08:08+08:00,confirmed
2009-03-09,20.59000015258789,21.15999984741211,20.420000076293945,20.59000015258789,15.453295707702637,623000,Yahoo Finance,RSP,2026-09-11T22:08:08+08:00,confirmed
2009-03-10,20.940000534057617,22.030000686645508,20.93000030517578,22.030000686645508,16.5340576171875,640800,Yahoo Finance,RSP,2026-09-11T22:08:08+08:00,confirmed
2009-03-11,22.270000457763672,22.51000022888184,21.8799991607666,22.149999618530277,16.624114990234375,459200,Yahoo Finance,RSP,2026-09-11T22:08:08+08:00,confirmed
2009-03-12,22.06999969482422,23.170000076293945,21.88999938964844,23.040000915527344,17.292089462280273,445700,Yahoo Finance,RSP,2026-09-11T22:08:08+08:00,confirmed
2009-03-13,23.200000762939453,23.40999984741211,22.81999969482422,23.299999237060547,17.487220764160156,994500,Yahoo Finance,RSP,2026-09-11T22:08:08+08:00,confirmed
2009-03-16,23.649999618530277,23.920000076293945,23.13999938964844,23.13999938964844,17.36713218688965,738000,Yahoo Finance,RSP,2026-09-11T22:08:08+08:00,confirmed
2009-03-17,23.25,23.959999084472656,22.979999542236328,23.940000534057617,17.967559814453125,1492600,Yahoo Finance,RSP,2026-09-11T22:08:08+08:00,confirmed
2009-03-18,23.780000686645508,25.0,23.6200008392334,24.809999465942383,18.620506286621094,1284100,Yahoo Finance,RSP,2026-09-11T22:08:08+08:00,confirmed
2009-03-19,25.209999084472656,25.209999084472656,24.479999542236328,24.57999992370605,18.447893142700195,1182200,Yahoo Finance,RSP,2026-09-11T22:08:08+08:00,confirmed
2009-03-20,24.540000915527344,24.540000915527344,23.540000915527344,23.670000076293945,17.884239196777344,1159600,Yahoo Finance,RSP,2026-09-11T22:08:08+08:00,confirmed
2009-03-23,24.68000030517578,25.68000030517578,24.309999465942383,25.63999938964844,19.37269592285156,432600,Yahoo Finance,RSP,2026-09-11T22:08:08+08:00,confirmed
2009-03-24,25.32999992370605,25.71999931335449,25.07999992370605,25.09000015258789,18.95713996887207,929400,Yahoo Finance,RSP,2026-09-11T22:08:08+08:00,confirmed
2009-03-25,25.280000686645508,26.0,24.520000457763672,25.3700008392334,19.168703079223636,3031200,Yahoo Finance,RSP,2026-09-11T22:08:08+08:00,confirmed
2009-03-26,25.739999771118164,26.25,25.489999771118164,26.18000030517578,19.78070640563965,708000,Yahoo Finance,RSP,2026-09-11T22:08:08+08:00,confirmed
2009-03-27,25.809999465942383,25.989999771118164,25.549999237060547,25.6299991607666,19.36515045166016,760300,Yahoo Finance,RSP,2026-09-11T22:08:08+08:00,confirmed
2009-03-30,24.899999618530277,24.93000030517578,24.170000076293945,24.450000762939453,18.473583221435547,260300,Yahoo Finance,RSP,2026-09-11T22:08:08+08:00,confirmed
2009-03-31,24.770000457763672,25.229999542236328,24.479999542236328,24.770000457763672,18.715356826782227,1056600,Yahoo Finance,RSP,2026-09-11T22:08:08+08:00,confirmed
2009-04-01,24.649999618530277,25.3700008392334,24.31999969482422,25.299999237060547,19.11581420898437,568700,Yahoo Finance,RSP,2026-09-11T22:08:08+08:00,confirmed
2009-04-02,26.43000030517578,26.770000457763672,25.63999938964844,26.40999984741211,19.95449447631836,1407900,Yahoo Finance,RSP,2026-09-11T22:08:08+08:00,confirmed
2009-04-03,26.420000076293945,26.920000076293945,26.1200008392334,26.920000076293945,20.33983039855957,971000,Yahoo Finance,RSP,2026-09-11T22:08:08+08:00,confirmed
2009-04-06,26.51000022888184,26.649999618530277,26.1200008392334,26.530000686645508,20.04515266418457,666700,Yahoo Finance,RSP,2026-09-11T22:08:08+08:00,confirmed
2009-04-07,26.040000915527344,26.18000030517578,25.709999084472656,25.729999542236328,19.44070243835449,954300,Yahoo Finance,RSP,2026-09-11T22:08:08+08:00,confirmed
2009-04-08,26.059999465942383,26.280000686645508,25.82999992370605,26.26000022888184,19.84114646911621,709400,Yahoo Finance,RSP,2026-09-11T22:08:08+08:00,confirmed
2009-04-09,28.13999938964844,28.13999938964844,26.920000076293945,27.850000381469727,21.042499542236328,3995400,Yahoo Finance,RSP,2026-09-11T22:08:08+08:00,confirmed
2009-04-13,27.5,28.18000030517578,27.200000762939453,27.93000030517578,21.102951049804688,1228000,Yahoo Finance,RSP,2026-09-11T22:08:08+08:00,confirmed
2009-04-14,27.600000381469727,28.040000915527344,27.18000030517578,27.209999084472656,20.55893325805664,1062600,Yahoo Finance,RSP,2026-09-11T22:08:08+08:00,confirmed
2009-04-15,27.15999984741211,27.780000686645508,26.940000534057617,27.709999084472656,20.936717987060547,2994000,Yahoo Finance,RSP,2026-09-11T22:08:08+08:00,confirmed
2009-04-16,27.88999938964844,28.6200008392334,27.61000061035156,28.350000381469727,21.4202823638916,1757200,Yahoo Finance,RSP,2026-09-11T22:08:08+08:00,confirmed
2009-04-17,28.559999465942383,29.020000457763672,28.229999542236328,28.799999237060547,21.76028633117676,1704500,Yahoo Finance,RSP,2026-09-11T22:08:08+08:00,confirmed
2009-04-20,28.46999931335449,28.46999931335449,27.11000061035156,27.149999618530277,20.51360893249512,2451500,Yahoo Finance,RSP,2026-09-11T22:08:08+08:00,confirmed
2009-04-21,26.989999771118164,27.979999542236328,26.559999465942383,27.950000762939453,21.118066787719727,3468000,Yahoo Finance,RSP,2026-09-11T22:08:08+08:00,confirmed
2009-04-22,27.700000762939453,28.75,27.51000022888184,28.01000022888184,21.163387298583984,2282200,Yahoo Finance,RSP,2026-09-11T22:08:08+08:00,confirmed
2009-04-23,28.01000022888184,28.3700008392334,27.68000030517578,28.32999992370605,21.40517234802246,3137200,Yahoo Finance,RSP,2026-09-11T22:08:08+08:00,confirmed
2009-04-24,28.530000686645508,29.280000686645508,28.420000076293945,29.01000022888184,21.918949127197266,1615700,Yahoo Finance,RSP,2026-09-11T22:08:08+08:00,confirmed
2009-04-27,28.729999542236328,29.020000457763672,28.32999992370605,28.479999542236328,21.51850700378418,1923200,Yahoo Finance,RSP,2026-09-11T22:08:08+08:00,confirmed
2009-04-28,28.270000457763672,28.770000457763672,28.020000457763672,28.36000061035156,21.427846908569336,4259300,Yahoo Finance,RSP,2026-09-11T22:08:08+08:00,confirmed
2009-04-29,28.559999465942383,29.559999465942383,28.559999465942383,29.25,22.10029411315918,2144700,Yahoo Finance,RSP,2026-09-11T22:08:08+08:00,confirmed
2009-04-30,29.68000030517578,30.030000686645508,29.21999931335449,29.399999618530277,22.21363067626953,1878400,Yahoo Finance,RSP,2026-09-11T22:08:08+08:00,confirmed
2009-05-01,29.40999984741211,29.790000915527344,29.18000030517578,29.549999237060547,22.32696533203125,1427900,Yahoo Finance,RSP,2026-09-11T22:08:08+08:00,confirmed
2009-05-04,29.86000061035156,31.0,29.780000686645508,30.93000030517578,23.369651794433597,1842100,Yahoo Finance,RSP,2026-09-11T22:08:08+08:00,confirmed
2009-05-05,30.920000076293945,31.020000457763672,30.540000915527344,30.88999938964844,23.33942031860352,3733500,Yahoo Finance,RSP,2026-09-11T22:08:08+08:00,confirmed
2009-05-06,31.31999969482422,31.59000015258789,30.809999465942383,31.489999771118164,23.792760848999023,2599100,Yahoo Finance,RSP,2026-09-11T22:08:08+08:00,confirmed
2009-05-07,31.920000076293945,31.989999771118164,30.559999465942383,30.770000457763672,23.24875259399414,2178800,Yahoo Finance,RSP,2026-09-11T22:08:08+08:00,confirmed
2009-05-08,31.280000686645508,32.04999923706055,31.11000061035156,32.04999923706055,24.215879440307617,4245600,Yahoo Finance,RSP,2026-09-11T22:08:08+08:00,confirmed
2009-05-11,31.670000076293945,31.670000076293945,30.979999542236328,31.11000061035156,23.50564193725586,2420600,Yahoo Finance,RSP,2026-09-11T22:08:08+08:00,confirmed
2009-05-12,31.440000534057617,31.489999771118164,30.11000061035156,30.649999618530277,23.158092498779297,3053600,Yahoo Finance,RSP,2026-09-11T22:08:08+08:00,confirmed
2009-05-13,30.18000030517578,30.18000030517578,29.26000022888184,29.299999237060547,22.13806915283203,1836800,Yahoo Finance,RSP,2026-09-11T22:08:08+08:00,confirmed
2009-05-14,29.280000686645508,30.13999938964844,29.18000030517578,29.850000381469727,22.553630828857425,2487200,Yahoo Finance,RSP,2026-09-11T22:08:08+08:00,confirmed
2009-05-15,29.8700008392334,30.15999984741211,29.25,29.43000030517578,22.236299514770508,1253000,Yahoo Finance,RSP,2026-09-11T22:08:08+08:00,confirmed
2009-05-18,29.76000022888184,30.729999542236328,29.76000022888184,30.690000534057617,23.188308715820312,2046300,Yahoo Finance,RSP,2026-09-11T22:08:08+08:00,confirmed
2009-05-19,30.57999992370605,31.1200008392334,30.479999542236328,30.75,23.2336483001709,1075600,Yahoo Finance,RSP,2026-09-11T22:08:08+08:00,confirmed
2009-05-20,31.06999969482422,31.61000061035156,30.459999084472656,30.540000915527344,23.074975967407227,1430600,Yahoo Finance,RSP,2026-09-11T22:08:08+08:00,confirmed
2009-05-21,30.18000030517578,30.209999084472656,29.549999237060547,29.93000030517578,22.61408424377441,1072900,Yahoo Finance,RSP,2026-09-11T22:08:08+08:00,confirmed
2009-05-22,30.09000015258789,30.209999084472656,29.690000534057617,29.8700008392334,22.56875228881836,978600,Yahoo Finance,RSP,2026-09-11T22:08:08+08:00,confirmed
2009-05-26,29.549999237060547,30.899999618530277,29.540000915527344,30.81999969482422,23.28652572631836,1517300,Yahoo Finance,RSP,2026-09-11T22:08:08+08:00,confirmed
2009-05-27,30.86000061035156,31.100000381469727,30.200000762939453,30.200000762939453,22.81808280944824,995100,Yahoo Finance,RSP,2026-09-11T22:08:08+08:00,confirmed
2009-05-28,30.549999237060547,30.709999084472656,29.8700008392334,30.6299991607666,23.142969131469727,872500,Yahoo Finance,RSP,2026-09-11T22:08:08+08:00,confirmed
2009-05-29,30.81999969482422,31.299999237060547,30.600000381469727,31.299999237060547,23.649206161499023,2313400,Yahoo Finance,RSP,2026-09-11T22:08:08+08:00,confirmed
2009-06-01,31.739999771118164,32.619998931884766,31.729999542236328,32.43000030517578,24.50300025939941,1811900,Yahoo Finance,RSP,2026-09-11T22:08:08+08:00,confirmed
2009-06-02,32.36000061035156,32.630001068115234,32.189998626708984,32.43000030517578,24.50300025939941,1663000,Yahoo Finance,RSP,2026-09-11T22:08:08+08:00,confirmed
2009-06-03,32.25,32.25,31.399999618530277,31.71999931335449,23.96654510498047,1710300,Yahoo Finance,RSP,2026-09-11T22:08:08+08:00,confirmed
2009-06-04,31.799999237060547,32.369998931884766,31.57999992370605,32.369998931884766,24.457660675048828,1470700,Yahoo Finance,RSP,2026-09-11T22:08:08+08:00,confirmed
2009-06-05,32.689998626708984,32.72999954223633,31.8799991607666,32.36000061035156,24.450105667114254,1887700,Yahoo Finance,RSP,2026-09-11T22:08:08+08:00,confirmed
2009-06-08,32.060001373291016,32.34000015258789,31.540000915527344,31.96999931335449,24.155431747436523,2870200,Yahoo Finance,RSP,2026-09-11T22:08:08+08:00,confirmed
2009-06-09,32.279998779296875,32.470001220703125,31.950000762939453,32.290000915527344,24.397220611572266,1715200,Yahoo Finance,RSP,2026-09-11T22:08:08+08:00,confirmed
2009-06-10,32.59000015258789,32.68000030517578,31.770000457763672,32.63999938964844,24.661664962768555,1120900,Yahoo Finance,RSP,2026-09-11T22:08:08+08:00,confirmed
2009-06-11,32.369998931884766,32.779998779296875,32.310001373291016,32.33000183105469,24.427433013916016,976600,Yahoo Finance,RSP,2026-09-11T22:08:08+08:00,confirmed
2009-06-12,32.2400016784668,32.33000183105469,31.8700008392334,32.310001373291016,24.412324905395508,868200,Yahoo Finance,RSP,2026-09-11T22:08:08+08:00,confirmed
2009-06-15,31.90999984741211,31.93000030517578,31.229999542236328,31.350000381469727,23.686983108520508,847500,Yahoo Finance,RSP,2026-09-11T22:08:08+08:00,confirmed
2009-06-16,31.51000022888184,31.6200008392334,30.780000686645508,30.82999992370605,23.294092178344727,1025500,Yahoo Finance,RSP,2026-09-11T22:08:08+08:00,confirmed
2009-06-17,30.739999771118164,30.959999084472656,30.25,30.670000076293945,23.17320251464844,1776600,Yahoo Finance,RSP,2026-09-11T22:08:08+08:00,confirmed
2009-06-18,30.6200008392334,30.989999771118164,30.459999084472656,30.770000457763672,23.24875259399414,2613900,Yahoo Finance,RSP,2026-09-11T22:08:08+08:00,confirmed
2009-06-19,30.920000076293945,31.170000076293945,30.71999931335449,30.8799991607666,23.419397354125977,1374000,Yahoo Finance,RSP,2026-09-11T22:08:08+08:00,confirmed
2009-06-22,30.600000381469727,30.600000381469727,29.780000686645508,29.780000686645508,22.58514976501465,1956300,Yahoo Finance,RSP,2026-09-11T22:08:08+08:00,confirmed
2009-06-23,29.90999984741211,30.0,29.530000686645508,29.770000457763672,22.57757568359375,2368400,Yahoo Finance,RSP,2026-09-11T22:08:08+08:00,confirmed
2009-06-24,29.989999771118164,30.479999542236328,29.90999984741211,30.11000061035156,22.835426330566406,2381800,Yahoo Finance,RSP,2026-09-11T22:08:08+08:00,confirmed
2009-06-25,30.01000022888184,30.8799991607666,29.920000076293945,30.8700008392334,23.411806106567383,1844600,Yahoo Finance,RSP,2026-09-11T22:08:08+08:00,confirmed
2009-06-26,30.780000686645508,30.940000534057617,30.56999969482422,30.76000022888184,23.328392028808597,823200,Yahoo Finance,RSP,2026-09-11T22:08:08+08:00,confirmed
2009-06-29,30.84000015258789,31.149999618530277,30.68000030517578,31.07999992370605,23.571081161499023,1033700,Yahoo Finance,RSP,2026-09-11T22:08:08+08:00,confirmed
2009-06-30,31.07999992370605,31.209999084472656,30.61000061035156,30.809999465942383,23.36629867553711,2215500,Yahoo Finance,RSP,2026-09-11T22:08:08+08:00,confirmed
2009-07-01,31.049999237060547,31.31999969482422,30.959999084472656,31.01000022888184,23.51798820495605,3122100,Yahoo Finance,RSP,2026-09-11T22:08:08+08:00,confirmed
2009-07-02,30.75,30.75,29.989999771118164,30.020000457763672,22.76716423034668,1492700,Yahoo Finance,RSP,2026-09-11T22:08:08+08:00,confirmed
2009-07-06,29.709999084472656,29.950000762939453,29.51000022888184,29.93000030517578,22.698909759521484,1215500,Yahoo Finance,RSP,2026-09-11T22:08:08+08:00,confirmed
2009-07-07,29.93000030517578,29.93000030517578,29.190000534057617,29.229999542236328,22.168025970458984,2382500,Yahoo Finance,RSP,2026-09-11T22:08:08+08:00,confirmed
2009-07-08,29.40999984741211,29.440000534057617,28.739999771118164,29.1200008392334,22.08460807800293,3314900,Yahoo Finance,RSP,2026-09-11T22:08:08+08:00,confirmed
2009-07-09,29.280000686645508,29.549999237060547,29.13999938964844,29.350000381469727,22.2590389251709,1397500,Yahoo Finance,RSP,2026-09-11T22:08:08+08:00,confirmed
2009-07-10,29.100000381469727,29.420000076293945,28.950000762939453,29.25,22.18320655822754,762600,Yahoo Finance,RSP,2026-09-11T22:08:08+08:00,confirmed
2009-07-13,29.350000381469727,29.959999084472656,28.96999931335449,29.93000030517578,22.698909759521484,1293600,Yahoo Finance,RSP,2026-09-11T22:08:08+08:00,confirmed
2009-07-14,30.01000022888184,30.25,29.799999237060547,30.25,22.941598892211918,1109000,Yahoo Finance,RSP,2026-09-11T22:08:08+08:00,confirmed
2009-07-15,30.61000061035156,31.280000686645508,30.600000381469727,31.209999084472656,23.6696720123291,1626500,Yahoo Finance,RSP,2026-09-11T22:08:08+08:00,confirmed
2009-07-16,31.149999618530277,31.690000534057617,30.940000534057617,31.559999465942383,23.93509864807129,1539500,Yahoo Finance,RSP,2026-09-11T22:08:08+08:00,confirmed
2009-07-17,31.5,31.559999465942383,31.280000686645508,31.489999771118164,23.882022857666016,1105700,Yahoo Finance,RSP,2026-09-11T22:08:08+08:00,confirmed
2009-07-20,31.700000762939453,32.040000915527344,31.59000015258789,32.0,24.26880645751953,932200,Yahoo Finance,RSP,2026-09-11T22:08:08+08:00,confirmed
2009-07-21,32.369998931884766,32.369998931884766,31.530000686645508,31.979999542236328,24.25363540649414,2298100,Yahoo Finance,RSP,2026-09-11T22:08:08+08:00,confirmed
2009-07-22,31.770000457763672,32.25,31.729999542236328,32.08000183105469,24.32948112487793,1236300,Yahoo Finance,RSP,2026-09-11T22:08:08+08:00,confirmed
2009-07-23,32.08000183105469,33.11000061035156,32.08000183105469,32.97999954223633,25.012039184570312,1992000,Yahoo Finance,RSP,2026-09-11T22:08:08+08:00,confirmed
2009-07-24,32.90999984741211,33.25,32.65999984741211,33.22999954223633,25.201642990112305,1280800,Yahoo Finance,RSP,2026-09-11T22:08:08+08:00,confirmed
2009-07-27,33.220001220703125,33.45000076293945,33.02000045776367,33.45000076293945,25.368488311767575,1442000,Yahoo Finance,RSP,2026-09-11T22:08:08+08:00,confirmed
2009-07-28,33.310001373291016,33.470001220703125,32.95000076293945,33.33000183105469,25.27747344970703,942700,Yahoo Finance,RSP,2026-09-11T22:08:08+08:00,confirmed
2009-07-29,33.220001220703125,33.27000045776367,32.869998931884766,33.11000061035156,25.11063003540039,600400,Yahoo Finance,RSP,2026-09-11T22:08:08+08:00,confirmed
2009-07-30,33.70000076293945,33.95000076293945,33.5099983215332,33.630001068115234,25.504995346069336,1522500,Yahoo Finance,RSP,2026-09-11T22:08:08+08:00,confirmed
2009-07-31,33.63999938964844,33.900001525878906,33.40999984741211,33.63999938964844,25.512575149536133,942500,Yahoo Finance,RSP,2026-09-11T22:08:08+08:00,confirmed
2009-08-03,34.0,34.380001068115234,33.849998474121094,34.349998474121094,26.051048278808597,1032900,Yahoo Finance,RSP,2026-09-11T22:08:08+08:00,confirmed
2009-08-04,34.2400016784668,34.65999984741211,34.099998474121094,34.560001373291016,26.21031188964844,784200,Yahoo Finance,RSP,2026-09-11T22:08:08+08:00,confirmed
2009-08-05,34.63999938964844,34.68000030517578,34.119998931884766,34.5,26.16480255126953,859100,Yahoo Finance,RSP,2026-09-11T22:08:08+08:00,confirmed
2009-08-06,34.75,34.83000183105469,34.16999816894531,34.31999969482422,26.028284072875977,688100,Yahoo Finance,RSP,2026-09-11T22:08:08+08:00,confirmed
2009-08-07,34.75,35.349998474121094,34.56999969482422,35.11000061035156,26.6274356842041,1587200,Yahoo Finance,RSP,2026-09-11T22:08:08+08:00,confirmed
2009-08-10,35.0099983215332,35.09000015258789,34.650001525878906,34.91999816894531,26.48332977294922,783800,Yahoo Finance,RSP,2026-09-11T22:08:08+08:00,confirmed
2009-08-11,34.81999969482422,34.84000015258789,34.310001373291016,34.45000076293945,26.12688446044922,591700,Yahoo Finance,RSP,2026-09-11T22:08:08+08:00,confirmed
2009-08-12,34.45000076293945,35.220001220703125,34.45000076293945,34.93000030517578,26.490930557250977,429900,Yahoo Finance,RSP,2026-09-11T22:08:08+08:00,confirmed
2009-08-13,35.06999969482422,35.29999923706055,34.72999954223633,35.279998779296875,26.756351470947266,576400,Yahoo Finance,RSP,2026-09-11T22:08:08+08:00,confirmed
2009-08-14,35.29999923706055,35.29999923706055,34.5,34.81999969482422,26.407485961914062,725700,Yahoo Finance,RSP,2026-09-11T22:08:08+08:00,confirmed
2009-08-17,34.15999984741211,34.16999816894531,33.75,33.84000015258789,25.664255142211918,1303200,Yahoo Finance,RSP,2026-09-11T22:08:08+08:00,confirmed
2009-08-18,33.9900016784668,34.33000183105469,33.880001068115234,34.2400016784668,25.967613220214844,454700,Yahoo Finance,RSP,2026-09-11T22:08:08+08:00,confirmed
2009-08-19,33.93000030517578,34.61000061035156,33.849998474121094,34.47999954223633,26.149629592895508,389500,Yahoo Finance,RSP,2026-09-11T22:08:08+08:00,confirmed
2009-08-20,34.58000183105469,34.939998626708984,34.43000030517578,34.880001068115234,26.452999114990234,801000,Yahoo Finance,RSP,2026-09-11T22:08:08+08:00,confirmed
2009-08-21,35.130001068115234,35.72999954223633,35.130001068115234,35.619998931884766,27.01421546936035,843400,Yahoo Finance,RSP,2026-09-11T22:08:08+08:00,confirmed
2009-08-24,35.849998474121094,36.0099983215332,35.43000030517578,35.52000045776367,26.93837547302246,1113700,Yahoo Finance,RSP,2026-09-11T22:08:08+08:00,confirmed
2009-08-25,35.63999938964844,36.06999969482422,35.630001068115234,35.720001220703125,27.090051651000977,732300,Yahoo Finance,RSP,2026-09-11T22:08:08+08:00,confirmed
2009-08-26,35.560001373291016,35.90999984741211,35.40999984741211,35.83000183105469,27.17347526550293,962800,Yahoo Finance,RSP,2026-09-11T22:08:08+08:00,confirmed
2009-08-27,35.81999969482422,36.0,35.209999084472656,35.88999938964844,27.21898078918457,495800,Yahoo Finance,RSP,2026-09-11T22:08:08+08:00,confirmed
2009-08-28,36.25,36.34000015258789,35.650001525878906,36.02000045776367,27.31757354736328,1120600,Yahoo Finance,RSP,2026-09-11T22:08:08+08:00,confirmed
2009-08-31,35.59000015258789,35.650001525878906,35.290000915527344,35.540000915527344,26.95353889465332,501800,Yahoo Finance,RSP,2026-09-11T22:08:08+08:00,confirmed
2009-09-01,35.40999984741211,35.90999984741211,34.529998779296875,34.56999969482422,26.217885971069336,858900,Yahoo Finance,RSP,2026-09-11T22:08:08+08:00,confirmed
2009-09-02,34.40999984741211,34.63999938964844,34.2400016784668,34.400001525878906,26.088960647583008,1167000,Yahoo Finance,RSP,2026-09-11T22:08:08+08:00,confirmed
2009-09-03,34.70000076293945,34.88999938964844,34.290000915527344,34.88999938964844,26.460582733154297,770100,Yahoo Finance,RSP,2026-09-11T22:08:08+08:00,confirmed
2009-09-04,35.0,35.33000183105469,34.689998626708984,35.29999923706055,26.771520614624023,1014900,Yahoo Finance,RSP,2026-09-11T22:08:08+08:00,confirmed
2009-09-08,35.709999084472656,35.75,35.470001220703125,35.709999084472656,27.082468032836918,563600,Yahoo Finance,RSP,2026-09-11T22:08:08+08:00,confirmed
2009-09-09,35.81999969482422,36.29999923706055,35.630001068115234,36.18999862670898,27.44650077819824,2328100,Yahoo Finance,RSP,2026-09-11T22:08:08+08:00,confirmed
2009-09-10,36.220001220703125,36.68999862670898,35.900001525878906,36.66999816894531,27.810527801513672,1023600,Yahoo Finance,RSP,2026-09-11T22:08:08+08:00,confirmed
2009-09-11,36.79999923706055,36.90999984741211,36.43999862670898,36.70000076293945,27.83328628540039,1495600,Yahoo Finance,RSP,2026-09-11T22:08:08+08:00,confirmed
2009-09-14,36.459999084472656,37.060001373291016,36.33000183105469,37.02000045776367,28.075971603393555,675600,Yahoo Finance,RSP,2026-09-11T22:08:08+08:00,confirmed
2009-09-15,37.09000015258789,37.459999084472656,36.86000061035156,37.36000061035156,28.33383178710937,770400,Yahoo Finance,RSP,2026-09-11T22:08:08+08:00,confirmed
2009-09-16,37.540000915527344,38.09999847412109,37.36000061035156,38.09000015258789,28.88746452331543,1144200,Yahoo Finance,RSP,2026-09-11T22:08:08+08:00,confirmed
2009-09-17,38.060001373291016,38.380001068115234,37.619998931884766,37.86000061035156,28.71302032470703,796600,Yahoo Finance,RSP,2026-09-11T22:08:08+08:00,confirmed
2009-09-18,37.959999084472656,37.970001220703125,37.56999969482422,37.790000915527344,28.75105857849121,480100,Yahoo Finance,RSP,2026-09-11T22:08:08+08:00,confirmed
2009-09-21,37.52000045776367,37.77999877929688,37.290000915527344,37.68999862670898,28.67498588562012,547200,Yahoo Finance,RSP,2026-09-11T22:08:08+08:00,confirmed
2009-09-22,37.880001068115234,38.04999923706055,37.7400016784668,37.95000076293945,28.872802734375,502400,Yahoo Finance,RSP,2026-09-11T22:08:08+08:00,confirmed
2009-09-23,38.06999969482422,38.18999862670898,37.470001220703125,37.52999877929688,28.55325698852539,796300,Yahoo Finance,RSP,2026-09-11T22:08:08+08:00,confirmed
2009-09-24,37.540000915527344,37.650001525878906,36.70000076293945,36.90999984741211,28.08157157897949,1218900,Yahoo Finance,RSP,2026-09-11T22:08:08+08:00,confirmed
2009-09-25,36.77000045776367,36.9900016784668,36.5,36.630001068115234,27.8685245513916,1198600,Yahoo Finance,RSP,2026-09-11T22:08:08+08:00,confirmed
2009-09-28,36.79999923706055,37.47999954223633,36.77000045776367,37.38999938964844,28.446746826171875,640700,Yahoo Finance,RSP,2026-09-11T22:08:08+08:00,confirmed
2009-09-29,37.52000045776367,37.75,37.25,37.41999816894531,28.469558715820312,593900,Yahoo Finance,RSP,2026-09-11T22:08:08+08:00,confirmed
2009-09-30,37.560001373291016,37.59999847412109,36.84000015258789,37.29999923706055,28.37827682495117,930400,Yahoo Finance,RSP,2026-09-11T22:08:08+08:00,confirmed
2009-10-01,37.18999862670898,37.18999862670898,36.11000061035156,36.11000061035156,27.472902297973636,1198000,Yahoo Finance,RSP,2026-09-11T22:08:08+08:00,confirmed
2009-10-02,35.720001220703125,36.13999938964844,35.380001068115234,35.90999984741211,27.320743560791016,1429100,Yahoo Finance,RSP,2026-09-11T22:08:08+08:00,confirmed
2009-10-05,36.0,36.61000061035156,35.88999938964844,36.52999877929688,27.792442321777344,949100,Yahoo Finance,RSP,2026-09-11T22:08:08+08:00,confirmed
2009-10-06,36.869998931884766,37.29999923706055,36.72999954223633,37.04999923706055,28.188068389892575,1221000,Yahoo Finance,RSP,2026-09-11T22:08:08+08:00,confirmed
2009-10-07,36.90999984741211,37.13999938964844,36.83000183105469,37.119998931884766,28.241321563720703,1514500,Yahoo Finance,RSP,2026-09-11T22:08:08+08:00,confirmed
2009-10-08,37.45000076293945,37.709999084472656,37.2400016784668,37.56999969482422,28.58368492126465,677800,Yahoo Finance,RSP,2026-09-11T22:08:08+08:00,confirmed
2009-10-09,37.52999877929688,37.790000915527344,37.459999084472656,37.7599983215332,28.72823905944824,640600,Yahoo Finance,RSP,2026-09-11T22:08:08+08:00,confirmed
2009-10-12,38.02000045776367,38.130001068115234,37.77000045776367,37.91999816894531,28.849973678588867,362300,Yahoo Finance,RSP,2026-09-11T22:08:08+08:00,confirmed
2009-10-13,37.77999877929688,37.93000030517578,37.56999969482422,37.84000015258789,28.78910446166992,582600,Yahoo Finance,RSP,2026-09-11T22:08:08+08:00,confirmed
2009-10-14,38.22999954223633,38.560001373291016,38.060001373291016,38.540000915527344,29.321674346923828,1494200,Yahoo Finance,RSP,2026-09-11T22:08:08+08:00,confirmed
2009-10-15,38.29999923706055,38.66999816894531,38.29999923706055,38.66999816894531,29.420574188232425,460700,Yahoo Finance,RSP,2026-09-11T22:08:08+08:00,confirmed
2009-10-16,38.34999847412109,38.47999954223633,38.04999923706055,38.34000015258789,29.16951942443848,440700,Yahoo Finance,RSP,2026-09-11T22:08:08+08:00,confirmed
2009-10-19,38.43000030517578,38.84999847412109,38.27000045776367,38.72999954223633,29.46625328063965,642100,Yahoo Finance,RSP,2026-09-11T22:08:08+08:00,confirmed
2009-10-20,38.790000915527344,38.81999969482422,38.209999084472656,38.45000076293945,29.253198623657227,585200,Yahoo Finance,RSP,2026-09-11T22:08:08+08:00,confirmed
2009-10-21,38.40999984741211,38.880001068115234,38.040000915527344,38.04999923706055,28.948869705200195,1041300,Yahoo Finance,RSP,2026-09-11T22:08:08+08:00,confirmed
2009-10-22,38.09999847412109,38.68000030517578,37.7400016784668,38.56999969482422,29.344497680664062,894800,Yahoo Finance,RSP,2026-09-11T22:08:08+08:00,confirmed
2009-10-23,38.70000076293945,38.70000076293945,37.84000015258789,37.970001220703125,28.888017654418945,524200,Yahoo Finance,RSP,2026-09-11T22:08:08+08:00,confirmed
2009-10-26,37.95000076293945,38.52999877929688,37.40999984741211,37.47999954223633,28.51521873474121,682100,Yahoo Finance,RSP,2026-09-11T22:08:08+08:00,confirmed
2009-10-27,37.56999969482422,37.66999816894531,37.11000061035156,37.15999984741211,28.27175521850586,645800,Yahoo Finance,RSP,2026-09-11T22:08:08+08:00,confirmed
2009-10-28,37.0,37.119998931884766,36.11000061035156,36.13999938964844,27.495729446411133,1624500,Yahoo Finance,RSP,2026-09-11T22:08:08+08:00,confirmed
2009-10-29,36.43999862670898,37.13999938964844,36.40999984741211,37.02999877929688,28.1728515625,1750500,Yahoo Finance,RSP,2026-09-11T22:08:08+08:00,confirmed
2009-10-30,37.0,37.060001373291016,35.849998474121094,35.91999816894531,27.328353881835938,1304100,Yahoo Finance,RSP,2026-09-11T22:08:08+08:00,confirmed
2009-11-02,36.04999923706055,36.59999847412109,35.650001525878906,36.13999938964844,27.495729446411133,1216800,Yahoo Finance,RSP,2026-09-11T22:08:08+08:00,confirmed
2009-11-03,35.91999816894531,36.47999954223633,35.84000015258789,36.459999084472656,27.73917961120605,791800,Yahoo Finance,RSP,2026-09-11T22:08:08+08:00,confirmed
2009-11-04,36.810001373291016,37.08000183105469,36.369998931884766,36.400001525878906,27.693552017211918,1130500,Yahoo Finance,RSP,2026-09-11T22:08:08+08:00,confirmed
2009-11-05,36.7400016784668,37.220001220703125,36.65999984741211,37.220001220703125,28.317407608032227,900000,Yahoo Finance,RSP,2026-09-11T22:08:08+08:00,confirmed
2009-11-06,36.9900016784668,37.41999816894531,36.900001525878906,37.27000045776367,28.355440139770508,969700,Yahoo Finance,RSP,2026-09-11T22:08:08+08:00,confirmed
2009-11-09,37.56999969482422,38.2599983215332,37.56999969482422,38.2599983215332,29.108661651611328,899100,Yahoo Finance,RSP,2026-09-11T22:08:08+08:00,confirmed
2009-11-10,38.20000076293945,38.29999923706055,37.900001525878906,38.11000061035156,28.99454498291016,1344400,Yahoo Finance,RSP,2026-09-11T22:08:08+08:00,confirmed
2009-11-11,38.380001068115234,38.63999938964844,38.119998931884766,38.34000015258789,29.16951942443848,955100,Yahoo Finance,RSP,2026-09-11T22:08:08+08:00,confirmed
2009-11-12,38.27999877929688,38.5099983215332,37.790000915527344,37.869998931884766,28.811920166015625,711200,Yahoo Finance,RSP,2026-09-11T22:08:08+08:00,confirmed
2009-11-13,38.04999923706055,38.27999877929688,37.790000915527344,38.11000061035156,28.99454498291016,701300,Yahoo Finance,RSP,2026-09-11T22:08:08+08:00,confirmed
2009-11-16,38.400001525878906,38.95000076293945,38.36000061035156,38.72999954223633,29.46625328063965,806900,Yahoo Finance,RSP,2026-09-11T22:08:08+08:00,confirmed
2009-11-17,38.72999954223633,38.77000045776367,38.41999816894531,38.7400016784668,29.473827362060547,469900,Yahoo Finance,RSP,2026-09-11T22:08:08+08:00,confirmed
2009-11-18,38.77999877929688,38.77999877929688,38.40999984741211,38.630001068115234,29.390159606933597,401300,Yahoo Finance,RSP,2026-09-11T22:08:08+08:00,confirmed
2009-11-19,38.43000030517578,38.43000030517578,37.75,38.02000045776367,28.926050186157227,597100,Yahoo Finance,RSP,2026-09-11T22:08:08+08:00,confirmed
2009-11-20,37.79999923706055,37.95000076293945,37.63999938964844,37.83000183105469,28.781492233276367,386200,Yahoo Finance,RSP,2026-09-11T22:08:08+08:00,confirmed
2009-11-23,38.29999923706055,38.65999984741211,38.15999984741211,38.25,29.101045608520508,941500,Yahoo Finance,RSP,2026-09-11T22:08:08+08:00,confirmed
2009-11-24,38.2400016784668,38.34000015258789,37.93999862670898,38.2400016784668,29.09343147277832,1328900,Yahoo Finance,RSP,2026-09-11T22:08:08+08:00,confirmed
2009-11-25,38.38999938964844,38.56999969482422,38.25,38.54999923706055,29.32929992675781,304100,Yahoo Finance,RSP,2026-09-11T22:08:08+08:00,confirmed
2009-11-27,37.5,38.11000061035156,37.29999923706055,37.77999877929688,28.743453979492188,214400,Yahoo Finance,RSP,2026-09-11T22:08:08+08:00,confirmed
2009-11-30,37.83000183105469,37.970001220703125,37.52000045776367,37.90999984741211,28.84236717224121,1310800,Yahoo Finance,RSP,2026-09-11T22:08:08+08:00,confirmed
2009-12-01,38.38999938964844,38.58000183105469,38.040000915527344,38.38999938964844,29.207557678222656,926900,Yahoo Finance,RSP,2026-09-11T22:08:08+08:00,confirmed
2009-12-02,38.41999816894531,38.810001373291016,38.40999984741211,38.61000061035156,29.374923706054688,745200,Yahoo Finance,RSP,2026-09-11T22:08:08+08:00,confirmed
2009-12-03,38.7400016784668,38.93000030517578,38.16999816894531,38.220001220703125,29.078222274780277,835900,Yahoo Finance,RSP,2026-09-11T22:08:08+08:00,confirmed
2009-12-04,38.790000915527344,39.04999923706055,38.130001068115234,38.61000061035156,29.374923706054688,982200,Yahoo Finance,RSP,2026-09-11T22:08:08+08:00,confirmed
2009-12-07,38.650001525878906,38.84999847412109,38.47999954223633,38.58000183105469,29.352108001708984,240900,Yahoo Finance,RSP,2026-09-11T22:08:08+08:00,confirmed
2009-12-08,38.40999984741211,38.459999084472656,38.02999877929688,38.25,29.101045608520508,205700,Yahoo Finance,RSP,2026-09-11T22:08:08+08:00,confirmed
2009-12-09,38.29999923706055,38.380001068115234,38.0,38.31999969482422,29.1542911529541,183100,Yahoo Finance,RSP,2026-09-11T22:08:08+08:00,confirmed
2009-12-10,38.58000183105469,38.720001220703125,38.459999084472656,38.59999847412109,29.367332458496094,223100,Yahoo Finance,RSP,2026-09-11T22:08:08+08:00,confirmed
2009-12-11,38.77000045776367,38.84999847412109,38.56999969482422,38.83000183105469,29.54230690002441,821300,Yahoo Finance,RSP,2026-09-11T22:08:08+08:00,confirmed
2009-12-14,39.13999938964844,39.36000061035156,39.0,39.31999969482422,29.91512680053711,2050600,Yahoo Finance,RSP,2026-09-11T22:08:08+08:00,confirmed
2009-12-15,39.119998931884766,39.34000015258789,39.0099983215332,39.15999984741211,29.79338264465332,1495100,Yahoo Finance,RSP,2026-09-11T22:08:08+08:00,confirmed
2009-12-16,39.33000183105469,39.5099983215332,39.220001220703125,39.33000183105469,29.92270851135254,687900,Yahoo Finance,RSP,2026-09-11T22:08:08+08:00,confirmed
2009-12-17,39.11000061035156,39.11000061035156,38.790000915527344,38.84999847412109,29.55752182006836,624200,Yahoo Finance,RSP,2026-09-11T22:08:08+08:00,confirmed
2009-12-18,38.93000030517578,38.97999954223633,38.52999877929688,38.88999938964844,29.684232711791992,377700,Yahoo Finance,RSP,2026-09-11T22:08:08+08:00,confirmed
2009-12-21,39.119998931884766,39.459999084472656,39.06999969482422,39.400001525878906,30.073511123657227,318600,Yahoo Finance,RSP,2026-09-11T22:08:08+08:00,confirmed
2009-12-22,39.52000045776367,39.7400016784668,39.40999984741211,39.59999847412109,30.22616004943848,1065500,Yahoo Finance,RSP,2026-09-11T22:08:08+08:00,confirmed
2009-12-23,39.77000045776367,39.86000061035156,39.56999969482422,39.84999847412109,30.41698455810547,393900,Yahoo Finance,RSP,2026-09-11T22:08:08+08:00,confirmed
2009-12-24,39.9900016784668,40.09000015258789,39.91999816894531,40.04999923706055,30.569658279418945,341000,Yahoo Finance,RSP,2026-09-11T22:08:08+08:00,confirmed
2009-12-28,40.20000076293945,40.220001220703125,39.88999938964844,40.060001373291016,30.577281951904297,928000,Yahoo Finance,RSP,2026-09-11T22:08:08+08:00,confirmed
2009-12-29,40.16999816894531,40.16999816894531,39.93000030517578,39.959999084472656,30.50094985961914,517200,Yahoo Finance,RSP,2026-09-11T22:08:08+08:00,confirmed
2009-12-30,39.790000915527344,39.970001220703125,39.77999877929688,39.970001220703125,30.50858688354492,322900,Yahoo Finance,RSP,2026-09-11T22:08:08+08:00,confirmed
2009-12-31,40.06999969482422,40.06999969482422,39.5,39.52999877929688,30.172740936279297,426200,Yahoo Finance,RSP,2026-09-11T22:08:08+08:00,confirmed
2010-01-04,39.90999984741211,40.18999862670898,39.880001068115234,40.18000030517578,30.668874740600582,742200,Yahoo Finance,RSP,2026-09-11T22:08:08+08:00,confirmed
2010-01-05,40.16999816894531,40.40999984741211,39.97999954223633,40.40999984741211,30.844438552856445,1217900,Yahoo Finance,RSP,2026-09-11T22:08:08+08:00,confirmed
2010-01-06,40.27999877929688,41.02999877929688,40.2599983215332,40.560001373291016,30.95892143249512,1330200,Yahoo Finance,RSP,2026-09-11T22:08:08+08:00,confirmed
2010-01-07,40.47999954223633,40.77000045776367,40.310001373291016,40.7599983215332,31.11156845092773,707800,Yahoo Finance,RSP,2026-09-11T22:08:08+08:00,confirmed
2010-01-08,40.650001525878906,40.900001525878906,40.4900016784668,40.900001525878906,31.21843147277832,690700,Yahoo Finance,RSP,2026-09-11T22:08:08+08:00,confirmed
2010-01-11,40.959999084472656,41.09999847412109,40.72999954223633,40.93000030517578,31.2413387298584,885100,Yahoo Finance,RSP,2026-09-11T22:08:08+08:00,confirmed
2010-01-12,40.70000076293945,40.70000076293945,40.27000045776367,40.459999084472656,30.88260078430176,335500,Yahoo Finance,RSP,2026-09-11T22:08:08+08:00,confirmed
2010-01-13,40.5099983215332,40.93999862670898,40.310001373291016,40.88999938964844,31.210805892944336,423400,Yahoo Finance,RSP,2026-09-11T22:08:08+08:00,confirmed
2010-01-14,40.869998931884766,41.0,40.720001220703125,40.95000076293945,31.256601333618164,557200,Yahoo Finance,RSP,2026-09-11T22:08:08+08:00,confirmed
2010-01-15,40.900001525878906,40.900001525878906,40.25,40.470001220703125,30.89022827148437,459900,Yahoo Finance,RSP,2026-09-11T22:08:08+08:00,confirmed
2010-01-19,40.43000030517578,41.040000915527344,40.43000030517578,41.040000915527344,31.32530403137207,410700,Yahoo Finance,RSP,2026-09-11T22:08:08+08:00,confirmed
2010-01-20,40.75,40.75,40.20000076293945,40.54999923706055,30.95128631591797,389500,Yahoo Finance,RSP,2026-09-11T22:08:08+08:00,confirmed
2010-01-21,40.560001373291016,40.77999877929688,39.84000015258789,39.869998931884766,30.43225479125977,697900,Yahoo Finance,RSP,2026-09-11T22:08:08+08:00,confirmed
2010-01-22,39.720001220703125,39.790000915527344,38.88999938964844,38.900001525878906,29.691871643066406,968100,Yahoo Finance,RSP,2026-09-11T22:08:08+08:00,confirmed
2010-01-25,39.15999984741211,39.38999938964844,38.959999084472656,39.13999938964844,29.87505531311035,2123100,Yahoo Finance,RSP,2026-09-11T22:08:08+08:00,confirmed
2010-01-26,39.06999969482422,39.369998931884766,38.5,39.0,29.76819610595703,3099500,Yahoo Finance,RSP,2026-09-11T22:08:08+08:00,confirmed
2010-01-27,38.91999816894531,39.16999816894531,38.5,39.11000061035156,29.85215187072754,746800,Yahoo Finance,RSP,2026-09-11T22:08:08+08:00,confirmed
2010-01-28,39.34000015258789,39.34999847412109,38.40999984741211,38.70000076293945,29.53921127319336,1092100,Yahoo Finance,RSP,2026-09-11T22:08:08+08:00,confirmed
2010-01-29,38.83000183105469,39.150001525878906,38.13999938964844,38.220001220703125,29.172840118408203,1837000,Yahoo Finance,RSP,2026-09-11T22:08:08+08:00,confirmed
2010-02-01,38.38999938964844,38.90999984741211,38.380001068115234,38.869998931884766,29.668968200683597,1211300,Yahoo Finance,RSP,2026-09-11T22:08:08+08:00,confirmed
2010-02-02,38.9900016784668,39.52000045776367,38.869998931884766,39.459999084472656,30.11931037902832,752200,Yahoo Finance,RSP,2026-09-11T22:08:08+08:00,confirmed
2010-02-03,39.380001068115234,39.43999862670898,39.09000015258789,39.20000076293945,29.92085266113281,471200,Yahoo Finance,RSP,2026-09-11T22:08:08+08:00,confirmed
2010-02-04,38.93999862670898,38.93999862670898,37.86000061035156,37.88999938964844,28.92094612121582,1116900,Yahoo Finance,RSP,2026-09-11T22:08:08+08:00,confirmed
2010-02-05,37.91999816894531,38.060001373291016,37.130001068115234,37.9900016784668,28.99727249145508,1237900,Yahoo Finance,RSP,2026-09-11T22:08:08+08:00,confirmed
2010-02-08,38.0,38.27000045776367,37.68000030517578,37.70000076293945,28.77592086791992,688000,Yahoo Finance,RSP,2026-09-11T22:08:08+08:00,confirmed
2010-02-09,38.06999969482422,38.54999923706055,37.84999847412109,38.27999877929688,29.218629837036133,1143900,Yahoo Finance,RSP,2026-09-11T22:08:08+08:00,confirmed
2010-02-10,38.22999954223633,38.369998931884766,37.77000045776367,38.18999862670898,29.14993667602539,543300,Yahoo Finance,RSP,2026-09-11T22:08:08+08:00,confirmed
2010-02-11,38.09999847412109,38.63999938964844,37.84000015258789,38.61000061035156,29.47050666809082,328000,Yahoo Finance,RSP,2026-09-11T22:08:08+08:00,confirmed
2010-02-12,38.20000076293945,38.59000015258789,38.02000045776367,38.58000183105469,29.44761276245117,1055200,Yahoo Finance,RSP,2026-09-11T22:08:08+08:00,confirmed
2010-02-16,38.91999816894531,39.34000015258789,38.77999877929688,39.27999877929688,29.98192024230957,1572900,Yahoo Finance,RSP,2026-09-11T22:08:08+08:00,confirmed
2010-02-17,39.58000183105469,39.61000061035156,39.310001373291016,39.52999877929688,30.172740936279297,1023200,Yahoo Finance,RSP,2026-09-11T22:08:08+08:00,confirmed
2010-02-18,39.470001220703125,39.81999969482422,39.43000030517578,39.79999923706055,30.37882423400879,1112400,Yahoo Finance,RSP,2026-09-11T22:08:08+08:00,confirmed
2010-02-19,39.7400016784668,40.08000183105469,39.59999847412109,39.97999954223633,30.51621627807617,527600,Yahoo Finance,RSP,2026-09-11T22:08:08+08:00,confirmed
2010-02-22,40.13999938964844,40.13999938964844,39.84000015258789,39.95000076293945,30.49331283569336,890000,Yahoo Finance,RSP,2026-09-11T22:08:08+08:00,confirmed
2010-02-23,39.90999984741211,39.959999084472656,39.310001373291016,39.380001068115234,30.058244705200195,1458600,Yahoo Finance,RSP,2026-09-11T22:08:08+08:00,confirmed
2010-02-24,39.5099983215332,39.79999923706055,39.400001525878906,39.77999877929688,30.36356544494629,465300,Yahoo Finance,RSP,2026-09-11T22:08:08+08:00,confirmed
2010-02-25,39.25,39.84999847412109,39.060001373291016,39.84999847412109,30.41698455810547,539400,Yahoo Finance,RSP,2026-09-11T22:08:08+08:00,confirmed
2010-02-26,39.84999847412109,39.970001220703125,39.560001373291016,39.81999969482422,30.394088745117188,438700,Yahoo Finance,RSP,2026-09-11T22:08:08+08:00,confirmed
2010-03-01,39.97999954223633,40.47999954223633,39.97999954223633,40.47999954223633,30.897869110107425,918800,Yahoo Finance,RSP,2026-09-11T22:08:08+08:00,confirmed
2010-03-02,40.75,40.810001373291016,40.52999877929688,40.59000015258789,30.981807708740234,1381200,Yahoo Finance,RSP,2026-09-11T22:08:08+08:00,confirmed
2010-03-03,40.77000045776367,40.970001220703125,40.56999969482422,40.720001220703125,31.08104133605957,997200,Yahoo Finance,RSP,2026-09-11T22:08:08+08:00,confirmed
2010-03-04,40.790000915527344,40.84999847412109,40.540000915527344,40.7599983215332,31.11156845092773,664200,Yahoo Finance,RSP,2026-09-11T22:08:08+08:00,confirmed
2010-03-05,41.06999969482422,41.4900016784668,40.97999954223633,41.45000076293945,31.638256072998047,1021100,Yahoo Finance,RSP,2026-09-11T22:08:08+08:00,confirmed
2010-03-08,41.5099983215332,41.59000015258789,41.40999984741211,41.52999877929688,31.699316024780277,2466700,Yahoo Finance,RSP,2026-09-11T22:08:08+08:00,confirmed
2010-03-09,41.33000183105469,41.7400016784668,41.310001373291016,41.52999877929688,31.699316024780277,1531500,Yahoo Finance,RSP,2026-09-11T22:08:08+08:00,confirmed
2010-03-10,41.560001373291016,41.900001525878906,41.540000915527344,41.810001373291016,31.91303825378418,843300,Yahoo Finance,RSP,2026-09-11T22:08:08+08:00,confirmed
2010-03-11,41.619998931884766,41.95000076293945,41.5099983215332,41.91999816894531,31.99698829650879,749100,Yahoo Finance,RSP,2026-09-11T22:08:08+08:00,confirmed
2010-03-12,42.150001525878906,42.15999984741211,41.84999847412109,41.93999862670898,32.01226043701172,646200,Yahoo Finance,RSP,2026-09-11T22:08:08+08:00,confirmed
2010-03-15,41.93999862670898,41.93999862670898,41.58000183105469,41.91999816894531,31.99698829650879,357100,Yahoo Finance,RSP,2026-09-11T22:08:08+08:00,confirmed
2010-03-16,42.09000015258789,42.369998931884766,41.900001525878906,42.34999847412109,32.32520294189453,1533300,Yahoo Finance,RSP,2026-09-11T22:08:08+08:00,confirmed
2010-03-17,42.5099983215332,42.810001373291016,42.43999862670898,42.68999862670898,32.5847282409668,1640000,Yahoo Finance,RSP,2026-09-11T22:08:08+08:00,confirmed
2010-03-18,42.720001220703125,42.7400016784668,42.400001525878906,42.5,32.4397087097168,745000,Yahoo Finance,RSP,2026-09-11T22:08:08+08:00,confirmed
2010-03-19,42.15999984741211,42.56999969482422,41.97999954223633,42.15999984741211,32.275108337402344,1550400,Yahoo Finance,RSP,2026-09-11T22:08:08+08:00,confirmed
2010-03-22,42.0,42.4900016784668,41.81999969482422,42.43999862670898,32.48946762084961,1057600,Yahoo Finance,RSP,2026-09-11T22:08:08+08:00,confirmed
2010-03-23,42.540000915527344,42.77000045776367,42.33000183105469,42.77000045776367,32.74209213256836,659100,Yahoo Finance,RSP,2026-09-11T22:08:08+08:00,confirmed
2010-03-24,42.61000061035156,42.66999816894531,42.38999938964844,42.45000076293945,32.497127532958984,853500,Yahoo Finance,RSP,2026-09-11T22:08:08+08:00,confirmed
2010-03-25,42.70000076293945,42.86000061035156,42.22999954223633,42.27000045776367,32.35932159423828,1370200,Yahoo Finance,RSP,2026-09-11T22:08:08+08:00,confirmed
2010-03-26,42.40999984741211,42.619998931884766,42.09000015258789,42.34000015258789,32.412899017333984,796900,Yahoo Finance,RSP,2026-09-11T22:08:08+08:00,confirmed
2010-03-29,42.59000015258789,42.709999084472656,42.47999954223633,42.68000030517578,32.673179626464844,819900,Yahoo Finance,RSP,2026-09-11T22:08:08+08:00,confirmed
2010-03-30,42.7400016784668,42.84000015258789,42.470001220703125,42.709999084472656,32.69615936279297,575700,Yahoo Finance,RSP,2026-09-11T22:08:08+08:00,confirmed
2010-03-31,42.560001373291016,42.77000045776367,42.40999984741211,42.56999969482422,32.5889778137207,425800,Yahoo Finance,RSP,2026-09-11T22:08:08+08:00,confirmed
2010-04-01,42.900001525878906,43.06999969482422,42.650001525878906,42.91999816894531,32.856929779052734,1030200,Yahoo Finance,RSP,2026-09-11T22:08:08+08:00,confirmed
2010-04-05,43.150001525878906,43.47999954223633,43.0,43.47999954223633,33.285621643066406,920000,Yahoo Finance,RSP,2026-09-11T22:08:08+08:00,confirmed
2010-04-06,43.36000061035156,43.66999816894531,43.25,43.56999969482422,33.354515075683594,1373200,Yahoo Finance,RSP,2026-09-11T22:08:08+08:00,confirmed
2010-04-07,43.54999923706055,43.56999969482422,43.08000183105469,43.29999923706055,33.1478385925293,1509400,Yahoo Finance,RSP,2026-09-11T22:08:08+08:00,confirmed
2010-04-08,43.150001525878906,43.40999984741211,42.88999938964844,43.36000061035156,33.193748474121094,751500,Yahoo Finance,RSP,2026-09-11T22:08:08+08:00,confirmed
2010-04-09,43.470001220703125,43.68999862670898,43.34000015258789,43.68000030517578,33.43872833251953,662200,Yahoo Finance,RSP,2026-09-11T22:08:08+08:00,confirmed
2010-04-12,43.70000076293945,43.869998931884766,43.66999816894531,43.75,33.492305755615234,726400,Yahoo Finance,RSP,2026-09-11T22:08:08+08:00,confirmed
2010-04-13,43.75,43.869998931884766,43.459999084472656,43.81999969482422,33.545894622802734,616500,Yahoo Finance,RSP,2026-09-11T22:08:08+08:00,confirmed
2010-04-14,43.970001220703125,44.38999938964844,43.88999938964844,44.38999938964844,33.98226547241211,671100,Yahoo Finance,RSP,2026-09-11T22:08:08+08:00,confirmed
2010-04-15,44.310001373291016,44.5099983215332,44.25,44.38999938964844,33.98226547241211,1253100,Yahoo Finance,RSP,2026-09-11T22:08:08+08:00,confirmed
2010-04-16,44.209999084472656,44.34000015258789,43.40999984741211,43.65999984741211,33.42341232299805,1788700,Yahoo Finance,RSP,2026-09-11T22:08:08+08:00,confirmed
2010-04-19,43.43999862670898,43.790000915527344,43.150001525878906,43.66999816894531,33.43107223510742,1014900,Yahoo Finance,RSP,2026-09-11T22:08:08+08:00,confirmed
2010-04-20,43.9900016784668,44.27000045776367,43.88999938964844,44.2599983215332,33.88273239135742,579900,Yahoo Finance,RSP,2026-09-11T22:08:08+08:00,confirmed
2010-04-21,44.33000183105469,44.41999816894531,44.06999969482422,44.34999847412109,33.95163345336914,764800,Yahoo Finance,RSP,2026-09-11T22:08:08+08:00,confirmed
2010-04-22,44.02999877929688,44.77000045776367,43.75,44.709999084472656,34.227237701416016,893300,Yahoo Finance,RSP,2026-09-11T22:08:08+08:00,confirmed
2010-04-23,44.75,45.119998931884766,44.58000183105469,45.08000183105469,34.51048278808594,701600,Yahoo Finance,RSP,2026-09-11T22:08:08+08:00,confirmed
2010-04-26,45.15999984741211,45.290000915527344,44.869998931884766,44.91999816894531,34.38800430297852,852300,Yahoo Finance,RSP,2026-09-11T22:08:08+08:00,confirmed
2010-04-27,44.68000030517578,44.869998931884766,43.619998931884766,43.709999084472656,33.461700439453125,1021100,Yahoo Finance,RSP,2026-09-11T22:08:08+08:00,confirmed
2010-04-28,43.97999954223633,44.130001068115234,43.59999847412109,43.95000076293945,33.64543151855469,759400,Yahoo Finance,RSP,2026-09-11T22:08:08+08:00,confirmed
2010-04-29,44.27999877929688,44.650001525878906,44.209999084472656,44.560001373291016,34.112396240234375,708200,Yahoo Finance,RSP,2026-09-11T22:08:08+08:00,confirmed
2010-04-30,44.560001373291016,44.619998931884766,43.68999862670898,43.70000076293945,33.45405197143555,576700,Yahoo Finance,RSP,2026-09-11T22:08:08+08:00,confirmed
2010-05-03,43.81999969482422,44.43999862670898,43.81999969482422,44.34000015258789,33.943973541259766,442800,Yahoo Finance,RSP,2026-09-11T22:08:08+08:00,confirmed
2010-05-04,43.83000183105469,43.84000015258789,42.95000076293945,43.13999938964844,33.02533721923828,1661800,Yahoo Finance,RSP,2026-09-11T22:08:08+08:00,confirmed
2010-05-05,42.88999938964844,43.34999847412109,42.470001220703125,42.81999969482422,32.78036117553711,2147300,Yahoo Finance,RSP,2026-09-11T22:08:08+08:00,confirmed
2010-05-06,42.7400016784668,43.0,18.0,41.25,31.57847023010254,4523400,Yahoo Finance,RSP,2026-09-11T22:08:08+08:00,confirmed
2010-05-07,41.18999862670898,41.72999954223633,40.0,40.59000015258789,31.07320022583008,3409200,Yahoo Finance,RSP,2026-09-11T22:08:08+08:00,confirmed
2010-05-10,42.09000015258789,42.70000076293945,42.09000015258789,42.68999862670898,32.68084716796875,2181400,Yahoo Finance,RSP,2026-09-11T22:08:08+08:00,confirmed
2010-05-11,42.22999954223633,43.130001068115234,42.150001525878906,42.540000915527344,32.566009521484375,1115100,Yahoo Finance,RSP,2026-09-11T22:08:08+08:00,confirmed
2010-05-12,42.790000915527344,43.34999847412109,42.63999938964844,43.31999969482422,33.16313934326172,1340500,Yahoo Finance,RSP,2026-09-11T22:08:08+08:00,confirmed
2010-05-13,43.27000045776367,43.45000076293945,42.70000076293945,42.790000915527344,32.75738906860352,964400,Yahoo Finance,RSP,2026-09-11T22:08:08+08:00,confirmed
2010-05-14,42.33000183105469,42.43999862670898,41.4900016784668,41.880001068115234,32.060752868652344,1201800,Yahoo Finance,RSP,2026-09-11T22:08:08+08:00,confirmed
2010-05-17,41.880001068115234,42.220001220703125,41.02999877929688,41.91999816894531,32.09137725830078,1683500,Yahoo Finance,RSP,2026-09-11T22:08:08+08:00,confirmed
2010-05-18,42.290000915527344,42.52000045776367,41.20000076293945,41.369998931884766,31.670330047607425,1616900,Yahoo Finance,RSP,2026-09-11T22:08:08+08:00,confirmed
2010-05-19,41.09000015258789,41.4900016784668,40.220001220703125,41.0,31.387083053588867,1966700,Yahoo Finance,RSP,2026-09-11T22:08:08+08:00,confirmed
2010-05-20,40.13999938964844,40.2400016784668,39.290000915527344,39.369998931884766,30.13925170898437,3119000,Yahoo Finance,RSP,2026-09-11T22:08:08+08:00,confirmed
2010-05-21,38.810001373291016,40.20000076293945,38.27000045776367,40.02000045776367,30.63686180114746,4777900,Yahoo Finance,RSP,2026-09-11T22:08:08+08:00,confirmed
2010-05-24,39.77999877929688,40.18000030517578,39.4900016784668,39.5099983215332,30.24643325805664,1552700,Yahoo Finance,RSP,2026-09-11T22:08:08+08:00,confirmed
2010-05-25,38.40999984741211,39.65999984741211,38.20000076293945,39.619998931884766,30.330642700195312,2903100,Yahoo Finance,RSP,2026-09-11T22:08:08+08:00,confirmed
2010-05-26,40.0,40.40999984741211,39.40999984741211,39.5,30.238771438598636,1316200,Yahoo Finance,RSP,2026-09-11T22:08:08+08:00,confirmed
2010-05-27,40.34000015258789,41.0,40.18999862670898,40.970001220703125,31.36410903930664,782400,Yahoo Finance,RSP,2026-09-11T22:08:08+08:00,confirmed
2010-05-28,41.0,41.040000915527344,40.27999877929688,40.47999954223633,30.989015579223636,740200,Yahoo Finance,RSP,2026-09-11T22:08:08+08:00,confirmed
2010-06-01,40.0,40.61000061035156,39.47999954223633,39.5,30.238771438598636,1336500,Yahoo Finance,RSP,2026-09-11T22:08:08+08:00,confirmed
2010-06-02,39.650001525878906,40.66999816894531,39.54999923706055,40.66999816894531,31.134456634521484,842600,Yahoo Finance,RSP,2026-09-11T22:08:08+08:00,confirmed
2010-06-03,40.810001373291016,40.970001220703125,40.470001220703125,40.90999984741211,31.318199157714844,2083400,Yahoo Finance,RSP,2026-09-11T22:08:08+08:00,confirmed
2010-06-04,40.04999923706055,40.34000015258789,39.11000061035156,39.25,30.047386169433597,2064100,Yahoo Finance,RSP,2026-09-11T22:08:08+08:00,confirmed
2010-06-07,39.43000030517578,39.560001373291016,38.58000183105469,38.61000061035156,29.55744171142578,1665500,Yahoo Finance,RSP,2026-09-11T22:08:08+08:00,confirmed
2010-06-08,38.560001373291016,39.040000915527344,38.18999862670898,38.970001220703125,29.83304023742676,2800900,Yahoo Finance,RSP,2026-09-11T22:08:08+08:00,confirmed
2010-06-09,39.36000061035156,39.84000015258789,38.790000915527344,38.93000030517578,29.802417755126957,1134000,Yahoo Finance,RSP,2026-09-11T22:08:08+08:00,confirmed
2010-06-10,39.47999954223633,40.27999877929688,39.47999954223633,40.2599983215332,30.820594787597656,774500,Yahoo Finance,RSP,2026-09-11T22:08:08+08:00,confirmed
2010-06-11,39.88999938964844,40.52999877929688,39.77999877929688,40.52999877929688,31.027286529541016,604500,Yahoo Finance,RSP,2026-09-11T22:08:08+08:00,confirmed
2010-06-14,40.7599983215332,41.18000030517578,40.5,40.52999877929688,31.027286529541016,1226000,Yahoo Finance,RSP,2026-09-11T22:08:08+08:00,confirmed
2010-06-15,40.77000045776367,41.59000015258789,40.77000045776367,41.560001373291016,31.815778732299805,2124000,Yahoo Finance,RSP,2026-09-11T22:08:08+08:00,confirmed
2010-06-16,41.31999969482422,41.7400016784668,41.20000076293945,41.52000045776367,31.78517341613769,6139700,Yahoo Finance,RSP,2026-09-11T22:08:08+08:00,confirmed
2010-06-17,41.68000030517578,41.68000030517578,41.09000015258789,41.52000045776367,31.78517341613769,2167000,Yahoo Finance,RSP,2026-09-11T22:08:08+08:00,confirmed
2010-06-18,41.5099983215332,41.560001373291016,41.2400016784668,41.380001068115234,31.78439140319824,1491200,Yahoo Finance,RSP,2026-09-11T22:08:08+08:00,confirmed
2010-06-21,41.970001220703125,41.970001220703125,40.93999862670898,41.18999862670898,31.638465881347656,3773600,Yahoo Finance,RSP,2026-09-11T22:08:08+08:00,confirmed
2010-06-22,41.209999084472656,41.38999938964844,40.27999877929688,40.41999816894531,31.047008514404297,1969000,Yahoo Finance,RSP,2026-09-11T22:08:08+08:00,confirmed
2010-06-23,40.40999984741211,40.56999969482422,39.86000061035156,40.310001373291016,30.96251678466797,1034000,Yahoo Finance,RSP,2026-09-11T22:08:08+08:00,confirmed
2010-06-24,40.04999923706055,40.130001068115234,39.43000030517578,39.560001373291016,30.386444091796875,1267500,Yahoo Finance,RSP,2026-09-11T22:08:08+08:00,confirmed
2010-06-25,39.630001068115234,39.970001220703125,39.25,39.790000915527344,30.563100814819336,966900,Yahoo Finance,RSP,2026-09-11T22:08:08+08:00,confirmed
2010-06-28,39.84999847412109,40.0099983215332,39.52000045776367,39.66999816894531,30.470922470092773,796300,Yahoo Finance,RSP,2026-09-11T22:08:08+08:00,confirmed
2010-06-29,39.09000015258789,39.09000015258789,37.93999862670898,38.2400016784668,29.37253761291504,3740100,Yahoo Finance,RSP,2026-09-11T22:08:08+08:00,confirmed
2010-06-30,38.11000061035156,38.560001373291016,37.709999084472656,37.79999923706055,29.03457260131836,3539800,Yahoo Finance,RSP,2026-09-11T22:08:08+08:00,confirmed
2010-07-01,37.79999923706055,37.95000076293945,36.959999084472656,37.720001220703125,28.97311019897461,4910300,Yahoo Finance,RSP,2026-09-11T22:08:08+08:00,confirmed
2010-07-02,37.79999923706055,37.970001220703125,37.27999877929688,37.4900016784668,28.79645347595215,1743000,Yahoo Finance,RSP,2026-09-11T22:08:08+08:00,confirmed
2010-07-06,37.959999084472656,38.33000183105469,37.2400016784668,37.59000015258789,28.87326431274414,1921600,Yahoo Finance,RSP,2026-09-11T22:08:08+08:00,confirmed
2010-07-07,37.650001525878906,38.900001525878906,37.650001525878906,38.86000061035156,29.84877014160156,928800,Yahoo Finance,RSP,2026-09-11T22:08:08+08:00,confirmed
2010-07-08,39.310001373291016,39.34999847412109,38.810001373291016,39.2599983215332,30.156003952026367,1011100,Yahoo Finance,RSP,2026-09-11T22:08:08+08:00,confirmed
2010-07-09,39.22999954223633,39.650001525878906,39.18999862670898,39.619998931884766,30.432518005371094,928200,Yahoo Finance,RSP,2026-09-11T22:08:08+08:00,confirmed
2010-07-12,39.5,39.75,39.22999954223633,39.540000915527344,30.37107276916504,727100,Yahoo Finance,RSP,2026-09-11T22:08:08+08:00,confirmed
2010-07-13,39.9900016784668,40.470001220703125,39.93999862670898,40.29999923706055,30.95482444763184,1545300,Yahoo Finance,RSP,2026-09-11T22:08:08+08:00,confirmed
2010-07-14,40.18000030517578,40.400001525878906,39.91999816894531,40.220001220703125,30.893390655517575,941800,Yahoo Finance,RSP,2026-09-11T22:08:08+08:00,confirmed
2010-07-15,40.27000045776367,40.380001068115234,39.63999938964844,40.290000915527344,30.94715118408203,558500,Yahoo Finance,RSP,2026-09-11T22:08:08+08:00,confirmed
2010-07-16,40.060001373291016,40.060001373291016,38.959999084472656,39.02000045776367,29.97167205810547,1121700,Yahoo Finance,RSP,2026-09-11T22:08:08+08:00,confirmed
2010-07-19,39.18999862670898,39.45000076293945,38.869998931884766,39.33000183105469,30.20977783203125,440600,Yahoo Finance,RSP,2026-09-11T22:08:08+08:00,confirmed
2010-07-20,38.84999847412109,39.93999862670898,38.7400016784668,39.90999984741211,30.6552677154541,1100500,Yahoo Finance,RSP,2026-09-11T22:08:08+08:00,confirmed
2010-07-21,40.16999816894531,40.18000030517578,39.16999816894531,39.29999923706055,30.18673515319824,715600,Yahoo Finance,RSP,2026-09-11T22:08:08+08:00,confirmed
2010-07-22,39.790000915527344,40.43999862670898,39.7599983215332,40.290000915527344,30.94715118408203,759800,Yahoo Finance,RSP,2026-09-11T22:08:08+08:00,confirmed
2010-07-23,40.150001525878906,40.79999923706055,40.06999969482422,40.77999877929688,31.32352638244629,825000,Yahoo Finance,RSP,2026-09-11T22:08:08+08:00,confirmed
2010-07-26,40.790000915527344,41.34999847412109,40.68999862670898,41.34000015258789,31.753662109375,1588900,Yahoo Finance,RSP,2026-09-11T22:08:08+08:00,confirmed
2010-07-27,41.58000183105469,41.58000183105469,40.970001220703125,41.11000061035156,31.577009201049805,1604500,Yahoo Finance,RSP,2026-09-11T22:08:08+08:00,confirmed
2010-07-28,41.02000045776367,41.130001068115234,40.59000015258789,40.7400016784668,31.29281044006348,737000,Yahoo Finance,RSP,2026-09-11T22:08:08+08:00,confirmed
2010-07-29,41.09000015258789,41.130001068115234,40.150001525878906,40.540000915527344,31.139183044433597,1126600,Yahoo Finance,RSP,2026-09-11T22:08:08+08:00,confirmed
2010-07-30,40.16999816894531,40.7599983215332,39.95000076293945,40.58000183105469,31.16991806030273,871200,Yahoo Finance,RSP,2026-09-11T22:08:08+08:00,confirmed
2010-08-02,41.2599983215332,41.540000915527344,41.02999877929688,41.4900016784668,31.86888694763184,820100,Yahoo Finance,RSP,2026-09-11T22:08:08+08:00,confirmed
2010-08-03,41.36000061035156,41.45000076293945,41.0,41.150001525878906,31.607711791992188,1315800,Yahoo Finance,RSP,2026-09-11T22:08:08+08:00,confirmed
2010-08-04,41.27000045776367,41.54999923706055,41.119998931884766,41.5099983215332,31.884227752685547,661100,Yahoo Finance,RSP,2026-09-11T22:08:08+08:00,confirmed
2010-08-05,41.2400016784668,41.4900016784668,41.119998931884766,41.45000076293945,31.83816146850586,419100,Yahoo Finance,RSP,2026-09-11T22:08:08+08:00,confirmed
2010-08-06,40.93000030517578,41.34999847412109,40.68000030517578,41.2599983215332,31.69223022460937,1144100,Yahoo Finance,RSP,2026-09-11T22:08:08+08:00,confirmed
2010-08-09,41.59000015258789,41.59999847412109,41.290000915527344,41.54999923706055,31.914979934692383,719500,Yahoo Finance,RSP,2026-09-11T22:08:08+08:00,confirmed
2010-08-10,41.130001068115234,41.45000076293945,40.869998931884766,41.220001220703125,31.66150665283203,721500,Yahoo Finance,RSP,2026-09-11T22:08:08+08:00,confirmed
2010-08-11,40.47999954223633,40.4900016784668,39.86000061035156,39.93000030517578,30.67062187194824,1446400,Yahoo Finance,RSP,2026-09-11T22:08:08+08:00,confirmed
2010-08-12,39.18999862670898,39.81999969482422,39.09000015258789,39.68999862670898,30.48629379272461,1761500,Yahoo Finance,RSP,2026-09-11T22:08:08+08:00,confirmed
2010-08-13,39.52999877929688,39.84999847412109,39.52000045776367,39.54999923706055,30.378755569458008,785000,Yahoo Finance,RSP,2026-09-11T22:08:08+08:00,confirmed
2010-08-16,39.36000061035156,39.66999816894531,39.150001525878906,39.52000045776367,30.355710983276367,1018700,Yahoo Finance,RSP,2026-09-11T22:08:08+08:00,confirmed
2010-08-17,39.900001525878906,40.43000030517578,39.79999923706055,40.16999816894531,30.854995727539062,1822100,Yahoo Finance,RSP,2026-09-11T22:08:08+08:00,confirmed
2010-08-18,40.11000061035156,40.470001220703125,39.88999938964844,40.25,30.916433334350582,1061700,Yahoo Finance,RSP,2026-09-11T22:08:08+08:00,confirmed
2010-08-19,40.04999923706055,40.18999862670898,39.369998931884766,39.54999923706055,30.378755569458008,587900,Yahoo Finance,RSP,2026-09-11T22:08:08+08:00,confirmed
2010-08-20,39.43999862670898,39.5099983215332,39.09000015258789,39.470001220703125,30.31729888916016,568400,Yahoo Finance,RSP,2026-09-11T22:08:08+08:00,confirmed
2010-08-23,39.70000076293945,39.84999847412109,39.25,39.27000045776367,30.16367530822754,378200,Yahoo Finance,RSP,2026-09-11T22:08:08+08:00,confirmed
2010-08-24,38.790000915527344,38.959999084472656,38.380001068115234,38.68999862670898,29.71818351745605,1955700,Yahoo Finance,RSP,2026-09-11T22:08:08+08:00,confirmed
2010-08-25,38.38999938964844,38.970001220703125,38.119998931884766,38.84000015258789,29.83338737487793,1422500,Yahoo Finance,RSP,2026-09-11T22:08:08+08:00,confirmed
2010-08-26,38.97999954223633,39.13999938964844,38.470001220703125,38.59000015258789,29.641382217407227,1173300,Yahoo Finance,RSP,2026-09-11T22:08:08+08:00,confirmed
2010-08-27,38.91999816894531,39.33000183105469,38.2400016784668,39.290000915527344,30.17904090881348,949800,Yahoo Finance,RSP,2026-09-11T22:08:08+08:00,confirmed
2010-08-30,39.15999984741211,39.290000915527344,38.65999984741211,38.65999984741211,29.695127487182617,482800,Yahoo Finance,RSP,2026-09-11T22:08:08+08:00,confirmed
2010-08-31,38.5,38.900001525878906,38.310001373291016,38.650001525878906,29.687448501586918,2060400,Yahoo Finance,RSP,2026-09-11T22:08:08+08:00,confirmed
2010-09-01,39.220001220703125,39.93999862670898,39.18999862670898,39.86000061035156,30.61686897277832,881800,Yahoo Finance,RSP,2026-09-11T22:08:08+08:00,confirmed
2010-09-02,39.970001220703125,40.40999984741211,39.93000030517578,40.380001068115234,31.016281127929688,653500,Yahoo Finance,RSP,2026-09-11T22:08:08+08:00,confirmed
2010-09-03,40.77999877929688,41.02999877929688,40.59999847412109,40.95000076293945,31.4541015625,904600,Yahoo Finance,RSP,2026-09-11T22:08:08+08:00,confirmed
2010-09-07,40.709999084472656,40.7599983215332,40.369998931884766,40.43000030517578,31.054702758789062,597600,Yahoo Finance,RSP,2026-09-11T22:08:08+08:00,confirmed
2010-09-08,40.459999084472656,40.86000061035156,40.459999084472656,40.70000076293945,31.2620906829834,333000,Yahoo Finance,RSP,2026-09-11T22:08:08+08:00,confirmed
2010-09-09,41.150001525878906,41.18000030517578,40.66999816894531,40.84000015258789,31.36961555480957,474500,Yahoo Finance,RSP,2026-09-11T22:08:08+08:00,confirmed
2010-09-10,40.86000061035156,41.09000015258789,40.790000915527344,41.060001373291016,31.53860855102539,305300,Yahoo Finance,RSP,2026-09-11T22:08:08+08:00,confirmed
2010-09-13,41.459999084472656,41.630001068115234,41.34999847412109,41.54999923706055,31.914979934692383,963500,Yahoo Finance,RSP,2026-09-11T22:08:08+08:00,confirmed
2010-09-14,41.47999954223633,41.77999877929688,41.27999877929688,41.560001373291016,31.92264938354492,534500,Yahoo Finance,RSP,2026-09-11T22:08:08+08:00,confirmed
2010-09-15,41.38999938964844,41.7400016784668,41.2599983215332,41.70000076293945,32.03019714355469,477700,Yahoo Finance,RSP,2026-09-11T22:08:08+08:00,confirmed
2010-09-16,41.54999923706055,41.650001525878906,41.400001525878906,41.61000061035156,31.961076736450195,500900,Yahoo Finance,RSP,2026-09-11T22:08:08+08:00,confirmed
2010-09-17,41.720001220703125,41.720001220703125,41.27999877929688,41.459999084472656,32.0019645690918,611100,Yahoo Finance,RSP,2026-09-11T22:08:08+08:00,confirmed
2010-09-20,41.58000183105469,42.27999877929688,41.5,42.220001220703125,32.58858871459961,1483100,Yahoo Finance,RSP,2026-09-11T22:08:08+08:00,confirmed
2010-09-21,42.20000076293945,42.33000183105469,41.84000015258789,42.0,32.41878128051758,2528700,Yahoo Finance,RSP,2026-09-11T22:08:08+08:00,confirmed
2010-09-22,41.900001525878906,42.18000030517578,41.59000015258789,41.720001220703125,32.20265197753906,1555800,Yahoo Finance,RSP,2026-09-11T22:08:08+08:00,confirmed
2010-09-23,41.34999847412109,41.86000061035156,41.25,41.400001525878906,31.95564842224121,1215800,Yahoo Finance,RSP,2026-09-11T22:08:08+08:00,confirmed
2010-09-24,41.91999816894531,42.43000030517578,41.88999938964844,42.36000061035156,32.696651458740234,1399400,Yahoo Finance,RSP,2026-09-11T22:08:08+08:00,confirmed
2010-09-27,42.459999084472656,42.459999084472656,42.150001525878906,42.20000076293945,32.57316207885742,1163600,Yahoo Finance,RSP,2026-09-11T22:08:08+08:00,confirmed
2010-09-28,42.33000183105469,42.59000015258789,41.75,42.5,32.804718017578125,1619100,Yahoo Finance,RSP,2026-09-11T22:08:08+08:00,confirmed
2010-09-29,42.33000183105469,42.630001068115234,42.25,42.45000076293945,32.76613235473633,1004800,Yahoo Finance,RSP,2026-09-11T22:08:08+08:00,confirmed
2010-09-30,42.7599983215332,43.0,42.119998931884766,42.380001068115234,32.71208572387695,2066300,Yahoo Finance,RSP,2026-09-11T22:08:08+08:00,confirmed
2010-10-01,42.720001220703125,42.75,42.2599983215332,42.5,32.804718017578125,1249000,Yahoo Finance,RSP,2026-09-11T22:08:08+08:00,confirmed
2010-10-04,42.36000061035156,42.58000183105469,41.90999984741211,42.15999984741211,32.542293548583984,651200,Yahoo Finance,RSP,2026-09-11T22:08:08+08:00,confirmed
2010-10-05,42.61000061035156,43.16999816894531,42.5099983215332,43.060001373291016,33.236968994140625,890100,Yahoo Finance,RSP,2026-09-11T22:08:08+08:00,confirmed
2010-10-06,43.13999938964844,43.13999938964844,42.75,42.90999984741211,33.12120056152344,1260800,Yahoo Finance,RSP,2026-09-11T22:08:08+08:00,confirmed
2010-10-07,43.09000015258789,43.16999816894531,42.59000015258789,42.88999938964844,33.10576629638672,731200,Yahoo Finance,RSP,2026-09-11T22:08:08+08:00,confirmed
2010-10-08,43.0,43.36000061035156,42.810001373291016,43.220001220703125,33.360469818115234,884500,Yahoo Finance,RSP,2026-09-11T22:08:08+08:00,confirmed
2010-10-11,43.36000061035156,43.45000076293945,43.20000076293945,43.34000015258789,33.45310974121094,608900,Yahoo Finance,RSP,2026-09-11T22:08:08+08:00,confirmed
2010-10-12,43.22999954223633,43.58000183105469,42.93000030517578,43.4900016784668,33.56888961791992,784400,Yahoo Finance,RSP,2026-09-11T22:08:08+08:00,confirmed
2010-10-13,43.79999923706055,44.06999969482422,43.59999847412109,43.84000015258789,33.83903503417969,1030900,Yahoo Finance,RSP,2026-09-11T22:08:08+08:00,confirmed
2010-10-14,43.81999969482422,43.880001068115234,43.33000183105469,43.619998931884766,33.669219970703125,698400,Yahoo Finance,RSP,2026-09-11T22:08:08+08:00,confirmed
2010-10-15,43.91999816894531,43.91999816894531,43.310001373291016,43.65999984741211,33.700096130371094,738500,Yahoo Finance,RSP,2026-09-11T22:08:08+08:00,confirmed
2010-10-18,43.68000030517578,43.91999816894531,43.56999969482422,43.810001373291016,33.81588363647461,561900,Yahoo Finance,RSP,2026-09-11T22:08:08+08:00,confirmed
2010-10-19,43.34000015258789,43.65999984741211,42.93000030517578,43.16999816894531,33.32188415527344,1038500,Yahoo Finance,RSP,2026-09-11T22:08:08+08:00,confirmed
2010-10-20,43.27999877929688,43.79999923706055,43.25,43.59999847412109,33.65378952026367,1017500,Yahoo Finance,RSP,2026-09-11T22:08:08+08:00,confirmed
2010-10-21,43.81999969482422,44.04999923706055,43.290000915527344,43.630001068115234,33.676937103271484,1042800,Yahoo Finance,RSP,2026-09-11T22:08:08+08:00,confirmed
2010-10-22,43.720001220703125,43.81999969482422,43.59999847412109,43.790000915527344,33.800437927246094,675500,Yahoo Finance,RSP,2026-09-11T22:08:08+08:00,confirmed
2010-10-25,44.08000183105469,44.36000061035156,43.900001525878906,43.95000076293945,33.92394256591797,766400,Yahoo Finance,RSP,2026-09-11T22:08:08+08:00,confirmed
2010-10-26,43.68000030517578,43.93999862670898,43.52999877929688,43.869998931884766,33.86222076416016,527600,Yahoo Finance,RSP,2026-09-11T22:08:08+08:00,confirmed
2010-10-27,43.56999969482422,43.810001373291016,43.33000183105469,43.7599983215332,33.77728271484375,642800,Yahoo Finance,RSP,2026-09-11T22:08:08+08:00,confirmed
2010-10-28,44.02000045776367,44.04999923706055,43.47999954223633,43.72999954223633,33.75413513183594,751000,Yahoo Finance,RSP,2026-09-11T22:08:08+08:00,confirmed
2010-10-29,43.68999862670898,43.93999862670898,43.58000183105469,43.88999938964844,33.877628326416016,562000,Yahoo Finance,RSP,2026-09-11T22:08:08+08:00,confirmed
2010-11-01,44.02000045776367,44.33000183105469,43.58000183105469,43.81999969482422,33.82360076904297,601500,Yahoo Finance,RSP,2026-09-11T22:08:08+08:00,confirmed
2010-11-02,44.18999862670898,44.33000183105469,44.040000915527344,44.2400016784668,34.147789001464844,852900,Yahoo Finance,RSP,2026-09-11T22:08:08+08:00,confirmed
2010-11-03,44.369998931884766,44.369998931884766,43.77000045776367,44.34999847412109,34.232696533203125,1085000,Yahoo Finance,RSP,2026-09-11T22:08:08+08:00,confirmed
2010-11-04,44.93999862670898,45.27999877929688,44.81999969482422,45.25,34.927391052246094,1031600,Yahoo Finance,RSP,2026-09-11T22:08:08+08:00,confirmed
2010-11-05,45.290000915527344,45.59999847412109,45.2400016784668,45.47999954223633,35.10491180419922,1036800,Yahoo Finance,RSP,2026-09-11T22:08:08+08:00,confirmed
2010-11-08,45.400001525878906,45.470001220703125,45.18000030517578,45.43000030517578,35.06631851196289,915400,Yahoo Finance,RSP,2026-09-11T22:08:08+08:00,confirmed
2010-11-09,45.56999969482422,45.56999969482422,44.790000915527344,44.97999954223633,34.718963623046875,980400,Yahoo Finance,RSP,2026-09-11T22:08:08+08:00,confirmed
2010-11-10,45.0099983215332,45.18999862670898,44.59999847412109,45.16999816894531,34.86562728881836,887800,Yahoo Finance,RSP,2026-09-11T22:08:08+08:00,confirmed
2010-11-11,44.75,45.20000076293945,44.66999816894531,45.150001525878906,34.85020446777344,714400,Yahoo Finance,RSP,2026-09-11T22:08:08+08:00,confirmed
2010-11-12,44.84999847412109,45.02000045776367,44.34000015258789,44.54999923706055,34.38706970214844,827000,Yahoo Finance,RSP,2026-09-11T22:08:08+08:00,confirmed
2010-11-15,44.650001525878906,44.880001068115234,44.459999084472656,44.47999954223633,34.33303451538086,446000,Yahoo Finance,RSP,2026-09-11T22:08:08+08:00,confirmed
2010-11-16,44.209999084472656,44.2599983215332,43.52000045776367,43.720001220703125,33.74641799926758,698800,Yahoo Finance,RSP,2026-09-11T22:08:08+08:00,confirmed
2010-11-17,43.70000076293945,44.0,43.61000061035156,43.81999969482422,33.82360076904297,537300,Yahoo Finance,RSP,2026-09-11T22:08:08+08:00,confirmed
2010-11-18,44.380001068115234,44.650001525878906,44.290000915527344,44.45000076293945,34.30987930297852,618800,Yahoo Finance,RSP,2026-09-11T22:08:08+08:00,confirmed
2010-11-19,44.45000076293945,44.65999984741211,44.18999862670898,44.65999984741211,34.471961975097656,279800,Yahoo Finance,RSP,2026-09-11T22:08:08+08:00,confirmed
2010-11-22,44.52000045776367,44.75,44.18999862670898,44.72999954223633,34.526004791259766,336100,Yahoo Finance,RSP,2026-09-11T22:08:08+08:00,confirmed
2010-11-23,44.2400016784668,44.27000045776367,43.959999084472656,44.11000061035156,34.04743576049805,496000,Yahoo Finance,RSP,2026-09-11T22:08:08+08:00,confirmed
2010-11-24,44.43999862670898,44.869998931884766,44.29999923706055,44.869998931884766,34.63407516479492,429500,Yahoo Finance,RSP,2026-09-11T22:08:08+08:00,confirmed
2010-11-26,44.5,44.7400016784668,44.43000030517578,44.540000915527344,34.37934112548828,242100,Yahoo Finance,RSP,2026-09-11T22:08:08+08:00,confirmed
2010-11-29,44.2599983215332,44.560001373291016,43.900001525878906,44.43000030517578,34.294429779052734,461600,Yahoo Finance,RSP,2026-09-11T22:08:08+08:00,confirmed
2010-11-30,44.02999877929688,44.5,43.93999862670898,44.25,34.15550231933594,495900,Yahoo Finance,RSP,2026-09-11T22:08:08+08:00,confirmed
2010-12-01,44.84999847412109,45.310001373291016,44.84999847412109,45.2400016784668,34.91965866088867,555000,Yahoo Finance,RSP,2026-09-11T22:08:08+08:00,confirmed
2010-12-02,45.31999969482422,45.93000030517578,45.25,45.900001525878906,35.42911529541016,1326400,Yahoo Finance,RSP,2026-09-11T22:08:08+08:00,confirmed
2010-12-03,45.77999877929688,46.13999938964844,45.720001220703125,46.08000183105469,35.56804656982422,727000,Yahoo Finance,RSP,2026-09-11T22:08:08+08:00,confirmed
2010-12-06,46.02000045776367,46.13999938964844,45.880001068115234,46.04999923706055,35.54487991333008,8644800,Yahoo Finance,RSP,2026-09-11T22:08:08+08:00,confirmed
2010-12-07,46.560001373291016,46.560001373291016,46.04999923706055,46.060001373291016,35.5526008605957,772100,Yahoo Finance,RSP,2026-09-11T22:08:08+08:00,confirmed
2010-12-08,46.16999816894531,46.27999877929688,45.84000015258789,46.18000030517578,35.645240783691406,489600,Yahoo Finance,RSP,2026-09-11T22:08:08+08:00,confirmed
2010-12-09,46.52000045776367,46.52000045776367,46.150001525878906,46.380001068115234,35.799617767333984,4439100,Yahoo Finance,RSP,2026-09-11T22:08:08+08:00,confirmed
2010-12-10,46.52999877929688,46.709999084472656,46.36000061035156,46.68000030517578,36.03115463256836,511000,Yahoo Finance,RSP,2026-09-11T22:08:08+08:00,confirmed
2010-12-13,46.93000030517578,46.93000030517578,46.61000061035156,46.61000061035156,35.977142333984375,564900,Yahoo Finance,RSP,2026-09-11T22:08:08+08:00,confirmed
2010-12-14,46.70000076293945,46.84999847412109,46.4900016784668,46.61000061035156,35.977142333984375,994500,Yahoo Finance,RSP,2026-09-11T22:08:08+08:00,confirmed
2010-12-15,46.560001373291016,46.77999877929688,46.33000183105469,46.41999816894531,35.83047103881836,543800,Yahoo Finance,RSP,2026-09-11T22:08:08+08:00,confirmed
2010-12-16,46.41999816894531,46.77000045776367,46.290000915527344,46.75,36.0851936340332,3639100,Yahoo Finance,RSP,2026-09-11T22:08:08+08:00,confirmed
2010-12-17,46.65999984741211,46.84000015258789,46.38999938964844,46.790000915527344,36.217559814453125,561000,Yahoo Finance,RSP,2026-09-11T22:08:08+08:00,confirmed
2010-12-20,47.0099983215332,47.02999877929688,46.68999862670898,46.93999862670898,36.33367538452149,530700,Yahoo Finance,RSP,2026-09-11T22:08:08+08:00,confirmed
2010-12-21,47.130001068115234,47.34000015258789,47.04999923706055,47.27000045776367,36.58909606933594,1027400,Yahoo Finance,RSP,2026-09-11T22:08:08+08:00,confirmed
2010-12-22,47.36000061035156,47.40999984741211,47.2599983215332,47.380001068115234,36.67426300048828,694200,Yahoo Finance,RSP,2026-09-11T22:08:08+08:00,confirmed
2010-12-23,47.36000061035156,47.380001068115234,47.15999984741211,47.27000045776367,36.58909606933594,457100,Yahoo Finance,RSP,2026-09-11T22:08:08+08:00,confirmed
2010-12-27,47.18999862670898,47.31999969482422,47.0,47.29999923706055,36.6123161315918,454200,Yahoo Finance,RSP,2026-09-11T22:08:08+08:00,confirmed
2010-12-28,47.29999923706055,47.38999938964844,47.150001525878906,47.29999923706055,36.6123161315918,265300,Yahoo Finance,RSP,2026-09-11T22:08:08+08:00,confirmed
2010-12-29,47.38999938964844,47.43000030517578,47.31999969482422,47.31999969482422,36.62780380249024,2191900,Yahoo Finance,RSP,2026-09-11T22:08:08+08:00,confirmed
2010-12-30,47.33000183105469,47.41999816894531,47.220001220703125,47.34000015258789,36.64328002929688,420800,Yahoo Finance,RSP,2026-09-11T22:08:08+08:00,confirmed
2010-12-31,47.29999923706055,47.380001068115234,47.15999984741211,47.310001373291016,36.62005615234375,548100,Yahoo Finance,RSP,2026-09-11T22:08:08+08:00,confirmed
2011-01-03,47.720001220703125,47.9900016784668,47.650001525878906,47.790000915527344,36.99159622192383,950100,Yahoo Finance,RSP,2026-09-11T22:08:08+08:00,confirmed
2011-01-04,47.97999954223633,47.97999954223633,47.290000915527344,47.560001373291016,36.81357192993164,1846400,Yahoo Finance,RSP,2026-09-11T22:08:08+08:00,confirmed
2011-01-05,47.400001525878906,47.84000015258789,47.290000915527344,47.810001373291016,37.0070686340332,864200,Yahoo Finance,RSP,2026-09-11T22:08:08+08:00,confirmed
2011-01-06,47.91999816894531,47.91999816894531,47.59999847412109,47.709999084472656,36.929664611816406,487400,Yahoo Finance,RSP,2026-09-11T22:08:08+08:00,confirmed
2011-01-07,47.83000183105469,47.90999984741211,47.2400016784668,47.619998931884766,36.86000061035156,1046200,Yahoo Finance,RSP,2026-09-11T22:08:08+08:00,confirmed
2011-01-10,47.43000030517578,47.68000030517578,47.220001220703125,47.59999847412109,36.84453582763672,716400,Yahoo Finance,RSP,2026-09-11T22:08:08+08:00,confirmed
2011-01-11,47.84000015258789,47.93999862670898,47.630001068115234,47.83000183105469,37.02256393432617,1179200,Yahoo Finance,RSP,2026-09-11T22:08:08+08:00,confirmed
2011-01-12,48.150001525878906,48.310001373291016,48.02999877929688,48.27000045776367,37.3631477355957,493800,Yahoo Finance,RSP,2026-09-11T22:08:08+08:00,confirmed
2011-01-13,48.310001373291016,48.34000015258789,48.09999847412109,48.209999084472656,37.31671905517578,618600,Yahoo Finance,RSP,2026-09-11T22:08:08+08:00,confirmed
2011-01-14,48.16999816894531,48.560001373291016,48.09999847412109,48.4900016784668,37.5334358215332,598900,Yahoo Finance,RSP,2026-09-11T22:08:08+08:00,confirmed
2011-01-18,48.58000183105469,48.72999954223633,48.5,48.70000076293945,37.69598007202149,510400,Yahoo Finance,RSP,2026-09-11T22:08:08+08:00,confirmed
2011-01-19,48.68999862670898,48.68999862670898,47.91999816894531,48.060001373291016,37.20058441162109,518600,Yahoo Finance,RSP,2026-09-11T22:08:08+08:00,confirmed
2011-01-20,47.91999816894531,48.06999969482422,47.59999847412109,47.959999084472656,37.12318420410156,1003000,Yahoo Finance,RSP,2026-09-11T22:08:08+08:00,confirmed
2011-01-21,48.27999877929688,48.369998931884766,47.93999862670898,47.970001220703125,37.13093185424805,470300,Yahoo Finance,RSP,2026-09-11T22:08:08+08:00,confirmed
2011-01-24,47.9900016784668,48.36000061035156,47.93999862670898,48.27999877929688,37.370880126953125,649100,Yahoo Finance,RSP,2026-09-11T22:08:08+08:00,confirmed
2011-01-25,48.209999084472656,48.29999923706055,47.88999938964844,48.25,37.34766006469727,502700,Yahoo Finance,RSP,2026-09-11T22:08:08+08:00,confirmed
2011-01-26,48.36000061035156,48.709999084472656,48.33000183105469,48.61000061035156,37.62632369995117,730000,Yahoo Finance,RSP,2026-09-11T22:08:08+08:00,confirmed
2011-01-27,48.63999938964844,48.88999938964844,48.59999847412109,48.84000015258789,37.80434799194336,1237800,Yahoo Finance,RSP,2026-09-11T22:08:08+08:00,confirmed
2011-01-28,48.86000061035156,48.959999084472656,47.83000183105469,47.869998931884766,37.053524017333984,988700,Yahoo Finance,RSP,2026-09-11T22:08:08+08:00,confirmed
2011-01-31,47.97999954223633,48.380001068115234,47.97999954223633,48.310001373291016,37.39411544799805,678600,Yahoo Finance,RSP,2026-09-11T22:08:08+08:00,confirmed
2011-02-01,48.630001068115234,49.09000015258789,48.58000183105469,49.0,37.92818832397461,579400,Yahoo Finance,RSP,2026-09-11T22:08:08+08:00,confirmed
2011-02-02,48.900001525878906,49.08000183105469,48.84000015258789,48.90999984741211,37.8585205078125,449300,Yahoo Finance,RSP,2026-09-11T22:08:08+08:00,confirmed
2011-02-03,48.970001220703125,49.209999084472656,48.630001068115234,49.16999816894531,38.05978012084961,612200,Yahoo Finance,RSP,2026-09-11T22:08:08+08:00,confirmed
2011-02-04,49.29999923706055,49.43999862670898,49.02999877929688,49.400001525878906,38.23781204223633,669100,Yahoo Finance,RSP,2026-09-11T22:08:08+08:00,confirmed
2011-02-07,49.54999923706055,49.900001525878906,49.5,49.720001220703125,38.48551559448242,1136000,Yahoo Finance,RSP,2026-09-11T22:08:08+08:00,confirmed
2011-02-08,49.790000915527344,49.93999862670898,49.58000183105469,49.93000030517578,38.64804458618164,668000,Yahoo Finance,RSP,2026-09-11T22:08:08+08:00,confirmed
2011-02-09,49.83000183105469,49.95000076293945,49.59999847412109,49.810001373291016,38.55517959594727,537100,Yahoo Finance,RSP,2026-09-11T22:08:08+08:00,confirmed
2011-02-10,49.59000015258789,50.02999877929688,49.5,49.95000076293945,38.66353988647461,653100,Yahoo Finance,RSP,2026-09-11T22:08:08+08:00,confirmed
2011-02-11,49.84000015258789,50.38999938964844,49.7400016784668,50.34000015258789,38.965423583984375,570100,Yahoo Finance,RSP,2026-09-11T22:08:08+08:00,confirmed
2011-02-14,50.400001525878906,50.43000030517578,50.22999954223633,50.41999816894531,39.02732849121094,668800,Yahoo Finance,RSP,2026-09-11T22:08:08+08:00,confirmed
2011-02-15,50.31999969482422,50.34000015258789,50.09999847412109,50.2400016784668,38.88801956176758,1625200,Yahoo Finance,RSP,2026-09-11T22:08:08+08:00,confirmed
2011-02-16,50.470001220703125,50.720001220703125,50.40999984741211,50.650001525878906,39.205360412597656,718200,Yahoo Finance,RSP,2026-09-11T22:08:08+08:00,confirmed
2011-02-17,50.43999862670898,50.93999862670898,50.43999862670898,50.88999938964844,39.391143798828125,949800,Yahoo Finance,RSP,2026-09-11T22:08:08+08:00,confirmed
2011-02-18,50.88999938964844,51.04999923706055,50.790000915527344,50.95000076293945,39.437591552734375,599600,Yahoo Finance,RSP,2026-09-11T22:08:08+08:00,confirmed
2011-02-22,50.41999816894531,50.77999877929688,49.650001525878906,49.75,38.50872039794922,1474700,Yahoo Finance,RSP,2026-09-11T22:08:08+08:00,confirmed
2011-02-23,49.7400016784668,49.880001068115234,48.880001068115234,49.29999923706055,38.160400390625,989200,Yahoo Finance,RSP,2026-09-11T22:08:08+08:00,confirmed
2011-02-24,49.2400016784668,49.560001373291016,48.810001373291016,49.31999969482422,38.175899505615234,15598900,Yahoo Finance,RSP,2026-09-11T22:08:08+08:00,confirmed
2011-02-25,49.5099983215332,50.040000915527344,49.5099983215332,50.0099983215332,38.7099838256836,740800,Yahoo Finance,RSP,2026-09-11T22:08:08+08:00,confirmed
2011-02-28,50.27999877929688,50.33000183105469,49.93999862670898,50.25,38.895751953125,808800,Yahoo Finance,RSP,2026-09-11T22:08:08+08:00,confirmed
2011-03-01,50.5,50.5,49.34000015258789,49.369998931884766,38.214599609375,777500,Yahoo Finance,RSP,2026-09-11T22:08:08+08:00,confirmed
2011-03-02,49.33000183105469,49.7400016784668,49.220001220703125,49.52000045776367,38.330692291259766,726800,Yahoo Finance,RSP,2026-09-11T22:08:08+08:00,confirmed
2011-03-03,50.02000045776367,50.470001220703125,49.97999954223633,50.41999816894531,39.02732849121094,1071600,Yahoo Finance,RSP,2026-09-11T22:08:08+08:00,confirmed
2011-03-04,50.43000030517578,50.43000030517578,49.72999954223633,50.09000015258789,38.77190780639648,1023700,Yahoo Finance,RSP,2026-09-11T22:08:08+08:00,confirmed
2011-03-07,50.34999847412109,50.36000061035156,49.29999923706055,49.59999847412109,38.39261245727539,552700,Yahoo Finance,RSP,2026-09-11T22:08:08+08:00,confirmed
2011-03-08,49.72999954223633,50.2400016784668,49.41999816894531,50.060001373291016,38.74869537353516,2025500,Yahoo Finance,RSP,2026-09-11T22:08:08+08:00,confirmed
2011-03-09,50.02000045776367,50.119998931884766,49.63999938964844,49.970001220703125,38.67901992797852,468700,Yahoo Finance,RSP,2026-09-11T22:08:08+08:00,confirmed
2011-03-10,49.5,49.5,48.97999954223633,49.0099983215332,37.93593597412109,856900,Yahoo Finance,RSP,2026-09-11T22:08:08+08:00,confirmed
2011-03-11,48.81999969482422,49.619998931884766,48.81999969482422,49.470001220703125,38.29200744628906,1232800,Yahoo Finance,RSP,2026-09-11T22:08:08+08:00,confirmed
2011-03-14,49.09999847412109,49.369998931884766,48.79999923706055,49.15999984741211,38.05203628540039,988600,Yahoo Finance,RSP,2026-09-11T22:08:08+08:00,confirmed
2011-03-15,48.0,48.9900016784668,47.709999084472656,48.709999084472656,37.70372009277344,2527300,Yahoo Finance,RSP,2026-09-11T22:08:08+08:00,confirmed
2011-03-16,48.58000183105469,48.79999923706055,47.560001373291016,47.900001525878906,37.076751708984375,2184600,Yahoo Finance,RSP,2026-09-11T22:08:08+08:00,confirmed
2011-03-17,48.61000061035156,48.70000076293945,48.209999084472656,48.41999816894531,37.47925567626953,848800,Yahoo Finance,RSP,2026-09-11T22:08:08+08:00,confirmed
2011-03-18,48.90999984741211,48.90999984741211,48.369998931884766,48.5099983215332,37.70465850830078,805200,Yahoo Finance,RSP,2026-09-11T22:08:08+08:00,confirmed
2011-03-21,49.11000061035156,49.31999969482422,49.0099983215332,49.220001220703125,38.25651550292969,1044000,Yahoo Finance,RSP,2026-09-11T22:08:08+08:00,confirmed
2011-03-22,49.2599983215332,49.29999923706055,48.959999084472656,48.9900016784668,38.077728271484375,1572800,Yahoo Finance,RSP,2026-09-11T22:08:08+08:00,confirmed
2011-03-23,48.84999847412109,49.29999923706055,48.61000061035156,49.18000030517578,38.22541809082031,422500,Yahoo Finance,RSP,2026-09-11T22:08:08+08:00,confirmed
2011-03-24,49.41999816894531,49.77000045776367,49.18999862670898,49.709999084472656,38.63736724853516,450000,Yahoo Finance,RSP,2026-09-11T22:08:08+08:00,confirmed
2011-03-25,49.81999969482422,50.119998931884766,49.709999084472656,49.88999938964844,38.77726364135742,660900,Yahoo Finance,RSP,2026-09-11T22:08:08+08:00,confirmed
2011-03-28,50.02999877929688,50.09999847412109,49.68999862670898,49.68999862670898,38.62181854248047,913000,Yahoo Finance,RSP,2026-09-11T22:08:08+08:00,confirmed
2011-03-29,49.66999816894531,50.04999923706055,49.459999084472656,50.02999877929688,38.88608169555664,1956200,Yahoo Finance,RSP,2026-09-11T22:08:08+08:00,confirmed
2011-03-30,50.380001068115234,50.56999969482422,50.25,50.5,39.25138854980469,778200,Yahoo Finance,RSP,2026-09-11T22:08:08+08:00,confirmed
2011-03-31,50.43999862670898,50.56999969482422,50.33000183105469,50.459999084472656,39.22029876708984,413200,Yahoo Finance,RSP,2026-09-11T22:08:08+08:00,confirmed
2011-04-01,50.79999923706055,50.95000076293945,50.59000015258789,50.720001220703125,39.42238235473633,561400,Yahoo Finance,RSP,2026-09-11T22:08:08+08:00,confirmed
2011-04-04,50.880001068115234,50.93000030517578,50.560001373291016,50.72999954223633,39.43016815185547,1284200,Yahoo Finance,RSP,2026-09-11T22:08:08+08:00,confirmed
2011-04-05,50.66999816894531,51.09999847412109,50.65999984741211,50.86000061035156,39.53120803833008,496900,Yahoo Finance,RSP,2026-09-11T22:08:08+08:00,confirmed
2011-04-06,51.02999877929688,51.16999816894531,50.7599983215332,50.970001220703125,39.61670684814453,841000,Yahoo Finance,RSP,2026-09-11T22:08:08+08:00,confirmed
2011-04-07,50.95000076293945,51.09000015258789,50.59999847412109,50.86000061035156,39.53120803833008,838400,Yahoo Finance,RSP,2026-09-11T22:08:08+08:00,confirmed
2011-04-08,51.06999969482422,51.11000061035156,50.34999847412109,50.54999923706055,39.29025268554688,389800,Yahoo Finance,RSP,2026-09-11T22:08:08+08:00,confirmed
2011-04-11,50.61000061035156,50.77000045776367,50.22999954223633,50.34999847412109,39.134796142578125,347700,Yahoo Finance,RSP,2026-09-11T22:08:08+08:00,confirmed
2011-04-12,50.119998931884766,50.220001220703125,49.84000015258789,50.02000045776367,38.87830352783203,1065000,Yahoo Finance,RSP,2026-09-11T22:08:08+08:00,confirmed
2011-04-13,50.27999877929688,50.34999847412109,49.86000061035156,50.06999969482422,38.91718292236328,465300,Yahoo Finance,RSP,2026-09-11T22:08:08+08:00,confirmed
2011-04-14,49.790000915527344,50.20000076293945,49.59999847412109,50.130001068115234,38.96380615234375,581700,Yahoo Finance,RSP,2026-09-11T22:08:08+08:00,confirmed
2011-04-15,50.220001220703125,50.52999877929688,50.119998931884766,50.459999084472656,39.22029876708984,414300,Yahoo Finance,RSP,2026-09-11T22:08:08+08:00,confirmed
2011-04-18,49.880001068115234,49.95000076293945,49.4900016784668,49.83000183105469,38.73062896728516,595600,Yahoo Finance,RSP,2026-09-11T22:08:08+08:00,confirmed
2011-04-19,49.970001220703125,50.119998931884766,49.790000915527344,50.09000015258789,38.932716369628906,540200,Yahoo Finance,RSP,2026-09-11T22:08:08+08:00,confirmed
2011-04-20,50.75,50.970001220703125,50.72999954223633,50.880001068115234,39.54673385620117,2453000,Yahoo Finance,RSP,2026-09-11T22:08:08+08:00,confirmed
2011-04-21,51.209999084472656,51.209999084472656,50.93999862670898,51.15999984741211,39.76437759399414,449200,Yahoo Finance,RSP,2026-09-11T22:08:08+08:00,confirmed
2011-04-25,51.20000076293945,51.20000076293945,50.91999816894531,51.09000015258789,39.709957122802734,533000,Yahoo Finance,RSP,2026-09-11T22:08:08+08:00,confirmed
2011-04-26,51.27999877929688,51.619998931884766,51.209999084472656,51.5,40.02863693237305,755400,Yahoo Finance,RSP,2026-09-11T22:08:08+08:00,confirmed
2011-04-27,51.63999938964844,51.83000183105469,51.36000061035156,51.7599983215332,40.230743408203125,687500,Yahoo Finance,RSP,2026-09-11T22:08:08+08:00,confirmed
2011-04-28,51.72999954223633,52.0,51.709999084472656,51.93999862670898,40.370635986328125,551700,Yahoo Finance,RSP,2026-09-11T22:08:08+08:00,confirmed
2011-04-29,51.9900016784668,52.08000183105469,51.869998931884766,52.040000915527344,40.448368072509766,475000,Yahoo Finance,RSP,2026-09-11T22:08:08+08:00,confirmed
2011-05-02,52.27999877929688,52.33000183105469,51.84999847412109,51.93999862670898,40.370635986328125,736900,Yahoo Finance,RSP,2026-09-11T22:08:08+08:00,confirmed
2011-05-03,51.77999877929688,51.900001525878906,51.38999938964844,51.650001525878906,40.145240783691406,477400,Yahoo Finance,RSP,2026-09-11T22:08:08+08:00,confirmed
2011-05-04,51.630001068115234,51.630001068115234,51.0099983215332,51.27999877929688,39.8576545715332,721000,Yahoo Finance,RSP,2026-09-11T22:08:08+08:00,confirmed
2011-05-05,51.040000915527344,51.5,50.790000915527344,51.02000045776367,39.655555725097656,636200,Yahoo Finance,RSP,2026-09-11T22:08:08+08:00,confirmed
2011-05-06,51.54999923706055,51.790000915527344,51.02000045776367,51.22999954223633,39.81879425048828,395200,Yahoo Finance,RSP,2026-09-11T22:08:08+08:00,confirmed
2011-05-09,51.290000915527344,51.61000061035156,51.16999816894531,51.5,40.02863693237305,315500,Yahoo Finance,RSP,2026-09-11T22:08:08+08:00,confirmed
2011-05-10,51.709999084472656,52.150001525878906,51.650001525878906,52.06999969482422,40.47168350219727,637100,Yahoo Finance,RSP,2026-09-11T22:08:08+08:00,confirmed
2011-05-11,52.02000045776367,52.02000045776367,51.27000045776367,51.52000045776367,40.04420471191406,432000,Yahoo Finance,RSP,2026-09-11T22:08:08+08:00,confirmed
2011-05-12,51.41999816894531,51.93999862670898,51.150001525878906,51.86000061035156,40.3084602355957,531000,Yahoo Finance,RSP,2026-09-11T22:08:08+08:00,confirmed
2011-05-13,51.93000030517578,51.95000076293945,51.27999877929688,51.43000030517578,39.974239349365234,505500,Yahoo Finance,RSP,2026-09-11T22:08:08+08:00,confirmed
2011-05-16,51.29999923706055,51.68999862670898,51.04999923706055,51.130001068115234,39.741058349609375,483800,Yahoo Finance,RSP,2026-09-11T22:08:08+08:00,confirmed
2011-05-17,50.95000076293945,51.13999938964844,50.650001525878906,51.040000915527344,39.67110061645508,1600200,Yahoo Finance,RSP,2026-09-11T22:08:08+08:00,confirmed
2011-05-18,51.11000061035156,51.63999938964844,51.0,51.56999969482422,40.08306503295898,656900,Yahoo Finance,RSP,2026-09-11T22:08:08+08:00,confirmed
2011-05-19,51.810001373291016,51.83000183105469,51.40999984741211,51.70000076293945,40.18408966064453,441800,Yahoo Finance,RSP,2026-09-11T22:08:08+08:00,confirmed
2011-05-20,51.619998931884766,51.63999938964844,51.15999984741211,51.34000015258789,39.904296875,604300,Yahoo Finance,RSP,2026-09-11T22:08:08+08:00,confirmed
2011-05-23,50.63999938964844,50.84999847412109,50.5099983215332,50.65999984741211,39.3757438659668,635300,Yahoo Finance,RSP,2026-09-11T22:08:08+08:00,confirmed
2011-05-24,50.84999847412109,50.93999862670898,50.459999084472656,50.58000183105469,39.31356048583984,953900,Yahoo Finance,RSP,2026-09-11T22:08:08+08:00,confirmed
2011-05-25,50.310001373291016,50.93999862670898,50.290000915527344,50.75,39.44572067260742,423100,Yahoo Finance,RSP,2026-09-11T22:08:08+08:00,confirmed
2011-05-26,50.630001068115234,51.119998931884766,50.5,51.02999877929688,39.6633415222168,375500,Yahoo Finance,RSP,2026-09-11T22:08:08+08:00,confirmed
2011-05-27,51.15999984741211,51.38999938964844,51.11000061035156,51.27999877929688,39.8576545715332,526300,Yahoo Finance,RSP,2026-09-11T22:08:08+08:00,confirmed
2011-05-31,51.77999877929688,51.77999877929688,51.31999969482422,51.720001220703125,40.199649810791016,550000,Yahoo Finance,RSP,2026-09-11T22:08:08+08:00,confirmed
2011-06-01,51.65999984741211,51.65999984741211,50.470001220703125,50.5,39.25138854980469,489200,Yahoo Finance,RSP,2026-09-11T22:08:08+08:00,confirmed
2011-06-02,50.59000015258789,50.709999084472656,50.15999984741211,50.45000076293945,39.21251678466797,557000,Yahoo Finance,RSP,2026-09-11T22:08:08+08:00,confirmed
2011-06-03,49.869998931884766,50.27000045776367,49.75,49.81999969482422,38.72285079956055,830200,Yahoo Finance,RSP,2026-09-11T22:08:08+08:00,confirmed
2011-06-06,49.63999938964844,49.790000915527344,49.15999984741211,49.18000030517578,38.22541809082031,1676200,Yahoo Finance,RSP,2026-09-11T22:08:08+08:00,confirmed
2011-06-07,49.5,49.70000076293945,49.27000045776367,49.29999923706055,38.31868362426758,1670500,Yahoo Finance,RSP,2026-09-11T22:08:08+08:00,confirmed
2011-06-08,49.18000030517578,49.25,48.86000061035156,48.93999862670898,38.03887176513672,974500,Yahoo Finance,RSP,2026-09-11T22:08:08+08:00,confirmed
2011-06-09,49.04999923706055,49.5,48.95000076293945,49.29999923706055,38.31868362426758,589600,Yahoo Finance,RSP,2026-09-11T22:08:08+08:00,confirmed
2011-06-10,49.150001525878906,49.150001525878906,48.4900016784668,48.56999969482422,37.75128936767578,856900,Yahoo Finance,RSP,2026-09-11T22:08:08+08:00,confirmed
2011-06-13,48.68000030517578,48.84999847412109,48.29999923706055,48.540000915527344,37.727970123291016,1086200,Yahoo Finance,RSP,2026-09-11T22:08:08+08:00,confirmed
2011-06-14,49.02000045776367,49.459999084472656,49.0099983215332,49.31999969482422,38.33422470092773,662700,Yahoo Finance,RSP,2026-09-11T22:08:08+08:00,confirmed
2011-06-15,48.970001220703125,49.09000015258789,48.33000183105469,48.43999862670898,37.65024566650391,1018100,Yahoo Finance,RSP,2026-09-11T22:08:08+08:00,confirmed
2011-06-16,48.43999862670898,48.75,48.060001373291016,48.43999862670898,37.65024566650391,1550200,Yahoo Finance,RSP,2026-09-11T22:08:08+08:00,confirmed
2011-06-17,48.709999084472656,48.81999969482422,48.34999847412109,48.4900016784668,37.814002990722656,810300,Yahoo Finance,RSP,2026-09-11T22:08:08+08:00,confirmed
2011-06-20,48.369998931884766,48.93000030517578,48.369998931884766,48.81999969482422,38.07135009765625,746000,Yahoo Finance,RSP,2026-09-11T22:08:08+08:00,confirmed
2011-06-21,49.09999847412109,49.66999816894531,49.060001373291016,49.59999847412109,38.67961120605469,2701900,Yahoo Finance,RSP,2026-09-11T22:08:08+08:00,confirmed
2011-06-22,49.4900016784668,49.7599983215332,49.27999877929688,49.31999969482422,38.46128082275391,1595800,Yahoo Finance,RSP,2026-09-11T22:08:08+08:00,confirmed
2011-06-23,48.68000030517578,49.25,48.34000015258789,49.220001220703125,38.3832893371582,1492100,Yahoo Finance,RSP,2026-09-11T22:08:08+08:00,confirmed
2011-06-24,49.2599983215332,49.27000045776367,48.59999847412109,48.68000030517578,37.96219253540039,421800,Yahoo Finance,RSP,2026-09-11T22:08:08+08:00,confirmed
2011-06-27,48.68999862670898,49.16999816894531,48.54999923706055,49.0099983215332,38.219512939453125,563500,Yahoo Finance,RSP,2026-09-11T22:08:08+08:00,confirmed
2011-06-28,49.209999084472656,49.7400016784668,49.15999984741211,49.709999084472656,38.76541519165039,1066500,Yahoo Finance,RSP,2026-09-11T22:08:08+08:00,confirmed
2011-06-29,49.9900016784668,50.2599983215332,49.7400016784668,50.150001525878906,39.10852813720703,825000,Yahoo Finance,RSP,2026-09-11T22:08:08+08:00,confirmed
2011-06-30,50.34000015258789,50.70000076293945,50.2599983215332,50.619998931884766,39.47504806518555,881800,Yahoo Finance,RSP,2026-09-11T22:08:08+08:00,confirmed
2011-07-01,50.650001525878906,51.47999954223633,50.54999923706055,51.38999938964844,40.07551574707031,1035200,Yahoo Finance,RSP,2026-09-11T22:08:08+08:00,confirmed
2011-07-05,51.369998931884766,51.41999816894531,51.06999969482422,51.27000045776367,39.98194885253906,1647900,Yahoo Finance,RSP,2026-09-11T22:08:08+08:00,confirmed
2011-07-06,51.20000076293945,51.34999847412109,50.970001220703125,51.29999923706055,40.00533676147461,2065300,Yahoo Finance,RSP,2026-09-11T22:08:08+08:00,confirmed
2011-07-07,51.810001373291016,52.040000915527344,51.720001220703125,51.91999816894531,40.48883438110352,1743300,Yahoo Finance,RSP,2026-09-11T22:08:08+08:00,confirmed
2011-07-08,51.34999847412109,51.459999084472656,51.02999877929688,51.459999084472656,40.13010787963867,1100800,Yahoo Finance,RSP,2026-09-11T22:08:08+08:00,confirmed
2011-07-11,50.88999938964844,50.93000030517578,50.2400016784668,50.369998931884766,39.28008270263672,678200,Yahoo Finance,RSP,2026-09-11T22:08:08+08:00,confirmed
2011-07-12,50.20000076293945,50.630001068115234,50.08000183105469,50.15999984741211,39.11632537841797,1517300,Yahoo Finance,RSP,2026-09-11T22:08:08+08:00,confirmed
2011-07-13,50.33000183105469,50.84999847412109,50.15999984741211,50.27000045776367,39.202110290527344,880400,Yahoo Finance,RSP,2026-09-11T22:08:08+08:00,confirmed
2011-07-14,50.36000061035156,50.56999969482422,49.65999984741211,49.7599983215332,38.80439376831055,868200,Yahoo Finance,RSP,2026-09-11T22:08:08+08:00,confirmed
2011-07-15,50.060001373291016,50.060001373291016,49.63999938964844,50.040000915527344,39.02273941040039,588800,Yahoo Finance,RSP,2026-09-11T22:08:08+08:00,confirmed
2011-07-18,49.84000015258789,49.86000061035156,49.119998931884766,49.43999862670898,38.55485916137695,538700,Yahoo Finance,RSP,2026-09-11T22:08:08+08:00,confirmed
2011-07-19,49.790000915527344,50.369998931884766,49.790000915527344,50.310001373291016,39.23330307006836,423600,Yahoo Finance,RSP,2026-09-11T22:08:08+08:00,confirmed
2011-07-20,50.4900016784668,50.5,50.15999984741211,50.290000915527344,39.217716217041016,621500,Yahoo Finance,RSP,2026-09-11T22:08:08+08:00,confirmed
2011-07-21,50.560001373291016,51.08000183105469,50.43999862670898,50.95000076293945,39.732383728027344,1408500,Yahoo Finance,RSP,2026-09-11T22:08:08+08:00,confirmed
2011-07-22,50.97999954223633,51.08000183105469,50.65999984741211,51.0,39.77138519287109,808300,Yahoo Finance,RSP,2026-09-11T22:08:08+08:00,confirmed
2011-07-25,50.4900016784668,50.93999862670898,50.43000030517578,50.68000030517578,39.5218505859375,536200,Yahoo Finance,RSP,2026-09-11T22:08:08+08:00,confirmed
2011-07-26,50.68000030517578,50.70000076293945,50.34000015258789,50.45000076293945,39.34246826171875,721900,Yahoo Finance,RSP,2026-09-11T22:08:08+08:00,confirmed
2011-07-27,50.16999816894531,50.209999084472656,49.220001220703125,49.25,38.40667724609375,1034200,Yahoo Finance,RSP,2026-09-11T22:08:08+08:00,confirmed
2011-07-28,49.2400016784668,49.68999862670898,48.959999084472656,49.02999877929688,38.23512268066406,1213000,Yahoo Finance,RSP,2026-09-11T22:08:08+08:00,confirmed
2011-07-29,48.59999847412109,49.2400016784668,48.27000045776367,48.790000915527344,38.0479621887207,954100,Yahoo Finance,RSP,2026-09-11T22:08:08+08:00,confirmed
2011-08-01,49.65999984741211,49.65999984741211,48.0,48.41999816894531,37.75941467285156,1606300,Yahoo Finance,RSP,2026-09-11T22:08:08+08:00,confirmed
2011-08-02,48.04999923706055,48.290000915527344,46.95000076293945,46.95000076293945,36.61307144165039,2396800,Yahoo Finance,RSP,2026-09-11T22:08:08+08:00,confirmed
2011-08-03,46.959999084472656,47.25,46.08000183105469,47.2400016784668,36.8392219543457,5647500,Yahoo Finance,RSP,2026-09-11T22:08:08+08:00,confirmed
2011-08-04,46.560001373291016,46.560001373291016,44.720001220703125,44.7400016784668,34.889652252197266,3448200,Yahoo Finance,RSP,2026-09-11T22:08:08+08:00,confirmed
2011-08-05,45.41999816894531,45.5,43.369998931884766,44.56999969482422,34.7570686340332,3477800,Yahoo Finance,RSP,2026-09-11T22:08:08+08:00,confirmed
2011-08-08,43.27000045776367,43.7599983215332,41.18999862670898,41.29999923706055,32.2070198059082,4469300,Yahoo Finance,RSP,2026-09-11T22:08:08+08:00,confirmed
2011-08-09,41.72999954223633,43.400001525878906,40.70000076293945,43.38999938964844,33.83687210083008,4033500,Yahoo Finance,RSP,2026-09-11T22:08:08+08:00,confirmed
2011-08-10,42.54999923706055,43.09000015258789,41.47999954223633,41.52999877929688,32.38639068603516,2628300,Yahoo Finance,RSP,2026-09-11T22:08:08+08:00,confirmed
2011-08-11,41.93000030517578,44.209999084472656,41.7400016784668,43.65999984741211,34.047420501708984,1865700,Yahoo Finance,RSP,2026-09-11T22:08:08+08:00,confirmed
2011-08-12,44.11000061035156,44.34000015258789,43.560001373291016,43.900001525878906,34.234580993652344,2156400,Yahoo Finance,RSP,2026-09-11T22:08:08+08:00,confirmed
2011-08-15,44.31999969482422,44.97999954223633,44.27999877929688,44.970001220703125,35.069000244140625,1897100,Yahoo Finance,RSP,2026-09-11T22:08:08+08:00,confirmed
2011-08-16,44.54999923706055,44.91999816894531,43.9900016784668,44.43999862670898,34.65567779541016,1233500,Yahoo Finance,RSP,2026-09-11T22:08:08+08:00,confirmed
2011-08-17,44.650001525878906,45.04999923706055,44.0,44.36000061035156,34.59330368041992,1345600,Yahoo Finance,RSP,2026-09-11T22:08:08+08:00,confirmed
2011-08-18,43.150001525878906,43.150001525878906,41.83000183105469,42.209999084472656,32.91667556762695,2700700,Yahoo Finance,RSP,2026-09-11T22:08:08+08:00,confirmed
2011-08-19,41.59999847412109,42.77000045776367,41.470001220703125,41.5099983215332,32.370792388916016,1370900,Yahoo Finance,RSP,2026-09-11T22:08:08+08:00,confirmed
2011-08-22,42.290000915527344,42.54999923706055,41.41999816894531,41.56999969482422,32.41758346557617,922500,Yahoo Finance,RSP,2026-09-11T22:08:08+08:00,confirmed
2011-08-23,41.709999084472656,43.08000183105469,41.47999954223633,43.08000183105469,33.59513473510742,1333200,Yahoo Finance,RSP,2026-09-11T22:08:08+08:00,confirmed
2011-08-24,43.02000045776367,43.77999877929688,42.83000183105469,43.72999954223633,34.10200881958008,1436400,Yahoo Finance,RSP,2026-09-11T22:08:08+08:00,confirmed
2011-08-25,43.93000030517578,44.209999084472656,42.77999877929688,42.900001525878906,33.45476150512695,878800,Yahoo Finance,RSP,2026-09-11T22:08:08+08:00,confirmed
2011-08-26,42.650001525878906,43.900001525878906,41.970001220703125,43.66999816894531,34.05522537231445,985000,Yahoo Finance,RSP,2026-09-11T22:08:08+08:00,confirmed
2011-08-29,44.290000915527344,45.209999084472656,44.2400016784668,45.18000030517578,35.23277282714844,686300,Yahoo Finance,RSP,2026-09-11T22:08:08+08:00,confirmed
2011-08-30,45.02000045776367,45.70000076293945,44.63999938964844,45.369998931884766,35.38093948364258,2161300,Yahoo Finance,RSP,2026-09-11T22:08:08+08:00,confirmed
2011-08-31,45.709999084472656,46.20000076293945,45.310001373291016,45.68999862670898,35.6304817199707,2297800,Yahoo Finance,RSP,2026-09-11T22:08:08+08:00,confirmed
2011-09-01,45.65999984741211,46.08000183105469,45.02000045776367,45.060001373291016,35.13918685913086,1590900,Yahoo Finance,RSP,2026-09-11T22:08:08+08:00,confirmed
2011-09-02,44.15999984741211,44.31999969482422,43.63999938964844,43.75,34.11759948730469,1867400,Yahoo Finance,RSP,2026-09-11T22:08:08+08:00,confirmed
2011-09-06,42.52999877929688,43.5,42.369998931884766,43.459999084472656,33.89147186279297,910700,Yahoo Finance,RSP,2026-09-11T22:08:08+08:00,confirmed
2011-09-07,44.09999847412109,44.91999816894531,44.040000915527344,44.90999984741211,35.022220611572266,595900,Yahoo Finance,RSP,2026-09-11T22:08:08+08:00,confirmed
2011-09-08,44.59000015258789,45.08000183105469,44.18000030517578,44.310001373291016,34.5543098449707,2198600,Yahoo Finance,RSP,2026-09-11T22:08:08+08:00,confirmed
2011-09-09,43.81999969482422,43.970001220703125,42.83000183105469,43.09999847412109,33.6107177734375,845200,Yahoo Finance,RSP,2026-09-11T22:08:08+08:00,confirmed
2011-09-12,42.5,43.40999984741211,42.34999847412109,43.369998931884766,33.8212776184082,1014200,Yahoo Finance,RSP,2026-09-11T22:08:08+08:00,confirmed
2011-09-13,43.470001220703125,44.040000915527344,43.18999862670898,43.88999938964844,34.22678756713867,1344400,Yahoo Finance,RSP,2026-09-11T22:08:08+08:00,confirmed
2011-09-14,44.13999938964844,45.09000015258789,43.47999954223633,44.56999969482422,34.7570686340332,789700,Yahoo Finance,RSP,2026-09-11T22:08:08+08:00,confirmed
2011-09-15,45.09000015258789,45.34000015258789,44.59000015258789,45.310001373291016,35.33413314819336,976400,Yahoo Finance,RSP,2026-09-11T22:08:08+08:00,confirmed
2011-09-16,45.310001373291016,45.61000061035156,44.93999862670898,45.33000183105469,35.48288345336914,664400,Yahoo Finance,RSP,2026-09-11T22:08:08+08:00,confirmed
2011-09-19,44.470001220703125,45.0,44.16999816894531,44.7400016784668,35.02104949951172,1045300,Yahoo Finance,RSP,2026-09-11T22:08:08+08:00,confirmed
2011-09-20,44.91999816894531,45.380001068115234,44.5099983215332,44.54999923706055,34.872310638427734,914700,Yahoo Finance,RSP,2026-09-11T22:08:08+08:00,confirmed
2011-09-21,44.540000915527344,44.68000030517578,42.970001220703125,42.970001220703125,33.635536193847656,845400,Yahoo Finance,RSP,2026-09-11T22:08:08+08:00,confirmed
2011-09-22,41.810001373291016,42.09000015258789,40.93000030517578,41.540000915527344,32.51617431640625,3336800,Yahoo Finance,RSP,2026-09-11T22:08:08+08:00,confirmed
2011-09-23,41.25,42.09999847412109,41.209999084472656,41.83000183105469,32.743186950683594,2802100,Yahoo Finance,RSP,2026-09-11T22:08:08+08:00,confirmed
2011-09-26,42.310001373291016,42.93000030517578,41.540000915527344,42.869998931884766,33.55727005004883,1071400,Yahoo Finance,RSP,2026-09-11T22:08:08+08:00,confirmed
2011-09-27,43.88999938964844,44.27999877929688,43.18999862670898,43.45000076293945,34.01128387451172,1090000,Yahoo Finance,RSP,2026-09-11T22:08:08+08:00,confirmed
2011-09-28,43.5099983215332,43.70000076293945,42.22999954223633,42.25,33.07194519042969,843500,Yahoo Finance,RSP,2026-09-11T22:08:08+08:00,confirmed
2011-09-29,42.970001220703125,43.2400016784668,41.7599983215332,42.59999847412109,33.34591293334961,1206900,Yahoo Finance,RSP,2026-09-11T22:08:08+08:00,confirmed
2011-09-30,42.02000045776367,42.27999877929688,41.380001068115234,41.400001525878906,32.40658950805664,851200,Yahoo Finance,RSP,2026-09-11T22:08:08+08:00,confirmed
2011-10-03,41.08000183105469,41.66999816894531,39.88999938964844,39.88999938964844,31.2246036529541,2085400,Yahoo Finance,RSP,2026-09-11T22:08:08+08:00,confirmed
2011-10-04,39.459999084472656,41.150001525878906,39.02999877929688,41.060001373291016,32.14044952392578,3600000,Yahoo Finance,RSP,2026-09-11T22:08:08+08:00,confirmed
2011-10-05,41.18999862670898,42.119998931884766,40.81999969482422,41.9900016784668,32.868431091308594,1813100,Yahoo Finance,RSP,2026-09-11T22:08:08+08:00,confirmed
2011-10-06,41.959999084472656,43.0,41.70000076293945,42.959999084472656,33.62771224975586,1677700,Yahoo Finance,RSP,2026-09-11T22:08:08+08:00,confirmed
2011-10-07,43.29999923706055,43.29999923706055,42.20000076293945,42.47999954223633,33.25197219848633,1283500,Yahoo Finance,RSP,2026-09-11T22:08:08+08:00,confirmed
2011-10-10,43.2400016784668,43.959999084472656,43.13999938964844,43.959999084472656,34.41048812866211,641000,Yahoo Finance,RSP,2026-09-11T22:08:08+08:00,confirmed
2011-10-11,43.68000030517578,44.13999938964844,43.59999847412109,44.02000045776367,34.45745086669922,789100,Yahoo Finance,RSP,2026-09-11T22:08:08+08:00,confirmed
2011-10-12,44.380001068115234,45.040000915527344,44.27999877929688,44.4900016784668,34.825347900390625,1714700,Yahoo Finance,RSP,2026-09-11T22:08:08+08:00,confirmed
2011-10-13,44.2400016784668,44.54999923706055,43.7400016784668,44.36000061035156,34.72357940673828,845300,Yahoo Finance,RSP,2026-09-11T22:08:08+08:00,confirmed
2011-10-14,44.970001220703125,45.150001525878906,44.56999969482422,45.130001068115234,35.326316833496094,1030200,Yahoo Finance,RSP,2026-09-11T22:08:08+08:00,confirmed
2011-10-17,44.97999954223633,44.97999954223633,43.9900016784668,44.09999847412109,34.52006912231445,926600,Yahoo Finance,RSP,2026-09-11T22:08:08+08:00,confirmed
2011-10-18,44.06999969482422,45.5,43.619998931884766,45.150001525878906,35.341983795166016,908800,Yahoo Finance,RSP,2026-09-11T22:08:08+08:00,confirmed
2011-10-19,45.060001373291016,45.380001068115234,44.41999816894531,44.58000183105469,34.89579772949219,1550900,Yahoo Finance,RSP,2026-09-11T22:08:08+08:00,confirmed
2011-10-20,44.77000045776367,44.95000076293945,43.9900016784668,44.790000915527344,35.0601806640625,959500,Yahoo Finance,RSP,2026-09-11T22:08:08+08:00,confirmed
2011-10-21,45.45000076293945,45.90999984741211,45.380001068115234,45.869998931884766,35.90557098388672,1856100,Yahoo Finance,RSP,2026-09-11T22:08:08+08:00,confirmed
2011-10-24,46.0099983215332,46.86000061035156,45.93999862670898,46.72999954223633,36.5787467956543,7201400,Yahoo Finance,RSP,2026-09-11T22:08:08+08:00,confirmed
2011-10-25,46.45000076293945,46.5,45.56999969482422,45.66999816894531,35.7490119934082,3560200,Yahoo Finance,RSP,2026-09-11T22:08:08+08:00,confirmed
2011-10-26,46.18999862670898,46.380001068115234,45.310001373291016,46.16999816894531,36.14039611816406,1157900,Yahoo Finance,RSP,2026-09-11T22:08:08+08:00,confirmed
2011-10-27,47.63999938964844,48.400001525878906,47.15999984741211,48.040000915527344,37.60418701171875,4181300,Yahoo Finance,RSP,2026-09-11T22:08:08+08:00,confirmed
2011-10-28,47.88999938964844,48.18000030517578,47.75,48.06999969482422,37.62763595581055,2019100,Yahoo Finance,RSP,2026-09-11T22:08:08+08:00,confirmed
2011-10-31,47.56999969482422,47.59000015258789,46.75,46.810001373291016,36.6413688659668,2122800,Yahoo Finance,RSP,2026-09-11T22:08:08+08:00,confirmed
2011-11-01,45.45000076293945,46.0,45.060001373291016,45.36000061035156,35.5063591003418,8451600,Yahoo Finance,RSP,2026-09-11T22:08:08+08:00,confirmed
2011-11-02,46.04999923706055,46.41999816894531,45.68999862670898,46.220001220703125,36.17954254150391,4921500,Yahoo Finance,RSP,2026-09-11T22:08:08+08:00,confirmed
2011-11-03,46.709999084472656,47.2599983215332,45.959999084472656,47.13999938964844,36.89967727661133,889400,Yahoo Finance,RSP,2026-09-11T22:08:08+08:00,confirmed
2011-11-04,46.81999969482422,47.09000015258789,46.290000915527344,46.959999084472656,36.75880432128906,834200,Yahoo Finance,RSP,2026-09-11T22:08:08+08:00,confirmed
2011-11-07,46.95000076293945,47.209999084472656,46.34000015258789,47.18000030517578,36.93099594116211,569100,Yahoo Finance,RSP,2026-09-11T22:08:08+08:00,confirmed
2011-11-08,47.36000061035156,47.77999877929688,46.84000015258789,47.709999084472656,37.34585571289063,912400,Yahoo Finance,RSP,2026-09-11T22:08:08+08:00,confirmed
2011-11-09,46.56999969482422,46.68999862670898,45.66999816894531,45.75,35.811622619628906,1014600,Yahoo Finance,RSP,2026-09-11T22:08:08+08:00,confirmed
2011-11-10,46.470001220703125,46.47999954223633,45.720001220703125,46.15999984741211,36.13257598876953,632600,Yahoo Finance,RSP,2026-09-11T22:08:08+08:00,confirmed
2011-11-11,46.84999847412109,47.34000015258789,46.72999954223633,47.18000030517578,36.93099594116211,667000,Yahoo Finance,RSP,2026-09-11T22:08:08+08:00,confirmed
2011-11-14,47.0,47.09000015258789,46.4900016784668,46.75,36.59439086914063,345700,Yahoo Finance,RSP,2026-09-11T22:08:08+08:00,confirmed
2011-11-15,46.540000915527344,47.18000030517578,46.29999923706055,46.95000076293945,36.75095748901367,646200,Yahoo Finance,RSP,2026-09-11T22:08:08+08:00,confirmed
2011-11-16,46.459999084472656,47.02999877929688,46.09999847412109,46.13999938964844,36.116920471191406,326600,Yahoo Finance,RSP,2026-09-11T22:08:08+08:00,confirmed
2011-11-17,46.04999923706055,46.130001068115234,44.95000076293945,45.27000045776367,35.435916900634766,1266900,Yahoo Finance,RSP,2026-09-11T22:08:08+08:00,confirmed
2011-11-18,45.41999816894531,45.52000045776367,45.0,45.18000030517578,35.36545181274414,1153100,Yahoo Finance,RSP,2026-09-11T22:08:08+08:00,confirmed
2011-11-21,44.43000030517578,44.59000015258789,43.91999816894531,44.34999847412109,34.715763092041016,1423700,Yahoo Finance,RSP,2026-09-11T22:08:08+08:00,confirmed
2011-11-22,44.29999923706055,44.5,43.84000015258789,44.09999847412109,34.52006912231445,546800,Yahoo Finance,RSP,2026-09-11T22:08:08+08:00,confirmed
2011-11-23,43.68999862670898,43.68999862670898,43.040000915527344,43.04999923706055,33.69815444946289,1564000,Yahoo Finance,RSP,2026-09-11T22:08:08+08:00,confirmed
2011-11-25,42.88999938964844,43.459999084472656,42.06999969482422,42.959999084472656,33.62771224975586,621500,Yahoo Finance,RSP,2026-09-11T22:08:08+08:00,confirmed
2011-11-28,44.20000076293945,44.52999877929688,43.959999084472656,44.310001373291016,34.68445587158203,1760400,Yahoo Finance,RSP,2026-09-11T22:08:08+08:00,confirmed
2011-11-29,44.38999938964844,44.72999954223633,44.22999954223633,44.400001525878906,34.754905700683594,980900,Yahoo Finance,RSP,2026-09-11T22:08:08+08:00,confirmed
2011-11-30,45.7599983215332,46.45000076293945,45.720001220703125,46.400001525878906,36.3204345703125,858400,Yahoo Finance,RSP,2026-09-11T22:08:08+08:00,confirmed
2011-12-01,46.38999938964844,46.68000030517578,46.18999862670898,46.369998931884766,36.29695129394531,706300,Yahoo Finance,RSP,2026-09-11T22:08:08+08:00,confirmed
2011-12-02,46.84000015258789,47.0,46.25,46.31999969482422,36.257808685302734,749500,Yahoo Finance,RSP,2026-09-11T22:08:08+08:00,confirmed
2011-12-05,47.060001373291016,47.290000915527344,46.59999847412109,46.869998931884766,36.688323974609375,687100,Yahoo Finance,RSP,2026-09-11T22:08:08+08:00,confirmed
2011-12-06,46.93000030517578,47.119998931884766,46.61000061035156,46.84000015258789,36.66485595703125,1079400,Yahoo Finance,RSP,2026-09-11T22:08:08+08:00,confirmed
2011-12-07,46.70000076293945,47.06999969482422,46.20000076293945,46.900001525878906,36.711822509765625,499600,Yahoo Finance,RSP,2026-09-11T22:08:08+08:00,confirmed
2011-12-08,46.540000915527344,46.61000061035156,45.61000061035156,45.720001220703125,35.78813934326172,614100,Yahoo Finance,RSP,2026-09-11T22:08:08+08:00,confirmed
2011-12-09,45.84000015258789,46.68999862670898,45.84000015258789,46.58000183105469,36.46133041381836,409500,Yahoo Finance,RSP,2026-09-11T22:08:08+08:00,confirmed
2011-12-12,46.22999954223633,46.22999954223633,45.45000076293945,45.84999847412109,35.88990783691406,535900,Yahoo Finance,RSP,2026-09-11T22:08:08+08:00,confirmed
2011-12-13,46.060001373291016,46.29999923706055,44.93999862670898,45.15999984741211,35.34980392456055,2512700,Yahoo Finance,RSP,2026-09-11T22:08:08+08:00,confirmed
2011-12-14,44.93999862670898,45.119998931884766,44.540000915527344,44.63999938964844,34.94276809692383,1109300,Yahoo Finance,RSP,2026-09-11T22:08:08+08:00,confirmed
2011-12-15,45.09999847412109,45.25,44.7400016784668,44.84999847412109,35.107147216796875,923300,Yahoo Finance,RSP,2026-09-11T22:08:08+08:00,confirmed
2011-12-16,44.93999862670898,45.33000183105469,44.650001525878906,44.77999877929688,35.19832992553711,381300,Yahoo Finance,RSP,2026-09-11T22:08:08+08:00,confirmed
2011-12-19,44.900001525878906,45.06999969482422,44.04999923706055,44.15999984741211,34.71098327636719,419500,Yahoo Finance,RSP,2026-09-11T22:08:08+08:00,confirmed
2011-12-20,44.84999847412109,45.720001220703125,44.84999847412109,45.619998931884766,35.858585357666016,606300,Yahoo Finance,RSP,2026-09-11T22:08:08+08:00,confirmed
2011-12-21,45.619998931884766,45.84999847412109,45.18000030517578,45.790000915527344,35.99220275878906,591300,Yahoo Finance,RSP,2026-09-11T22:08:08+08:00,confirmed
2011-12-22,45.9900016784668,46.380001068115234,45.86000061035156,46.310001373291016,36.40093994140625,779600,Yahoo Finance,RSP,2026-09-11T22:08:08+08:00,confirmed
2011-12-23,46.40999984741211,46.68000030517578,46.34000015258789,46.68000030517578,36.69176483154297,527200,Yahoo Finance,RSP,2026-09-11T22:08:08+08:00,confirmed
2011-12-27,46.52999877929688,46.77000045776367,46.470001220703125,46.65999984741211,36.67607116699219,550100,Yahoo Finance,RSP,2026-09-11T22:08:08+08:00,confirmed
2011-12-28,46.630001068115234,46.650001525878906,45.91999816894531,46.0,36.15727996826172,433500,Yahoo Finance,RSP,2026-09-11T22:08:08+08:00,confirmed
2011-12-29,46.06999969482422,46.540000915527344,46.06999969482422,46.4900016784668,36.54243469238281,515700,Yahoo Finance,RSP,2026-09-11T22:08:08+08:00,confirmed
2011-12-30,46.5099983215332,46.560001373291016,46.27999877929688,46.27999877929688,36.37736511230469,709500,Yahoo Finance,RSP,2026-09-11T22:08:08+08:00,confirmed
2012-01-03,47.13999938964844,47.43000030517578,46.95000076293945,46.9900016784668,36.93544387817383,632100,Yahoo Finance,RSP,2026-09-11T22:08:08+08:00,confirmed
2012-01-04,46.88999938964844,47.04999923706055,46.61000061035156,46.95000076293945,36.90400314331055,960900,Yahoo Finance,RSP,2026-09-11T22:08:08+08:00,confirmed
2012-01-05,46.7599983215332,47.22999954223633,46.41999816894531,47.13999938964844,37.0533447265625,880500,Yahoo Finance,RSP,2026-09-11T22:08:08+08:00,confirmed
2012-01-06,47.2599983215332,47.2599983215332,46.880001068115234,47.08000183105469,37.00617980957031,835400,Yahoo Finance,RSP,2026-09-11T22:08:08+08:00,confirmed
2012-01-09,47.150001525878906,47.29999923706055,46.959999084472656,47.209999084472656,37.10836410522461,353300,Yahoo Finance,RSP,2026-09-11T22:08:08+08:00,confirmed
2012-01-10,47.810001373291016,47.90999984741211,47.720001220703125,47.81999969482422,37.58784866333008,553800,Yahoo Finance,RSP,2026-09-11T22:08:08+08:00,confirmed
2012-01-11,47.7400016784668,47.959999084472656,47.59999847412109,47.88999938964844,37.64286804199219,1061200,Yahoo Finance,RSP,2026-09-11T22:08:08+08:00,confirmed
2012-01-12,48.08000183105469,48.150001525878906,47.619998931884766,48.09000015258789,37.800079345703125,659200,Yahoo Finance,RSP,2026-09-11T22:08:08+08:00,confirmed
2012-01-13,47.79999923706055,47.810001373291016,47.369998931884766,47.79999923706055,37.57213973999024,618200,Yahoo Finance,RSP,2026-09-11T22:08:08+08:00,confirmed
2012-01-17,48.27999877929688,48.33000183105469,47.810001373291016,47.900001525878906,37.65073394775391,594100,Yahoo Finance,RSP,2026-09-11T22:08:08+08:00,confirmed
2012-01-18,47.959999084472656,48.619998931884766,47.810001373291016,48.59999847412109,38.200950622558594,443000,Yahoo Finance,RSP,2026-09-11T22:08:08+08:00,confirmed
2012-01-19,48.79999923706055,49.060001373291016,48.68000030517578,48.970001220703125,38.49177932739258,1474200,Yahoo Finance,RSP,2026-09-11T22:08:08+08:00,confirmed
2012-01-20,48.86000061035156,48.93000030517578,48.72999954223633,48.90999984741211,38.44462966918945,514900,Yahoo Finance,RSP,2026-09-11T22:08:08+08:00,confirmed
2012-01-23,48.93999862670898,49.25,48.720001220703125,48.93999862670898,38.468204498291016,779700,Yahoo Finance,RSP,2026-09-11T22:08:08+08:00,confirmed
2012-01-24,48.7400016784668,49.040000915527344,48.560001373291016,49.02000045776367,38.53108978271485,641500,Yahoo Finance,RSP,2026-09-11T22:08:08+08:00,confirmed
2012-01-25,48.93999862670898,49.59999847412109,48.70000076293945,49.5099983215332,38.91624069213867,1214200,Yahoo Finance,RSP,2026-09-11T22:08:08+08:00,confirmed
2012-01-26,49.77000045776367,49.869998931884766,48.970001220703125,49.18000030517578,38.6568489074707,1186600,Yahoo Finance,RSP,2026-09-11T22:08:08+08:00,confirmed
2012-01-27,48.97999954223633,49.33000183105469,48.93000030517578,49.20000076293945,38.67256927490234,407300,Yahoo Finance,RSP,2026-09-11T22:08:08+08:00,confirmed
2012-01-30,48.77999877929688,48.9900016784668,48.47999954223633,48.91999816894531,38.45248794555664,452500,Yahoo Finance,RSP,2026-09-11T22:08:08+08:00,confirmed
2012-01-31,49.20000076293945,49.290000915527344,48.65999984741211,48.90999984741211,38.44462966918945,517300,Yahoo Finance,RSP,2026-09-11T22:08:08+08:00,confirmed
2012-02-01,49.31999969482422,49.75,49.2599983215332,49.54999923706055,38.94766998291016,680500,Yahoo Finance,RSP,2026-09-11T22:08:08+08:00,confirmed
2012-02-02,49.63999938964844,49.7599983215332,49.43999862670898,49.619998931884766,39.002708435058594,556300,Yahoo Finance,RSP,2026-09-11T22:08:08+08:00,confirmed
2012-02-03,50.09999847412109,50.5,50.08000183105469,50.43999862670898,39.647239685058594,954000,Yahoo Finance,RSP,2026-09-11T22:08:08+08:00,confirmed
2012-02-06,50.22999954223633,50.400001525878906,50.150001525878906,50.36000061035156,39.58436584472656,380200,Yahoo Finance,RSP,2026-09-11T22:08:08+08:00,confirmed
2012-02-07,50.290000915527344,50.54999923706055,50.02000045776367,50.459999084472656,39.66295623779297,428700,Yahoo Finance,RSP,2026-09-11T22:08:08+08:00,confirmed
2012-02-08,50.41999816894531,50.709999084472656,50.29999923706055,50.619998931884766,39.788719177246094,481600,Yahoo Finance,RSP,2026-09-11T22:08:08+08:00,confirmed
2012-02-09,50.630001068115234,50.790000915527344,50.31999969482422,50.68000030517578,39.835880279541016,518400,Yahoo Finance,RSP,2026-09-11T22:08:08+08:00,confirmed
2012-02-10,50.2599983215332,50.34999847412109,50.02999877929688,50.290000915527344,39.529327392578125,641100,Yahoo Finance,RSP,2026-09-11T22:08:08+08:00,confirmed
2012-02-13,50.65999984741211,50.709999084472656,50.33000183105469,50.59000015258789,39.76515579223633,495500,Yahoo Finance,RSP,2026-09-11T22:08:08+08:00,confirmed
2012-02-14,50.470001220703125,50.54999923706055,50.18000030517578,50.5099983215332,39.702247619628906,359300,Yahoo Finance,RSP,2026-09-11T22:08:08+08:00,confirmed
2012-02-15,50.77999877929688,50.810001373291016,50.2599983215332,50.36000061035156,39.58436584472656,1383800,Yahoo Finance,RSP,2026-09-11T22:08:08+08:00,confirmed
2012-02-16,50.34999847412109,51.060001373291016,50.31999969482422,50.9900016784668,40.07955932617188,453800,Yahoo Finance,RSP,2026-09-11T22:08:08+08:00,confirmed
2012-02-17,51.2400016784668,51.2599983215332,50.959999084472656,51.130001068115234,40.189598083496094,258900,Yahoo Finance,RSP,2026-09-11T22:08:08+08:00,confirmed
2012-02-21,51.209999084472656,51.31999969482422,50.83000183105469,50.97999954223633,40.07170104980469,454800,Yahoo Finance,RSP,2026-09-11T22:08:08+08:00,confirmed
2012-02-22,50.869998931884766,51.02999877929688,50.65999984741211,50.75,39.890907287597656,611400,Yahoo Finance,RSP,2026-09-11T22:08:08+08:00,confirmed
2012-02-23,50.75,51.09000015258789,50.560001373291016,51.04999923706055,40.126747131347656,398800,Yahoo Finance,RSP,2026-09-11T22:08:08+08:00,confirmed
2012-02-24,51.11000061035156,51.310001373291016,51.040000915527344,51.11000061035156,40.17387771606445,428200,Yahoo Finance,RSP,2026-09-11T22:08:08+08:00,confirmed
2012-02-27,50.810001373291016,51.33000183105469,50.66999816894531,51.16999816894531,40.22101974487305,449900,Yahoo Finance,RSP,2026-09-11T22:08:08+08:00,confirmed
2012-02-28,51.20000076293945,51.34000015258789,51.02000045776367,51.220001220703125,40.26034164428711,346500,Yahoo Finance,RSP,2026-09-11T22:08:08+08:00,confirmed
2012-02-29,51.290000915527344,51.400001525878906,50.81999969482422,50.869998931884766,39.98524856567383,679500,Yahoo Finance,RSP,2026-09-11T22:08:08+08:00,confirmed
2012-03-01,51.02999877929688,51.310001373291016,50.97999954223633,51.18000030517578,40.22890090942383,620700,Yahoo Finance,RSP,2026-09-11T22:08:08+08:00,confirmed
2012-03-02,51.11000061035156,51.2599983215332,50.83000183105469,50.93999862670898,40.04024505615234,222600,Yahoo Finance,RSP,2026-09-11T22:08:08+08:00,confirmed
2012-03-05,50.790000915527344,50.84000015258789,50.459999084472656,50.619998931884766,39.788719177246094,608000,Yahoo Finance,RSP,2026-09-11T22:08:08+08:00,confirmed
2012-03-06,50.06999969482422,50.09000015258789,49.630001068115234,49.7400016784668,39.09703063964844,945400,Yahoo Finance,RSP,2026-09-11T22:08:08+08:00,confirmed
2012-03-07,49.90999984741211,50.22999954223633,49.84000015258789,50.150001525878906,39.41928863525391,449700,Yahoo Finance,RSP,2026-09-11T22:08:08+08:00,confirmed
2012-03-08,50.47999954223633,50.84999847412109,50.36000061035156,50.75,39.890907287597656,406900,Yahoo Finance,RSP,2026-09-11T22:08:08+08:00,confirmed
2012-03-09,50.88999938964844,51.2400016784668,50.81999969482422,51.09000015258789,40.15816116333008,638800,Yahoo Finance,RSP,2026-09-11T22:08:08+08:00,confirmed
2012-03-12,51.09000015258789,51.150001525878906,50.83000183105469,50.959999084472656,40.05597686767578,204900,Yahoo Finance,RSP,2026-09-11T22:08:08+08:00,confirmed
2012-03-13,51.22999954223633,51.95000076293945,51.18000030517578,51.91999816894531,40.81055450439453,398000,Yahoo Finance,RSP,2026-09-11T22:08:08+08:00,confirmed
2012-03-14,52.0099983215332,52.060001373291016,51.63999938964844,51.790000915527344,40.708377838134766,526300,Yahoo Finance,RSP,2026-09-11T22:08:08+08:00,confirmed
2012-03-15,51.810001373291016,52.25,51.66999816894531,52.209999084472656,41.03852462768555,444100,Yahoo Finance,RSP,2026-09-11T22:08:08+08:00,confirmed
2012-03-16,52.130001068115234,52.18999862670898,52.0,52.09000015258789,41.08663558959961,401800,Yahoo Finance,RSP,2026-09-11T22:08:08+08:00,confirmed
2012-03-19,52.04999923706055,52.43000030517578,52.0,52.22999954223633,41.197044372558594,473700,Yahoo Finance,RSP,2026-09-11T22:08:08+08:00,confirmed
2012-03-20,51.88999938964844,52.02999877929688,51.68000030517578,51.970001220703125,40.991981506347656,424700,Yahoo Finance,RSP,2026-09-11T22:08:08+08:00,confirmed
2012-03-21,52.02000045776367,52.08000183105469,51.77999877929688,51.90999984741211,40.94464492797852,762400,Yahoo Finance,RSP,2026-09-11T22:08:08+08:00,confirmed
2012-03-22,51.5099983215332,51.619998931884766,51.2599983215332,51.459999084472656,40.58970260620117,429700,Yahoo Finance,RSP,2026-09-11T22:08:08+08:00,confirmed
2012-03-23,51.52999877929688,51.709999084472656,51.13999938964844,51.66999816894531,40.755348205566406,642400,Yahoo Finance,RSP,2026-09-11T22:08:08+08:00,confirmed
2012-03-26,52.060001373291016,52.34000015258789,52.04999923706055,52.31999969482422,41.26805114746094,348700,Yahoo Finance,RSP,2026-09-11T22:08:08+08:00,confirmed
2012-03-27,52.43999862670898,52.47999954223633,52.15999984741211,52.20000076293945,41.17340469360352,607000,Yahoo Finance,RSP,2026-09-11T22:08:08+08:00,confirmed
2012-03-28,52.130001068115234,52.20000076293945,51.470001220703125,51.77000045776367,40.8342170715332,345000,Yahoo Finance,RSP,2026-09-11T22:08:08+08:00,confirmed
2012-03-29,51.459999084472656,51.77999877929688,51.20000076293945,51.720001220703125,40.7947883605957,522800,Yahoo Finance,RSP,2026-09-11T22:08:08+08:00,confirmed
2012-03-30,51.97999954223633,52.02999877929688,51.59999847412109,51.869998931884766,40.91309356689453,362400,Yahoo Finance,RSP,2026-09-11T22:08:08+08:00,confirmed
2012-04-02,51.81999969482422,52.45000076293945,51.709999084472656,52.27000045776367,41.22861099243164,657300,Yahoo Finance,RSP,2026-09-11T22:08:08+08:00,confirmed
2012-04-03,52.220001220703125,52.29999923706055,51.72999954223633,52.08000183105469,41.0787467956543,813500,Yahoo Finance,RSP,2026-09-11T22:08:08+08:00,confirmed
2012-04-04,51.630001068115234,51.70000076293945,51.31999969482422,51.47999954223633,40.60547637939453,544500,Yahoo Finance,RSP,2026-09-11T22:08:08+08:00,confirmed
2012-04-05,51.290000915527344,51.56999969482422,51.22999954223633,51.33000183105469,40.48715972900391,531600,Yahoo Finance,RSP,2026-09-11T22:08:08+08:00,confirmed
2012-04-09,50.650001525878906,50.81999969482422,50.5,50.65999984741211,39.95869445800781,496200,Yahoo Finance,RSP,2026-09-11T22:08:08+08:00,confirmed
2012-04-10,50.52000045776367,50.68000030517578,49.68999862670898,49.72999954223633,39.22513961791992,2312500,Yahoo Finance,RSP,2026-09-11T22:08:08+08:00,confirmed
2012-04-11,50.27000045776367,50.40999984741211,50.13999938964844,50.18999862670898,39.58797454833984,817400,Yahoo Finance,RSP,2026-09-11T22:08:08+08:00,confirmed
2012-04-12,50.2599983215332,51.060001373291016,50.220001220703125,51.0099983215332,40.2347526550293,481700,Yahoo Finance,RSP,2026-09-11T22:08:08+08:00,confirmed
2012-04-13,50.869998931884766,50.970001220703125,50.40999984741211,50.40999984741211,39.76150894165039,423600,Yahoo Finance,RSP,2026-09-11T22:08:08+08:00,confirmed
2012-04-16,50.720001220703125,50.79999923706055,50.20000076293945,50.41999816894531,39.76938629150391,741200,Yahoo Finance,RSP,2026-09-11T22:08:08+08:00,confirmed
2012-04-17,50.7400016784668,51.27000045776367,50.68000030517578,51.130001068115234,40.32940673828125,375300,Yahoo Finance,RSP,2026-09-11T22:08:08+08:00,confirmed
2012-04-18,50.84999847412109,51.06999969482422,50.81999969482422,50.91999816894531,40.16378021240234,409400,Yahoo Finance,RSP,2026-09-11T22:08:08+08:00,confirmed
2012-04-19,50.869998931884766,51.2400016784668,50.470001220703125,50.709999084472656,39.99814224243164,400500,Yahoo Finance,RSP,2026-09-11T22:08:08+08:00,confirmed
2012-04-20,50.900001525878906,51.09000015258789,50.77999877929688,50.79999923706055,40.06909942626953,1765800,Yahoo Finance,RSP,2026-09-11T22:08:08+08:00,confirmed
2012-04-23,50.209999084472656,50.31999969482422,49.90999984741211,50.2599983215332,39.643184661865234,440800,Yahoo Finance,RSP,2026-09-11T22:08:08+08:00,confirmed
2012-04-24,50.25,50.56999969482422,50.220001220703125,50.45000076293945,39.79305648803711,499500,Yahoo Finance,RSP,2026-09-11T22:08:08+08:00,confirmed
2012-04-25,50.83000183105469,51.09000015258789,50.7400016784668,51.06999969482422,40.28208923339844,470500,Yahoo Finance,RSP,2026-09-11T22:08:08+08:00,confirmed
2012-04-26,50.90999984741211,51.54999923706055,50.81999969482422,51.47999954223633,40.60547637939453,495800,Yahoo Finance,RSP,2026-09-11T22:08:08+08:00,confirmed
2012-04-27,51.630001068115234,51.75,51.310001373291016,51.630001068115234,40.72379302978516,584200,Yahoo Finance,RSP,2026-09-11T22:08:08+08:00,confirmed
2012-04-30,51.52999877929688,51.560001373291016,51.31999969482422,51.47999954223633,40.60547637939453,1976600,Yahoo Finance,RSP,2026-09-11T22:08:08+08:00,confirmed
2012-05-01,51.47999954223633,52.15999984741211,51.34999847412109,51.810001373291016,40.86576843261719,471800,Yahoo Finance,RSP,2026-09-11T22:08:08+08:00,confirmed
2012-05-02,51.5,51.72999954223633,51.31999969482422,51.66999816894531,40.755348205566406,327200,Yahoo Finance,RSP,2026-09-11T22:08:08+08:00,confirmed
2012-05-03,51.650001525878906,51.68000030517578,51.04999923706055,51.150001525878906,40.3452033996582,543000,Yahoo Finance,RSP,2026-09-11T22:08:08+08:00,confirmed
2012-05-04,50.90999984741211,50.90999984741211,50.2599983215332,50.34000015258789,39.7062873840332,1037700,Yahoo Finance,RSP,2026-09-11T22:08:08+08:00,confirmed
2012-05-07,50.11000061035156,50.470001220703125,50.0099983215332,50.290000915527344,39.6668586730957,614000,Yahoo Finance,RSP,2026-09-11T22:08:08+08:00,confirmed
2012-05-08,50.0,50.060001373291016,49.29999923706055,50.0,39.4381217956543,1224600,Yahoo Finance,RSP,2026-09-11T22:08:08+08:00,confirmed
2012-05-09,49.41999816894531,50.11000061035156,49.209999084472656,49.790000915527344,39.27246475219727,561600,Yahoo Finance,RSP,2026-09-11T22:08:08+08:00,confirmed
2012-05-10,50.220001220703125,50.220001220703125,49.7400016784668,49.81999969482422,39.29612350463867,705800,Yahoo Finance,RSP,2026-09-11T22:08:08+08:00,confirmed
2012-05-11,49.5,50.20000076293945,49.5,49.7599983215332,39.24881362915039,326800,Yahoo Finance,RSP,2026-09-11T22:08:08+08:00,confirmed
2012-05-14,49.25,49.52999877929688,49.08000183105469,49.16999816894531,38.783447265625,709100,Yahoo Finance,RSP,2026-09-11T22:08:08+08:00,confirmed
2012-05-15,49.09000015258789,49.369998931884766,48.720001220703125,48.81999969482422,38.50736618041992,686500,Yahoo Finance,RSP,2026-09-11T22:08:08+08:00,confirmed
2012-05-16,48.9900016784668,49.2400016784668,48.470001220703125,48.5,38.25497055053711,842500,Yahoo Finance,RSP,2026-09-11T22:08:08+08:00,confirmed
2012-05-17,48.5099983215332,48.540000915527344,47.54999923706055,47.54999923706055,37.50564956665039,1407100,Yahoo Finance,RSP,2026-09-11T22:08:08+08:00,confirmed
2012-05-18,47.75,47.84000015258789,47.0099983215332,47.09999847412109,37.15071105957031,1544800,Yahoo Finance,RSP,2026-09-11T22:08:08+08:00,confirmed
2012-05-21,47.18999862670898,48.06999969482422,47.18000030517578,48.040000915527344,37.89213943481445,1296600,Yahoo Finance,RSP,2026-09-11T22:08:08+08:00,confirmed
2012-05-22,48.20000076293945,48.540000915527344,47.83000183105469,48.130001068115234,37.963134765625,796400,Yahoo Finance,RSP,2026-09-11T22:08:08+08:00,confirmed
2012-05-23,47.72999954223633,48.34999847412109,47.34999847412109,48.290000915527344,38.08933639526367,755000,Yahoo Finance,RSP,2026-09-11T22:08:08+08:00,confirmed
2012-05-24,48.38999938964844,48.43000030517578,47.900001525878906,48.34000015258789,38.12877655029297,491700,Yahoo Finance,RSP,2026-09-11T22:08:08+08:00,confirmed
2012-05-25,48.34000015258789,48.540000915527344,48.20000076293945,48.34000015258789,38.12877655029297,448900,Yahoo Finance,RSP,2026-09-11T22:08:08+08:00,confirmed
2012-05-29,48.650001525878906,49.040000915527344,48.58000183105469,48.93000030517578,38.59413146972656,445300,Yahoo Finance,RSP,2026-09-11T22:08:08+08:00,confirmed
2012-05-30,48.4900016784668,48.58000183105469,47.97999954223633,48.040000915527344,37.89213943481445,298700,Yahoo Finance,RSP,2026-09-11T22:08:08+08:00,confirmed
2012-05-31,48.02999877929688,48.22999954223633,47.380001068115234,47.880001068115234,37.76593780517578,660400,Yahoo Finance,RSP,2026-09-11T22:08:08+08:00,confirmed
2012-06-01,47.0099983215332,47.16999816894531,46.52000045776367,46.54999923706055,36.71688079833984,1094600,Yahoo Finance,RSP,2026-09-11T22:08:08+08:00,confirmed
2012-06-04,46.54999923706055,46.77000045776367,46.02999877929688,46.45000076293945,36.63799285888672,2131400,Yahoo Finance,RSP,2026-09-11T22:08:08+08:00,confirmed
2012-06-05,46.34999847412109,47.02000045776367,46.27000045776367,46.90999984741211,37.00083541870117,691000,Yahoo Finance,RSP,2026-09-11T22:08:08+08:00,confirmed
2012-06-06,47.25,48.040000915527344,47.25,48.02999877929688,37.88425827026367,433100,Yahoo Finance,RSP,2026-09-11T22:08:08+08:00,confirmed
2012-06-07,48.650001525878906,48.68999862670898,47.880001068115234,47.97999954223633,37.84480667114258,869600,Yahoo Finance,RSP,2026-09-11T22:08:08+08:00,confirmed
2012-06-08,47.900001525878906,48.369998931884766,47.63999938964844,48.34999847412109,38.13665771484375,529200,Yahoo Finance,RSP,2026-09-11T22:08:08+08:00,confirmed
2012-06-11,48.790000915527344,48.84000015258789,47.56999969482422,47.61000061035156,37.55297470092773,374500,Yahoo Finance,RSP,2026-09-11T22:08:08+08:00,confirmed
2012-06-12,47.7599983215332,48.209999084472656,47.5,48.16999816894531,37.99466323852539,323400,Yahoo Finance,RSP,2026-09-11T22:08:08+08:00,confirmed
2012-06-13,48.02000045776367,48.27000045776367,47.59000015258789,47.7400016784668,37.65551376342773,205400,Yahoo Finance,RSP,2026-09-11T22:08:08+08:00,confirmed
2012-06-14,47.91999816894531,48.38999938964844,47.709999084472656,48.220001220703125,38.03411102294922,430600,Yahoo Finance,RSP,2026-09-11T22:08:08+08:00,confirmed
2012-06-15,48.130001068115234,48.619998931884766,48.130001068115234,48.56999969482422,38.47134780883789,244700,Yahoo Finance,RSP,2026-09-11T22:08:08+08:00,confirmed
2012-06-18,48.43000030517578,48.810001373291016,48.25,48.70000076293945,38.574310302734375,441500,Yahoo Finance,RSP,2026-09-11T22:08:08+08:00,confirmed
2012-06-19,48.93999862670898,49.5,48.93000030517578,49.290000915527344,39.04164123535156,476600,Yahoo Finance,RSP,2026-09-11T22:08:08+08:00,confirmed
2012-06-20,49.290000915527344,49.52000045776367,48.880001068115234,49.22999954223633,38.99411010742188,1014800,Yahoo Finance,RSP,2026-09-11T22:08:08+08:00,confirmed
2012-06-21,49.29999923706055,49.33000183105469,47.93999862670898,47.959999084472656,37.9881591796875,597000,Yahoo Finance,RSP,2026-09-11T22:08:08+08:00,confirmed
2012-06-22,48.13999938964844,48.43999862670898,47.97999954223633,48.31999969482422,38.27334213256836,219800,Yahoo Finance,RSP,2026-09-11T22:08:08+08:00,confirmed
2012-06-25,47.7599983215332,47.77999877929688,47.25,47.459999084472656,37.59212493896485,300500,Yahoo Finance,RSP,2026-09-11T22:08:08+08:00,confirmed
2012-06-26,47.560001373291016,47.869998931884766,47.290000915527344,47.720001220703125,37.79807662963867,220000,Yahoo Finance,RSP,2026-09-11T22:08:08+08:00,confirmed
2012-06-27,47.84999847412109,48.310001373291016,47.810001373291016,48.16999816894531,38.15450668334961,408400,Yahoo Finance,RSP,2026-09-11T22:08:08+08:00,confirmed
2012-06-28,47.900001525878906,48.22999954223633,47.58000183105469,48.18999862670898,38.17035675048828,337000,Yahoo Finance,RSP,2026-09-11T22:08:08+08:00,confirmed
2012-06-29,49.209999084472656,49.540000915527344,49.02000045776367,49.52000045776367,39.22381591796875,529300,Yahoo Finance,RSP,2026-09-11T22:08:08+08:00,confirmed
2012-07-02,49.7400016784668,49.7599983215332,49.27000045776367,49.63999938964844,39.31888198852539,684600,Yahoo Finance,RSP,2026-09-11T22:08:08+08:00,confirmed
2012-07-03,49.650001525878906,50.13999938964844,49.59999847412109,50.09000015258789,39.67530822753906,407200,Yahoo Finance,RSP,2026-09-11T22:08:08+08:00,confirmed
2012-07-05,49.880001068115234,50.119998931884766,49.619998931884766,49.880001068115234,39.50897216796875,553600,Yahoo Finance,RSP,2026-09-11T22:08:08+08:00,confirmed
2012-07-06,49.38999938964844,49.41999816894531,49.060001373291016,49.33000183105469,39.07331848144531,386000,Yahoo Finance,RSP,2026-09-11T22:08:08+08:00,confirmed
2012-07-09,49.22999954223633,49.31999969482422,48.86000061035156,49.04999923706055,38.851539611816406,389600,Yahoo Finance,RSP,2026-09-11T22:08:08+08:00,confirmed
2012-07-10,49.27999877929688,49.43999862670898,48.34000015258789,48.52999877929688,38.43966674804688,364600,Yahoo Finance,RSP,2026-09-11T22:08:08+08:00,confirmed
2012-07-11,48.459999084472656,48.72999954223633,48.2599983215332,48.540000915527344,38.44758605957031,256000,Yahoo Finance,RSP,2026-09-11T22:08:08+08:00,confirmed
2012-07-12,48.16999816894531,48.45000076293945,47.81999969482422,48.2599983215332,38.22580337524414,2191000,Yahoo Finance,RSP,2026-09-11T22:08:08+08:00,confirmed
2012-07-13,48.25,49.09000015258789,48.25,49.02999877929688,38.8357048034668,335300,Yahoo Finance,RSP,2026-09-11T22:08:08+08:00,confirmed
2012-07-16,48.880001068115234,49.02000045776367,48.619998931884766,48.84000015258789,38.685203552246094,258100,Yahoo Finance,RSP,2026-09-11T22:08:08+08:00,confirmed
2012-07-17,49.040000915527344,49.27000045776367,48.5099983215332,49.18999862670898,38.962432861328125,254200,Yahoo Finance,RSP,2026-09-11T22:08:08+08:00,confirmed
2012-07-18,49.08000183105469,49.79999923706055,49.060001373291016,49.619998931884766,39.30303192138672,285300,Yahoo Finance,RSP,2026-09-11T22:08:08+08:00,confirmed
2012-07-19,49.77000045776367,49.959999084472656,49.54999923706055,49.77999877929688,39.42976760864258,375200,Yahoo Finance,RSP,2026-09-11T22:08:08+08:00,confirmed
2012-07-20,49.5,49.54999923706055,49.15999984741211,49.22999954223633,38.99411010742188,333500,Yahoo Finance,RSP,2026-09-11T22:08:08+08:00,confirmed
2012-07-23,48.4900016784668,48.79999923706055,48.20000076293945,48.63999938964844,38.52680969238281,462200,Yahoo Finance,RSP,2026-09-11T22:08:08+08:00,confirmed
2012-07-24,48.68999862670898,48.68999862670898,47.77999877929688,48.11000061035156,38.10699081420898,470100,Yahoo Finance,RSP,2026-09-11T22:08:08+08:00,confirmed
2012-07-25,48.209999084472656,48.45000076293945,47.88999938964844,48.130001068115234,38.12282943725586,463700,Yahoo Finance,RSP,2026-09-11T22:08:08+08:00,confirmed
2012-07-26,48.84999847412109,49.09000015258789,48.59000015258789,48.970001220703125,38.78818130493164,355300,Yahoo Finance,RSP,2026-09-11T22:08:08+08:00,confirmed
2012-07-27,49.290000915527344,50.16999816894531,49.20000076293945,49.9900016784668,39.59609603881836,386200,Yahoo Finance,RSP,2026-09-11T22:08:08+08:00,confirmed
2012-07-30,49.93999862670898,50.16999816894531,49.720001220703125,49.93999862670898,39.55649566650391,293300,Yahoo Finance,RSP,2026-09-11T22:08:08+08:00,confirmed
2012-07-31,49.90999984741211,50.0,49.58000183105469,49.58000183105469,39.2713508605957,513800,Yahoo Finance,RSP,2026-09-11T22:08:08+08:00,confirmed
2012-08-01,49.88999938964844,49.88999938964844,49.34999847412109,49.400001525878906,39.12878036499024,322500,Yahoo Finance,RSP,2026-09-11T22:08:08+08:00,confirmed
2012-08-02,48.95000076293945,49.43000030517578,48.619998931884766,49.02000045776367,38.82777786254883,1569700,Yahoo Finance,RSP,2026-09-11T22:08:08+08:00,confirmed
2012-08-03,49.7400016784668,50.18999862670898,49.7400016784668,50.04999923706055,39.64362335205078,762500,Yahoo Finance,RSP,2026-09-11T22:08:08+08:00,confirmed
2012-08-06,50.31999969482422,50.45000076293945,50.220001220703125,50.290000915527344,39.83371353149414,405800,Yahoo Finance,RSP,2026-09-11T22:08:08+08:00,confirmed
2012-08-07,50.43999862670898,51.02000045776367,50.43999862670898,50.790000915527344,40.2297477722168,496200,Yahoo Finance,RSP,2026-09-11T22:08:08+08:00,confirmed
2012-08-08,50.56999969482422,50.959999084472656,50.56999969482422,50.93000030517578,40.34065628051758,266800,Yahoo Finance,RSP,2026-09-11T22:08:08+08:00,confirmed
2012-08-09,50.790000915527344,51.11000061035156,50.790000915527344,51.0099983215332,40.40401077270508,192700,Yahoo Finance,RSP,2026-09-11T22:08:08+08:00,confirmed
2012-08-10,50.7599983215332,51.11000061035156,50.709999084472656,51.08000183105469,40.45948028564453,214600,Yahoo Finance,RSP,2026-09-11T22:08:08+08:00,confirmed
2012-08-13,51.0,51.09999847412109,50.720001220703125,51.02000045776367,40.41195297241211,161200,Yahoo Finance,RSP,2026-09-11T22:08:08+08:00,confirmed
2012-08-14,51.16999816894531,51.27999877929688,50.77999877929688,50.91999816894531,40.33272171020508,338200,Yahoo Finance,RSP,2026-09-11T22:08:08+08:00,confirmed
2012-08-15,50.81999969482422,51.18000030517578,50.81999969482422,51.11000061035156,40.48323059082031,213900,Yahoo Finance,RSP,2026-09-11T22:08:08+08:00,confirmed
2012-08-16,51.22999954223633,51.61000061035156,51.08000183105469,51.54999923706055,40.83174133300781,464800,Yahoo Finance,RSP,2026-09-11T22:08:08+08:00,confirmed
2012-08-17,51.59000015258789,51.70000076293945,51.52999877929688,51.650001525878906,40.91094207763672,220900,Yahoo Finance,RSP,2026-09-11T22:08:08+08:00,confirmed
2012-08-20,51.59999847412109,51.630001068115234,51.33000183105469,51.59999847412109,40.8713493347168,160500,Yahoo Finance,RSP,2026-09-11T22:08:08+08:00,confirmed
2012-08-21,51.709999084472656,52.0,51.43000030517578,51.54999923706055,40.83174133300781,385900,Yahoo Finance,RSP,2026-09-11T22:08:08+08:00,confirmed
2012-08-22,51.36000061035156,51.560001373291016,51.18000030517578,51.47999954223633,40.77629470825195,295000,Yahoo Finance,RSP,2026-09-11T22:08:08+08:00,confirmed
2012-08-23,51.33000183105469,51.34999847412109,50.880001068115234,51.0099983215332,40.40401077270508,255600,Yahoo Finance,RSP,2026-09-11T22:08:08+08:00,confirmed
2012-08-24,50.86000061035156,51.36000061035156,50.790000915527344,51.27999877929688,40.61788177490234,370200,Yahoo Finance,RSP,2026-09-11T22:08:08+08:00,confirmed
2012-08-27,51.36000061035156,51.43999862670898,51.13999938964844,51.18000030517578,40.538673400878906,222900,Yahoo Finance,RSP,2026-09-11T22:08:08+08:00,confirmed
2012-08-28,51.119998931884766,51.36000061035156,51.0,51.150001525878906,40.51491928100586,290700,Yahoo Finance,RSP,2026-09-11T22:08:08+08:00,confirmed
2012-08-29,51.22999954223633,51.36000061035156,51.02999877929688,51.27000045776367,40.60996627807617,196700,Yahoo Finance,RSP,2026-09-11T22:08:08+08:00,confirmed
2012-08-30,51.0099983215332,51.02999877929688,50.70000076293945,50.869998931884766,40.293113708496094,204100,Yahoo Finance,RSP,2026-09-11T22:08:08+08:00,confirmed
2012-08-31,51.15999984741211,51.34000015258789,50.84999847412109,51.09999847412109,40.47530746459961,341700,Yahoo Finance,RSP,2026-09-11T22:08:08+08:00,confirmed
2012-09-04,51.060001373291016,51.22999954223633,50.70000076293945,51.060001373291016,40.44363021850586,262100,Yahoo Finance,RSP,2026-09-11T22:08:08+08:00,confirmed
2012-09-05,51.06999969482422,51.18999862670898,50.869998931884766,51.0099983215332,40.40401077270508,182700,Yahoo Finance,RSP,2026-09-11T22:08:08+08:00,confirmed
2012-09-06,51.29999923706055,52.13999938964844,51.29999923706055,52.11000061035156,41.27531051635742,401100,Yahoo Finance,RSP,2026-09-11T22:08:08+08:00,confirmed
2012-09-07,52.25,52.470001220703125,52.209999084472656,52.470001220703125,41.560455322265625,584200,Yahoo Finance,RSP,2026-09-11T22:08:08+08:00,confirmed
2012-09-10,52.40999984741211,52.56999969482422,52.20000076293945,52.20000076293945,41.34660339355469,634400,Yahoo Finance,RSP,2026-09-11T22:08:08+08:00,confirmed
2012-09-11,52.2599983215332,52.61000061035156,52.25,52.4900016784668,41.576297760009766,1560500,Yahoo Finance,RSP,2026-09-11T22:08:08+08:00,confirmed
2012-09-12,52.66999816894531,52.77999877929688,52.52999877929688,52.68999862670898,41.73469924926758,414100,Yahoo Finance,RSP,2026-09-11T22:08:08+08:00,confirmed
2012-09-13,52.68000030517578,53.61000061035156,52.47999954223633,53.459999084472656,42.34462738037109,423000,Yahoo Finance,RSP,2026-09-11T22:08:08+08:00,confirmed
2012-09-14,53.59000015258789,54.209999084472656,53.59000015258789,53.869998931884766,42.66937255859375,1144600,Yahoo Finance,RSP,2026-09-11T22:08:08+08:00,confirmed
2012-09-17,53.79999923706055,53.79999923706055,53.36000061035156,53.47999954223633,42.36045455932617,294300,Yahoo Finance,RSP,2026-09-11T22:08:08+08:00,confirmed
2012-09-18,53.43999862670898,53.43999862670898,53.16999816894531,53.310001373291016,42.22580337524414,400600,Yahoo Finance,RSP,2026-09-11T22:08:08+08:00,confirmed
2012-09-19,53.34999847412109,53.54999923706055,53.22999954223633,53.43000030517578,42.32085037231445,204900,Yahoo Finance,RSP,2026-09-11T22:08:08+08:00,confirmed
2012-09-20,53.220001220703125,53.310001373291016,52.86000061035156,53.290000915527344,42.20998001098633,412100,Yahoo Finance,RSP,2026-09-11T22:08:08+08:00,confirmed
2012-09-21,53.310001373291016,53.380001068115234,53.040000915527344,53.060001373291016,42.192481994628906,238500,Yahoo Finance,RSP,2026-09-11T22:08:08+08:00,confirmed
2012-09-24,52.88999938964844,53.02000045776367,52.7400016784668,52.88999938964844,42.05729675292969,188700,Yahoo Finance,RSP,2026-09-11T22:08:08+08:00,confirmed
2012-09-25,52.95000076293945,53.02999877929688,52.150001525878906,52.209999084472656,41.51656723022461,1485800,Yahoo Finance,RSP,2026-09-11T22:08:08+08:00,confirmed
2012-09-26,52.130001068115234,52.16999816894531,51.650001525878906,51.880001068115234,41.25415802001953,300200,Yahoo Finance,RSP,2026-09-11T22:08:08+08:00,confirmed
2012-09-27,52.060001373291016,52.47999954223633,51.93999862670898,52.34999847412109,41.62788772583008,323700,Yahoo Finance,RSP,2026-09-11T22:08:08+08:00,confirmed
2012-09-28,52.18000030517578,52.36000061035156,51.90999984741211,52.18000030517578,41.4926986694336,466100,Yahoo Finance,RSP,2026-09-11T22:08:08+08:00,confirmed
2012-10-01,52.400001525878906,52.77999877929688,52.150001525878906,52.25,41.548377990722656,189800,Yahoo Finance,RSP,2026-09-11T22:08:08+08:00,confirmed
2012-10-02,52.45000076293945,52.540000915527344,52.130001068115234,52.34999847412109,41.62788772583008,144300,Yahoo Finance,RSP,2026-09-11T22:08:08+08:00,confirmed
2012-10-03,52.5,52.630001068115234,52.18000030517578,52.459999084472656,41.71534729003906,162400,Yahoo Finance,RSP,2026-09-11T22:08:08+08:00,confirmed
2012-10-04,52.66999816894531,52.970001220703125,52.59999847412109,52.93000030517578,42.08909225463867,326100,Yahoo Finance,RSP,2026-09-11T22:08:08+08:00,confirmed
2012-10-05,53.220001220703125,53.369998931884766,52.83000183105469,52.970001220703125,42.120906829833984,302800,Yahoo Finance,RSP,2026-09-11T22:08:08+08:00,confirmed
2012-10-08,52.75,52.97999954223633,52.72999954223633,52.84999847412109,42.02547073364258,344400,Yahoo Finance,RSP,2026-09-11T22:08:08+08:00,confirmed
2012-10-09,52.84999847412109,52.900001525878906,52.31999969482422,52.34999847412109,41.62788772583008,427300,Yahoo Finance,RSP,2026-09-11T22:08:08+08:00,confirmed
2012-10-10,52.33000183105469,52.34999847412109,51.90999984741211,51.9900016784668,41.34162139892578,144700,Yahoo Finance,RSP,2026-09-11T22:08:08+08:00,confirmed
2012-10-11,52.290000915527344,52.56999969482422,52.20000076293945,52.209999084472656,41.51656723022461,288900,Yahoo Finance,RSP,2026-09-11T22:08:08+08:00,confirmed
2012-10-12,52.220001220703125,52.380001068115234,51.86000061035156,51.959999084472656,41.31776428222656,212800,Yahoo Finance,RSP,2026-09-11T22:08:08+08:00,confirmed
2012-10-15,52.040000915527344,52.38999938964844,51.86000061035156,52.34000015258789,41.61995315551758,220800,Yahoo Finance,RSP,2026-09-11T22:08:08+08:00,confirmed
2012-10-16,52.54999923706055,52.97999954223633,52.54999923706055,52.95000076293945,42.1050033569336,381900,Yahoo Finance,RSP,2026-09-11T22:08:08+08:00,confirmed
2012-10-17,53.0,53.290000915527344,52.93000030517578,53.2400016784668,42.33560562133789,166200,Yahoo Finance,RSP,2026-09-11T22:08:08+08:00,confirmed
2012-10-18,53.18000030517578,53.41999816894531,53.060001373291016,53.2599983215332,42.351505279541016,393400,Yahoo Finance,RSP,2026-09-11T22:08:08+08:00,confirmed
2012-10-19,53.119998931884766,53.119998931884766,52.2400016784668,52.40999984741211,41.67560195922852,346400,Yahoo Finance,RSP,2026-09-11T22:08:08+08:00,confirmed
2012-10-22,52.34999847412109,52.59000015258789,52.0,52.369998931884766,41.64379119873047,287800,Yahoo Finance,RSP,2026-09-11T22:08:08+08:00,confirmed
2012-10-23,51.75,51.95000076293945,51.34999847412109,51.75,41.15078353881836,437600,Yahoo Finance,RSP,2026-09-11T22:08:08+08:00,confirmed
2012-10-24,51.95000076293945,52.02000045776367,51.43000030517578,51.5,40.95196533203125,233600,Yahoo Finance,RSP,2026-09-11T22:08:08+08:00,confirmed
2012-10-25,51.84000015258789,52.0,51.380001068115234,51.70000076293945,41.11102294921875,418800,Yahoo Finance,RSP,2026-09-11T22:08:08+08:00,confirmed
2012-10-26,51.66999816894531,51.88999938964844,51.34999847412109,51.650001525878906,41.07126235961914,171400,Yahoo Finance,RSP,2026-09-11T22:08:08+08:00,confirmed
2012-10-31,51.84000015258789,52.02999877929688,51.5099983215332,51.75,41.15078353881836,413400,Yahoo Finance,RSP,2026-09-11T22:08:08+08:00,confirmed
2012-11-01,51.880001068115234,52.4900016784668,51.810001373291016,52.4900016784668,41.73921203613281,248100,Yahoo Finance,RSP,2026-09-11T22:08:08+08:00,confirmed
2012-11-02,52.7400016784668,52.77000045776367,51.959999084472656,51.97999954223633,41.33366775512695,512100,Yahoo Finance,RSP,2026-09-11T22:08:08+08:00,confirmed
2012-11-05,51.900001525878906,52.2400016784668,51.7599983215332,52.16999816894531,41.4847526550293,268900,Yahoo Finance,RSP,2026-09-11T22:08:08+08:00,confirmed
2012-11-06,52.29999923706055,52.810001373291016,52.27000045776367,52.630001068115234,41.85054397583008,237100,Yahoo Finance,RSP,2026-09-11T22:08:08+08:00,confirmed
2012-11-07,52.130001068115234,52.150001525878906,51.22999954223633,51.560001373291016,40.99969100952149,673900,Yahoo Finance,RSP,2026-09-11T22:08:08+08:00,confirmed
2012-11-08,51.459999084472656,51.70000076293945,50.86000061035156,50.880001068115234,40.4589729309082,1119900,Yahoo Finance,RSP,2026-09-11T22:08:08+08:00,confirmed
2012-11-09,50.66999816894531,51.369998931884766,50.65999984741211,50.90999984741211,40.48283386230469,955000,Yahoo Finance,RSP,2026-09-11T22:08:08+08:00,confirmed
2012-11-12,51.0099983215332,51.08000183105469,50.810001373291016,50.95000076293945,40.514625549316406,552700,Yahoo Finance,RSP,2026-09-11T22:08:08+08:00,confirmed
2012-11-13,50.630001068115234,51.310001373291016,50.61000061035156,50.790000915527344,40.38738632202149,481400,Yahoo Finance,RSP,2026-09-11T22:08:08+08:00,confirmed
2012-11-14,51.0,51.060001373291016,50.0,50.09999847412109,39.838714599609375,684100,Yahoo Finance,RSP,2026-09-11T22:08:08+08:00,confirmed
2012-11-15,50.119998931884766,50.34999847412109,49.84999847412109,50.09999847412109,39.838714599609375,946300,Yahoo Finance,RSP,2026-09-11T22:08:08+08:00,confirmed
2012-11-16,50.06999969482422,50.459999084472656,49.790000915527344,50.38999938964844,40.0693244934082,938900,Yahoo Finance,RSP,2026-09-11T22:08:08+08:00,confirmed
2012-11-19,50.93000030517578,51.29999923706055,50.88999938964844,51.29999923706055,40.7929573059082,347500,Yahoo Finance,RSP,2026-09-11T22:08:08+08:00,confirmed
2012-11-20,51.209999084472656,51.38999938964844,50.93999862670898,51.33000183105469,40.81681442260742,275200,Yahoo Finance,RSP,2026-09-11T22:08:08+08:00,confirmed
2012-11-21,51.369998931884766,51.459999084472656,51.25,51.45000076293945,40.9122200012207,173900,Yahoo Finance,RSP,2026-09-11T22:08:08+08:00,confirmed
2012-11-23,51.63999938964844,52.06999969482422,51.619998931884766,52.06999969482422,41.40522003173828,132900,Yahoo Finance,RSP,2026-09-11T22:08:08+08:00,confirmed
2012-11-26,51.880001068115234,51.95000076293945,51.66999816894531,51.91999816894531,41.28596115112305,216800,Yahoo Finance,RSP,2026-09-11T22:08:08+08:00,confirmed
2012-11-27,51.90999984741211,52.09000015258789,51.70000076293945,51.720001220703125,41.126930236816406,214900,Yahoo Finance,RSP,2026-09-11T22:08:08+08:00,confirmed
2012-11-28,51.56999969482422,52.18000030517578,51.27000045776367,52.18000030517578,41.4926986694336,192400,Yahoo Finance,RSP,2026-09-11T22:08:08+08:00,confirmed
2012-11-29,52.31999969482422,52.5,52.11000061035156,52.34999847412109,41.62788772583008,658400,Yahoo Finance,RSP,2026-09-11T22:08:08+08:00,confirmed
2012-11-30,52.41999816894531,52.47999954223633,52.2400016784668,52.40999984741211,41.67560195922852,274400,Yahoo Finance,RSP,2026-09-11T22:08:08+08:00,confirmed
2012-12-03,52.68000030517578,52.720001220703125,52.119998931884766,52.18999862670898,41.50066375732422,449000,Yahoo Finance,RSP,2026-09-11T22:08:08+08:00,confirmed
2012-12-04,52.18999862670898,52.31999969482422,51.970001220703125,52.13999938964844,41.46089172363281,431900,Yahoo Finance,RSP,2026-09-11T22:08:08+08:00,confirmed
2012-12-05,52.2599983215332,52.52000045776367,51.93000030517578,52.34999847412109,41.62788772583008,591500,Yahoo Finance,RSP,2026-09-11T22:08:08+08:00,confirmed
2012-12-06,52.34000015258789,52.52000045776367,52.220001220703125,52.5,41.74717712402344,280200,Yahoo Finance,RSP,2026-09-11T22:08:08+08:00,confirmed
2012-12-07,52.7400016784668,52.79999923706055,52.4900016784668,52.7599983215332,41.95390701293945,380100,Yahoo Finance,RSP,2026-09-11T22:08:08+08:00,confirmed
2012-12-10,52.650001525878906,52.93999862670898,52.650001525878906,52.880001068115234,42.04933547973633,5067700,Yahoo Finance,RSP,2026-09-11T22:08:08+08:00,confirmed
2012-12-11,53.040000915527344,53.34000015258789,52.9900016784668,53.18000030517578,42.28788375854492,411100,Yahoo Finance,RSP,2026-09-11T22:08:08+08:00,confirmed
2012-12-12,53.310001373291016,53.59000015258789,53.13999938964844,53.209999084472656,42.3117561340332,1007600,Yahoo Finance,RSP,2026-09-11T22:08:08+08:00,confirmed
2012-12-13,53.209999084472656,53.38999938964844,52.790000915527344,52.93999862670898,42.097049713134766,444200,Yahoo Finance,RSP,2026-09-11T22:08:08+08:00,confirmed
2012-12-14,52.79999923706055,53.02000045776367,52.77999877929688,52.84000015258789,42.01753234863281,308600,Yahoo Finance,RSP,2026-09-11T22:08:08+08:00,confirmed
2012-12-17,53.0099983215332,53.470001220703125,53.0099983215332,53.470001220703125,42.51850509643555,546200,Yahoo Finance,RSP,2026-09-11T22:08:08+08:00,confirmed
2012-12-18,53.58000183105469,54.16999816894531,53.45000076293945,54.13999938964844,43.05126190185547,829100,Yahoo Finance,RSP,2026-09-11T22:08:08+08:00,confirmed
2012-12-19,54.2400016784668,54.290000915527344,53.86000061035156,53.880001068115234,42.84451675415039,547000,Yahoo Finance,RSP,2026-09-11T22:08:08+08:00,confirmed
2012-12-20,53.97999954223633,54.15999984741211,53.7400016784668,54.13999938964844,43.05126190185547,1059200,Yahoo Finance,RSP,2026-09-11T22:08:08+08:00,confirmed
2012-12-21,53.29999923706055,53.5099983215332,53.11000061035156,53.45000076293945,42.724342346191406,580300,Yahoo Finance,RSP,2026-09-11T22:08:08+08:00,confirmed
2012-12-24,53.25,53.34000015258789,53.18000030517578,53.27000045776367,42.58046340942383,191300,Yahoo Finance,RSP,2026-09-11T22:08:08+08:00,confirmed
2012-12-26,53.33000183105469,53.41999816894531,52.91999816894531,52.970001220703125,42.34066390991211,219900,Yahoo Finance,RSP,2026-09-11T22:08:08+08:00,confirmed
2012-12-27,53.02000045776367,53.08000183105469,52.27000045776367,52.86000061035156,42.25275421142578,653800,Yahoo Finance,RSP,2026-09-11T22:08:08+08:00,confirmed
2012-12-28,52.560001373291016,52.83000183105469,52.31999969482422,52.31999969482422,41.821083068847656,373900,Yahoo Finance,RSP,2026-09-11T22:08:08+08:00,confirmed
2012-12-31,52.310001373291016,53.31999969482422,52.18000030517578,53.31999969482422,42.620418548583984,620300,Yahoo Finance,RSP,2026-09-11T22:08:08+08:00,confirmed
2013-01-02,54.369998931884766,54.59999847412109,54.11000061035156,54.59999847412109,43.64356231689453,1072000,Yahoo Finance,RSP,2026-09-11T22:08:08+08:00,confirmed
2013-01-03,54.58000183105469,54.869998931884766,54.45000076293945,54.56999969482422,43.61959838867188,7143800,Yahoo Finance,RSP,2026-09-11T22:08:08+08:00,confirmed
2013-01-04,54.709999084472656,55.04999923706055,54.59000015258789,55.0099983215332,43.971309661865234,909200,Yahoo Finance,RSP,2026-09-11T22:08:08+08:00,confirmed
2013-01-07,54.84999847412109,54.84999847412109,54.61000061035156,54.79999923706055,43.80343627929688,700000,Yahoo Finance,RSP,2026-09-11T22:08:08+08:00,confirmed
2013-01-08,54.68000030517578,54.70000076293945,54.33000183105469,54.56999969482422,43.61959838867188,463800,Yahoo Finance,RSP,2026-09-11T22:08:08+08:00,confirmed
2013-01-09,54.619998931884766,54.84999847412109,54.619998931884766,54.7599983215332,43.77146911621094,863600,Yahoo Finance,RSP,2026-09-11T22:08:08+08:00,confirmed
2013-01-10,54.95000076293945,55.11000061035156,54.75,55.09000015258789,44.035255432128906,1172300,Yahoo Finance,RSP,2026-09-11T22:08:08+08:00,confirmed
2013-01-11,55.119998931884766,55.150001525878906,54.880001068115234,55.11000061035156,44.05122756958008,549500,Yahoo Finance,RSP,2026-09-11T22:08:08+08:00,confirmed
2013-01-14,55.11000061035156,55.15999984741211,54.880001068115234,55.13999938964844,44.075225830078125,443500,Yahoo Finance,RSP,2026-09-11T22:08:08+08:00,confirmed
2013-01-15,54.95000076293945,55.400001525878906,54.84000015258789,55.369998931884766,44.25905990600586,508000,Yahoo Finance,RSP,2026-09-11T22:08:08+08:00,confirmed
2013-01-16,55.2400016784668,55.34999847412109,55.130001068115234,55.290000915527344,44.19511413574219,466700,Yahoo Finance,RSP,2026-09-11T22:08:08+08:00,confirmed
2013-01-17,55.54999923706055,55.91999816894531,55.43000030517578,55.77999877929688,44.58678817749024,700400,Yahoo Finance,RSP,2026-09-11T22:08:08+08:00,confirmed
2013-01-18,55.83000183105469,55.97999954223633,55.61000061035156,55.93999862670898,44.71467590332031,341600,Yahoo Finance,RSP,2026-09-11T22:08:08+08:00,confirmed
2013-01-22,55.9900016784668,56.34999847412109,55.84999847412109,56.34999847412109,45.04240798950195,403100,Yahoo Finance,RSP,2026-09-11T22:08:08+08:00,confirmed
2013-01-23,56.38999938964844,56.38999938964844,56.119998931884766,56.290000915527344,44.99445343017578,514300,Yahoo Finance,RSP,2026-09-11T22:08:08+08:00,confirmed
2013-01-24,56.380001068115234,56.77999877929688,56.33000183105469,56.540000915527344,45.19430160522461,584100,Yahoo Finance,RSP,2026-09-11T22:08:08+08:00,confirmed
2013-01-25,56.7400016784668,56.95000076293945,56.59000015258789,56.95000076293945,45.522010803222656,693700,Yahoo Finance,RSP,2026-09-11T22:08:08+08:00,confirmed
2013-01-28,56.93000030517578,57.0099983215332,56.63999938964844,56.81999969482422,45.418094635009766,513500,Yahoo Finance,RSP,2026-09-11T22:08:08+08:00,confirmed
2013-01-29,56.790000915527344,57.0099983215332,56.650001525878906,56.97999954223633,45.54598236083984,577800,Yahoo Finance,RSP,2026-09-11T22:08:08+08:00,confirmed
2013-01-30,56.959999084472656,57.09000015258789,56.7400016784668,56.810001373291016,45.41010284423828,425300,Yahoo Finance,RSP,2026-09-11T22:08:08+08:00,confirmed
2013-01-31,56.77000045776367,56.93000030517578,56.59000015258789,56.790000915527344,45.39412689208984,319600,Yahoo Finance,RSP,2026-09-11T22:08:08+08:00,confirmed
2013-02-01,57.16999816894531,57.369998931884766,57.04999923706055,57.310001373291016,45.80976104736328,456900,Yahoo Finance,RSP,2026-09-11T22:08:08+08:00,confirmed
2013-02-04,57.040000915527344,57.11000061035156,56.650001525878906,56.7400016784668,45.35415649414063,788900,Yahoo Finance,RSP,2026-09-11T22:08:08+08:00,confirmed
2013-02-05,57.02000045776367,57.369998931884766,56.91999816894531,57.220001220703125,45.73782730102539,403700,Yahoo Finance,RSP,2026-09-11T22:08:08+08:00,confirmed
2013-02-06,57.08000183105469,57.40999984741211,57.0,57.40999984741211,45.889686584472656,778300,Yahoo Finance,RSP,2026-09-11T22:08:08+08:00,confirmed
2013-02-07,57.459999084472656,57.459999084472656,56.880001068115234,57.290000915527344,45.79377746582031,614100,Yahoo Finance,RSP,2026-09-11T22:08:08+08:00,confirmed
2013-02-08,57.29999923706055,57.59999847412109,57.29999923706055,57.56999969482422,46.0175895690918,358100,Yahoo Finance,RSP,2026-09-11T22:08:08+08:00,confirmed
2013-02-11,57.63999938964844,57.63999938964844,57.41999816894531,57.59000015258789,46.03358459472656,328200,Yahoo Finance,RSP,2026-09-11T22:08:08+08:00,confirmed
2013-02-12,57.650001525878906,57.84999847412109,57.59999847412109,57.77999877929688,46.18544387817383,287700,Yahoo Finance,RSP,2026-09-11T22:08:08+08:00,confirmed
2013-02-13,57.93000030517578,57.9900016784668,57.68000030517578,57.790000915527344,46.19345474243164,373300,Yahoo Finance,RSP,2026-09-11T22:08:08+08:00,confirmed
2013-02-14,57.709999084472656,57.970001220703125,57.59000015258789,57.93000030517578,46.305362701416016,341900,Yahoo Finance,RSP,2026-09-11T22:08:08+08:00,confirmed
2013-02-15,58.0,58.040000915527344,57.650001525878906,57.880001068115234,46.26538848876953,355000,Yahoo Finance,RSP,2026-09-11T22:08:08+08:00,confirmed
2013-02-19,58.02000045776367,58.27999877929688,57.93999862670898,58.27999877929688,46.58511352539063,1180900,Yahoo Finance,RSP,2026-09-11T22:08:08+08:00,confirmed
2013-02-20,58.25,58.27999877929688,57.310001373291016,57.34999847412109,45.84173202514648,689600,Yahoo Finance,RSP,2026-09-11T22:08:08+08:00,confirmed
2013-02-21,57.20000076293945,57.20000076293945,56.619998931884766,56.81999969482422,45.418094635009766,839000,Yahoo Finance,RSP,2026-09-11T22:08:08+08:00,confirmed
2013-02-22,57.11000061035156,57.40999984741211,57.04999923706055,57.380001068115234,45.86572647094727,536400,Yahoo Finance,RSP,2026-09-11T22:08:08+08:00,confirmed
2013-02-25,57.77000045776367,57.81999969482422,56.2400016784668,56.2400016784668,44.95448303222656,626300,Yahoo Finance,RSP,2026-09-11T22:08:08+08:00,confirmed
2013-02-26,56.59000015258789,56.66999816894531,56.06999969482422,56.619998931884766,45.25822067260742,839500,Yahoo Finance,RSP,2026-09-11T22:08:08+08:00,confirmed
2013-02-27,56.560001373291016,57.58000183105469,56.560001373291016,57.40999984741211,45.889686584472656,258000,Yahoo Finance,RSP,2026-09-11T22:08:08+08:00,confirmed
2013-02-28,57.36000061035156,57.81999969482422,57.34000015258789,57.34000015258789,45.83375930786133,780600,Yahoo Finance,RSP,2026-09-11T22:08:08+08:00,confirmed
2013-03-01,57.209999084472656,57.630001068115234,56.84999847412109,57.58000183105469,46.02558898925781,730600,Yahoo Finance,RSP,2026-09-11T22:08:08+08:00,confirmed
2013-03-04,57.59000015258789,57.81999969482422,57.27999877929688,57.79999923706055,46.20143508911133,578000,Yahoo Finance,RSP,2026-09-11T22:08:08+08:00,confirmed
2013-03-05,58.08000183105469,58.52000045776367,58.08000183105469,58.40999984741211,46.68903732299805,667500,Yahoo Finance,RSP,2026-09-11T22:08:08+08:00,confirmed
2013-03-06,58.619998931884766,58.70000076293945,58.38999938964844,58.470001220703125,46.73698806762695,458100,Yahoo Finance,RSP,2026-09-11T22:08:08+08:00,confirmed
2013-03-07,58.52999877929688,58.68000030517578,58.52000045776367,58.63999938964844,46.87287902832031,362500,Yahoo Finance,RSP,2026-09-11T22:08:08+08:00,confirmed
2013-03-08,58.93999862670898,59.060001373291016,58.630001068115234,59.02000045776367,47.17662811279297,671400,Yahoo Finance,RSP,2026-09-11T22:08:08+08:00,confirmed
2013-03-11,59.02000045776367,59.22999954223633,58.900001525878906,59.20000076293945,47.32051086425781,595600,Yahoo Finance,RSP,2026-09-11T22:08:08+08:00,confirmed
2013-03-12,59.16999816894531,59.27999877929688,58.970001220703125,59.18999862670898,47.31250762939453,400100,Yahoo Finance,RSP,2026-09-11T22:08:08+08:00,confirmed
2013-03-13,59.2400016784668,59.40999984741211,59.02999877929688,59.34000015258789,47.43241882324219,673800,Yahoo Finance,RSP,2026-09-11T22:08:08+08:00,confirmed
2013-03-14,59.43999862670898,59.72999954223633,59.43999862670898,59.68000030517578,47.70418930053711,274700,Yahoo Finance,RSP,2026-09-11T22:08:08+08:00,confirmed
2013-03-15,59.4900016784668,59.4900016784668,59.22999954223633,59.400001525878906,47.64162063598633,282000,Yahoo Finance,RSP,2026-09-11T22:08:08+08:00,confirmed
2013-03-18,58.75,59.27000045776367,58.7400016784668,59.0099983215332,47.32882308959961,624700,Yahoo Finance,RSP,2026-09-11T22:08:08+08:00,confirmed
2013-03-19,59.13999938964844,59.18999862670898,58.38999938964844,58.77000045776367,47.13633346557617,474400,Yahoo Finance,RSP,2026-09-11T22:08:08+08:00,confirmed
2013-03-20,59.119998931884766,59.38999938964844,59.040000915527344,59.27000045776367,47.53736114501953,447500,Yahoo Finance,RSP,2026-09-11T22:08:08+08:00,confirmed
2013-03-21,59.02999877929688,59.15999984741211,58.63999938964844,58.7400016784668,47.11227798461914,475100,Yahoo Finance,RSP,2026-09-11T22:08:08+08:00,confirmed
2013-03-22,58.95000076293945,59.08000183105469,58.84999847412109,59.040000915527344,47.35289764404297,248000,Yahoo Finance,RSP,2026-09-11T22:08:08+08:00,confirmed
2013-03-25,59.290000915527344,59.380001068115234,58.630001068115234,58.91999816894531,47.256629943847656,594600,Yahoo Finance,RSP,2026-09-11T22:08:08+08:00,confirmed
2013-03-26,59.06999969482422,59.34999847412109,59.02999877929688,59.34999847412109,47.60151672363281,297000,Yahoo Finance,RSP,2026-09-11T22:08:08+08:00,confirmed
2013-03-27,59.040000915527344,59.38999938964844,58.84999847412109,59.34999847412109,47.60151672363281,352200,Yahoo Finance,RSP,2026-09-11T22:08:08+08:00,confirmed
2013-03-28,59.36000061035156,59.75,59.290000915527344,59.63999938964844,47.83412170410156,516500,Yahoo Finance,RSP,2026-09-11T22:08:08+08:00,confirmed
2013-04-01,59.70000076293945,59.7400016784668,59.13999938964844,59.33000183105469,47.58547592163086,523100,Yahoo Finance,RSP,2026-09-11T22:08:08+08:00,confirmed
2013-04-02,59.47999954223633,59.63999938964844,59.20000076293945,59.33000183105469,47.58547592163086,1299500,Yahoo Finance,RSP,2026-09-11T22:08:08+08:00,confirmed
2013-04-03,59.41999816894531,59.43999862670898,58.4900016784668,58.65999984741211,47.04811096191406,665300,Yahoo Finance,RSP,2026-09-11T22:08:08+08:00,confirmed
2013-04-04,58.709999084472656,59.0,58.65999984741211,58.970001220703125,47.2967529296875,423900,Yahoo Finance,RSP,2026-09-11T22:08:08+08:00,confirmed
2013-04-05,58.25,58.810001373291016,58.08000183105469,58.7599983215332,47.12831497192383,478800,Yahoo Finance,RSP,2026-09-11T22:08:08+08:00,confirmed
2013-04-08,58.84000015258789,59.27000045776367,58.61000061035156,59.27000045776367,47.53736114501953,354700,Yahoo Finance,RSP,2026-09-11T22:08:08+08:00,confirmed
2013-04-09,59.400001525878906,59.66999816894531,59.13999938964844,59.4900016784668,47.71382522583008,341900,Yahoo Finance,RSP,2026-09-11T22:08:08+08:00,confirmed
2013-04-10,59.650001525878906,60.2400016784668,59.650001525878906,60.20000076293945,48.28327178955078,400400,Yahoo Finance,RSP,2026-09-11T22:08:08+08:00,confirmed
2013-04-11,60.2599983215332,60.70000076293945,60.25,60.5,48.52388381958008,461600,Yahoo Finance,RSP,2026-09-11T22:08:08+08:00,confirmed
2013-04-12,60.310001373291016,60.36000061035156,59.90999984741211,60.25,48.3233642578125,405800,Yahoo Finance,RSP,2026-09-11T22:08:08+08:00,confirmed
2013-04-15,60.02999877929688,60.040000915527344,58.619998931884766,58.650001525878906,47.04009628295898,439400,Yahoo Finance,RSP,2026-09-11T22:08:08+08:00,confirmed
2013-04-16,59.02000045776367,59.52999877929688,58.900001525878906,59.52999877929688,47.74588394165039,328100,Yahoo Finance,RSP,2026-09-11T22:08:08+08:00,confirmed
2013-04-17,59.04999923706055,59.08000183105469,58.22999954223633,58.54999923706055,46.95988082885742,12313000,Yahoo Finance,RSP,2026-09-11T22:08:08+08:00,confirmed
2013-04-18,58.650001525878906,58.7599983215332,58.02999877929688,58.27000045776367,46.73530197143555,935100,Yahoo Finance,RSP,2026-09-11T22:08:08+08:00,confirmed
2013-04-19,58.43999862670898,58.83000183105469,58.2400016784668,58.79999923706055,47.1603889465332,336500,Yahoo Finance,RSP,2026-09-11T22:08:08+08:00,confirmed
2013-04-22,58.869998931884766,59.18000030517578,58.41999816894531,59.060001373291016,47.368927001953125,363800,Yahoo Finance,RSP,2026-09-11T22:08:08+08:00,confirmed
2013-04-23,59.369998931884766,59.709999084472656,59.119998931884766,59.66999816894531,47.858177185058594,435300,Yahoo Finance,RSP,2026-09-11T22:08:08+08:00,confirmed
2013-04-24,59.7400016784668,60.02000045776367,59.709999084472656,59.95000076293945,48.0827522277832,375300,Yahoo Finance,RSP,2026-09-11T22:08:08+08:00,confirmed
2013-04-25,60.18999862670898,60.59000015258789,60.0099983215332,60.27999877929688,48.34743118286133,514400,Yahoo Finance,RSP,2026-09-11T22:08:08+08:00,confirmed
2013-04-26,60.220001220703125,60.27000045776367,59.869998931884766,60.08000183105469,48.18701934814453,515100,Yahoo Finance,RSP,2026-09-11T22:08:08+08:00,confirmed
2013-04-29,60.22999954223633,60.540000915527344,60.119998931884766,60.41999816894531,48.459716796875,522000,Yahoo Finance,RSP,2026-09-11T22:08:08+08:00,confirmed
2013-04-30,60.459999084472656,60.650001525878906,60.13999938964844,60.650001525878906,48.644187927246094,380900,Yahoo Finance,RSP,2026-09-11T22:08:08+08:00,confirmed
2013-05-01,60.5099983215332,60.56999969482422,60.0099983215332,60.02999877929688,48.14691925048828,612400,Yahoo Finance,RSP,2026-09-11T22:08:08+08:00,confirmed
2013-05-02,60.220001220703125,60.709999084472656,60.220001220703125,60.650001525878906,48.644187927246094,524600,Yahoo Finance,RSP,2026-09-11T22:08:08+08:00,confirmed
2013-05-03,61.15999984741211,61.59000015258789,61.150001525878906,61.369998931884766,49.22164916992188,495800,Yahoo Finance,RSP,2026-09-11T22:08:08+08:00,confirmed
2013-05-06,61.43000030517578,61.650001525878906,61.369998931884766,61.58000183105469,49.39008712768555,625700,Yahoo Finance,RSP,2026-09-11T22:08:08+08:00,confirmed
2013-05-07,61.72999954223633,61.970001220703125,61.54999923706055,61.970001220703125,49.7028923034668,686900,Yahoo Finance,RSP,2026-09-11T22:08:08+08:00,confirmed
2013-05-08,61.90999984741211,62.27000045776367,61.869998931884766,62.27000045776367,49.94350051879883,877800,Yahoo Finance,RSP,2026-09-11T22:08:08+08:00,confirmed
2013-05-09,62.220001220703125,62.380001068115234,61.959999084472656,62.09000015258789,49.79911804199219,609100,Yahoo Finance,RSP,2026-09-11T22:08:08+08:00,confirmed
2013-05-10,62.13999938964844,62.4900016784668,62.04999923706055,62.47999954223633,50.1119270324707,363300,Yahoo Finance,RSP,2026-09-11T22:08:08+08:00,confirmed
2013-05-13,62.43999862670898,62.52999877929688,62.16999816894531,62.400001525878906,50.04776382446289,379200,Yahoo Finance,RSP,2026-09-11T22:08:08+08:00,confirmed
2013-05-14,62.40999984741211,63.18999862670898,62.40999984741211,63.130001068115234,50.63327026367188,794300,Yahoo Finance,RSP,2026-09-11T22:08:08+08:00,confirmed
2013-05-15,63.0,63.63999938964844,63.0,63.540000915527344,50.96211242675781,430000,Yahoo Finance,RSP,2026-09-11T22:08:08+08:00,confirmed
2013-05-16,63.45000076293945,63.58000183105469,63.02999877929688,63.13999938964844,50.64128112792969,408800,Yahoo Finance,RSP,2026-09-11T22:08:08+08:00,confirmed
2013-05-17,63.40999984741211,63.880001068115234,63.290000915527344,63.869998931884766,51.22677993774414,553800,Yahoo Finance,RSP,2026-09-11T22:08:08+08:00,confirmed
2013-05-20,63.81999969482422,64.13999938964844,63.790000915527344,63.900001525878906,51.2508544921875,889700,Yahoo Finance,RSP,2026-09-11T22:08:08+08:00,confirmed
2013-05-21,63.970001220703125,64.16999816894531,63.720001220703125,63.959999084472656,51.2989616394043,488300,Yahoo Finance,RSP,2026-09-11T22:08:08+08:00,confirmed
2013-05-22,64.06999969482422,64.55000305175781,62.900001525878906,63.16999816894531,50.66533660888672,950400,Yahoo Finance,RSP,2026-09-11T22:08:08+08:00,confirmed
2013-05-23,62.52999877929688,63.18999862670898,62.34999847412109,63.08000183105469,50.59316635131836,540800,Yahoo Finance,RSP,2026-09-11T22:08:08+08:00,confirmed
2013-05-24,62.7599983215332,62.90999984741211,62.38999938964844,62.869998931884766,50.42472839355469,439700,Yahoo Finance,RSP,2026-09-11T22:08:08+08:00,confirmed
2013-05-28,63.619998931884766,63.86000061035156,63.08000183105469,63.310001373291016,50.77762985229492,619800,Yahoo Finance,RSP,2026-09-11T22:08:08+08:00,confirmed
2013-05-29,63.02999877929688,63.08000183105469,62.52000045776367,62.86000061035156,50.41670989990234,538300,Yahoo Finance,RSP,2026-09-11T22:08:08+08:00,confirmed
2013-05-30,62.900001525878906,63.43999862670898,62.880001068115234,63.15999984741211,50.65731430053711,2567400,Yahoo Finance,RSP,2026-09-11T22:08:08+08:00,confirmed
2013-05-31,62.97999954223633,63.369998931884766,62.27000045776367,62.27999877929688,49.95151138305664,541600,Yahoo Finance,RSP,2026-09-11T22:08:08+08:00,confirmed
2013-06-03,62.40999984741211,62.5099983215332,61.7400016784668,62.43000030517578,50.07182312011719,780600,Yahoo Finance,RSP,2026-09-11T22:08:08+08:00,confirmed
2013-06-04,62.41999816894531,62.720001220703125,61.77000045776367,62.13999938964844,49.8392333984375,542400,Yahoo Finance,RSP,2026-09-11T22:08:08+08:00,confirmed
2013-06-05,62.0,62.0099983215332,61.130001068115234,61.22999954223633,49.1093635559082,3390600,Yahoo Finance,RSP,2026-09-11T22:08:08+08:00,confirmed
2013-06-06,61.220001220703125,61.79999923706055,60.880001068115234,61.79999923706055,49.56653594970703,668700,Yahoo Finance,RSP,2026-09-11T22:08:08+08:00,confirmed
2013-06-07,62.22999954223633,62.720001220703125,62.0,62.68000030517578,50.272342681884766,689600,Yahoo Finance,RSP,2026-09-11T22:08:08+08:00,confirmed
2013-06-10,62.84000015258789,62.91999816894531,62.43999862670898,62.650001525878906,50.2482795715332,672200,Yahoo Finance,RSP,2026-09-11T22:08:08+08:00,confirmed
2013-06-11,62.2400016784668,62.54999923706055,61.810001373291016,61.959999084472656,49.694862365722656,453100,Yahoo Finance,RSP,2026-09-11T22:08:08+08:00,confirmed
2013-06-12,62.380001068115234,62.45000076293945,61.310001373291016,61.34999847412109,49.20560073852539,471100,Yahoo Finance,RSP,2026-09-11T22:08:08+08:00,confirmed
2013-06-13,61.34999847412109,62.56999969482422,61.27000045776367,62.45000076293945,50.08787155151367,548600,Yahoo Finance,RSP,2026-09-11T22:08:08+08:00,confirmed
2013-06-14,62.41999816894531,62.70000076293945,61.959999084472656,62.119998931884766,49.82318878173828,460600,Yahoo Finance,RSP,2026-09-11T22:08:08+08:00,confirmed
2013-06-17,62.540000915527344,62.84999847412109,62.27999877929688,62.63999938964844,50.24026870727539,482400,Yahoo Finance,RSP,2026-09-11T22:08:08+08:00,confirmed
2013-06-18,62.59999847412109,63.209999084472656,62.59999847412109,63.130001068115234,50.63327026367188,504100,Yahoo Finance,RSP,2026-09-11T22:08:08+08:00,confirmed
2013-06-19,63.060001373291016,63.130001068115234,62.20000076293945,62.209999084472656,49.89537811279297,721800,Yahoo Finance,RSP,2026-09-11T22:08:08+08:00,confirmed
2013-06-20,61.5,61.61000061035156,60.43000030517578,60.630001068115234,48.62814712524414,1235200,Yahoo Finance,RSP,2026-09-11T22:08:08+08:00,confirmed
2013-06-21,60.77000045776367,60.91999816894531,59.83000183105469,60.5,48.71672821044922,1458100,Yahoo Finance,RSP,2026-09-11T22:08:08+08:00,confirmed
2013-06-24,59.93000030517578,60.25,59.18000030517578,59.75,48.112789154052734,1200200,Yahoo Finance,RSP,2026-09-11T22:08:08+08:00,confirmed
2013-06-25,60.400001525878906,60.619998931884766,59.93000030517578,60.43999862670898,48.66839599609375,658800,Yahoo Finance,RSP,2026-09-11T22:08:08+08:00,confirmed
2013-06-26,61.04999923706055,61.150001525878906,60.66999816894531,60.97999954223633,49.10322570800781,618600,Yahoo Finance,RSP,2026-09-11T22:08:08+08:00,confirmed
2013-06-27,61.380001068115234,61.72999954223633,61.369998931884766,61.560001373291016,49.57027053833008,1529800,Yahoo Finance,RSP,2026-09-11T22:08:08+08:00,confirmed
2013-06-28,61.45000076293945,61.70000076293945,61.06999969482422,61.27000045776367,49.33673858642578,676200,Yahoo Finance,RSP,2026-09-11T22:08:08+08:00,confirmed
2013-07-01,61.650001525878906,62.150001525878906,61.650001525878906,61.810001373291016,49.771575927734375,651900,Yahoo Finance,RSP,2026-09-11T22:08:08+08:00,confirmed
2013-07-02,61.72999954223633,62.040000915527344,61.36000061035156,61.650001525878906,49.64273452758789,470100,Yahoo Finance,RSP,2026-09-11T22:08:08+08:00,confirmed
2013-07-03,61.400001525878906,61.7599983215332,61.2400016784668,61.59999847412109,49.60248565673828,204100,Yahoo Finance,RSP,2026-09-11T22:08:08+08:00,confirmed
2013-07-05,62.060001373291016,62.29999923706055,61.56999969482422,62.29999923706055,50.16614532470703,574100,Yahoo Finance,RSP,2026-09-11T22:08:08+08:00,confirmed
2013-07-08,62.68000030517578,62.77000045776367,62.5,62.58000183105469,50.39160537719727,998500,Yahoo Finance,RSP,2026-09-11T22:08:08+08:00,confirmed
2013-07-09,63.04999923706055,63.18000030517578,62.77999877929688,63.11000061035156,50.81839370727539,1151900,Yahoo Finance,RSP,2026-09-11T22:08:08+08:00,confirmed
2013-07-10,63.06999969482422,63.31999969482422,62.90999984741211,63.20000076293945,50.8908576965332,1308500,Yahoo Finance,RSP,2026-09-11T22:08:08+08:00,confirmed
2013-07-11,64.02999877929688,64.1500015258789,63.77000045776367,64.12000274658203,51.63166427612305,1237600,Yahoo Finance,RSP,2026-09-11T22:08:08+08:00,confirmed
2013-07-12,64.12999725341797,64.30999755859375,64.0,64.27999877929688,51.760501861572266,579500,Yahoo Finance,RSP,2026-09-11T22:08:08+08:00,confirmed
2013-07-15,64.38999938964844,64.48999786376953,64.22000122070312,64.43000030517578,51.88129425048828,1150200,Yahoo Finance,RSP,2026-09-11T22:08:08+08:00,confirmed
2013-07-16,64.52999877929688,64.54000091552734,63.88999938964844,64.11000061035156,51.62361526489258,709700,Yahoo Finance,RSP,2026-09-11T22:08:08+08:00,confirmed
2013-07-17,64.27999877929688,64.44999694824219,64.16000366210938,64.26000213623047,51.74440383911133,566400,Yahoo Finance,RSP,2026-09-11T22:08:08+08:00,confirmed
2013-07-18,64.4800033569336,64.83999633789062,64.43000030517578,64.7300033569336,52.122859954833984,1350000,Yahoo Finance,RSP,2026-09-11T22:08:08+08:00,confirmed
2013-07-19,64.62999725341797,64.87999725341797,64.55000305175781,64.8499984741211,52.219482421875,659600,Yahoo Finance,RSP,2026-09-11T22:08:08+08:00,confirmed
2013-07-22,65.0,65.0999984741211,64.81999969482422,64.98999786376953,52.33221054077149,674500,Yahoo Finance,RSP,2026-09-11T22:08:08+08:00,confirmed
2013-07-23,65.12999725341797,65.16000366210938,64.79000091552734,64.83999633789062,52.2114372253418,461700,Yahoo Finance,RSP,2026-09-11T22:08:08+08:00,confirmed
2013-07-24,65.05000305175781,65.06999969482422,64.25,64.37999725341797,51.84102630615234,653700,Yahoo Finance,RSP,2026-09-11T22:08:08+08:00,confirmed
2013-07-25,64.29000091552734,64.7300033569336,64.22000122070312,64.72000122070312,52.11481475830078,783900,Yahoo Finance,RSP,2026-09-11T22:08:08+08:00,confirmed
2013-07-26,64.44000244140625,64.70999908447266,64.12999725341797,64.69999694824219,52.09870910644531,352600,Yahoo Finance,RSP,2026-09-11T22:08:08+08:00,confirmed
2013-07-29,64.56999969482422,64.69999694824219,64.27999877929688,64.47000122070312,51.91350555419922,305900,Yahoo Finance,RSP,2026-09-11T22:08:08+08:00,confirmed
2013-07-30,64.66000366210938,64.75,64.41999816894531,64.5999984741211,52.0181884765625,360600,Yahoo Finance,RSP,2026-09-11T22:08:08+08:00,confirmed
2013-07-31,64.7699966430664,65.19999694824219,64.63999938964844,64.72000122070312,52.11481475830078,1309100,Yahoo Finance,RSP,2026-09-11T22:08:08+08:00,confirmed
2013-08-01,65.30000305175781,65.76000213623047,65.26000213623047,65.66999816894531,52.87978744506836,690100,Yahoo Finance,RSP,2026-09-11T22:08:08+08:00,confirmed
2013-08-02,65.61000061035156,65.80999755859375,65.44000244140625,65.7699966430664,52.96032333374024,909600,Yahoo Finance,RSP,2026-09-11T22:08:08+08:00,confirmed
2013-08-05,65.68000030517578,65.80999755859375,65.58000183105469,65.72000122070312,52.920040130615234,591300,Yahoo Finance,RSP,2026-09-11T22:08:08+08:00,confirmed
2013-08-06,65.56999969482422,65.63999938964844,65.12999725341797,65.30999755859375,52.58989334106445,675200,Yahoo Finance,RSP,2026-09-11T22:08:08+08:00,confirmed
2013-08-07,65.16999816894531,65.16999816894531,64.75,64.9800033569336,52.32416915893555,608800,Yahoo Finance,RSP,2026-09-11T22:08:08+08:00,confirmed
2013-08-08,65.27999877929688,65.5,64.97000122070312,65.36000061035156,52.630165100097656,545200,Yahoo Finance,RSP,2026-09-11T22:08:08+08:00,confirmed
2013-08-09,65.20999908447266,65.52999877929688,65.06999969482422,65.27999877929688,52.56575012207031,512700,Yahoo Finance,RSP,2026-09-11T22:08:08+08:00,confirmed
2013-08-12,65.0199966430664,65.31999969482422,65.0,65.2300033569336,52.525489807128906,531300,Yahoo Finance,RSP,2026-09-11T22:08:08+08:00,confirmed
2013-08-13,65.36000061035156,65.45999908447266,64.94000244140625,65.30999755859375,52.58989334106445,548400,Yahoo Finance,RSP,2026-09-11T22:08:08+08:00,confirmed
2013-08-14,65.2699966430664,65.33999633789062,64.95999908447266,64.97000122070312,52.31613540649414,475600,Yahoo Finance,RSP,2026-09-11T22:08:08+08:00,confirmed
2013-08-15,64.4800033569336,64.4800033569336,63.869998931884766,63.97999954223633,51.5189323425293,1486300,Yahoo Finance,RSP,2026-09-11T22:08:08+08:00,confirmed
2013-08-16,63.84000015258789,64.0999984741211,63.65999984741211,63.790000915527344,51.3659553527832,467400,Yahoo Finance,RSP,2026-09-11T22:08:08+08:00,confirmed
2013-08-19,63.70000076293945,63.84000015258789,63.2599983215332,63.27000045776367,50.94721221923828,722300,Yahoo Finance,RSP,2026-09-11T22:08:08+08:00,confirmed
2013-08-20,63.310001373291016,63.9900016784668,63.310001373291016,63.77999877929688,51.35788345336914,624600,Yahoo Finance,RSP,2026-09-11T22:08:08+08:00,confirmed
2013-08-21,63.61000061035156,63.86000061035156,63.15999984741211,63.34000015258789,51.00358963012695,893300,Yahoo Finance,RSP,2026-09-11T22:08:08+08:00,confirmed
2013-08-22,63.40999984741211,64.12999725341797,63.40999984741211,64.0,51.53504943847656,548500,Yahoo Finance,RSP,2026-09-11T22:08:08+08:00,confirmed
2013-08-23,64.0999984741211,64.27999877929688,63.86000061035156,64.22000122070312,51.71219253540039,360500,Yahoo Finance,RSP,2026-09-11T22:08:08+08:00,confirmed
2013-08-26,64.31999969482422,64.4800033569336,63.93999862670898,64.01000213623047,51.54310607910156,644900,Yahoo Finance,RSP,2026-09-11T22:08:08+08:00,confirmed
2013-08-27,63.34000015258789,63.45000076293945,62.77000045776367,62.810001373291016,50.57682418823242,1032400,Yahoo Finance,RSP,2026-09-11T22:08:08+08:00,confirmed
2013-08-28,62.84000015258789,63.20000076293945,62.650001525878906,62.97999954223633,50.71369552612305,571000,Yahoo Finance,RSP,2026-09-11T22:08:08+08:00,confirmed
2013-08-29,62.72999954223633,63.41999816894531,62.72999954223633,63.15999984741211,50.858646392822266,580900,Yahoo Finance,RSP,2026-09-11T22:08:08+08:00,confirmed
2013-08-30,63.27000045776367,63.27000045776367,62.70000076293945,62.83000183105469,50.592918395996094,305600,Yahoo Finance,RSP,2026-09-11T22:08:08+08:00,confirmed
2013-09-03,63.52999877929688,63.77000045776367,62.88999938964844,63.20000076293945,50.8908576965332,623100,Yahoo Finance,RSP,2026-09-11T22:08:08+08:00,confirmed
2013-09-04,63.22999954223633,63.88999938964844,63.09999847412109,63.790000915527344,51.3659553527832,863400,Yahoo Finance,RSP,2026-09-11T22:08:08+08:00,confirmed
2013-09-05,63.81999969482422,64.0999984741211,63.79999923706055,63.959999084472656,51.50282287597656,569500,Yahoo Finance,RSP,2026-09-11T22:08:08+08:00,confirmed
2013-09-06,64.20999908447266,64.38999938964844,63.43999862670898,64.0199966430664,51.55114364624024,970200,Yahoo Finance,RSP,2026-09-11T22:08:08+08:00,confirmed
2013-09-09,64.22000122070312,64.80000305175781,64.19999694824219,64.7699966430664,52.155059814453125,804500,Yahoo Finance,RSP,2026-09-11T22:08:08+08:00,confirmed
2013-09-10,65.19000244140625,65.33000183105469,65.04000091552734,65.33000183105469,52.60599899291992,1507800,Yahoo Finance,RSP,2026-09-11T22:08:08+08:00,confirmed
2013-09-11,65.27999877929688,65.52999877929688,65.11000061035156,65.5199966430664,52.75900650024414,1047700,Yahoo Finance,RSP,2026-09-11T22:08:08+08:00,confirmed
2013-09-12,65.56999969482422,65.5999984741211,65.19999694824219,65.23999786376953,52.53353118896485,597500,Yahoo Finance,RSP,2026-09-11T22:08:08+08:00,confirmed
2013-09-13,65.31999969482422,65.44999694824219,65.13999938964844,65.44999694824219,52.702632904052734,393300,Yahoo Finance,RSP,2026-09-11T22:08:08+08:00,confirmed
2013-09-16,66.2699966430664,66.33000183105469,65.80999755859375,65.91000366210938,53.07305145263672,3880500,Yahoo Finance,RSP,2026-09-11T22:08:08+08:00,confirmed
2013-09-17,66.05000305175781,66.2300033569336,66.0199966430664,66.22000122070312,53.32266616821289,611600,Yahoo Finance,RSP,2026-09-11T22:08:08+08:00,confirmed
2013-09-18,66.23999786376953,67.13999938964844,65.97000122070312,67.02999877929688,53.97490692138672,1502400,Yahoo Finance,RSP,2026-09-11T22:08:08+08:00,confirmed
2013-09-19,67.2300033569336,67.2699966430664,66.77999877929688,66.87000274658203,53.84606552124024,1077900,Yahoo Finance,RSP,2026-09-11T22:08:08+08:00,confirmed
2013-09-20,66.79000091552734,66.80000305175781,66.02999877929688,66.08999633789062,53.39125442504883,492900,Yahoo Finance,RSP,2026-09-11T22:08:08+08:00,confirmed
2013-09-23,65.9800033569336,65.98999786376953,65.5,65.75,53.11656951904297,519900,Yahoo Finance,RSP,2026-09-11T22:08:08+08:00,confirmed
2013-09-24,65.75,66.0999984741211,65.5,65.75,53.11656951904297,693000,Yahoo Finance,RSP,2026-09-11T22:08:08+08:00,confirmed
2013-09-25,65.81999969482422,65.91999816894531,65.52999877929688,65.58000183105469,52.9792366027832,611800,Yahoo Finance,RSP,2026-09-11T22:08:08+08:00,confirmed
2013-09-26,65.69000244140625,65.98999786376953,65.55000305175781,65.80000305175781,53.15696334838867,471600,Yahoo Finance,RSP,2026-09-11T22:08:08+08:00,confirmed
2013-09-27,65.5199966430664,65.55999755859375,65.30999755859375,65.4000015258789,52.83382797241211,483800,Yahoo Finance,RSP,2026-09-11T22:08:08+08:00,confirmed
2013-09-30,64.91000366210938,65.33999633789062,64.68000030517578,65.19999694824219,52.6722526550293,1101600,Yahoo Finance,RSP,2026-09-11T22:08:08+08:00,confirmed
2013-10-01,65.30999755859375,65.77999877929688,65.23999786376953,65.7300033569336,53.10041046142578,1044800,Yahoo Finance,RSP,2026-09-11T22:08:08+08:00,confirmed
2013-10-02,65.38999938964844,65.70999908447266,65.13999938964844,65.70999908447266,53.084251403808594,551200,Yahoo Finance,RSP,2026-09-11T22:08:08+08:00,confirmed
2013-10-03,65.55999755859375,65.61000061035156,64.7300033569336,65.12000274658203,52.60762405395508,1106100,Yahoo Finance,RSP,2026-09-11T22:08:08+08:00,confirmed
2013-10-04,65.18000030517578,65.73999786376953,65.04000091552734,65.62999725341797,53.019630432128906,1055600,Yahoo Finance,RSP,2026-09-11T22:08:08+08:00,confirmed
2013-10-07,65.05000305175781,65.44000244140625,64.97000122070312,65.05000305175781,52.55107116699219,482700,Yahoo Finance,RSP,2026-09-11T22:08:08+08:00,confirmed
2013-10-08,65.04000091552734,65.1500015258789,64.16999816894531,64.19000244140625,51.85631561279297,3717700,Yahoo Finance,RSP,2026-09-11T22:08:08+08:00,confirmed
2013-10-09,64.37999725341797,64.47000122070312,63.790000915527344,64.19999694824219,51.8643913269043,939300,Yahoo Finance,RSP,2026-09-11T22:08:08+08:00,confirmed
2013-10-10,64.94000244140625,65.68000030517578,64.7699966430664,65.6500015258789,53.03578186035156,900700,Yahoo Finance,RSP,2026-09-11T22:08:08+08:00,confirmed
2013-10-11,65.54000091552734,66.11000061035156,65.45999908447266,66.08000183105469,53.38316345214844,1015100,Yahoo Finance,RSP,2026-09-11T22:08:08+08:00,confirmed
2013-10-14,65.69999694824219,66.33000183105469,65.56999969482422,66.29000091552734,53.55281829833984,697100,Yahoo Finance,RSP,2026-09-11T22:08:08+08:00,confirmed
2013-10-15,66.11000061035156,66.2699966430664,65.58000183105469,65.69999694824219,53.07618713378906,1024600,Yahoo Finance,RSP,2026-09-11T22:08:08+08:00,confirmed
2013-10-16,66.18000030517578,66.62999725341797,66.0,66.62999725341797,53.82749557495117,1105600,Yahoo Finance,RSP,2026-09-11T22:08:08+08:00,confirmed
2013-10-17,66.44000244140625,67.23999786376953,66.36000061035156,67.19999694824219,54.2879753112793,1514400,Yahoo Finance,RSP,2026-09-11T22:08:08+08:00,confirmed
2013-10-18,67.5199966430664,67.62000274658203,67.20999908447266,67.51000213623047,54.53840255737305,1525600,Yahoo Finance,RSP,2026-09-11T22:08:08+08:00,confirmed
2013-10-21,67.63999938964844,67.6500015258789,67.33999633789062,67.54000091552734,54.562644958496094,986400,Yahoo Finance,RSP,2026-09-11T22:08:08+08:00,confirmed
2013-10-22,67.77999877929688,68.18000030517578,67.66999816894531,68.01000213623047,54.94234085083008,1695400,Yahoo Finance,RSP,2026-09-11T22:08:08+08:00,confirmed
2013-10-23,67.76000213623047,67.80999755859375,67.36000061035156,67.62999725341797,54.63536071777344,1254500,Yahoo Finance,RSP,2026-09-11T22:08:08+08:00,confirmed
2013-10-24,67.7300033569336,67.8499984741211,67.5,67.81999969482422,54.78883743286133,562000,Yahoo Finance,RSP,2026-09-11T22:08:08+08:00,confirmed
2013-10-25,67.9000015258789,68.16000366210938,67.76000213623047,68.16000366210938,55.063507080078125,482900,Yahoo Finance,RSP,2026-09-11T22:08:08+08:00,confirmed
2013-10-28,68.22000122070312,68.26000213623047,67.9800033569336,68.16999816894531,55.07158660888672,724700,Yahoo Finance,RSP,2026-09-11T22:08:08+08:00,confirmed
2013-10-29,68.3499984741211,68.62000274658203,68.2699966430664,68.62000274658203,55.43511962890625,515400,Yahoo Finance,RSP,2026-09-11T22:08:08+08:00,confirmed
2013-10-30,68.69000244140625,68.72000122070312,67.87999725341797,68.12000274658203,55.03120040893555,668200,Yahoo Finance,RSP,2026-09-11T22:08:08+08:00,confirmed
2013-10-31,67.9800033569336,68.38999938964844,67.80999755859375,67.98999786376953,54.92617416381836,541600,Yahoo Finance,RSP,2026-09-11T22:08:08+08:00,confirmed
2013-11-01,68.20999908447266,68.3499984741211,67.7699966430664,68.19999694824219,55.095829010009766,476400,Yahoo Finance,RSP,2026-09-11T22:08:08+08:00,confirmed
2013-11-04,68.29000091552734,68.58000183105469,68.2699966430664,68.55999755859375,55.38664245605469,499600,Yahoo Finance,RSP,2026-09-11T22:08:08+08:00,confirmed
2013-11-05,68.36000061035156,68.44999694824219,67.97000122070312,68.30000305175781,55.17662048339844,575300,Yahoo Finance,RSP,2026-09-11T22:08:08+08:00,confirmed
2013-11-06,68.61000061035156,68.68000030517578,68.22000122070312,68.43000030517578,55.28160858154297,1053100,Yahoo Finance,RSP,2026-09-11T22:08:08+08:00,confirmed
2013-11-07,68.5,68.6500015258789,67.37000274658203,67.45999908447266,54.49800109863281,664100,Yahoo Finance,RSP,2026-09-11T22:08:08+08:00,confirmed
2013-11-08,67.45999908447266,68.33000183105469,67.38999938964844,68.33000183105469,55.200828552246094,645600,Yahoo Finance,RSP,2026-09-11T22:08:08+08:00,confirmed
2013-11-11,68.31999969482422,68.48999786376953,68.2300033569336,68.44000244140625,55.28970718383789,383500,Yahoo Finance,RSP,2026-09-11T22:08:08+08:00,confirmed
2013-11-12,68.33000183105469,68.38999938964844,68.0199966430664,68.23999786376953,55.12813949584961,602200,Yahoo Finance,RSP,2026-09-11T22:08:08+08:00,confirmed
2013-11-13,67.98999786376953,68.9000015258789,67.87999725341797,68.9000015258789,55.66131591796875,899900,Yahoo Finance,RSP,2026-09-11T22:08:08+08:00,confirmed
2013-11-14,68.9800033569336,69.30000305175781,68.81999969482422,69.26000213623047,55.9521598815918,859900,Yahoo Finance,RSP,2026-09-11T22:08:08+08:00,confirmed
2013-11-15,69.43000030517578,69.55000305175781,69.23999786376953,69.55000305175781,56.18642425537109,696200,Yahoo Finance,RSP,2026-09-11T22:08:08+08:00,confirmed
2013-11-18,69.7300033569336,69.7300033569336,69.0,69.16999816894531,55.87943649291992,745000,Yahoo Finance,RSP,2026-09-11T22:08:08+08:00,confirmed
2013-11-19,69.16000366210938,69.26000213623047,68.7300033569336,68.86000061035156,55.62900161743164,483700,Yahoo Finance,RSP,2026-09-11T22:08:08+08:00,confirmed
2013-11-20,69.05000305175781,69.2300033569336,68.45999908447266,68.66999816894531,55.47551345825195,447100,Yahoo Finance,RSP,2026-09-11T22:08:08+08:00,confirmed
2013-11-21,68.87999725341797,69.31999969482422,68.80000305175781,69.2699966430664,55.96023941040039,636500,Yahoo Finance,RSP,2026-09-11T22:08:08+08:00,confirmed
2013-11-22,69.33000183105469,69.55999755859375,69.1500015258789,69.55000305175781,56.18642425537109,960400,Yahoo Finance,RSP,2026-09-11T22:08:08+08:00,confirmed
2013-11-25,69.73999786376953,69.73999786376953,69.30000305175781,69.4000015258789,56.06523895263672,521200,Yahoo Finance,RSP,2026-09-11T22:08:08+08:00,confirmed
2013-11-26,69.47000122070312,69.63999938964844,69.3499984741211,69.45999908447266,56.11370468139648,421300,Yahoo Finance,RSP,2026-09-11T22:08:08+08:00,confirmed
2013-11-27,69.56999969482422,69.66000366210938,69.44000244140625,69.61000061035156,56.2348861694336,439200,Yahoo Finance,RSP,2026-09-11T22:08:08+08:00,confirmed
2013-11-29,69.7699966430664,69.79000091552734,69.44000244140625,69.5,56.146034240722656,288100,Yahoo Finance,RSP,2026-09-11T22:08:08+08:00,confirmed
2013-12-02,69.52999877929688,69.75,69.26000213623047,69.3499984741211,56.02486038208008,527700,Yahoo Finance,RSP,2026-09-11T22:08:08+08:00,confirmed
2013-12-03,69.18000030517578,69.30999755859375,68.83000183105469,69.11000061035156,55.83098220825195,518800,Yahoo Finance,RSP,2026-09-11T22:08:08+08:00,confirmed
2013-12-04,68.80999755859375,69.33999633789062,68.43000030517578,69.0,55.74211883544922,388700,Yahoo Finance,RSP,2026-09-11T22:08:08+08:00,confirmed
2013-12-05,68.87000274658203,69.0199966430664,68.68000030517578,68.76000213623047,55.54821395874024,427600,Yahoo Finance,RSP,2026-09-11T22:08:08+08:00,confirmed
2013-12-06,69.48999786376953,69.58000183105469,69.23999786376953,69.54000091552734,56.17835235595703,326800,Yahoo Finance,RSP,2026-09-11T22:08:08+08:00,confirmed
2013-12-09,69.80999755859375,69.83000183105469,69.52999877929688,69.61000061035156,56.2348861694336,439700,Yahoo Finance,RSP,2026-09-11T22:08:08+08:00,confirmed
2013-12-10,69.47000122070312,69.7699966430664,69.41000366210938,69.44999694824219,56.10565185546875,407000,Yahoo Finance,RSP,2026-09-11T22:08:08+08:00,confirmed
2013-12-11,69.5,69.5,68.45999908447266,68.55000305175781,55.37858200073242,734900,Yahoo Finance,RSP,2026-09-11T22:08:08+08:00,confirmed
2013-12-12,68.51000213623047,68.66000366210938,68.2300033569336,68.41000366210938,55.26548004150391,600700,Yahoo Finance,RSP,2026-09-11T22:08:08+08:00,confirmed
2013-12-13,68.54000091552734,68.7300033569336,68.3499984741211,68.4800033569336,55.322025299072266,563200,Yahoo Finance,RSP,2026-09-11T22:08:08+08:00,confirmed
2013-12-16,68.83000183105469,69.13999938964844,68.83000183105469,68.9800033569336,55.7259521484375,359600,Yahoo Finance,RSP,2026-09-11T22:08:08+08:00,confirmed
2013-12-17,69.0,69.05000305175781,68.62999725341797,68.9000015258789,55.66131591796875,518000,Yahoo Finance,RSP,2026-09-11T22:08:08+08:00,confirmed
2013-12-18,69.0,69.93000030517578,68.3499984741211,69.91999816894531,56.48532104492188,832500,Yahoo Finance,RSP,2026-09-11T22:08:08+08:00,confirmed
2013-12-19,69.73999786376953,69.91999816894531,69.52999877929688,69.80999755859375,56.396461486816406,659400,Yahoo Finance,RSP,2026-09-11T22:08:08+08:00,confirmed
2013-12-20,69.70999908447266,70.2300033569336,69.62000274658203,70.12000274658203,56.849700927734375,1123300,Yahoo Finance,RSP,2026-09-11T22:08:08+08:00,confirmed
2013-12-23,70.41000366210938,70.5,70.27999877929688,70.45999908447266,57.12532424926758,666600,Yahoo Finance,RSP,2026-09-11T22:08:08+08:00,confirmed
2013-12-24,70.5199966430664,70.72000122070312,70.47000122070312,70.68000030517578,57.30369567871094,283800,Yahoo Finance,RSP,2026-09-11T22:08:08+08:00,confirmed
2013-12-26,70.9000015258789,70.97000122070312,70.79000091552734,70.91999816894531,57.4982795715332,3008100,Yahoo Finance,RSP,2026-09-11T22:08:08+08:00,confirmed
2013-12-27,71.06999969482422,71.06999969482422,70.87000274658203,70.94000244140625,57.51450347900391,469500,Yahoo Finance,RSP,2026-09-11T22:08:08+08:00,confirmed
2013-12-30,71.0,71.08000183105469,70.91999816894531,71.06999969482422,57.619895935058594,562400,Yahoo Finance,RSP,2026-09-11T22:08:08+08:00,confirmed
2013-12-31,71.2300033569336,71.3499984741211,71.05999755859375,71.25,57.76581954956055,608100,Yahoo Finance,RSP,2026-09-11T22:08:08+08:00,confirmed
2014-01-02,71.04000091552734,71.08000183105469,70.37999725341797,70.5999984741211,57.23882675170898,1288800,Yahoo Finance,RSP,2026-09-11T22:08:08+08:00,confirmed
2014-01-03,70.73999786376953,70.8499984741211,70.4800033569336,70.54000091552734,57.190216064453125,538200,Yahoo Finance,RSP,2026-09-11T22:08:08+08:00,confirmed
2014-01-06,70.68000030517578,70.88999938964844,70.26000213623047,70.31999969482422,57.01181411743164,593200,Yahoo Finance,RSP,2026-09-11T22:08:08+08:00,confirmed
2014-01-07,70.55999755859375,70.87000274658203,70.48999786376953,70.73999786376953,57.352333068847656,662800,Yahoo Finance,RSP,2026-09-11T22:08:08+08:00,confirmed
2014-01-08,70.80000305175781,70.93000030517578,70.54000091552734,70.8499984741211,57.44152069091797,747700,Yahoo Finance,RSP,2026-09-11T22:08:08+08:00,confirmed
2014-01-09,71.08000183105469,71.12000274658203,70.58000183105469,70.93000030517578,57.506385803222656,739000,Yahoo Finance,RSP,2026-09-11T22:08:08+08:00,confirmed
2014-01-10,71.0,71.26000213623047,70.87000274658203,71.23999786376953,57.75770950317383,520300,Yahoo Finance,RSP,2026-09-11T22:08:08+08:00,confirmed
2014-01-13,71.13999938964844,71.25,70.11000061035156,70.22000122070312,56.93074035644531,916400,Yahoo Finance,RSP,2026-09-11T22:08:08+08:00,confirmed
2014-01-14,70.4800033569336,71.05999755859375,70.33999633789062,71.02999877929688,57.58745956420898,579100,Yahoo Finance,RSP,2026-09-11T22:08:08+08:00,confirmed
2014-01-15,71.19000244140625,71.38999938964844,71.08999633789062,71.29000091552734,57.79824066162109,828900,Yahoo Finance,RSP,2026-09-11T22:08:08+08:00,confirmed
2014-01-16,71.19999694824219,71.22000122070312,70.94000244140625,71.22000122070312,57.74150466918945,856400,Yahoo Finance,RSP,2026-09-11T22:08:08+08:00,confirmed
2014-01-17,71.18000030517578,71.26000213623047,70.86000061035156,70.9800033569336,57.54693222045898,1078800,Yahoo Finance,RSP,2026-09-11T22:08:08+08:00,confirmed
2014-01-21,71.4000015258789,71.44000244140625,70.80999755859375,71.19999694824219,57.72528839111328,1065000,Yahoo Finance,RSP,2026-09-11T22:08:08+08:00,confirmed
2014-01-22,71.30000305175781,71.44999694824219,71.1500015258789,71.37000274658203,57.86310958862305,988400,Yahoo Finance,RSP,2026-09-11T22:08:08+08:00,confirmed
2014-01-23,71.12999725341797,71.12999725341797,70.33999633789062,70.66999816894531,57.29557418823242,992200,Yahoo Finance,RSP,2026-09-11T22:08:08+08:00,confirmed
2014-01-24,70.19999694824219,70.19999694824219,69.0199966430664,69.04000091552734,55.97404098510742,1371400,Yahoo Finance,RSP,2026-09-11T22:08:08+08:00,confirmed
2014-01-27,69.0199966430664,69.33000183105469,68.31999969482422,68.70999908447266,55.70652770996094,5040000,Yahoo Finance,RSP,2026-09-11T22:08:08+08:00,confirmed
2014-01-28,68.95999908447266,69.41999816894531,68.94999694824219,69.33000183105469,56.20919036865234,962200,Yahoo Finance,RSP,2026-09-11T22:08:08+08:00,confirmed
2014-01-29,68.8499984741211,69.19999694824219,68.55999755859375,68.69999694824219,55.69841003417969,1038000,Yahoo Finance,RSP,2026-09-11T22:08:08+08:00,confirmed
2014-01-30,69.2699966430664,69.66000366210938,69.0999984741211,69.47000122070312,56.32268524169922,721900,Yahoo Finance,RSP,2026-09-11T22:08:08+08:00,confirmed
2014-01-31,68.70999908447266,69.55999755859375,68.61000061035156,69.13999938964844,56.05514144897461,1048500,Yahoo Finance,RSP,2026-09-11T22:08:08+08:00,confirmed
2014-02-03,68.98999786376953,69.13999938964844,67.3499984741211,67.44000244140625,54.6768798828125,2004800,Yahoo Finance,RSP,2026-09-11T22:08:08+08:00,confirmed
2014-02-04,67.80000305175781,68.16000366210938,67.45999908447266,68.0,55.13089370727539,1671200,Yahoo Finance,RSP,2026-09-11T22:08:08+08:00,confirmed
2014-02-05,67.81999969482422,68.0199966430664,67.2300033569336,67.87999725341797,55.033599853515625,1172300,Yahoo Finance,RSP,2026-09-11T22:08:08+08:00,confirmed
2014-02-06,68.0999984741211,68.87000274658203,67.97000122070312,68.86000061035156,55.8281364440918,674000,Yahoo Finance,RSP,2026-09-11T22:08:08+08:00,confirmed
2014-02-07,69.19999694824219,69.76000213623047,68.95999908447266,69.70999908447266,56.51727294921875,873100,Yahoo Finance,RSP,2026-09-11T22:08:08+08:00,confirmed
2014-02-10,69.72000122070312,69.86000061035156,69.4800033569336,69.83000183105469,56.61456680297852,676900,Yahoo Finance,RSP,2026-09-11T22:08:08+08:00,confirmed
2014-02-11,69.9000015258789,70.68000030517578,69.8499984741211,70.54000091552734,57.190216064453125,945100,Yahoo Finance,RSP,2026-09-11T22:08:08+08:00,confirmed
2014-02-12,70.7300033569336,70.93000030517578,70.51000213623047,70.62999725341797,57.26316833496094,1573100,Yahoo Finance,RSP,2026-09-11T22:08:08+08:00,confirmed
2014-02-13,70.19999694824219,71.12000274658203,70.08000183105469,71.06999969482422,57.619895935058594,837300,Yahoo Finance,RSP,2026-09-11T22:08:08+08:00,confirmed
2014-02-14,71.02999877929688,71.5,70.88999938964844,71.43000030517578,57.91175079345703,696300,Yahoo Finance,RSP,2026-09-11T22:08:08+08:00,confirmed
2014-02-18,71.58999633789062,71.75,71.33999633789062,71.69000244140625,58.12255096435547,944500,Yahoo Finance,RSP,2026-09-11T22:08:08+08:00,confirmed
2014-02-19,71.55999755859375,72.02999877929688,71.27999877929688,71.37000274658203,57.86310958862305,680600,Yahoo Finance,RSP,2026-09-11T22:08:08+08:00,confirmed
2014-02-20,71.41999816894531,71.98999786376953,71.20999908447266,71.87999725341797,58.27658462524414,468400,Yahoo Finance,RSP,2026-09-11T22:08:08+08:00,confirmed
2014-02-21,72.02999877929688,72.19000244140625,71.8499984741211,71.91999816894531,58.30902099609375,635700,Yahoo Finance,RSP,2026-09-11T22:08:08+08:00,confirmed
2014-02-24,72.05999755859375,72.81999969482422,72.05999755859375,72.30000305175781,58.61711502075195,1212700,Yahoo Finance,RSP,2026-09-11T22:08:08+08:00,confirmed
2014-02-25,72.36000061035156,72.52999877929688,71.98999786376953,72.23999786376953,58.56846237182617,757800,Yahoo Finance,RSP,2026-09-11T22:08:08+08:00,confirmed
2014-02-26,72.22000122070312,72.6500015258789,72.16999816894531,72.33000183105469,58.64142990112305,995300,Yahoo Finance,RSP,2026-09-11T22:08:08+08:00,confirmed
2014-02-27,72.26000213623047,72.66000366210938,72.18000030517578,72.62999725341797,58.88466644287109,550000,Yahoo Finance,RSP,2026-09-11T22:08:08+08:00,confirmed
2014-02-28,72.66000366210938,73.13999938964844,72.37999725341797,72.83000183105469,59.04680633544922,848300,Yahoo Finance,RSP,2026-09-11T22:08:08+08:00,confirmed
2014-03-03,72.26000213623047,72.51000213623047,71.87000274658203,72.31999969482422,58.63331985473633,1003300,Yahoo Finance,RSP,2026-09-11T22:08:08+08:00,confirmed
2014-03-04,73.13999938964844,73.51000213623047,73.05999755859375,73.4000015258789,59.50894546508789,852400,Yahoo Finance,RSP,2026-09-11T22:08:08+08:00,confirmed
2014-03-05,73.44999694824219,73.51000213623047,73.27999877929688,73.36000061035156,59.47650909423828,1105600,Yahoo Finance,RSP,2026-09-11T22:08:08+08:00,confirmed
2014-03-06,73.5999984741211,73.72000122070312,73.47000122070312,73.55000305175781,59.63056564331055,699500,Yahoo Finance,RSP,2026-09-11T22:08:08+08:00,confirmed
2014-03-07,73.83999633789062,73.87000274658203,73.26000213623047,73.55000305175781,59.63056564331055,757400,Yahoo Finance,RSP,2026-09-11T22:08:08+08:00,confirmed
2014-03-10,73.45999908447266,73.52999877929688,73.0199966430664,73.37999725341797,59.49274063110352,506100,Yahoo Finance,RSP,2026-09-11T22:08:08+08:00,confirmed
2014-03-11,73.5199966430664,73.63999938964844,72.83000183105469,73.0,59.18464279174805,717400,Yahoo Finance,RSP,2026-09-11T22:08:08+08:00,confirmed
2014-03-12,72.63999938964844,73.04000091552734,72.44000244140625,73.02999877929688,59.20894241333008,508900,Yahoo Finance,RSP,2026-09-11T22:08:08+08:00,confirmed
2014-03-13,73.27999877929688,73.27999877929688,71.98999786376953,72.19999694824219,58.53602981567383,890300,Yahoo Finance,RSP,2026-09-11T22:08:08+08:00,confirmed
2014-03-14,72.06999969482422,72.54000091552734,72.0,72.16000366210938,58.50360870361328,613600,Yahoo Finance,RSP,2026-09-11T22:08:08+08:00,confirmed
2014-03-17,72.58000183105469,72.91999816894531,72.41999816894531,72.76000213623047,58.990047454833984,703000,Yahoo Finance,RSP,2026-09-11T22:08:08+08:00,confirmed
2014-03-18,72.91999816894531,73.37999725341797,72.86000061035156,73.31999969482422,59.44408416748047,804200,Yahoo Finance,RSP,2026-09-11T22:08:08+08:00,confirmed
2014-03-19,73.48999786376953,73.48999786376953,72.4800033569336,72.91999816894531,59.11977005004883,667000,Yahoo Finance,RSP,2026-09-11T22:08:08+08:00,confirmed
2014-03-20,72.73999786376953,73.30999755859375,72.61000061035156,73.2300033569336,59.37109375,1068400,Yahoo Finance,RSP,2026-09-11T22:08:08+08:00,confirmed
2014-03-21,73.33000183105469,73.54000091552734,72.77999877929688,72.83999633789062,59.283199310302734,699800,Yahoo Finance,RSP,2026-09-11T22:08:08+08:00,confirmed
2014-03-24,73.02999877929688,73.19000244140625,72.05999755859375,72.31999969482422,58.85997772216797,704700,Yahoo Finance,RSP,2026-09-11T22:08:08+08:00,confirmed
2014-03-25,72.68000030517578,72.87000274658203,72.22000122070312,72.55999755859375,59.05532836914063,415000,Yahoo Finance,RSP,2026-09-11T22:08:08+08:00,confirmed
2014-03-26,72.86000061035156,72.98999786376953,71.98999786376953,72.0,58.59954071044922,565500,Yahoo Finance,RSP,2026-09-11T22:08:08+08:00,confirmed
2014-03-27,71.9000015258789,72.13999938964844,71.58999633789062,71.86000061035156,58.48558807373047,894300,Yahoo Finance,RSP,2026-09-11T22:08:08+08:00,confirmed
2014-03-28,72.08000183105469,72.6500015258789,72.0199966430664,72.33000183105469,58.86812210083008,361200,Yahoo Finance,RSP,2026-09-11T22:08:08+08:00,confirmed
2014-03-31,72.80000305175781,73.08999633789062,72.70999908447266,72.98999786376953,59.40529251098633,662200,Yahoo Finance,RSP,2026-09-11T22:08:08+08:00,confirmed
2014-04-01,73.29000091552734,73.61000061035156,73.18000030517578,73.5999984741211,59.901763916015625,1161500,Yahoo Finance,RSP,2026-09-11T22:08:08+08:00,confirmed
2014-04-02,73.7300033569336,73.98999786376953,73.51000213623047,73.88999938964844,60.13777923583984,2711600,Yahoo Finance,RSP,2026-09-11T22:08:08+08:00,confirmed
2014-04-03,74.02999877929688,74.05000305175781,73.55000305175781,73.80000305175781,60.06453704833984,528300,Yahoo Finance,RSP,2026-09-11T22:08:08+08:00,confirmed
2014-04-04,74.19000244140625,74.30000305175781,72.81999969482422,72.95999908447266,59.38086318969727,794200,Yahoo Finance,RSP,2026-09-11T22:08:08+08:00,confirmed
2014-04-07,72.80999755859375,72.88999938964844,71.80000305175781,71.98999786376953,58.591407775878906,699500,Yahoo Finance,RSP,2026-09-11T22:08:08+08:00,confirmed
2014-04-08,71.98999786376953,72.5,71.72000122070312,72.37999725341797,58.908817291259766,607600,Yahoo Finance,RSP,2026-09-11T22:08:08+08:00,confirmed
2014-04-09,72.58000183105469,73.08000183105469,72.3499984741211,73.08000183105469,59.478553771972656,727000,Yahoo Finance,RSP,2026-09-11T22:08:08+08:00,confirmed
2014-04-10,73.08000183105469,73.12999725341797,71.44999694824219,71.55000305175781,58.233306884765625,881200,Yahoo Finance,RSP,2026-09-11T22:08:08+08:00,confirmed
2014-04-11,71.1500015258789,71.55000305175781,70.62999725341797,70.73999786376953,57.57404708862305,1317500,Yahoo Finance,RSP,2026-09-11T22:08:08+08:00,confirmed
2014-04-14,71.16999816894531,71.5199966430664,70.79000091552734,71.37000274658203,58.086795806884766,682100,Yahoo Finance,RSP,2026-09-11T22:08:08+08:00,confirmed
2014-04-15,71.51000213623047,71.86000061035156,70.75,71.81999969482422,58.45302963256836,1692800,Yahoo Finance,RSP,2026-09-11T22:08:08+08:00,confirmed
2014-04-16,72.33999633789062,72.55999755859375,72.0,72.55999755859375,59.05532836914063,805300,Yahoo Finance,RSP,2026-09-11T22:08:08+08:00,confirmed
2014-04-17,72.55999755859375,72.8499984741211,72.37000274658203,72.69000244140625,59.16111755371094,637400,Yahoo Finance,RSP,2026-09-11T22:08:08+08:00,confirmed
2014-04-21,72.72000122070312,72.88999938964844,72.54000091552734,72.87999725341797,59.31574630737305,1466900,Yahoo Finance,RSP,2026-09-11T22:08:08+08:00,confirmed
2014-04-22,72.95999908447266,73.41000366210938,72.91000366210938,73.20999908447266,59.5843391418457,868600,Yahoo Finance,RSP,2026-09-11T22:08:08+08:00,confirmed
2014-04-23,73.19999694824219,73.3499984741211,73.05999755859375,73.1500015258789,59.535491943359375,585400,Yahoo Finance,RSP,2026-09-11T22:08:08+08:00,confirmed
2014-04-24,73.4800033569336,73.5,72.91999816894531,73.25,59.61689758300781,703200,Yahoo Finance,RSP,2026-09-11T22:08:08+08:00,confirmed
2014-04-25,73.01000213623047,73.0199966430664,72.41999816894531,72.58000183105469,59.07160568237305,709800,Yahoo Finance,RSP,2026-09-11T22:08:08+08:00,confirmed
2014-04-28,72.81999969482422,72.98999786376953,71.8499984741211,72.55999755859375,59.05532836914063,639800,Yahoo Finance,RSP,2026-09-11T22:08:08+08:00,confirmed
2014-04-29,72.83999633789062,72.95999908447266,72.5999984741211,72.87999725341797,59.31574630737305,435200,Yahoo Finance,RSP,2026-09-11T22:08:08+08:00,confirmed
2014-04-30,72.73999786376953,73.2699966430664,72.69000244140625,73.2699966430664,59.63316345214844,575800,Yahoo Finance,RSP,2026-09-11T22:08:08+08:00,confirmed
2014-05-01,73.2699966430664,73.5,72.97000122070312,73.30000305175781,59.657596588134766,1007800,Yahoo Finance,RSP,2026-09-11T22:08:08+08:00,confirmed
2014-05-02,73.30000305175781,73.70999908447266,73.18000030517578,73.25,59.61689758300781,822800,Yahoo Finance,RSP,2026-09-11T22:08:08+08:00,confirmed
2014-05-05,72.94999694824219,73.38999938964844,72.66000366210938,73.3499984741211,59.69829559326172,686000,Yahoo Finance,RSP,2026-09-11T22:08:08+08:00,confirmed
2014-05-06,73.2300033569336,73.27999877929688,72.7300033569336,72.7300033569336,59.19367980957031,359200,Yahoo Finance,RSP,2026-09-11T22:08:08+08:00,confirmed
2014-05-07,72.97000122070312,73.19999694824219,72.41999816894531,73.16999816894531,59.551795959472656,475100,Yahoo Finance,RSP,2026-09-11T22:08:08+08:00,confirmed
2014-05-08,73.04000091552734,73.72000122070312,72.81999969482422,73.06999969482422,59.47040557861328,958400,Yahoo Finance,RSP,2026-09-11T22:08:08+08:00,confirmed
2014-05-09,73.0999984741211,73.18000030517578,72.70999908447266,73.18000030517578,59.5599250793457,375800,Yahoo Finance,RSP,2026-09-11T22:08:08+08:00,confirmed
2014-05-12,73.48999786376953,74.0199966430664,73.44999694824219,73.98999786376953,60.21918487548828,2469700,Yahoo Finance,RSP,2026-09-11T22:08:08+08:00,confirmed
2014-05-13,74.08000183105469,74.23999786376953,73.91000366210938,73.95999908447266,60.19475173950195,1860400,Yahoo Finance,RSP,2026-09-11T22:08:08+08:00,confirmed
2014-05-14,73.93000030517578,73.94999694824219,73.44999694824219,73.52999877929688,59.84480667114258,850800,Yahoo Finance,RSP,2026-09-11T22:08:08+08:00,confirmed
2014-05-15,73.44000244140625,73.44000244140625,72.4000015258789,72.9000015258789,59.3320541381836,861000,Yahoo Finance,RSP,2026-09-11T22:08:08+08:00,confirmed
2014-05-16,72.91000366210938,73.19999694824219,72.62999725341797,73.19999694824219,59.57622146606445,641300,Yahoo Finance,RSP,2026-09-11T22:08:08+08:00,confirmed
2014-05-19,73.0999984741211,73.51000213623047,72.95999908447266,73.47000122070312,59.79597854614258,791900,Yahoo Finance,RSP,2026-09-11T22:08:08+08:00,confirmed
2014-05-20,73.37999725341797,73.37999725341797,72.66000366210938,72.83000183105469,59.27507019042969,613500,Yahoo Finance,RSP,2026-09-11T22:08:08+08:00,confirmed
2014-05-21,73.08999633789062,73.37999725341797,72.98999786376953,73.36000061035156,59.7064323425293,562900,Yahoo Finance,RSP,2026-09-11T22:08:08+08:00,confirmed
2014-05-22,73.41999816894531,73.7699966430664,73.27999877929688,73.58000183105469,59.885475158691406,438300,Yahoo Finance,RSP,2026-09-11T22:08:08+08:00,confirmed
2014-05-23,73.66999816894531,73.97000122070312,73.58999633789062,73.95999908447266,60.19475173950195,608200,Yahoo Finance,RSP,2026-09-11T22:08:08+08:00,confirmed
2014-05-27,74.2699966430664,74.43000030517578,74.19999694824219,74.38999938964844,60.54474258422852,822200,Yahoo Finance,RSP,2026-09-11T22:08:08+08:00,confirmed
2014-05-28,74.51000213623047,74.52999877929688,74.18000030517578,74.30999755859375,60.4796028137207,1270700,Yahoo Finance,RSP,2026-09-11T22:08:08+08:00,confirmed
2014-05-29,74.52999877929688,74.75,74.29000091552734,74.75,60.83772277832031,608100,Yahoo Finance,RSP,2026-09-11T22:08:08+08:00,confirmed
2014-05-30,74.69999694824219,74.87000274658203,74.58999633789062,74.8499984741211,60.919090270996094,1143200,Yahoo Finance,RSP,2026-09-11T22:08:08+08:00,confirmed
2014-06-02,74.95999908447266,75.0199966430664,74.58000183105469,74.9800033569336,61.02492141723633,392500,Yahoo Finance,RSP,2026-09-11T22:08:08+08:00,confirmed
2014-06-03,74.81999969482422,75.0,74.72000122070312,74.95999908447266,61.00864028930664,411700,Yahoo Finance,RSP,2026-09-11T22:08:08+08:00,confirmed
2014-06-04,74.80000305175781,75.2300033569336,74.76000213623047,75.19000244140625,61.19585418701172,469500,Yahoo Finance,RSP,2026-09-11T22:08:08+08:00,confirmed
2014-06-05,75.36000061035156,75.76000213623047,74.94999694824219,75.69999694824219,61.61092376708984,468700,Yahoo Finance,RSP,2026-09-11T22:08:08+08:00,confirmed
2014-06-06,75.88999938964844,76.16000366210938,75.81999969482422,76.0999984741211,61.936485290527344,598200,Yahoo Finance,RSP,2026-09-11T22:08:08+08:00,confirmed
2014-06-09,76.12000274658203,76.44000244140625,76.02999877929688,76.20999908447266,62.025970458984375,434800,Yahoo Finance,RSP,2026-09-11T22:08:08+08:00,confirmed
2014-06-10,76.11000061035156,76.11000061035156,75.87000274658203,76.06999969482422,61.91205978393555,772700,Yahoo Finance,RSP,2026-09-11T22:08:08+08:00,confirmed
2014-06-11,75.80000305175781,75.87000274658203,75.62000274658203,75.80000305175781,61.69229888916016,675500,Yahoo Finance,RSP,2026-09-11T22:08:08+08:00,confirmed
2014-06-12,75.70999908447266,75.79000091552734,75.1500015258789,75.36000061035156,61.33420944213867,619900,Yahoo Finance,RSP,2026-09-11T22:08:08+08:00,confirmed
2014-06-13,75.41999816894531,75.66999816894531,75.19999694824219,75.62000274658203,61.545806884765625,480400,Yahoo Finance,RSP,2026-09-11T22:08:08+08:00,confirmed
2014-06-16,75.55999755859375,75.86000061035156,75.4800033569336,75.75,61.65164566040039,399700,Yahoo Finance,RSP,2026-09-11T22:08:08+08:00,confirmed
2014-06-17,75.66999816894531,76.1500015258789,75.58999633789062,76.0999984741211,61.936485290527344,389900,Yahoo Finance,RSP,2026-09-11T22:08:08+08:00,confirmed
2014-06-18,76.12999725341797,76.69000244140625,75.94999694824219,76.66999816894531,62.400386810302734,486200,Yahoo Finance,RSP,2026-09-11T22:08:08+08:00,confirmed
2014-06-19,76.7699966430664,76.80999755859375,76.4800033569336,76.77999877929688,62.48992919921875,420100,Yahoo Finance,RSP,2026-09-11T22:08:08+08:00,confirmed
2014-06-20,76.7300033569336,76.7300033569336,76.55000305175781,76.7300033569336,62.677772521972656,388800,Yahoo Finance,RSP,2026-09-11T22:08:08+08:00,confirmed
2014-06-23,76.75,76.80999755859375,76.55999755859375,76.66000366210938,62.62060928344727,600600,Yahoo Finance,RSP,2026-09-11T22:08:08+08:00,confirmed
2014-06-24,76.55999755859375,76.9000015258789,76.11000061035156,76.11000061035156,62.17133331298828,700100,Yahoo Finance,RSP,2026-09-11T22:08:08+08:00,confirmed
2014-06-25,76.0,76.52999877929688,75.94999694824219,76.47000122070312,62.46541213989258,476400,Yahoo Finance,RSP,2026-09-11T22:08:08+08:00,confirmed
2014-06-26,76.55000305175781,76.55000305175781,75.94999694824219,76.4800033569336,62.47357177734375,1057100,Yahoo Finance,RSP,2026-09-11T22:08:08+08:00,confirmed
2014-06-27,76.30000305175781,76.68000030517578,76.30000305175781,76.68000030517578,62.636940002441406,314700,Yahoo Finance,RSP,2026-09-11T22:08:08+08:00,confirmed
2014-06-30,76.62999725341797,76.77999877929688,76.55000305175781,76.70999908447266,62.661468505859375,770800,Yahoo Finance,RSP,2026-09-11T22:08:08+08:00,confirmed
2014-07-01,76.87000274658203,77.36000061035156,76.87000274658203,77.11000061035156,62.98818206787109,623100,Yahoo Finance,RSP,2026-09-11T22:08:08+08:00,confirmed
2014-07-02,77.18000030517578,77.19999694824219,76.97000122070312,77.05999755859375,62.94733047485352,452200,Yahoo Finance,RSP,2026-09-11T22:08:08+08:00,confirmed
2014-07-03,77.33000183105469,77.5,77.22000122070312,77.5,63.3067626953125,482400,Yahoo Finance,RSP,2026-09-11T22:08:08+08:00,confirmed
2014-07-07,77.37999725341797,77.37999725341797,76.94999694824219,77.0,62.898345947265625,505600,Yahoo Finance,RSP,2026-09-11T22:08:08+08:00,confirmed
2014-07-08,76.9000015258789,76.97000122070312,76.37000274658203,76.5999984741211,62.57160186767578,670800,Yahoo Finance,RSP,2026-09-11T22:08:08+08:00,confirmed
2014-07-09,76.7699966430664,76.94999694824219,76.62999725341797,76.91000366210938,62.82483673095703,417000,Yahoo Finance,RSP,2026-09-11T22:08:08+08:00,confirmed
2014-07-10,76.0999984741211,76.73999786376953,76.04000091552734,76.55000305175781,62.5307731628418,1011200,Yahoo Finance,RSP,2026-09-11T22:08:08+08:00,confirmed
2014-07-11,76.45999908447266,76.62999725341797,76.27999877929688,76.56999969482422,62.54707336425781,358500,Yahoo Finance,RSP,2026-09-11T22:08:08+08:00,confirmed
2014-07-14,76.95999908447266,77.0,76.79000091552734,76.83999633789062,62.76762771606445,561600,Yahoo Finance,RSP,2026-09-11T22:08:08+08:00,confirmed
2014-07-15,76.87999725341797,77.05000305175781,76.33999633789062,76.6500015258789,62.61244583129883,436000,Yahoo Finance,RSP,2026-09-11T22:08:08+08:00,confirmed
2014-07-16,76.97000122070312,77.0199966430664,76.62999725341797,76.91000366210938,62.82483673095703,574600,Yahoo Finance,RSP,2026-09-11T22:08:08+08:00,confirmed
2014-07-17,76.63999938964844,76.87999725341797,75.87999725341797,75.9800033569336,62.06514358520508,938000,Yahoo Finance,RSP,2026-09-11T22:08:08+08:00,confirmed
2014-07-18,76.20999908447266,76.77999877929688,76.16000366210938,76.72000122070312,62.66960906982422,768200,Yahoo Finance,RSP,2026-09-11T22:08:08+08:00,confirmed
2014-07-21,76.48999786376953,76.62999725341797,76.22000122070312,76.55999755859375,62.538909912109375,449500,Yahoo Finance,RSP,2026-09-11T22:08:08+08:00,confirmed
2014-07-22,76.86000061035156,77.05000305175781,76.80999755859375,76.9000015258789,62.8166618347168,1181600,Yahoo Finance,RSP,2026-09-11T22:08:08+08:00,confirmed
2014-07-23,76.95999908447266,77.0,76.72000122070312,76.93000030517578,62.84115982055664,299700,Yahoo Finance,RSP,2026-09-11T22:08:08+08:00,confirmed
2014-07-24,77.02999877929688,77.16999816894531,76.91000366210938,77.08999633789062,62.97185516357422,438600,Yahoo Finance,RSP,2026-09-11T22:08:08+08:00,confirmed
2014-07-25,76.88999938964844,76.97000122070312,76.62999725341797,76.73999786376953,62.68597412109375,385000,Yahoo Finance,RSP,2026-09-11T22:08:08+08:00,confirmed
2014-07-28,76.80999755859375,76.86000061035156,76.3499984741211,76.75,62.69413375854492,391100,Yahoo Finance,RSP,2026-09-11T22:08:08+08:00,confirmed
2014-07-29,76.91999816894531,77.02999877929688,76.38999938964844,76.38999938964844,62.40003967285156,633600,Yahoo Finance,RSP,2026-09-11T22:08:08+08:00,confirmed
2014-07-30,76.66000366210938,76.80999755859375,76.08999633789062,76.37999725341797,62.39189910888672,366500,Yahoo Finance,RSP,2026-09-11T22:08:08+08:00,confirmed
2014-07-31,75.87999725341797,75.95999908447266,74.91000366210938,74.91999816894531,61.19927597045898,963100,Yahoo Finance,RSP,2026-09-11T22:08:08+08:00,confirmed
2014-08-01,74.80000305175781,75.20999908447266,74.33000183105469,74.76000213623047,61.06855392456055,1060200,Yahoo Finance,RSP,2026-09-11T22:08:08+08:00,confirmed
2014-08-04,74.80000305175781,75.37999725341797,74.5199966430664,75.27999877929688,61.49333190917969,614600,Yahoo Finance,RSP,2026-09-11T22:08:08+08:00,confirmed
2014-08-05,74.95999908447266,75.27999877929688,74.38999938964844,74.58999633789062,60.9297103881836,638000,Yahoo Finance,RSP,2026-09-11T22:08:08+08:00,confirmed
2014-08-06,74.29000091552734,74.91999816894531,74.22000122070312,74.5999984741211,60.93786239624024,519200,Yahoo Finance,RSP,2026-09-11T22:08:08+08:00,confirmed
2014-08-07,74.95999908447266,74.98999786376953,74.0199966430664,74.18000030517578,60.59478378295898,701300,Yahoo Finance,RSP,2026-09-11T22:08:08+08:00,confirmed
2014-08-08,74.29000091552734,75.19999694824219,74.19000244140625,75.16999816894531,61.40351104736328,790700,Yahoo Finance,RSP,2026-09-11T22:08:08+08:00,confirmed
2014-08-11,75.47000122070312,75.73999786376953,75.37000274658203,75.38999938964844,61.58319854736328,761300,Yahoo Finance,RSP,2026-09-11T22:08:08+08:00,confirmed
2014-08-12,75.33999633789062,75.52999877929688,75.02999877929688,75.2300033569336,61.45249557495117,475500,Yahoo Finance,RSP,2026-09-11T22:08:08+08:00,confirmed
2014-08-13,75.44999694824219,75.76000213623047,75.33000183105469,75.7300033569336,61.860939025878906,429100,Yahoo Finance,RSP,2026-09-11T22:08:08+08:00,confirmed
2014-08-14,75.80999755859375,76.08999633789062,75.72000122070312,76.08999633789062,62.155006408691406,655600,Yahoo Finance,RSP,2026-09-11T22:08:08+08:00,confirmed
2014-08-15,76.37999725341797,76.44000244140625,75.55000305175781,76.05999755859375,62.13051223754883,878800,Yahoo Finance,RSP,2026-09-11T22:08:08+08:00,confirmed
2014-08-18,76.5,76.73999786376953,76.44000244140625,76.7300033569336,62.677772521972656,802900,Yahoo Finance,RSP,2026-09-11T22:08:08+08:00,confirmed
2014-08-19,76.88999938964844,77.16000366210938,76.87000274658203,77.13999938964844,63.012691497802734,2802800,Yahoo Finance,RSP,2026-09-11T22:08:08+08:00,confirmed
2014-08-20,77.02999877929688,77.47000122070312,77.0,77.41000366210938,63.23324966430664,597100,Yahoo Finance,RSP,2026-09-11T22:08:08+08:00,confirmed
2014-08-21,77.47000122070312,77.62999725341797,77.33000183105469,77.54000091552734,63.33942794799805,947800,Yahoo Finance,RSP,2026-09-11T22:08:08+08:00,confirmed
2014-08-22,77.5,77.58000183105469,77.22000122070312,77.41000366210938,63.23324966430664,380000,Yahoo Finance,RSP,2026-09-11T22:08:08+08:00,confirmed
2014-08-25,77.86000061035156,77.9000015258789,77.63999938964844,77.79000091552734,63.54365921020508,595600,Yahoo Finance,RSP,2026-09-11T22:08:08+08:00,confirmed
2014-08-26,77.87000274658203,78.05000305175781,77.80999755859375,77.86000061035156,63.6008415222168,742900,Yahoo Finance,RSP,2026-09-11T22:08:08+08:00,confirmed
2014-08-27,77.91999816894531,77.95999908447266,77.68000030517578,77.81999969482422,63.56818389892578,389100,Yahoo Finance,RSP,2026-09-11T22:08:08+08:00,confirmed
2014-08-28,77.5199966430664,77.83999633789062,77.41000366210938,77.79000091552734,63.54365921020508,330200,Yahoo Finance,RSP,2026-09-11T22:08:08+08:00,confirmed
2014-08-29,77.95999908447266,78.08999633789062,77.70999908447266,78.06999969482422,63.77238464355469,312800,Yahoo Finance,RSP,2026-09-11T22:08:08+08:00,confirmed
2014-09-02,78.20999908447266,78.2300033569336,77.7699966430664,78.01000213623047,63.72336196899414,749900,Yahoo Finance,RSP,2026-09-11T22:08:08+08:00,confirmed
2014-09-03,78.30999755859375,78.37000274658203,77.98999786376953,78.06999969482422,63.77238464355469,563100,Yahoo Finance,RSP,2026-09-11T22:08:08+08:00,confirmed
2014-09-04,78.19000244140625,78.4800033569336,77.7699966430664,77.97000122070312,63.690704345703125,537100,Yahoo Finance,RSP,2026-09-11T22:08:08+08:00,confirmed
2014-09-05,77.9000015258789,78.33000183105469,77.66999816894531,78.31999969482422,63.9765853881836,650600,Yahoo Finance,RSP,2026-09-11T22:08:08+08:00,confirmed
2014-09-08,78.20999908447266,78.3499984741211,77.83000183105469,78.08999633789062,63.78872680664063,2283100,Yahoo Finance,RSP,2026-09-11T22:08:08+08:00,confirmed
2014-09-09,78.05000305175781,78.12999725341797,77.37999725341797,77.52999877929688,63.33126068115234,909200,Yahoo Finance,RSP,2026-09-11T22:08:08+08:00,confirmed
2014-09-10,77.61000061035156,77.72000122070312,77.22000122070312,77.69000244140625,63.46196365356445,472500,Yahoo Finance,RSP,2026-09-11T22:08:08+08:00,confirmed
2014-09-11,77.4000015258789,77.83999633789062,77.36000061035156,77.83000183105469,63.576316833496094,461600,Yahoo Finance,RSP,2026-09-11T22:08:08+08:00,confirmed
2014-09-12,77.75,77.75,77.02999877929688,77.2699966430664,63.11888885498047,455800,Yahoo Finance,RSP,2026-09-11T22:08:08+08:00,confirmed
2014-09-15,77.2699966430664,77.2699966430664,76.91999816894531,77.0999984741211,62.98002243041992,421000,Yahoo Finance,RSP,2026-09-11T22:08:08+08:00,confirmed
2014-09-16,77.02999877929688,77.79000091552734,76.94999694824219,77.62999725341797,63.41294479370117,665100,Yahoo Finance,RSP,2026-09-11T22:08:08+08:00,confirmed
2014-09-17,77.79000091552734,78.06999969482422,77.33999633789062,77.69999694824219,63.47014999389648,813500,Yahoo Finance,RSP,2026-09-11T22:08:08+08:00,confirmed
2014-09-18,77.95999908447266,78.0199966430664,77.80000305175781,77.98999786376953,63.707027435302734,673700,Yahoo Finance,RSP,2026-09-11T22:08:08+08:00,confirmed
2014-09-19,77.95999908447266,78.05999755859375,77.37000274658203,77.55000305175781,63.566043853759766,648600,Yahoo Finance,RSP,2026-09-11T22:08:08+08:00,confirmed
2014-09-22,77.41000366210938,77.52999877929688,76.70999908447266,76.83000183105469,62.975868225097656,696800,Yahoo Finance,RSP,2026-09-11T22:08:08+08:00,confirmed
2014-09-23,76.58999633789062,76.86000061035156,76.2699966430664,76.29000091552734,62.533241271972656,3144900,Yahoo Finance,RSP,2026-09-11T22:08:08+08:00,confirmed
2014-09-24,76.33999633789062,76.91999816894531,76.08999633789062,76.88999938964844,63.02504348754883,507300,Yahoo Finance,RSP,2026-09-11T22:08:08+08:00,confirmed
2014-09-25,76.69999694824219,76.69999694824219,75.69999694824219,75.75,62.09062194824219,1218500,Yahoo Finance,RSP,2026-09-11T22:08:08+08:00,confirmed
2014-09-26,75.8499984741211,76.43000030517578,75.7699966430664,76.27999877929688,62.52503967285156,1244800,Yahoo Finance,RSP,2026-09-11T22:08:08+08:00,confirmed
2014-09-29,75.69999694824219,76.27999877929688,75.54000091552734,76.13999938964844,62.410301208496094,730300,Yahoo Finance,RSP,2026-09-11T22:08:08+08:00,confirmed
2014-09-30,76.27999877929688,76.36000061035156,75.68000030517578,75.79000091552734,62.123416900634766,856400,Yahoo Finance,RSP,2026-09-11T22:08:08+08:00,confirmed
2014-10-01,75.7300033569336,75.80000305175781,74.62000274658203,74.77999877929688,61.29551315307617,1395700,Yahoo Finance,RSP,2026-09-11T22:08:08+08:00,confirmed
2014-10-02,74.72000122070312,75.11000061035156,73.97000122070312,74.86000061035156,61.36111068725586,1386900,Yahoo Finance,RSP,2026-09-11T22:08:08+08:00,confirmed
2014-10-03,75.38999938964844,75.7699966430664,75.12000274658203,75.5999984741211,61.9676513671875,2087100,Yahoo Finance,RSP,2026-09-11T22:08:08+08:00,confirmed
2014-10-06,75.93000030517578,76.05999755859375,75.2300033569336,75.4800033569336,61.86932373046875,752800,Yahoo Finance,RSP,2026-09-11T22:08:08+08:00,confirmed
2014-10-07,75.13999938964844,75.25,74.25,74.26000213623047,60.86930847167969,929900,Yahoo Finance,RSP,2026-09-11T22:08:08+08:00,confirmed
2014-10-08,74.36000061035156,75.58000183105469,73.86000061035156,75.5,61.88570022583008,1814200,Yahoo Finance,RSP,2026-09-11T22:08:08+08:00,confirmed
2014-10-09,75.30999755859375,75.41999816894531,73.80000305175781,73.81999969482422,60.50865173339844,1127100,Yahoo Finance,RSP,2026-09-11T22:08:08+08:00,confirmed
2014-10-10,73.83999633789062,74.16000366210938,72.91999816894531,72.91999816894531,59.77093505859375,1737700,Yahoo Finance,RSP,2026-09-11T22:08:08+08:00,confirmed
2014-10-13,72.91999816894531,73.20999908447266,71.62999725341797,71.68000030517578,58.754512786865234,2663300,Yahoo Finance,RSP,2026-09-11T22:08:08+08:00,confirmed
2014-10-14,72.01000213623047,72.87000274658203,71.81999969482422,72.06999969482422,59.07420349121094,1894200,Yahoo Finance,RSP,2026-09-11T22:08:08+08:00,confirmed
2014-10-15,71.25,72.0199966430664,70.01000213623047,71.79000091552734,58.84469604492188,3965000,Yahoo Finance,RSP,2026-09-11T22:08:08+08:00,confirmed
2014-10-16,70.52999877929688,72.4800033569336,70.26000213623047,72.0199966430664,59.033203125,1943400,Yahoo Finance,RSP,2026-09-11T22:08:08+08:00,confirmed
2014-10-17,72.94999694824219,73.26000213623047,72.41000366210938,72.81999969482422,59.68895721435547,1400200,Yahoo Finance,RSP,2026-09-11T22:08:08+08:00,confirmed
2014-10-20,72.77999877929688,73.61000061035156,72.70999908447266,73.58999633789062,60.32010269165039,1203700,Yahoo Finance,RSP,2026-09-11T22:08:08+08:00,confirmed
2014-10-21,74.04000091552734,75.19999694824219,73.95999908447266,75.12000274658203,61.57421112060547,2040600,Yahoo Finance,RSP,2026-09-11T22:08:08+08:00,confirmed
2014-10-22,75.30000305175781,75.48999786376953,74.45999908447266,74.48999786376953,61.05781936645508,2232800,Yahoo Finance,RSP,2026-09-11T22:08:08+08:00,confirmed
2014-10-23,75.20999908447266,75.87999725341797,75.11000061035156,75.37999725341797,61.78734588623047,1120200,Yahoo Finance,RSP,2026-09-11T22:08:08+08:00,confirmed
2014-10-24,75.41999816894531,75.9800033569336,75.16000366210938,75.91999816894531,62.22998428344727,1127000,Yahoo Finance,RSP,2026-09-11T22:08:08+08:00,confirmed
2014-10-27,75.7300033569336,75.9000015258789,75.30000305175781,75.79000091552734,62.123416900634766,1009200,Yahoo Finance,RSP,2026-09-11T22:08:08+08:00,confirmed
2014-10-28,76.11000061035156,76.75,75.91999816894531,76.75,62.910301208496094,883600,Yahoo Finance,RSP,2026-09-11T22:08:08+08:00,confirmed
2014-10-29,76.86000061035156,77.05000305175781,76.04000091552734,76.58999633789062,62.77914810180664,827000,Yahoo Finance,RSP,2026-09-11T22:08:08+08:00,confirmed
2014-10-30,76.4000015258789,77.36000061035156,76.33999633789062,77.13999938964844,63.22996520996094,1260500,Yahoo Finance,RSP,2026-09-11T22:08:08+08:00,confirmed
2014-10-31,78.13999938964844,78.19000244140625,77.6500015258789,78.08000183105469,64.0004653930664,1369200,Yahoo Finance,RSP,2026-09-11T22:08:08+08:00,confirmed
2014-11-03,78.26000213623047,78.44999694824219,77.94000244140625,78.0999984741211,64.01685333251953,1193000,Yahoo Finance,RSP,2026-09-11T22:08:08+08:00,confirmed
2014-11-04,77.93000030517578,77.9800033569336,77.37000274658203,77.70999908447266,63.69717788696289,998200,Yahoo Finance,RSP,2026-09-11T22:08:08+08:00,confirmed
2014-11-05,78.2699966430664,78.3499984741211,77.95999908447266,78.30999755859375,64.18899536132812,1153900,Yahoo Finance,RSP,2026-09-11T22:08:08+08:00,confirmed
2014-11-06,78.37000274658203,78.69000244140625,78.02999877929688,78.66000366210938,64.47586822509766,1113700,Yahoo Finance,RSP,2026-09-11T22:08:08+08:00,confirmed
2014-11-07,78.66999816894531,78.86000061035156,78.44000244140625,78.76000213623047,64.55785369873047,826700,Yahoo Finance,RSP,2026-09-11T22:08:08+08:00,confirmed
2014-11-10,78.80999755859375,79.0199966430664,78.72000122070312,78.95999908447266,64.72176361083984,797900,Yahoo Finance,RSP,2026-09-11T22:08:08+08:00,confirmed
2014-11-11,79.02999877929688,79.08999633789062,78.81999969482422,78.9800033569336,64.73816680908203,835600,Yahoo Finance,RSP,2026-09-11T22:08:08+08:00,confirmed
2014-11-12,78.7300033569336,79.06999969482422,78.69000244140625,78.98999786376953,64.74637603759766,594700,Yahoo Finance,RSP,2026-09-11T22:08:08+08:00,confirmed
2014-11-13,79.08000183105469,79.16999816894531,78.5199966430664,78.83999633789062,64.62342071533203,666000,Yahoo Finance,RSP,2026-09-11T22:08:08+08:00,confirmed
2014-11-14,78.87000274658203,78.98999786376953,78.66000366210938,78.87999725341797,64.65621948242188,987900,Yahoo Finance,RSP,2026-09-11T22:08:08+08:00,confirmed
2014-11-17,78.69000244140625,79.05000305175781,78.66999816894531,78.98999786376953,64.74637603759766,1217700,Yahoo Finance,RSP,2026-09-11T22:08:08+08:00,confirmed
2014-11-18,79.05999755859375,79.61000061035156,79.0199966430664,79.48999786376953,65.15623474121094,1043500,Yahoo Finance,RSP,2026-09-11T22:08:08+08:00,confirmed
2014-11-19,79.4000015258789,79.48999786376953,79.0,79.31999969482422,65.01687622070312,1293100,Yahoo Finance,RSP,2026-09-11T22:08:08+08:00,confirmed
2014-11-20,78.98999786376953,79.66999816894531,78.94999694824219,79.5999984741211,65.24641418457031,849900,Yahoo Finance,RSP,2026-09-11T22:08:08+08:00,confirmed
2014-11-21,80.41000366210938,80.47000122070312,79.83000183105469,80.08000183105469,65.63981628417969,1177300,Yahoo Finance,RSP,2026-09-11T22:08:08+08:00,confirmed
2014-11-24,80.31999969482422,80.38999938964844,80.18000030517578,80.36000061035156,65.8693618774414,754700,Yahoo Finance,RSP,2026-09-11T22:08:08+08:00,confirmed
2014-11-25,80.47000122070312,80.58000183105469,80.0999984741211,80.30000305175781,65.82015991210938,1117600,Yahoo Finance,RSP,2026-09-11T22:08:08+08:00,confirmed
2014-11-26,80.36000061035156,80.44000244140625,80.16999816894531,80.3499984741211,65.86114501953125,568100,Yahoo Finance,RSP,2026-09-11T22:08:08+08:00,confirmed
2014-11-28,80.31999969482422,80.4000015258789,80.04000091552734,80.16000366210938,65.70542907714844,300200,Yahoo Finance,RSP,2026-09-11T22:08:08+08:00,confirmed
2014-12-01,79.81999969482422,79.91000366210938,79.33999633789062,79.52999877929688,65.18901824951172,1250900,Yahoo Finance,RSP,2026-09-11T22:08:08+08:00,confirmed
2014-12-02,79.51000213623047,80.0199966430664,79.44999694824219,79.95999908447266,65.54147338867188,1224900,Yahoo Finance,RSP,2026-09-11T22:08:08+08:00,confirmed
2014-12-03,80.04000091552734,80.5199966430664,79.91999816894531,80.44000244140625,65.93489837646484,726700,Yahoo Finance,RSP,2026-09-11T22:08:08+08:00,confirmed
2014-12-04,80.33999633789062,80.5199966430664,79.95999908447266,80.2699966430664,65.79560089111328,1254500,Yahoo Finance,RSP,2026-09-11T22:08:08+08:00,confirmed
2014-12-05,80.38999938964844,80.55000305175781,80.20999908447266,80.41999816894531,65.91851043701172,850600,Yahoo Finance,RSP,2026-09-11T22:08:08+08:00,confirmed
2014-12-08,80.27999877929688,80.4800033569336,79.56999969482422,79.81999969482422,65.42670440673828,1190600,Yahoo Finance,RSP,2026-09-11T22:08:08+08:00,confirmed
2014-12-09,79.05999755859375,79.94999694824219,78.97000122070312,79.9000015258789,65.4922866821289,1508000,Yahoo Finance,RSP,2026-09-11T22:08:08+08:00,confirmed
2014-12-10,79.70999908447266,79.72000122070312,78.4800033569336,78.58999633789062,64.41850280761719,1757700,Yahoo Finance,RSP,2026-09-11T22:08:08+08:00,confirmed
2014-12-11,78.79000091552734,79.68000030517578,78.79000091552734,78.98999786376953,64.74637603759766,1587400,Yahoo Finance,RSP,2026-09-11T22:08:08+08:00,confirmed
2014-12-12,78.47000122070312,78.80000305175781,77.70999908447266,77.76000213623047,63.7381706237793,1211900,Yahoo Finance,RSP,2026-09-11T22:08:08+08:00,confirmed
2014-12-15,78.16999816894531,78.36000061035156,76.9800033569336,77.37000274658203,63.41848373413086,1518900,Yahoo Finance,RSP,2026-09-11T22:08:08+08:00,confirmed
2014-12-16,76.94000244140625,78.43000030517578,76.83000183105469,76.88999938964844,63.02504348754883,1379000,Yahoo Finance,RSP,2026-09-11T22:08:08+08:00,confirmed
2014-12-17,77.1500015258789,78.62000274658203,77.04000091552734,78.47000122070312,64.3201675415039,1772300,Yahoo Finance,RSP,2026-09-11T22:08:08+08:00,confirmed
2014-12-18,79.56999969482422,80.19999694824219,79.1500015258789,80.19999694824219,65.73819732666016,1909600,Yahoo Finance,RSP,2026-09-11T22:08:08+08:00,confirmed
2014-12-19,80.22000122070312,80.56999969482422,79.93000030517578,80.23999786376953,66.0468521118164,2656100,Yahoo Finance,RSP,2026-09-11T22:08:08+08:00,confirmed
2014-12-22,80.41999816894531,80.56999969482422,80.12999725341797,80.56999969482422,66.31849670410156,1052300,Yahoo Finance,RSP,2026-09-11T22:08:08+08:00,confirmed
2014-12-23,80.87999725341797,81.0199966430664,80.77999877929688,80.83999633789062,66.54071807861328,1439800,Yahoo Finance,RSP,2026-09-11T22:08:08+08:00,confirmed
2014-12-24,80.9000015258789,81.02999877929688,80.80000305175781,80.8499984741211,66.54895782470703,491500,Yahoo Finance,RSP,2026-09-11T22:08:08+08:00,confirmed
2014-12-26,81.06999969482422,81.2300033569336,81.0199966430664,81.05000305175781,66.71359252929688,1068300,Yahoo Finance,RSP,2026-09-11T22:08:08+08:00,confirmed
2014-12-29,80.97000122070312,81.37999725341797,80.95999908447266,81.2699966430664,66.89464569091797,825500,Yahoo Finance,RSP,2026-09-11T22:08:08+08:00,confirmed
2014-12-30,81.08999633789062,81.16000366210938,80.79000091552734,80.79000091552734,66.49955749511719,1109600,Yahoo Finance,RSP,2026-09-11T22:08:08+08:00,confirmed
2014-12-31,81.02999877929688,81.02999877929688,80.0,80.05000305175781,65.89047241210938,1279600,Yahoo Finance,RSP,2026-09-11T22:08:08+08:00,confirmed
2015-01-02,80.37999725341797,80.55000305175781,79.45999908447266,80.02999877929688,65.87398529052734,2049100,Yahoo Finance,RSP,2026-09-11T22:08:08+08:00,confirmed
2015-01-05,79.56999969482422,79.5999984741211,78.2300033569336,78.44000244140625,64.56526184082031,3922400,Yahoo Finance,RSP,2026-09-11T22:08:08+08:00,confirmed
2015-01-06,78.51000213623047,78.7300033569336,77.18000030517578,77.58999633789062,63.86558532714844,2766800,Yahoo Finance,RSP,2026-09-11T22:08:08+08:00,confirmed
2015-01-07,78.2699966430664,78.63999938964844,77.94999694824219,78.5199966430664,64.63108825683594,1216800,Yahoo Finance,RSP,2026-09-11T22:08:08+08:00,confirmed
2015-01-08,79.19000244140625,79.97000122070312,79.1500015258789,79.9000015258789,65.76699829101562,1951500,Yahoo Finance,RSP,2026-09-11T22:08:08+08:00,confirmed
2015-01-09,80.06999969482422,80.08000183105469,78.94999694824219,79.25,65.2319564819336,1569300,Yahoo Finance,RSP,2026-09-11T22:08:08+08:00,confirmed
2015-01-12,79.26000213623047,79.26000213623047,78.19999694824219,78.45999908447266,64.58172607421875,1517300,Yahoo Finance,RSP,2026-09-11T22:08:08+08:00,confirmed
2015-01-13,79.02999877929688,79.55999755859375,77.62999725341797,78.26000213623047,64.41707611083984,1828000,Yahoo Finance,RSP,2026-09-11T22:08:08+08:00,confirmed
2015-01-14,77.33999633789062,77.88999938964844,76.8499984741211,77.8499984741211,64.07963562011719,2031000,Yahoo Finance,RSP,2026-09-11T22:08:08+08:00,confirmed
2015-01-15,78.1500015258789,78.36000061035156,77.06999969482422,77.12999725341797,63.486961364746094,1685600,Yahoo Finance,RSP,2026-09-11T22:08:08+08:00,confirmed
2015-01-16,77.08999633789062,78.27999877929688,76.94000244140625,78.19000244140625,64.35945892333984,994700,Yahoo Finance,RSP,2026-09-11T22:08:08+08:00,confirmed
2015-01-20,78.43000030517578,78.55000305175781,77.51000213623047,78.2300033569336,64.39237976074219,1499800,Yahoo Finance,RSP,2026-09-11T22:08:08+08:00,confirmed
2015-01-21,78.02999877929688,78.93000030517578,77.86000061035156,78.7699966430664,64.83687591552734,1388000,Yahoo Finance,RSP,2026-09-11T22:08:08+08:00,confirmed
2015-01-22,79.12999725341797,79.94000244140625,78.5,79.87000274658203,65.74229431152344,1203000,Yahoo Finance,RSP,2026-09-11T22:08:08+08:00,confirmed
2015-01-23,79.79000091552734,79.86000061035156,79.38999938964844,79.44000244140625,65.38835906982422,1144600,Yahoo Finance,RSP,2026-09-11T22:08:08+08:00,confirmed
2015-01-26,79.41000366210938,79.83999633789062,79.0,79.83000183105469,65.70939636230469,711200,Yahoo Finance,RSP,2026-09-11T22:08:08+08:00,confirmed
2015-01-27,79.0199966430664,79.62000274658203,78.66000366210938,79.19000244140625,65.18258666992188,1114700,Yahoo Finance,RSP,2026-09-11T22:08:08+08:00,confirmed
2015-01-28,79.55999755859375,79.55999755859375,77.91999816894531,77.9800033569336,64.1866455078125,1307500,Yahoo Finance,RSP,2026-09-11T22:08:08+08:00,confirmed
2015-01-29,78.0999984741211,78.83999633789062,77.44000244140625,78.69999694824219,64.77925872802734,862300,Yahoo Finance,RSP,2026-09-11T22:08:08+08:00,confirmed
2015-01-30,78.19999694824219,78.77999877929688,77.66000366210938,77.70999908447266,63.96435928344727,910900,Yahoo Finance,RSP,2026-09-11T22:08:08+08:00,confirmed
2015-02-02,78.04000091552734,78.80999755859375,77.16000366210938,78.55000305175781,64.65579986572266,4156900,Yahoo Finance,RSP,2026-09-11T22:08:08+08:00,confirmed
2015-02-03,79.12000274658203,80.16000366210938,79.04000091552734,80.16000366210938,65.98103332519531,1386700,Yahoo Finance,RSP,2026-09-11T22:08:08+08:00,confirmed
2015-02-04,79.75,80.20999908447266,79.51000213623047,79.70999908447266,65.610595703125,1110900,Yahoo Finance,RSP,2026-09-11T22:08:08+08:00,confirmed
2015-02-05,80.06999969482422,80.66000366210938,80.0,80.6500015258789,66.38434600830078,1080700,Yahoo Finance,RSP,2026-09-11T22:08:08+08:00,confirmed
2015-02-06,80.7699966430664,80.91999816894531,80.08999633789062,80.30999755859375,66.10448455810547,935300,Yahoo Finance,RSP,2026-09-11T22:08:08+08:00,confirmed
2015-02-09,80.08000183105469,80.37999725341797,79.83999633789062,80.02999877929688,65.87398529052734,972300,Yahoo Finance,RSP,2026-09-11T22:08:08+08:00,confirmed
2015-02-10,80.4000015258789,80.9000015258789,79.94000244140625,80.80999755859375,66.51602172851562,1217800,Yahoo Finance,RSP,2026-09-11T22:08:08+08:00,confirmed
2015-02-11,80.66000366210938,80.93000030517578,80.33999633789062,80.7300033569336,66.45018768310547,936700,Yahoo Finance,RSP,2026-09-11T22:08:08+08:00,confirmed
2015-02-12,81.13999938964844,81.5999984741211,81.02999877929688,81.58999633789062,67.15806579589844,1408400,Yahoo Finance,RSP,2026-09-11T22:08:08+08:00,confirmed
2015-02-13,81.62000274658203,81.94999694824219,81.52999877929688,81.91000366210938,67.42147827148438,1482300,Yahoo Finance,RSP,2026-09-11T22:08:08+08:00,confirmed
2015-02-17,81.83999633789062,82.18000030517578,81.62999725341797,82.12000274658203,67.59431457519531,891200,Yahoo Finance,RSP,2026-09-11T22:08:08+08:00,confirmed
2015-02-18,81.94999694824219,82.22000122070312,81.81999969482422,82.19999694824219,67.66016387939453,939900,Yahoo Finance,RSP,2026-09-11T22:08:08+08:00,confirmed
2015-02-19,81.91999816894531,82.33999633789062,81.79000091552734,82.16000366210938,67.62724304199219,861300,Yahoo Finance,RSP,2026-09-11T22:08:08+08:00,confirmed
2015-02-20,82.0199966430664,82.62000274658203,81.61000061035156,82.61000061035156,67.99764251708984,1126900,Yahoo Finance,RSP,2026-09-11T22:08:08+08:00,confirmed
2015-02-23,82.54000091552734,82.55000305175781,82.23999786376953,82.51000213623047,67.91532135009766,1098100,Yahoo Finance,RSP,2026-09-11T22:08:08+08:00,confirmed
2015-02-24,82.52999877929688,82.73999786376953,82.33000183105469,82.66000366210938,68.03881072998047,817300,Yahoo Finance,RSP,2026-09-11T22:08:08+08:00,confirmed
2015-02-25,82.6500015258789,82.86000061035156,82.4800033569336,82.6500015258789,68.03057861328125,866200,Yahoo Finance,RSP,2026-09-11T22:08:08+08:00,confirmed
2015-02-26,82.61000061035156,82.66999816894531,82.08000183105469,82.30999755859375,67.75067901611328,901700,Yahoo Finance,RSP,2026-09-11T22:08:08+08:00,confirmed
2015-02-27,82.30999755859375,82.44999694824219,82.12000274658203,82.16000366210938,67.62724304199219,960000,Yahoo Finance,RSP,2026-09-11T22:08:08+08:00,confirmed
2015-03-02,82.2699966430664,82.62000274658203,82.11000061035156,82.55999755859375,67.95648193359375,1068200,Yahoo Finance,RSP,2026-09-11T22:08:08+08:00,confirmed
2015-03-03,82.4000015258789,82.43000030517578,81.9000015258789,82.25,67.70130920410156,1283200,Yahoo Finance,RSP,2026-09-11T22:08:08+08:00,confirmed
2015-03-04,81.98999786376953,81.98999786376953,81.4000015258789,81.86000061035156,67.38029479980469,641700,Yahoo Finance,RSP,2026-09-11T22:08:08+08:00,confirmed
2015-03-05,82.02999877929688,82.06999969482422,81.76000213623047,82.01000213623047,67.50377655029297,1991100,Yahoo Finance,RSP,2026-09-11T22:08:08+08:00,confirmed
2015-03-06,81.58000183105469,81.70999908447266,80.61000061035156,80.77999877929688,66.49134063720703,974600,Yahoo Finance,RSP,2026-09-11T22:08:08+08:00,confirmed
2015-03-09,80.75,81.11000061035156,80.75,80.9800033569336,66.65597534179688,915900,Yahoo Finance,RSP,2026-09-11T22:08:08+08:00,confirmed
2015-03-10,80.30000305175781,80.37999725341797,79.75,79.75,65.64352416992188,1138800,Yahoo Finance,RSP,2026-09-11T22:08:08+08:00,confirmed
2015-03-11,79.83999633789062,79.97000122070312,79.58999633789062,79.75,65.64352416992188,872300,Yahoo Finance,RSP,2026-09-11T22:08:08+08:00,confirmed
2015-03-12,79.95999908447266,80.80000305175781,79.91999816894531,80.7699966430664,66.48311614990234,686800,Yahoo Finance,RSP,2026-09-11T22:08:08+08:00,confirmed
2015-03-13,80.52999877929688,80.5999984741211,79.69000244140625,80.20999908447266,66.02214050292969,1013200,Yahoo Finance,RSP,2026-09-11T22:08:08+08:00,confirmed
2015-03-16,80.5199966430664,81.33000183105469,80.5199966430664,81.30999755859375,66.92758178710938,971300,Yahoo Finance,RSP,2026-09-11T22:08:08+08:00,confirmed
2015-03-17,80.9800033569336,81.19999694824219,80.6500015258789,81.01000213623047,66.6806411743164,943300,Yahoo Finance,RSP,2026-09-11T22:08:08+08:00,confirmed
2015-03-18,80.83000183105469,82.4800033569336,80.63999938964844,82.16000366210938,67.62724304199219,1358000,Yahoo Finance,RSP,2026-09-11T22:08:08+08:00,confirmed
2015-03-19,82.01000213623047,82.01000213623047,81.47000122070312,81.68000030517578,67.23213958740234,1179400,Yahoo Finance,RSP,2026-09-11T22:08:08+08:00,confirmed
2015-03-20,81.87000274658203,82.37000274658203,81.73999786376953,82.1500015258789,67.8899917602539,1439600,Yahoo Finance,RSP,2026-09-11T22:08:08+08:00,confirmed
2015-03-23,82.1500015258789,82.5199966430664,82.0999984741211,82.0999984741211,67.84866333007812,772900,Yahoo Finance,RSP,2026-09-11T22:08:08+08:00,confirmed
2015-03-24,82.01000213623047,82.13999938964844,81.58999633789062,81.61000061035156,67.4437255859375,865500,Yahoo Finance,RSP,2026-09-11T22:08:08+08:00,confirmed
2015-03-25,81.76000213623047,81.86000061035156,80.5199966430664,80.5199966430664,66.54289245605469,1101600,Yahoo Finance,RSP,2026-09-11T22:08:08+08:00,confirmed
2015-03-26,80.2300033569336,80.70999908447266,79.93000030517578,80.30999755859375,66.36935424804688,902200,Yahoo Finance,RSP,2026-09-11T22:08:08+08:00,confirmed
2015-03-27,80.23999786376953,80.69000244140625,80.2300033569336,80.66000366210938,66.65863037109375,717200,Yahoo Finance,RSP,2026-09-11T22:08:08+08:00,confirmed
2015-03-30,81.08000183105469,81.73999786376953,81.0199966430664,81.61000061035156,67.4437255859375,697700,Yahoo Finance,RSP,2026-09-11T22:08:08+08:00,confirmed
2015-03-31,81.20999908447266,81.62999725341797,80.9800033569336,81.05000305175781,66.98092651367188,1010200,Yahoo Finance,RSP,2026-09-11T22:08:08+08:00,confirmed
2015-04-01,80.98999786376953,80.98999786376953,80.33000183105469,80.83999633789062,66.80735778808594,1286800,Yahoo Finance,RSP,2026-09-11T22:08:08+08:00,confirmed
2015-04-02,80.77999877929688,81.43000030517578,80.69000244140625,81.19999694824219,67.1048812866211,952400,Yahoo Finance,RSP,2026-09-11T22:08:08+08:00,confirmed
2015-04-06,80.80000305175781,82.02999877929688,80.77999877929688,81.83000183105469,67.62551879882812,826900,Yahoo Finance,RSP,2026-09-11T22:08:08+08:00,confirmed
2015-04-07,81.83999633789062,82.06999969482422,81.5199966430664,81.52999877929688,67.37757110595703,745900,Yahoo Finance,RSP,2026-09-11T22:08:08+08:00,confirmed
2015-04-08,81.58000183105469,81.95999908447266,81.37000274658203,81.80000305175781,67.60073852539062,825500,Yahoo Finance,RSP,2026-09-11T22:08:08+08:00,confirmed
2015-04-09,81.72000122070312,82.19999694824219,81.4800033569336,82.12000274658203,67.86519622802734,899600,Yahoo Finance,RSP,2026-09-11T22:08:08+08:00,confirmed
2015-04-10,82.19999694824219,82.36000061035156,82.08000183105469,82.33999633789062,68.04695892333984,4363000,Yahoo Finance,RSP,2026-09-11T22:08:08+08:00,confirmed
2015-04-13,82.29000091552734,82.47000122070312,81.91999816894531,81.93000030517578,67.70816040039062,791900,Yahoo Finance,RSP,2026-09-11T22:08:08+08:00,confirmed
2015-04-14,81.88999938964844,82.18000030517578,81.5999984741211,82.1500015258789,67.8899917602539,809300,Yahoo Finance,RSP,2026-09-11T22:08:08+08:00,confirmed
2015-04-15,82.43000030517578,82.87999725341797,82.36000061035156,82.66000366210938,68.31145477294922,994300,Yahoo Finance,RSP,2026-09-11T22:08:08+08:00,confirmed
2015-04-16,82.5,82.7699966430664,82.25,82.5,68.1792221069336,984300,Yahoo Finance,RSP,2026-09-11T22:08:08+08:00,confirmed
2015-04-17,82.08999633789062,82.08999633789062,81.26000213623047,81.56999969482422,67.41065979003906,1636000,Yahoo Finance,RSP,2026-09-11T22:08:08+08:00,confirmed
2015-04-20,82.01000213623047,82.38999938964844,81.98999786376953,82.20999908447266,67.93954467773438,768300,Yahoo Finance,RSP,2026-09-11T22:08:08+08:00,confirmed
2015-04-21,82.4800033569336,82.58000183105469,81.94999694824219,82.11000061035156,67.8569107055664,1272200,Yahoo Finance,RSP,2026-09-11T22:08:08+08:00,confirmed
2015-04-22,82.26000213623047,82.44999694824219,81.76000213623047,82.38999938964844,68.08832550048828,1023200,Yahoo Finance,RSP,2026-09-11T22:08:08+08:00,confirmed
2015-04-23,82.16000366210938,82.91000366210938,82.16000366210938,82.6500015258789,68.30318450927734,965500,Yahoo Finance,RSP,2026-09-11T22:08:08+08:00,confirmed
2015-04-24,82.70999908447266,82.70999908447266,82.37999725341797,82.55000305175781,68.22052001953125,833600,Yahoo Finance,RSP,2026-09-11T22:08:08+08:00,confirmed
2015-04-27,82.7699966430664,82.8499984741211,82.0199966430664,82.0999984741211,67.84866333007812,1128300,Yahoo Finance,RSP,2026-09-11T22:08:08+08:00,confirmed
2015-04-28,82.04000091552734,82.33000183105469,81.52999877929688,82.33000183105469,68.03874969482422,929900,Yahoo Finance,RSP,2026-09-11T22:08:08+08:00,confirmed
2015-04-29,81.98999786376953,82.29000091552734,81.69999694824219,81.98999786376953,67.75772857666016,1103800,Yahoo Finance,RSP,2026-09-11T22:08:08+08:00,confirmed
2015-04-30,81.83000183105469,81.95999908447266,81.04000091552734,81.37999725341797,67.25363159179688,1257800,Yahoo Finance,RSP,2026-09-11T22:08:08+08:00,confirmed
2015-05-01,81.56999969482422,82.30000305175781,81.56999969482422,82.20999908447266,67.93954467773438,3225000,Yahoo Finance,RSP,2026-09-11T22:08:08+08:00,confirmed
2015-05-04,82.44999694824219,82.66000366210938,82.29000091552734,82.5,68.1792221069336,734500,Yahoo Finance,RSP,2026-09-11T22:08:08+08:00,confirmed
2015-05-05,82.4000015258789,82.62999725341797,81.44000244140625,81.48999786376953,67.34451293945312,2376800,Yahoo Finance,RSP,2026-09-11T22:08:08+08:00,confirmed
2015-05-06,81.77999877929688,81.88999938964844,80.76000213623047,81.20999908447266,67.1131362915039,860500,Yahoo Finance,RSP,2026-09-11T22:08:08+08:00,confirmed
2015-05-07,81.02999877929688,81.58999633789062,80.91999816894531,81.4000015258789,67.2701644897461,990400,Yahoo Finance,RSP,2026-09-11T22:08:08+08:00,confirmed
2015-05-08,82.0,82.51000213623047,82.0,82.4000015258789,68.09657287597656,821400,Yahoo Finance,RSP,2026-09-11T22:08:08+08:00,confirmed
2015-05-11,82.30999755859375,82.51000213623047,82.05000305175781,82.06999969482422,67.82384490966797,756800,Yahoo Finance,RSP,2026-09-11T22:08:08+08:00,confirmed
2015-05-12,81.7699966430664,82.05999755859375,81.37000274658203,81.83000183105469,67.62551879882812,796200,Yahoo Finance,RSP,2026-09-11T22:08:08+08:00,confirmed
2015-05-13,82.08000183105469,82.29000091552734,81.7300033569336,81.83000183105469,67.62551879882812,536900,Yahoo Finance,RSP,2026-09-11T22:08:08+08:00,confirmed
2015-05-14,82.33999633789062,82.54000091552734,82.0999984741211,82.5,68.1792221069336,571600,Yahoo Finance,RSP,2026-09-11T22:08:08+08:00,confirmed
2015-05-15,82.62999725341797,82.68000030517578,82.33999633789062,82.68000030517578,68.32796478271484,647800,Yahoo Finance,RSP,2026-09-11T22:08:08+08:00,confirmed
2015-05-18,82.5999984741211,83.05000305175781,82.55000305175781,82.98999786376953,68.58416748046875,973100,Yahoo Finance,RSP,2026-09-11T22:08:08+08:00,confirmed
2015-05-19,82.9800033569336,82.98999786376953,82.63999938964844,82.80999755859375,68.43539428710938,1444500,Yahoo Finance,RSP,2026-09-11T22:08:08+08:00,confirmed
2015-05-20,82.87999725341797,83.1500015258789,82.63999938964844,82.80999755859375,68.43539428710938,566700,Yahoo Finance,RSP,2026-09-11T22:08:08+08:00,confirmed
2015-05-21,82.77999877929688,83.13999938964844,82.7300033569336,83.02999877929688,68.61720275878906,693400,Yahoo Finance,RSP,2026-09-11T22:08:08+08:00,confirmed
2015-05-22,82.86000061035156,83.08999633789062,82.81999969482422,82.88999938964844,68.50151062011719,608700,Yahoo Finance,RSP,2026-09-11T22:08:08+08:00,confirmed
2015-05-26,82.58000183105469,82.63999938964844,81.80000305175781,81.94000244140625,67.7164306640625,834700,Yahoo Finance,RSP,2026-09-11T22:08:08+08:00,confirmed
2015-05-27,82.12999725341797,82.7300033569336,81.95999908447266,82.61000061035156,68.27011108398438,628000,Yahoo Finance,RSP,2026-09-11T22:08:08+08:00,confirmed
2015-05-28,82.51000213623047,82.55999755859375,82.13999938964844,82.45999908447266,68.14615631103516,637900,Yahoo Finance,RSP,2026-09-11T22:08:08+08:00,confirmed
2015-05-29,82.38999938964844,82.5,81.87999725341797,81.97000122070312,67.74119567871094,771000,Yahoo Finance,RSP,2026-09-11T22:08:08+08:00,confirmed
2015-06-01,82.25,82.37000274658203,81.7300033569336,82.0999984741211,67.84866333007812,1100300,Yahoo Finance,RSP,2026-09-11T22:08:08+08:00,confirmed
2015-06-02,81.88999938964844,82.43000030517578,81.69999694824219,82.11000061035156,67.8569107055664,1045400,Yahoo Finance,RSP,2026-09-11T22:08:08+08:00,confirmed
2015-06-03,82.29000091552734,82.5199966430664,82.06999969482422,82.26000213623047,67.98088073730469,567500,Yahoo Finance,RSP,2026-09-11T22:08:08+08:00,confirmed
2015-06-04,81.94000244140625,82.11000061035156,81.4000015258789,81.5199966430664,67.36932373046875,739300,Yahoo Finance,RSP,2026-09-11T22:08:08+08:00,confirmed
2015-06-05,81.47000122070312,81.70999908447266,81.06999969482422,81.51000213623047,67.3610610961914,951400,Yahoo Finance,RSP,2026-09-11T22:08:08+08:00,confirmed
2015-06-08,81.44999694824219,81.58000183105469,80.97000122070312,80.98999786376953,66.93133544921875,671500,Yahoo Finance,RSP,2026-09-11T22:08:08+08:00,confirmed
2015-06-09,81.05999755859375,81.22000122070312,80.77999877929688,80.94000244140625,66.89000701904297,985800,Yahoo Finance,RSP,2026-09-11T22:08:08+08:00,confirmed
2015-06-10,81.29000091552734,82.02999877929688,81.22000122070312,81.86000061035156,67.65029907226562,741400,Yahoo Finance,RSP,2026-09-11T22:08:08+08:00,confirmed
2015-06-11,82.02999877929688,82.23999786376953,81.91999816894531,82.02999877929688,67.79078674316406,746000,Yahoo Finance,RSP,2026-09-11T22:08:08+08:00,confirmed
2015-06-12,81.76000213623047,81.80999755859375,81.43000030517578,81.5199966430664,67.36932373046875,616500,Yahoo Finance,RSP,2026-09-11T22:08:08+08:00,confirmed
2015-06-15,81.0,81.30000305175781,80.68000030517578,81.13999938964844,67.0552749633789,899900,Yahoo Finance,RSP,2026-09-11T22:08:08+08:00,confirmed
2015-06-16,81.0199966430664,81.58999633789062,81.0199966430664,81.56999969482422,67.41065979003906,585100,Yahoo Finance,RSP,2026-09-11T22:08:08+08:00,confirmed
2015-06-17,81.76000213623047,81.98999786376953,81.26000213623047,81.76000213623047,67.56767272949219,1072500,Yahoo Finance,RSP,2026-09-11T22:08:08+08:00,confirmed
2015-06-18,81.98999786376953,82.76000213623047,81.98999786376953,82.5,68.1792221069336,943400,Yahoo Finance,RSP,2026-09-11T22:08:08+08:00,confirmed
2015-06-19,82.08000183105469,82.19000244140625,81.77999877929688,81.77999877929688,67.84569549560547,1934900,Yahoo Finance,RSP,2026-09-11T22:08:08+08:00,confirmed
2015-06-22,82.38999938964844,82.5,82.1500015258789,82.2699966430664,68.2522201538086,778100,Yahoo Finance,RSP,2026-09-11T22:08:08+08:00,confirmed
2015-06-23,82.4000015258789,82.43000030517578,82.06999969482422,82.20999908447266,68.20244598388672,1587500,Yahoo Finance,RSP,2026-09-11T22:08:08+08:00,confirmed
2015-06-24,82.12999725341797,82.2300033569336,81.56999969482422,81.58000183105469,67.6797866821289,785800,Yahoo Finance,RSP,2026-09-11T22:08:08+08:00,confirmed
2015-06-25,81.81999969482422,81.81999969482422,81.2300033569336,81.26000213623047,67.41431427001953,831500,Yahoo Finance,RSP,2026-09-11T22:08:08+08:00,confirmed
2015-06-26,81.45999908447266,81.5,81.08000183105469,81.3499984741211,67.48897552490234,814900,Yahoo Finance,RSP,2026-09-11T22:08:08+08:00,confirmed
2015-06-29,80.62999725341797,80.95999908447266,79.54000091552734,79.5999984741211,66.03717041015625,4279600,Yahoo Finance,RSP,2026-09-11T22:08:08+08:00,confirmed
2015-06-30,80.26000213623047,80.29000091552734,79.55000305175781,79.80000305175781,66.20307159423828,1691100,Yahoo Finance,RSP,2026-09-11T22:08:08+08:00,confirmed
2015-07-01,80.5199966430664,80.5199966430664,80.0,80.30000305175781,66.6178970336914,1991300,Yahoo Finance,RSP,2026-09-11T22:08:08+08:00,confirmed
2015-07-02,80.47000122070312,80.66000366210938,80.05999755859375,80.2699966430664,66.59300231933594,1302100,Yahoo Finance,RSP,2026-09-11T22:08:08+08:00,confirmed
2015-07-06,79.69999694824219,80.33999633789062,79.55000305175781,79.91000366210938,66.2943344116211,1007900,Yahoo Finance,RSP,2026-09-11T22:08:08+08:00,confirmed
2015-07-07,80.0199966430664,80.63999938964844,79.01000213623047,80.56999969482422,66.84188079833984,1584000,Yahoo Finance,RSP,2026-09-11T22:08:08+08:00,confirmed
2015-07-08,79.97000122070312,80.12000274658203,79.01000213623047,79.13999938964844,65.65553283691406,1006800,Yahoo Finance,RSP,2026-09-11T22:08:08+08:00,confirmed
2015-07-09,79.91999816894531,80.2300033569336,79.30999755859375,79.33000183105469,65.81320190429688,856700,Yahoo Finance,RSP,2026-09-11T22:08:08+08:00,confirmed
2015-07-10,80.12000274658203,80.33000183105469,79.80999755859375,80.19000244140625,66.52664947509766,555800,Yahoo Finance,RSP,2026-09-11T22:08:08+08:00,confirmed
2015-07-13,80.81999969482422,81.04000091552734,80.69000244140625,81.0,67.1986083984375,512800,Yahoo Finance,RSP,2026-09-11T22:08:08+08:00,confirmed
2015-07-14,81.06999969482422,81.37000274658203,80.91000366210938,81.23999786376953,67.3977279663086,630900,Yahoo Finance,RSP,2026-09-11T22:08:08+08:00,confirmed
2015-07-15,81.33000183105469,81.33000183105469,80.75,80.95999908447266,67.16542053222656,914000,Yahoo Finance,RSP,2026-09-11T22:08:08+08:00,confirmed
2015-07-16,81.30000305175781,81.4800033569336,81.23999786376953,81.45999908447266,67.58025360107422,520600,Yahoo Finance,RSP,2026-09-11T22:08:08+08:00,confirmed
2015-07-17,81.36000061035156,81.36000061035156,80.9000015258789,81.05000305175781,67.24010467529297,690800,Yahoo Finance,RSP,2026-09-11T22:08:08+08:00,confirmed
2015-07-20,81.0999984741211,81.0999984741211,80.80999755859375,80.88999938964844,67.1073226928711,543800,Yahoo Finance,RSP,2026-09-11T22:08:08+08:00,confirmed
2015-07-21,80.83999633789062,81.02999877929688,80.43000030517578,80.58999633789062,66.85845947265625,493500,Yahoo Finance,RSP,2026-09-11T22:08:08+08:00,confirmed
2015-07-22,80.4000015258789,80.76000213623047,80.4000015258789,80.61000061035156,66.87506103515625,1236000,Yahoo Finance,RSP,2026-09-11T22:08:08+08:00,confirmed
2015-07-23,80.7300033569336,80.80000305175781,80.06999969482422,80.2300033569336,66.55982208251953,736100,Yahoo Finance,RSP,2026-09-11T22:08:08+08:00,confirmed
2015-07-24,80.19999694824219,80.19999694824219,79.19999694824219,79.33999633789062,65.82147216796875,994400,Yahoo Finance,RSP,2026-09-11T22:08:08+08:00,confirmed
2015-07-27,79.04000091552734,79.18000030517578,78.66000366210938,78.86000061035156,65.42324829101562,989000,Yahoo Finance,RSP,2026-09-11T22:08:08+08:00,confirmed
2015-07-28,79.19000244140625,79.94000244140625,78.79000091552734,79.8499984741211,66.24459075927734,899800,Yahoo Finance,RSP,2026-09-11T22:08:08+08:00,confirmed
2015-07-29,79.88999938964844,80.58000183105469,79.80000305175781,80.5199966430664,66.80039978027344,795000,Yahoo Finance,RSP,2026-09-11T22:08:08+08:00,confirmed
2015-07-30,80.20999908447266,80.61000061035156,80.0199966430664,80.55999755859375,66.83357238769531,491700,Yahoo Finance,RSP,2026-09-11T22:08:08+08:00,confirmed
2015-07-31,80.80999755859375,80.94000244140625,80.4800033569336,80.56999969482422,66.84188079833984,528500,Yahoo Finance,RSP,2026-09-11T22:08:08+08:00,confirmed
2015-08-03,80.58999633789062,80.58999633789062,79.9000015258789,80.26000213623047,66.58472442626953,1686600,Yahoo Finance,RSP,2026-09-11T22:08:08+08:00,confirmed
2015-08-04,80.30000305175781,80.55999755859375,79.98999786376953,80.16999816894531,66.51002502441406,825300,Yahoo Finance,RSP,2026-09-11T22:08:08+08:00,confirmed
2015-08-05,80.58999633789062,81.01000213623047,80.30000305175781,80.44999694824219,66.7423324584961,539500,Yahoo Finance,RSP,2026-09-11T22:08:08+08:00,confirmed
2015-08-06,80.44000244140625,80.44999694824219,79.51000213623047,79.91000366210938,66.2943344116211,535200,Yahoo Finance,RSP,2026-09-11T22:08:08+08:00,confirmed
2015-08-07,79.79000091552734,79.87000274658203,79.45999908447266,79.7699966430664,66.17818450927734,870100,Yahoo Finance,RSP,2026-09-11T22:08:08+08:00,confirmed
2015-08-10,80.27999877929688,80.93000030517578,80.27999877929688,80.9000015258789,67.11564636230469,702100,Yahoo Finance,RSP,2026-09-11T22:08:08+08:00,confirmed
2015-08-11,80.2699966430664,80.47000122070312,79.9000015258789,80.2300033569336,66.55982208251953,728900,Yahoo Finance,RSP,2026-09-11T22:08:08+08:00,confirmed
2015-08-12,79.6500015258789,80.4800033569336,79.08999633789062,80.37000274658203,66.67597961425781,915000,Yahoo Finance,RSP,2026-09-11T22:08:08+08:00,confirmed
2015-08-13,80.36000061035156,80.51000213623047,80.02999877929688,80.23999786376953,66.56810760498047,374600,Yahoo Finance,RSP,2026-09-11T22:08:08+08:00,confirmed
2015-08-14,80.11000061035156,80.58000183105469,80.11000061035156,80.55999755859375,66.83357238769531,436400,Yahoo Finance,RSP,2026-09-11T22:08:08+08:00,confirmed
2015-08-17,80.25,81.01000213623047,80.05999755859375,80.97000122070312,67.17372131347656,730800,Yahoo Finance,RSP,2026-09-11T22:08:08+08:00,confirmed
2015-08-18,80.9000015258789,81.05000305175781,80.69000244140625,80.80000305175781,67.0326919555664,256400,Yahoo Finance,RSP,2026-09-11T22:08:08+08:00,confirmed
2015-08-19,80.41000366210938,80.76000213623047,79.7699966430664,80.18000030517578,66.5183334350586,854700,Yahoo Finance,RSP,2026-09-11T22:08:08+08:00,confirmed
2015-08-20,79.62999725341797,79.73999786376953,78.48999786376953,78.5199966430664,65.14119720458984,5048100,Yahoo Finance,RSP,2026-09-11T22:08:08+08:00,confirmed
2015-08-21,77.88999938964844,78.12000274658203,76.3499984741211,76.37999725341797,63.36579895019531,3150300,Yahoo Finance,RSP,2026-09-11T22:08:08+08:00,confirmed
2015-08-24,71.38999938964844,75.56999969482422,71.38999938964844,73.33000183105469,60.83548355102539,6327800,Yahoo Finance,RSP,2026-09-11T22:08:08+08:00,confirmed
2015-08-25,75.51000213623047,75.56999969482422,72.2699966430664,72.2699966430664,59.95610809326172,4330600,Yahoo Finance,RSP,2026-09-11T22:08:08+08:00,confirmed
2015-08-26,74.29000091552734,74.73999786376953,72.58000183105469,74.63999938964844,61.922271728515625,2139700,Yahoo Finance,RSP,2026-09-11T22:08:08+08:00,confirmed
2015-08-27,75.61000061035156,76.7300033569336,75.1500015258789,76.55999755859375,63.51512908935547,1520300,Yahoo Finance,RSP,2026-09-11T22:08:08+08:00,confirmed
2015-08-28,76.2300033569336,76.94000244140625,76.2300033569336,76.7300033569336,63.656158447265625,834800,Yahoo Finance,RSP,2026-09-11T22:08:08+08:00,confirmed
2015-08-31,76.41000366210938,76.75,75.87999725341797,76.16999816894531,63.19158554077149,2712000,Yahoo Finance,RSP,2026-09-11T22:08:08+08:00,confirmed
2015-09-01,74.41999816894531,75.12000274658203,73.5999984741211,74.0,61.39133071899414,3138200,Yahoo Finance,RSP,2026-09-11T22:08:08+08:00,confirmed
2015-09-02,74.83999633789062,75.19999694824219,74.08999633789062,75.18000030517578,62.37025833129883,1539700,Yahoo Finance,RSP,2026-09-11T22:08:08+08:00,confirmed
2015-09-03,75.4800033569336,76.33000183105469,75.23999786376953,75.5,62.63574981689453,1290100,Yahoo Finance,RSP,2026-09-11T22:08:08+08:00,confirmed
2015-09-04,74.75,74.86000061035156,74.0199966430664,74.3499984741211,61.68167495727539,1090300,Yahoo Finance,RSP,2026-09-11T22:08:08+08:00,confirmed
2015-09-08,75.55999755859375,76.29000091552734,75.30999755859375,76.2300033569336,63.24135971069336,980000,Yahoo Finance,RSP,2026-09-11T22:08:08+08:00,confirmed
2015-09-09,76.9000015258789,76.98999786376953,75.12999725341797,75.26000213623047,62.436649322509766,1243200,Yahoo Finance,RSP,2026-09-11T22:08:08+08:00,confirmed
2015-09-10,75.19000244140625,76.06999969482422,75.01000213623047,75.52999877929688,62.66062545776367,1056600,Yahoo Finance,RSP,2026-09-11T22:08:08+08:00,confirmed
2015-09-11,75.31999969482422,75.81999969482422,74.95999908447266,75.81999969482422,62.90122222900391,687200,Yahoo Finance,RSP,2026-09-11T22:08:08+08:00,confirmed
2015-09-14,75.8499984741211,75.8499984741211,75.33000183105469,75.5,62.63574981689453,792100,Yahoo Finance,RSP,2026-09-11T22:08:08+08:00,confirmed
2015-09-15,75.77999877929688,76.55000305175781,75.54000091552734,76.4000015258789,63.38241958618164,595400,Yahoo Finance,RSP,2026-09-11T22:08:08+08:00,confirmed
2015-09-16,76.44999694824219,77.26000213623047,76.41000366210938,77.18000030517578,64.02951049804688,809700,Yahoo Finance,RSP,2026-09-11T22:08:08+08:00,confirmed
2015-09-17,77.08999633789062,78.23999786376953,76.9000015258789,77.04000091552734,63.91336441040039,1668900,Yahoo Finance,RSP,2026-09-11T22:08:08+08:00,confirmed
2015-09-18,75.69999694824219,76.27999877929688,75.2300033569336,75.37000274658203,62.79035568237305,866900,Yahoo Finance,RSP,2026-09-11T22:08:08+08:00,confirmed
2015-09-21,75.83999633789062,76.29000091552734,75.38999938964844,75.69000244140625,63.056922912597656,639400,Yahoo Finance,RSP,2026-09-11T22:08:08+08:00,confirmed
2015-09-22,74.68000030517578,74.9000015258789,74.0999984741211,74.55000305175781,62.107215881347656,672900,Yahoo Finance,RSP,2026-09-11T22:08:08+08:00,confirmed
2015-09-23,74.55000305175781,74.76000213623047,74.02999877929688,74.23999786376953,61.84894561767578,631700,Yahoo Finance,RSP,2026-09-11T22:08:08+08:00,confirmed
2015-09-24,73.73999786376953,74.18000030517578,73.06999969482422,73.95999908447266,61.61567687988281,919100,Yahoo Finance,RSP,2026-09-11T22:08:08+08:00,confirmed
2015-09-25,74.52999877929688,74.68000030517578,73.58999633789062,74.01000213623047,61.65732192993164,902400,Yahoo Finance,RSP,2026-09-11T22:08:08+08:00,confirmed
2015-09-28,73.62000274658203,73.62000274658203,71.83999633789062,71.95999908447266,59.94950866699219,1080500,Yahoo Finance,RSP,2026-09-11T22:08:08+08:00,confirmed
2015-09-29,71.97000122070312,72.58000183105469,71.61000061035156,72.0199966430664,59.999473571777344,1706300,Yahoo Finance,RSP,2026-09-11T22:08:08+08:00,confirmed
2015-09-30,72.83000183105469,73.55999755859375,72.4800033569336,73.55999755859375,61.28244018554688,1129700,Yahoo Finance,RSP,2026-09-11T22:08:08+08:00,confirmed
2015-10-01,73.5999984741211,73.75,72.58999633789062,73.4000015258789,61.149147033691406,826000,Yahoo Finance,RSP,2026-09-11T22:08:08+08:00,confirmed
2015-10-02,72.66000366210938,74.62000274658203,72.33000183105469,74.62000274658203,62.165523529052734,899900,Yahoo Finance,RSP,2026-09-11T22:08:08+08:00,confirmed
2015-10-05,75.06999969482422,76.23999786376953,75.06999969482422,76.1500015258789,63.44017028808594,943000,Yahoo Finance,RSP,2026-09-11T22:08:08+08:00,confirmed
2015-10-06,76.05999755859375,76.33999633789062,75.63999938964844,75.93000030517578,63.25687789916992,563700,Yahoo Finance,RSP,2026-09-11T22:08:08+08:00,confirmed
2015-10-07,76.38999938964844,76.87999725341797,75.87999725341797,76.70999908447266,63.906700134277344,770400,Yahoo Finance,RSP,2026-09-11T22:08:08+08:00,confirmed
2015-10-08,76.55999755859375,77.80999755859375,76.47000122070312,77.62999725341797,64.67312622070312,1014100,Yahoo Finance,RSP,2026-09-11T22:08:08+08:00,confirmed
2015-10-09,77.7300033569336,77.87000274658203,77.3499984741211,77.61000061035156,64.65646362304688,1683900,Yahoo Finance,RSP,2026-09-11T22:08:08+08:00,confirmed
2015-10-12,77.61000061035156,77.61000061035156,77.27999877929688,77.48999786376953,64.55650329589844,536900,Yahoo Finance,RSP,2026-09-11T22:08:08+08:00,confirmed
2015-10-13,77.12000274658203,77.69999694824219,76.77999877929688,76.86000061035156,64.03164672851562,933300,Yahoo Finance,RSP,2026-09-11T22:08:08+08:00,confirmed
2015-10-14,76.9000015258789,77.18000030517578,76.47000122070312,76.58999633789062,63.80672454833984,692500,Yahoo Finance,RSP,2026-09-11T22:08:08+08:00,confirmed
2015-10-15,76.73999786376953,77.5999984741211,76.4800033569336,77.58999633789062,64.63980102539062,583300,Yahoo Finance,RSP,2026-09-11T22:08:08+08:00,confirmed
2015-10-16,77.69999694824219,77.7300033569336,77.20999908447266,77.69999694824219,64.73143005371094,545400,Yahoo Finance,RSP,2026-09-11T22:08:08+08:00,confirmed
2015-10-19,77.4800033569336,77.6500015258789,77.2300033569336,77.58999633789062,64.63980102539062,522800,Yahoo Finance,RSP,2026-09-11T22:08:08+08:00,confirmed
2015-10-20,77.41000366210938,78.0,77.41000366210938,77.69999694824219,64.73143005371094,460800,Yahoo Finance,RSP,2026-09-11T22:08:08+08:00,confirmed
2015-10-21,77.86000061035156,78.0,77.04000091552734,77.08999633789062,64.2232666015625,548800,Yahoo Finance,RSP,2026-09-11T22:08:08+08:00,confirmed
2015-10-22,77.5,78.44999694824219,77.45999908447266,78.27999877929688,65.21465301513672,805800,Yahoo Finance,RSP,2026-09-11T22:08:08+08:00,confirmed
2015-10-23,78.69000244140625,78.69000244140625,78.0999984741211,78.58999633789062,65.47290802001953,1290600,Yahoo Finance,RSP,2026-09-11T22:08:08+08:00,confirmed
2015-10-26,78.5,78.58000183105469,78.18000030517578,78.30000305175781,65.2313232421875,652700,Yahoo Finance,RSP,2026-09-11T22:08:08+08:00,confirmed
2015-10-27,78.0199966430664,78.02999877929688,77.5199966430664,77.91999816894531,64.91472625732422,903500,Yahoo Finance,RSP,2026-09-11T22:08:08+08:00,confirmed
2015-10-28,78.0,78.86000061035156,77.81999969482422,78.83999633789062,65.68118286132812,832200,Yahoo Finance,RSP,2026-09-11T22:08:08+08:00,confirmed
2015-10-29,78.63999938964844,78.9000015258789,78.4800033569336,78.73999786376953,65.59786987304688,639400,Yahoo Finance,RSP,2026-09-11T22:08:08+08:00,confirmed
2015-10-30,78.86000061035156,79.19000244140625,78.58999633789062,78.69999694824219,65.56453704833984,754100,Yahoo Finance,RSP,2026-09-11T22:08:08+08:00,confirmed
2015-11-02,78.91000366210938,79.81999969482422,78.76000213623047,79.7300033569336,66.4226303100586,2163900,Yahoo Finance,RSP,2026-09-11T22:08:08+08:00,confirmed
2015-11-03,79.52999877929688,80.16999816894531,79.5,79.86000061035156,66.53096008300781,1200500,Yahoo Finance,RSP,2026-09-11T22:08:08+08:00,confirmed
2015-11-04,80.02999877929688,80.08999633789062,79.33000183105469,79.58999633789062,66.30599975585938,879100,Yahoo Finance,RSP,2026-09-11T22:08:08+08:00,confirmed
2015-11-05,79.58000183105469,79.75,79.04000091552734,79.47000122070312,66.20604705810547,657000,Yahoo Finance,RSP,2026-09-11T22:08:08+08:00,confirmed
2015-11-06,79.54000091552734,79.54000091552734,78.7300033569336,79.33000183105469,66.08940124511719,541400,Yahoo Finance,RSP,2026-09-11T22:08:08+08:00,confirmed
2015-11-09,79.16000366210938,79.18000030517578,78.12999725341797,78.56999969482422,65.45625305175781,579400,Yahoo Finance,RSP,2026-09-11T22:08:08+08:00,confirmed
2015-11-10,78.33999633789062,78.83000183105469,78.26000213623047,78.83000183105469,65.67283630371094,917800,Yahoo Finance,RSP,2026-09-11T22:08:08+08:00,confirmed
2015-11-11,78.94999694824219,78.94999694824219,78.30999755859375,78.36000061035156,65.28130340576172,409000,Yahoo Finance,RSP,2026-09-11T22:08:08+08:00,confirmed
2015-11-12,77.87999725341797,78.06999969482422,77.13999938964844,77.16999816894531,64.28992462158203,754200,Yahoo Finance,RSP,2026-09-11T22:08:08+08:00,confirmed
2015-11-13,76.94999694824219,77.0999984741211,76.29000091552734,76.33999633789062,63.598445892333984,666100,Yahoo Finance,RSP,2026-09-11T22:08:08+08:00,confirmed
2015-11-16,76.26000213623047,77.55999755859375,76.25,77.52999877929688,64.58983612060547,702800,Yahoo Finance,RSP,2026-09-11T22:08:08+08:00,confirmed
2015-11-17,77.68000030517578,78.06999969482422,77.20999908447266,77.36000061035156,64.44819641113281,1070200,Yahoo Finance,RSP,2026-09-11T22:08:08+08:00,confirmed
2015-11-18,77.66999816894531,78.68000030517578,77.62000274658203,78.58999633789062,65.47290802001953,553400,Yahoo Finance,RSP,2026-09-11T22:08:08+08:00,confirmed
2015-11-19,78.55000305175781,78.73999786376953,78.36000061035156,78.51000213623047,65.40626525878906,594200,Yahoo Finance,RSP,2026-09-11T22:08:08+08:00,confirmed
2015-11-20,78.81999969482422,79.06999969482422,78.58999633789062,78.79000091552734,65.63954162597656,808000,Yahoo Finance,RSP,2026-09-11T22:08:08+08:00,confirmed
2015-11-23,78.83999633789062,79.1500015258789,78.5999984741211,78.79000091552734,65.63954162597656,586500,Yahoo Finance,RSP,2026-09-11T22:08:08+08:00,confirmed
2015-11-24,78.44000244140625,79.19000244140625,78.22000122070312,79.05000305175781,65.85614013671875,579400,Yahoo Finance,RSP,2026-09-11T22:08:08+08:00,confirmed
2015-11-25,79.04000091552734,79.22000122070312,78.8499984741211,79.0999984741211,65.89778137207031,337900,Yahoo Finance,RSP,2026-09-11T22:08:08+08:00,confirmed
2015-11-27,79.02999877929688,79.19999694824219,78.8499984741211,79.08000183105469,65.8811264038086,219100,Yahoo Finance,RSP,2026-09-11T22:08:08+08:00,confirmed
2015-11-30,79.08999633789062,79.22000122070312,78.83999633789062,78.94000244140625,65.76448822021484,557600,Yahoo Finance,RSP,2026-09-11T22:08:08+08:00,confirmed
2015-12-01,79.16000366210938,79.69000244140625,79.11000061035156,79.66999816894531,66.3726577758789,2974300,Yahoo Finance,RSP,2026-09-11T22:08:08+08:00,confirmed
2015-12-02,79.56999969482422,79.62999725341797,78.5199966430664,78.62000274658203,65.49787902832031,844200,Yahoo Finance,RSP,2026-09-11T22:08:08+08:00,confirmed
2015-12-03,78.77999877929688,78.83999633789062,77.18000030517578,77.5,64.56481170654297,895200,Yahoo Finance,RSP,2026-09-11T22:08:08+08:00,confirmed
2015-12-04,77.6500015258789,78.87999725341797,77.58999633789062,78.7300033569336,65.58953857421875,921900,Yahoo Finance,RSP,2026-09-11T22:08:08+08:00,confirmed
2015-12-07,78.48999786376953,78.55000305175781,77.79000091552734,78.0999984741211,65.06468963623047,575200,Yahoo Finance,RSP,2026-09-11T22:08:08+08:00,confirmed
2015-12-08,77.37999725341797,78.0,77.1500015258789,77.55000305175781,64.60647583007812,949800,Yahoo Finance,RSP,2026-09-11T22:08:08+08:00,confirmed
2015-12-09,77.27999877929688,78.30999755859375,76.62999725341797,77.01000213623047,64.15662384033203,1287900,Yahoo Finance,RSP,2026-09-11T22:08:08+08:00,confirmed
2015-12-10,77.05000305175781,77.69000244140625,76.91000366210938,77.12000274658203,64.24825286865234,676800,Yahoo Finance,RSP,2026-09-11T22:08:08+08:00,confirmed
2015-12-11,76.16000366210938,76.48999786376953,75.48999786376953,75.62000274658203,62.99861526489258,1077500,Yahoo Finance,RSP,2026-09-11T22:08:08+08:00,confirmed
2015-12-14,75.55999755859375,76.01000213623047,74.80000305175781,75.7300033569336,63.09026336669922,1528900,Yahoo Finance,RSP,2026-09-11T22:08:08+08:00,confirmed
2015-12-15,76.31999969482422,76.87999725341797,76.2699966430664,76.5199966430664,63.74837493896485,1073900,Yahoo Finance,RSP,2026-09-11T22:08:08+08:00,confirmed
2015-12-16,76.94000244140625,77.7300033569336,76.69000244140625,77.62000274658203,64.6648178100586,1718300,Yahoo Finance,RSP,2026-09-11T22:08:08+08:00,confirmed
2015-12-17,77.69999694824219,77.76000213623047,76.30999755859375,76.30999755859375,63.57347106933594,1176600,Yahoo Finance,RSP,2026-09-11T22:08:08+08:00,confirmed
2015-12-18,75.66999816894531,75.69999694824219,74.77999877929688,74.80999755859375,62.60023880004883,1695500,Yahoo Finance,RSP,2026-09-11T22:08:08+08:00,confirmed
2015-12-21,75.18000030517578,75.54000091552734,74.88999938964844,75.4000015258789,63.09397888183594,820200,Yahoo Finance,RSP,2026-09-11T22:08:08+08:00,confirmed
2015-12-22,75.7300033569336,76.41999816894531,75.37000274658203,76.2300033569336,63.78852081298828,1079100,Yahoo Finance,RSP,2026-09-11T22:08:08+08:00,confirmed
2015-12-23,76.62999725341797,77.55000305175781,76.62999725341797,77.55000305175781,64.89305877685547,894600,Yahoo Finance,RSP,2026-09-11T22:08:08+08:00,confirmed
2015-12-24,77.37999725341797,77.66999816894531,77.27999877929688,77.41000366210938,64.77593231201172,576100,Yahoo Finance,RSP,2026-09-11T22:08:08+08:00,confirmed
2015-12-28,77.08000183105469,77.11000061035156,76.56999969482422,77.05000305175781,64.47468566894531,796700,Yahoo Finance,RSP,2026-09-11T22:08:08+08:00,confirmed
2015-12-29,77.55000305175781,77.95999908447266,77.52999877929688,77.86000061035156,65.15247344970703,937700,Yahoo Finance,RSP,2026-09-11T22:08:08+08:00,confirmed
2015-12-30,77.70999908447266,77.83000183105469,77.16999816894531,77.2300033569336,64.62529754638672,740700,Yahoo Finance,RSP,2026-09-11T22:08:08+08:00,confirmed
2015-12-31,77.05000305175781,77.33000183105469,76.63999938964844,76.63999938964844,64.1315689086914,1114300,Yahoo Finance,RSP,2026-09-11T22:08:08+08:00,confirmed
2016-01-04,75.4000015258789,75.80999755859375,74.83999633789062,75.79000091552734,63.42030334472656,3957900,Yahoo Finance,RSP,2026-09-11T22:08:08+08:00,confirmed
2016-01-05,75.93000030517578,76.08000183105469,75.44000244140625,75.97000122070312,63.57093048095703,1367300,Yahoo Finance,RSP,2026-09-11T22:08:08+08:00,confirmed
2016-01-06,74.80999755859375,75.11000061035156,74.06999969482422,74.58000183105469,62.40779876708984,2094600,Yahoo Finance,RSP,2026-09-11T22:08:08+08:00,confirmed
2016-01-07,73.20999908447266,74.04000091552734,72.68000030517578,72.88999938964844,60.99363327026367,2613100,Yahoo Finance,RSP,2026-09-11T22:08:08+08:00,confirmed
2016-01-08,73.23999786376953,73.47000122070312,71.91999816894531,72.0,60.24885940551758,2007800,Yahoo Finance,RSP,2026-09-11T22:08:08+08:00,confirmed
2016-01-11,72.2699966430664,72.51000213623047,71.01000213623047,71.7699966430664,60.056419372558594,3731800,Yahoo Finance,RSP,2026-09-11T22:08:08+08:00,confirmed
2016-01-12,72.30999755859375,72.6500015258789,71.12999725341797,72.11000061035156,60.340938568115234,2219200,Yahoo Finance,RSP,2026-09-11T22:08:08+08:00,confirmed
2016-01-13,72.33999633789062,72.58000183105469,70.08999633789062,70.30000305175781,58.82635116577149,2761200,Yahoo Finance,RSP,2026-09-11T22:08:08+08:00,confirmed
2016-01-14,70.48999786376953,71.72000122070312,69.68000030517578,71.26000213623047,59.629661560058594,2812000,Yahoo Finance,RSP,2026-09-11T22:08:08+08:00,confirmed
2016-01-15,69.4000015258789,70.11000061035156,68.88999938964844,69.9000015258789,58.491641998291016,2788600,Yahoo Finance,RSP,2026-09-11T22:08:08+08:00,confirmed
2016-01-19,70.5,70.72000122070312,69.0,69.69000244140625,58.3159065246582,2835900,Yahoo Finance,RSP,2026-09-11T22:08:08+08:00,confirmed
2016-01-20,68.72000122070312,69.62000274658203,66.94000244140625,68.94999694824219,57.6966667175293,3984000,Yahoo Finance,RSP,2026-09-11T22:08:08+08:00,confirmed
2016-01-21,69.20999908447266,70.37999725341797,68.6500015258789,69.58000183105469,58.22385025024414,1671100,Yahoo Finance,RSP,2026-09-11T22:08:08+08:00,confirmed
2016-01-22,70.58999633789062,71.23999786376953,70.33000183105469,70.94999694824219,59.37024688720703,1068100,Yahoo Finance,RSP,2026-09-11T22:08:08+08:00,confirmed
2016-01-25,70.68000030517578,70.77999877929688,69.54000091552734,69.5999984741211,58.24059677124024,1235700,Yahoo Finance,RSP,2026-09-11T22:08:08+08:00,confirmed
2016-01-26,69.97000122070312,70.97000122070312,69.8499984741211,70.87999725341797,59.31166076660156,775400,Yahoo Finance,RSP,2026-09-11T22:08:08+08:00,confirmed
2016-01-27,70.68000030517578,71.66000366210938,69.91000366210938,70.33999633789062,58.85979461669922,1400100,Yahoo Finance,RSP,2026-09-11T22:08:08+08:00,confirmed
2016-01-28,70.91000366210938,71.06999969482422,69.87000274658203,70.38999938964844,58.901641845703125,1169800,Yahoo Finance,RSP,2026-09-11T22:08:08+08:00,confirmed
2016-01-29,70.7699966430664,72.37999725341797,70.7300033569336,72.37999725341797,60.56687927246094,1000400,Yahoo Finance,RSP,2026-09-11T22:08:08+08:00,confirmed
2016-02-01,71.83000183105469,72.72000122070312,71.55000305175781,72.3499984741211,60.54176330566406,3406400,Yahoo Finance,RSP,2026-09-11T22:08:08+08:00,confirmed
2016-02-02,71.68000030517578,71.68000030517578,70.62999725341797,70.8499984741211,59.28657531738281,1211800,Yahoo Finance,RSP,2026-09-11T22:08:08+08:00,confirmed
2016-02-03,71.30999755859375,71.73999786376953,69.79000091552734,71.54000091552734,59.86398696899414,2214400,Yahoo Finance,RSP,2026-09-11T22:08:08+08:00,confirmed
2016-02-04,71.37999725341797,72.54000091552734,71.37999725341797,71.94999694824219,60.20705032348633,1521100,Yahoo Finance,RSP,2026-09-11T22:08:08+08:00,confirmed
2016-02-05,71.70999908447266,71.7300033569336,70.51000213623047,70.7300033569336,59.18616485595703,1297900,Yahoo Finance,RSP,2026-09-11T22:08:08+08:00,confirmed
2016-02-08,69.86000061035156,69.86000061035156,68.30000305175781,69.23999786376953,57.93935394287109,2050200,Yahoo Finance,RSP,2026-09-11T22:08:08+08:00,confirmed
2016-02-09,68.43000030517578,69.58000183105469,68.41000366210938,69.02999877929688,57.76361083984375,2052100,Yahoo Finance,RSP,2026-09-11T22:08:08+08:00,confirmed
2016-02-10,69.37000274658203,70.13999938964844,69.01000213623047,69.06999969482422,57.79707717895508,1236800,Yahoo Finance,RSP,2026-09-11T22:08:08+08:00,confirmed
2016-02-11,67.91000366210938,68.5199966430664,67.3499984741211,68.08999633789062,56.9770393371582,2591000,Yahoo Finance,RSP,2026-09-11T22:08:08+08:00,confirmed
2016-02-12,68.70999908447266,69.58000183105469,68.37000274658203,69.56999969482422,58.21550750732422,1333900,Yahoo Finance,RSP,2026-09-11T22:08:08+08:00,confirmed
2016-02-16,70.26000213623047,70.95999908447266,69.94000244140625,70.95999908447266,59.37863159179688,1481000,Yahoo Finance,RSP,2026-09-11T22:08:08+08:00,confirmed
2016-02-17,71.44000244140625,72.45999908447266,71.44000244140625,72.2699966430664,60.47483444213867,880600,Yahoo Finance,RSP,2026-09-11T22:08:08+08:00,confirmed
2016-02-18,72.36000061035156,72.36000061035156,71.80999755859375,72.12000274658203,60.34930038452149,1129400,Yahoo Finance,RSP,2026-09-11T22:08:08+08:00,confirmed
2016-02-19,71.69999694824219,71.93000030517578,71.26000213623047,71.9000015258789,60.16519927978516,819400,Yahoo Finance,RSP,2026-09-11T22:08:08+08:00,confirmed
2016-02-22,72.5999984741211,73.18000030517578,72.5999984741211,73.16000366210938,61.21955490112305,693700,Yahoo Finance,RSP,2026-09-11T22:08:08+08:00,confirmed
2016-02-23,72.87999725341797,73.06999969482422,72.23999786376953,72.29000091552734,60.49155807495117,590500,Yahoo Finance,RSP,2026-09-11T22:08:08+08:00,confirmed
2016-02-24,71.66000366210938,72.83000183105469,71.19000244140625,72.72000122070312,60.85139465332031,1093400,Yahoo Finance,RSP,2026-09-11T22:08:08+08:00,confirmed
2016-02-25,72.8499984741211,73.54000091552734,72.52999877929688,73.52999877929688,61.52918243408203,943200,Yahoo Finance,RSP,2026-09-11T22:08:08+08:00,confirmed
2016-02-26,73.91000366210938,74.08999633789062,73.51000213623047,73.66000366210938,61.637943267822266,976400,Yahoo Finance,RSP,2026-09-11T22:08:08+08:00,confirmed
2016-02-29,73.5999984741211,74.06999969482422,73.0999984741211,73.0999984741211,61.16935348510742,1034700,Yahoo Finance,RSP,2026-09-11T22:08:08+08:00,confirmed
2016-03-01,73.70999908447266,74.79000091552734,73.41999816894531,74.79000091552734,62.58353805541992,2011700,Yahoo Finance,RSP,2026-09-11T22:08:08+08:00,confirmed
2016-03-02,74.58000183105469,75.3499984741211,74.4000015258789,75.33000183105469,63.03539276123047,2157300,Yahoo Finance,RSP,2026-09-11T22:08:08+08:00,confirmed
2016-03-03,75.22000122070312,76.05999755859375,75.13999938964844,76.0199966430664,63.61279678344727,1749800,Yahoo Finance,RSP,2026-09-11T22:08:08+08:00,confirmed
2016-03-04,76.08999633789062,76.83999633789062,75.80000305175781,76.41000366210938,63.93912887573242,1689000,Yahoo Finance,RSP,2026-09-11T22:08:08+08:00,confirmed
2016-03-07,76.04000091552734,76.9800033569336,76.01000213623047,76.77999877929688,64.24874114990234,1198900,Yahoo Finance,RSP,2026-09-11T22:08:08+08:00,confirmed
2016-03-08,76.33999633789062,76.33999633789062,75.44999694824219,75.5199966430664,63.19437026977539,1358800,Yahoo Finance,RSP,2026-09-11T22:08:08+08:00,confirmed
2016-03-09,75.80000305175781,76.12000274658203,75.5,75.91999816894531,63.52907943725586,871500,Yahoo Finance,RSP,2026-09-11T22:08:08+08:00,confirmed
2016-03-10,76.06999969482422,76.5199966430664,75.16000366210938,76.02999877929688,63.62116241455078,1391200,Yahoo Finance,RSP,2026-09-11T22:08:08+08:00,confirmed
2016-03-11,76.68000030517578,77.51000213623047,76.63999938964844,77.45999908447266,64.81774139404297,1308300,Yahoo Finance,RSP,2026-09-11T22:08:08+08:00,confirmed
2016-03-14,77.19999694824219,77.5199966430664,77.02999877929688,77.3499984741211,64.72569274902344,803700,Yahoo Finance,RSP,2026-09-11T22:08:08+08:00,confirmed
2016-03-15,76.83000183105469,76.91000366210938,76.55000305175781,76.91000366210938,64.35752868652344,534900,Yahoo Finance,RSP,2026-09-11T22:08:08+08:00,confirmed
2016-03-16,76.70999908447266,77.77999877929688,76.70999908447266,77.63999938964844,64.96839141845703,844500,Yahoo Finance,RSP,2026-09-11T22:08:08+08:00,confirmed
2016-03-17,77.66999816894531,78.58999633789062,77.44999694824219,78.36000061035156,65.57088470458984,989600,Yahoo Finance,RSP,2026-09-11T22:08:08+08:00,confirmed
2016-03-18,78.16000366210938,78.52999877929688,78.0999984741211,78.31999969482422,65.8753433227539,1183000,Yahoo Finance,RSP,2026-09-11T22:08:08+08:00,confirmed
2016-03-21,78.2300033569336,78.4800033569336,77.98999786376953,78.33999633789062,65.89217376708984,811900,Yahoo Finance,RSP,2026-09-11T22:08:08+08:00,confirmed
2016-03-22,77.95999908447266,78.5,77.79000091552734,78.27999877929688,65.84171295166016,1498000,Yahoo Finance,RSP,2026-09-11T22:08:08+08:00,confirmed
2016-03-23,78.12000274658203,78.12000274658203,77.41999816894531,77.4800033569336,65.16883850097656,669200,Yahoo Finance,RSP,2026-09-11T22:08:08+08:00,confirmed
2016-03-24,76.98999786376953,77.38999938964844,76.69000244140625,77.38999938964844,65.09310913085938,982300,Yahoo Finance,RSP,2026-09-11T22:08:08+08:00,confirmed
2016-03-28,77.56999969482422,77.70999908447266,77.16999816894531,77.5,65.18563079833984,634300,Yahoo Finance,RSP,2026-09-11T22:08:08+08:00,confirmed
2016-03-29,77.30000305175781,78.30000305175781,77.08000183105469,78.29000091552734,65.85009765625,749100,Yahoo Finance,RSP,2026-09-11T22:08:08+08:00,confirmed
2016-03-30,78.69000244140625,78.9000015258789,78.30000305175781,78.52999877929688,66.05198669433594,797300,Yahoo Finance,RSP,2026-09-11T22:08:08+08:00,confirmed
2016-03-31,78.47000122070312,78.72000122070312,78.4000015258789,78.52999877929688,66.05198669433594,1901200,Yahoo Finance,RSP,2026-09-11T22:08:08+08:00,confirmed
2016-04-01,78.08000183105469,78.91000366210938,77.69999694824219,78.83999633789062,66.3127212524414,3030700,Yahoo Finance,RSP,2026-09-11T22:08:08+08:00,confirmed
2016-04-04,78.83000183105469,78.91000366210938,78.23999786376953,78.33000183105469,65.88375854492188,641400,Yahoo Finance,RSP,2026-09-11T22:08:08+08:00,confirmed
2016-04-05,77.83000183105469,77.9000015258789,77.37000274658203,77.44999694824219,65.1435775756836,929700,Yahoo Finance,RSP,2026-09-11T22:08:08+08:00,confirmed
2016-04-06,77.4800033569336,78.30000305175781,77.31999969482422,78.2699966430664,65.83329010009766,533600,Yahoo Finance,RSP,2026-09-11T22:08:08+08:00,confirmed
2016-04-07,77.87000274658203,78.04000091552734,76.95999908447266,77.29000091552734,65.00900268554688,647200,Yahoo Finance,RSP,2026-09-11T22:08:08+08:00,confirmed
2016-04-08,77.83999633789062,78.13999938964844,77.43000030517578,77.62999725341797,65.29499053955078,536100,Yahoo Finance,RSP,2026-09-11T22:08:08+08:00,confirmed
2016-04-11,77.91999816894531,78.36000061035156,77.51000213623047,77.54000091552734,65.21925354003906,696900,Yahoo Finance,RSP,2026-09-11T22:08:08+08:00,confirmed
2016-04-12,77.62999725341797,78.5199966430664,77.44999694824219,78.37999725341797,65.92581176757812,585600,Yahoo Finance,RSP,2026-09-11T22:08:08+08:00,confirmed
2016-04-13,78.76000213623047,79.37999725341797,78.66999816894531,79.37000274658203,66.7585220336914,1003400,Yahoo Finance,RSP,2026-09-11T22:08:08+08:00,confirmed
2016-04-14,79.41999816894531,79.41999816894531,79.02999877929688,79.20999908447266,66.62393188476562,622500,Yahoo Finance,RSP,2026-09-11T22:08:08+08:00,confirmed
2016-04-15,79.16000366210938,79.26000213623047,78.93000030517578,79.19000244140625,66.60713195800781,656700,Yahoo Finance,RSP,2026-09-11T22:08:08+08:00,confirmed
2016-04-18,78.93000030517578,79.7699966430664,78.76000213623047,79.76000213623047,67.0865478515625,543100,Yahoo Finance,RSP,2026-09-11T22:08:08+08:00,confirmed
2016-04-19,79.94000244140625,80.30999755859375,79.76000213623047,80.11000061035156,67.38091278076172,691200,Yahoo Finance,RSP,2026-09-11T22:08:08+08:00,confirmed
2016-04-20,80.19999694824219,80.5999984741211,79.88999938964844,80.26000213623047,67.50708770751953,681100,Yahoo Finance,RSP,2026-09-11T22:08:08+08:00,confirmed
2016-04-21,80.26000213623047,80.37999725341797,79.63999938964844,79.72000122070312,67.05290222167969,633600,Yahoo Finance,RSP,2026-09-11T22:08:08+08:00,confirmed
2016-04-22,79.87999725341797,80.33999633789062,79.80000305175781,80.22000122070312,67.47346496582031,748000,Yahoo Finance,RSP,2026-09-11T22:08:08+08:00,confirmed
2016-04-25,79.94000244140625,80.05999755859375,79.55000305175781,79.87999725341797,67.1874771118164,726200,Yahoo Finance,RSP,2026-09-11T22:08:08+08:00,confirmed
2016-04-26,80.02999877929688,80.44000244140625,79.94999694824219,80.44000244140625,67.65850067138672,1199600,Yahoo Finance,RSP,2026-09-11T22:08:08+08:00,confirmed
2016-04-27,80.37000274658203,81.11000061035156,80.33999633789062,80.95999908447266,68.09587097167969,895300,Yahoo Finance,RSP,2026-09-11T22:08:08+08:00,confirmed
2016-04-28,80.3499984741211,80.97000122070312,79.83999633789062,80.0,67.28839874267578,933500,Yahoo Finance,RSP,2026-09-11T22:08:08+08:00,confirmed
2016-04-29,79.77999877929688,79.83000183105469,78.83999633789062,79.51000213623047,66.87628173828125,831700,Yahoo Finance,RSP,2026-09-11T22:08:08+08:00,confirmed
2016-05-02,79.72000122070312,80.06999969482422,79.33000183105469,79.9800033569336,67.27159118652344,734400,Yahoo Finance,RSP,2026-09-11T22:08:08+08:00,confirmed
2016-05-03,79.37999725341797,79.37999725341797,78.7300033569336,79.08000183105469,66.51459503173828,1243200,Yahoo Finance,RSP,2026-09-11T22:08:08+08:00,confirmed
2016-05-04,78.68000030517578,79.04000091552734,78.31999969482422,78.56999969482422,66.08561706542969,1157100,Yahoo Finance,RSP,2026-09-11T22:08:08+08:00,confirmed
2016-05-05,78.76000213623047,79.05999755859375,78.38999938964844,78.55000305175781,66.06880187988281,599900,Yahoo Finance,RSP,2026-09-11T22:08:08+08:00,confirmed
2016-05-06,78.2300033569336,78.87000274658203,78.12000274658203,78.80000305175781,66.27908325195312,585100,Yahoo Finance,RSP,2026-09-11T22:08:08+08:00,confirmed
2016-05-09,78.70999908447266,78.9800033569336,78.5199966430664,78.7699966430664,66.25383758544922,481400,Yahoo Finance,RSP,2026-09-11T22:08:08+08:00,confirmed
2016-05-10,79.05000305175781,79.76000213623047,78.9800033569336,79.73999786376953,67.06970977783203,474600,Yahoo Finance,RSP,2026-09-11T22:08:08+08:00,confirmed
2016-05-11,79.5,79.7300033569336,78.94000244140625,78.94000244140625,66.3968276977539,519800,Yahoo Finance,RSP,2026-09-11T22:08:08+08:00,confirmed
2016-05-12,79.31999969482422,79.47000122070312,78.43000030517578,78.91999816894531,66.38001251220703,578200,Yahoo Finance,RSP,2026-09-11T22:08:08+08:00,confirmed
2016-05-13,78.70999908447266,79.01000213623047,78.01000213623047,78.16000366210938,65.74075317382812,785100,Yahoo Finance,RSP,2026-09-11T22:08:08+08:00,confirmed
2016-05-16,78.2699966430664,79.16000366210938,78.26000213623047,78.95999908447266,66.41363525390625,1463200,Yahoo Finance,RSP,2026-09-11T22:08:08+08:00,confirmed
2016-05-17,78.7699966430664,79.16999816894531,78.19000244140625,78.41999816894531,65.9594497680664,918100,Yahoo Finance,RSP,2026-09-11T22:08:08+08:00,confirmed
2016-05-18,78.20999908447266,78.81999969482422,77.75,78.2300033569336,65.79965209960938,793300,Yahoo Finance,RSP,2026-09-11T22:08:08+08:00,confirmed
2016-05-19,77.83000183105469,78.16999816894531,77.38999938964844,78.0,65.60619354248047,758000,Yahoo Finance,RSP,2026-09-11T22:08:08+08:00,confirmed
2016-05-20,78.27999877929688,78.72000122070312,78.16999816894531,78.58000183105469,66.09403991699219,462200,Yahoo Finance,RSP,2026-09-11T22:08:08+08:00,confirmed
2016-05-23,78.56999969482422,78.77999877929688,78.45999908447266,78.52999877929688,66.05198669433594,431500,Yahoo Finance,RSP,2026-09-11T22:08:08+08:00,confirmed
2016-05-24,78.80999755859375,79.70999908447266,78.80999755859375,79.54000091552734,66.9014892578125,553400,Yahoo Finance,RSP,2026-09-11T22:08:08+08:00,confirmed
2016-05-25,79.79000091552734,80.3499984741211,79.77999877929688,80.16000366210938,67.42298889160156,752600,Yahoo Finance,RSP,2026-09-11T22:08:08+08:00,confirmed
2016-05-26,80.29000091552734,80.41000366210938,80.0199966430664,80.0999984741211,67.37250518798828,876700,Yahoo Finance,RSP,2026-09-11T22:08:08+08:00,confirmed
2016-05-27,80.16000366210938,80.55999755859375,80.16000366210938,80.55999755859375,67.7594223022461,487100,Yahoo Finance,RSP,2026-09-11T22:08:08+08:00,confirmed
2016-05-31,80.70999908447266,80.86000061035156,80.29000091552734,80.58999633789062,67.78466033935547,705800,Yahoo Finance,RSP,2026-09-11T22:08:08+08:00,confirmed
2016-06-01,80.25,80.81999969482422,80.08999633789062,80.76000213623047,67.92766571044922,563400,Yahoo Finance,RSP,2026-09-11T22:08:08+08:00,confirmed
2016-06-02,80.56999969482422,81.11000061035156,80.45999908447266,81.11000061035156,68.22203826904297,825200,Yahoo Finance,RSP,2026-09-11T22:08:08+08:00,confirmed
2016-06-03,80.86000061035156,80.9800033569336,80.23999786376953,80.83000183105469,67.98652648925781,764100,Yahoo Finance,RSP,2026-09-11T22:08:08+08:00,confirmed
2016-06-06,81.04000091552734,81.51000213623047,80.94000244140625,81.37999725341797,68.44914245605469,495700,Yahoo Finance,RSP,2026-09-11T22:08:08+08:00,confirmed
2016-06-07,81.43000030517578,81.9000015258789,81.37999725341797,81.68000030517578,68.70146179199219,716600,Yahoo Finance,RSP,2026-09-11T22:08:08+08:00,confirmed
2016-06-08,81.79000091552734,82.01000213623047,81.6500015258789,81.91000366210938,68.89491271972656,701400,Yahoo Finance,RSP,2026-09-11T22:08:08+08:00,confirmed
2016-06-09,81.52999877929688,81.77999877929688,81.3499984741211,81.69999694824219,68.71827697753906,880200,Yahoo Finance,RSP,2026-09-11T22:08:08+08:00,confirmed
2016-06-10,81.12000274658203,81.12000274658203,80.33999633789062,80.61000061035156,67.80147552490234,497000,Yahoo Finance,RSP,2026-09-11T22:08:08+08:00,confirmed
2016-06-13,80.33999633789062,80.80000305175781,79.87000274658203,79.88999938964844,67.19586944580078,609100,Yahoo Finance,RSP,2026-09-11T22:08:08+08:00,confirmed
2016-06-14,79.73999786376953,80.0199966430664,79.16000366210938,79.63999938964844,66.98560333251953,1017000,Yahoo Finance,RSP,2026-09-11T22:08:08+08:00,confirmed
2016-06-15,79.80000305175781,80.2300033569336,79.58000183105469,79.6500015258789,66.9940185546875,836700,Yahoo Finance,RSP,2026-09-11T22:08:08+08:00,confirmed
2016-06-16,79.23999786376953,79.80999755859375,78.6500015258789,79.73999786376953,67.06970977783203,1107800,Yahoo Finance,RSP,2026-09-11T22:08:08+08:00,confirmed
2016-06-17,79.51000213623047,79.86000061035156,79.30000305175781,79.69000244140625,67.18523406982422,602400,Yahoo Finance,RSP,2026-09-11T22:08:08+08:00,confirmed
2016-06-20,80.58999633789062,80.98999786376953,80.26000213623047,80.3499984741211,67.74165344238281,579300,Yahoo Finance,RSP,2026-09-11T22:08:08+08:00,confirmed
2016-06-21,80.4800033569336,80.6500015258789,80.11000061035156,80.4000015258789,67.78378295898438,670500,Yahoo Finance,RSP,2026-09-11T22:08:08+08:00,confirmed
2016-06-22,80.55000305175781,80.87999725341797,80.2699966430664,80.31999969482422,67.71636962890625,794700,Yahoo Finance,RSP,2026-09-11T22:08:08+08:00,confirmed
2016-06-23,81.01000213623047,81.5,80.8499984741211,81.48999786376953,68.7027816772461,697300,Yahoo Finance,RSP,2026-09-11T22:08:08+08:00,confirmed
2016-06-24,78.72000122070312,79.69000244140625,78.01000213623047,78.12000274658203,65.861572265625,2750900,Yahoo Finance,RSP,2026-09-11T22:08:08+08:00,confirmed
2016-06-27,77.47000122070312,77.48999786376953,75.79000091552734,76.13999938964844,64.19227600097656,2316800,Yahoo Finance,RSP,2026-09-11T22:08:08+08:00,confirmed
2016-06-28,76.77999877929688,77.66000366210938,76.77999877929688,77.62999725341797,65.44847106933594,2993300,Yahoo Finance,RSP,2026-09-11T22:08:08+08:00,confirmed
2016-06-29,78.26000213623047,79.26000213623047,78.23999786376953,79.12000274658203,66.70466613769531,1657100,Yahoo Finance,RSP,2026-09-11T22:08:08+08:00,confirmed
2016-06-30,79.30999755859375,80.36000061035156,78.98999786376953,80.3499984741211,67.74165344238281,1035900,Yahoo Finance,RSP,2026-09-11T22:08:08+08:00,confirmed
2016-07-01,80.33999633789062,80.87000274658203,80.08999633789062,80.5999984741211,67.95244598388672,1242100,Yahoo Finance,RSP,2026-09-11T22:08:08+08:00,confirmed
2016-07-05,80.23999786376953,80.2699966430664,79.25,79.62999725341797,67.13461303710938,1360600,Yahoo Finance,RSP,2026-09-11T22:08:08+08:00,confirmed
2016-07-06,79.33999633789062,80.13999938964844,79.0,80.11000061035156,67.53932189941406,941700,Yahoo Finance,RSP,2026-09-11T22:08:08+08:00,confirmed
2016-07-07,80.2300033569336,80.66999816894531,79.75,80.0999984741211,67.53089141845703,762500,Yahoo Finance,RSP,2026-09-11T22:08:08+08:00,confirmed
2016-07-08,80.72000122070312,81.70999908447266,80.72000122070312,81.5999984741211,68.79550170898438,609100,Yahoo Finance,RSP,2026-09-11T22:08:08+08:00,confirmed
2016-07-11,81.77999877929688,82.12000274658203,81.69000244140625,81.91999816894531,69.06529998779297,651200,Yahoo Finance,RSP,2026-09-11T22:08:08+08:00,confirmed
2016-07-12,82.36000061035156,83.04000091552734,82.36000061035156,82.88999938964844,69.8830795288086,1601300,Yahoo Finance,RSP,2026-09-11T22:08:08+08:00,confirmed
2016-07-13,83.05999755859375,83.16000366210938,82.4800033569336,82.83999633789062,69.84091186523438,638500,Yahoo Finance,RSP,2026-09-11T22:08:08+08:00,confirmed
2016-07-14,83.43000030517578,83.5199966430664,83.08000183105469,83.19000244140625,70.13601684570312,705700,Yahoo Finance,RSP,2026-09-11T22:08:08+08:00,confirmed
2016-07-15,83.44000244140625,83.44000244140625,82.94999694824219,83.13999938964844,70.09386444091797,481000,Yahoo Finance,RSP,2026-09-11T22:08:08+08:00,confirmed
2016-07-18,83.1500015258789,83.36000061035156,82.94999694824219,83.29000091552734,70.22032928466797,421800,Yahoo Finance,RSP,2026-09-11T22:08:08+08:00,confirmed
2016-07-19,83.08999633789062,83.11000061035156,82.81999969482422,83.06999969482422,70.03485107421875,370200,Yahoo Finance,RSP,2026-09-11T22:08:08+08:00,confirmed
2016-07-20,83.20999908447266,83.56999969482422,82.91000366210938,83.4800033569336,70.38048553466797,540200,Yahoo Finance,RSP,2026-09-11T22:08:08+08:00,confirmed
2016-07-21,83.43000030517578,83.66999816894531,83.0,83.16999816894531,70.1191635131836,372900,Yahoo Finance,RSP,2026-09-11T22:08:08+08:00,confirmed
2016-07-22,83.26000213623047,83.72000122070312,83.12000274658203,83.69999694824219,70.56597900390625,489400,Yahoo Finance,RSP,2026-09-11T22:08:08+08:00,confirmed
2016-07-25,83.56999969482422,83.61000061035156,83.25,83.51000213623047,70.4057846069336,559100,Yahoo Finance,RSP,2026-09-11T22:08:08+08:00,confirmed
2016-07-26,83.48999786376953,83.9000015258789,83.36000061035156,83.87999725341797,70.71773529052734,565000,Yahoo Finance,RSP,2026-09-11T22:08:08+08:00,confirmed
2016-07-27,83.91999816894531,83.93000030517578,83.06999969482422,83.44000244140625,70.34678649902344,603300,Yahoo Finance,RSP,2026-09-11T22:08:08+08:00,confirmed
2016-07-28,83.31999969482422,83.7300033569336,83.12000274658203,83.5999984741211,70.481689453125,513400,Yahoo Finance,RSP,2026-09-11T22:08:08+08:00,confirmed
2016-07-29,83.33999633789062,83.80999755859375,83.08999633789062,83.68000030517578,70.54911804199219,421500,Yahoo Finance,RSP,2026-09-11T22:08:08+08:00,confirmed
2016-08-01,83.63999938964844,83.73999786376953,83.18000030517578,83.37000274658203,70.28777313232422,650800,Yahoo Finance,RSP,2026-09-11T22:08:08+08:00,confirmed
2016-08-02,83.29000091552734,83.37000274658203,82.1500015258789,82.5199966430664,69.57113647460938,655300,Yahoo Finance,RSP,2026-09-11T22:08:08+08:00,confirmed
2016-08-03,82.41999816894531,83.0199966430664,82.23999786376953,82.98999786376953,69.96741485595703,544400,Yahoo Finance,RSP,2026-09-11T22:08:08+08:00,confirmed
2016-08-04,82.94999694824219,83.23999786376953,82.81999969482422,83.04000091552734,70.00955200195312,688800,Yahoo Finance,RSP,2026-09-11T22:08:08+08:00,confirmed
2016-08-05,83.33999633789062,83.80999755859375,83.33999633789062,83.7300033569336,70.59127807617188,796700,Yahoo Finance,RSP,2026-09-11T22:08:08+08:00,confirmed
2016-08-08,83.83999633789062,84.0999984741211,83.69999694824219,83.79000091552734,70.64186096191406,467000,Yahoo Finance,RSP,2026-09-11T22:08:08+08:00,confirmed
2016-08-09,83.77999877929688,83.97000122070312,83.55999755859375,83.66000366210938,70.5322494506836,547400,Yahoo Finance,RSP,2026-09-11T22:08:08+08:00,confirmed
2016-08-10,83.72000122070312,83.80000305175781,83.31999969482422,83.44000244140625,70.34678649902344,712300,Yahoo Finance,RSP,2026-09-11T22:08:08+08:00,confirmed
2016-08-11,83.7300033569336,84.13999938964844,83.66999816894531,84.05999755859375,70.86947631835938,552000,Yahoo Finance,RSP,2026-09-11T22:08:08+08:00,confirmed
2016-08-12,83.97000122070312,84.12999725341797,83.73999786376953,83.9800033569336,70.80206298828125,858000,Yahoo Finance,RSP,2026-09-11T22:08:08+08:00,confirmed
2016-08-15,84.11000061035156,84.55999755859375,84.01000213623047,84.37999725341797,71.13925170898438,861500,Yahoo Finance,RSP,2026-09-11T22:08:08+08:00,confirmed
2016-08-16,84.18000030517578,84.20999908447266,83.88999938964844,83.9000015258789,70.73462677001953,581500,Yahoo Finance,RSP,2026-09-11T22:08:08+08:00,confirmed
2016-08-17,83.9000015258789,84.02999877929688,83.43000030517578,83.95999908447266,70.78516387939453,606200,Yahoo Finance,RSP,2026-09-11T22:08:08+08:00,confirmed
2016-08-18,83.97000122070312,84.43000030517578,83.97000122070312,84.41000366210938,71.16458129882812,591400,Yahoo Finance,RSP,2026-09-11T22:08:08+08:00,confirmed
2016-08-19,84.16000366210938,84.5,84.02999877929688,84.44000244140625,71.18986511230469,680400,Yahoo Finance,RSP,2026-09-11T22:08:08+08:00,confirmed
2016-08-22,84.25,84.43000030517578,84.05999755859375,84.33999633789062,71.10553741455078,499300,Yahoo Finance,RSP,2026-09-11T22:08:08+08:00,confirmed
2016-08-23,84.6500015258789,84.9000015258789,84.6500015258789,84.70999908447266,71.41749572753906,570400,Yahoo Finance,RSP,2026-09-11T22:08:08+08:00,confirmed
2016-08-24,84.61000061035156,84.70999908447266,83.95999908447266,84.12000274658203,70.92007446289062,774600,Yahoo Finance,RSP,2026-09-11T22:08:08+08:00,confirmed
2016-08-25,84.0,84.38999938964844,83.93000030517578,84.11000061035156,70.91165161132812,611300,Yahoo Finance,RSP,2026-09-11T22:08:08+08:00,confirmed
2016-08-26,84.23999786376953,84.7300033569336,83.47000122070312,83.8499984741211,70.69242095947266,701100,Yahoo Finance,RSP,2026-09-11T22:08:08+08:00,confirmed
2016-08-29,83.91000366210938,84.48999786376953,83.91000366210938,84.31999969482422,71.08869934082031,589700,Yahoo Finance,RSP,2026-09-11T22:08:08+08:00,confirmed
2016-08-30,84.36000061035156,84.43000030517578,83.9000015258789,84.19000244140625,70.97911071777344,488500,Yahoo Finance,RSP,2026-09-11T22:08:08+08:00,confirmed
2016-08-31,84.06999969482422,84.06999969482422,83.41999816894531,83.80999755859375,70.65872955322266,784300,Yahoo Finance,RSP,2026-09-11T22:08:08+08:00,confirmed
2016-09-01,83.8499984741211,84.01000213623047,83.20999908447266,83.79000091552734,70.64186096191406,980800,Yahoo Finance,RSP,2026-09-11T22:08:08+08:00,confirmed
2016-09-02,84.0199966430664,84.41999816894531,83.9800033569336,84.20999908447266,70.9959716796875,596900,Yahoo Finance,RSP,2026-09-11T22:08:08+08:00,confirmed
2016-09-06,84.37000274658203,84.41999816894531,83.91000366210938,84.3499984741211,71.1139907836914,634000,Yahoo Finance,RSP,2026-09-11T22:08:08+08:00,confirmed
2016-09-07,84.3499984741211,84.58999633789062,84.22000122070312,84.58999633789062,71.31632232666016,592800,Yahoo Finance,RSP,2026-09-11T22:08:08+08:00,confirmed
2016-09-08,84.41999816894531,84.5999984741211,84.2300033569336,84.44999694824219,71.19831848144531,1255700,Yahoo Finance,RSP,2026-09-11T22:08:08+08:00,confirmed
2016-09-09,83.83999633789062,84.06999969482422,82.12999725341797,82.16999816894531,69.27606201171875,1333900,Yahoo Finance,RSP,2026-09-11T22:08:08+08:00,confirmed
2016-09-12,81.77999877929688,83.55999755859375,81.6500015258789,83.33000183105469,70.25403594970703,1076100,Yahoo Finance,RSP,2026-09-11T22:08:08+08:00,confirmed
2016-09-13,82.68000030517578,82.8499984741211,81.63999938964844,81.93000030517578,69.0737075805664,1470200,Yahoo Finance,RSP,2026-09-11T22:08:08+08:00,confirmed
2016-09-14,81.97000122070312,82.45999908447266,81.52999877929688,81.80999755859375,68.97257232666016,1055200,Yahoo Finance,RSP,2026-09-11T22:08:08+08:00,confirmed
2016-09-15,81.73999786376953,82.80000305175781,81.62000274658203,82.62999725341797,69.66384887695312,869900,Yahoo Finance,RSP,2026-09-11T22:08:08+08:00,confirmed
2016-09-16,82.08000183105469,82.0999984741211,81.62999725341797,81.97000122070312,69.35928344726562,797100,Yahoo Finance,RSP,2026-09-11T22:08:08+08:00,confirmed
2016-09-19,82.30000305175781,82.69999694824219,81.9800033569336,82.16000366210938,69.52005004882812,1235100,Yahoo Finance,RSP,2026-09-11T22:08:08+08:00,confirmed
2016-09-20,82.52999877929688,82.56999969482422,81.95999908447266,81.95999908447266,69.35079956054688,788500,Yahoo Finance,RSP,2026-09-11T22:08:08+08:00,confirmed
2016-09-21,82.26000213623047,83.16000366210938,82.08000183105469,83.06999969482422,70.29002380371094,1297700,Yahoo Finance,RSP,2026-09-11T22:08:08+08:00,confirmed
2016-09-22,83.4800033569336,83.8499984741211,83.33999633789062,83.72000122070312,70.84001922607422,843800,Yahoo Finance,RSP,2026-09-11T22:08:08+08:00,confirmed
2016-09-23,83.52999877929688,83.69000244140625,83.26000213623047,83.30000305175781,70.48464965820312,509100,Yahoo Finance,RSP,2026-09-11T22:08:08+08:00,confirmed
2016-09-26,82.95999908447266,83.08000183105469,82.61000061035156,82.66000366210938,69.94310760498047,676900,Yahoo Finance,RSP,2026-09-11T22:08:08+08:00,confirmed
2016-09-27,82.58999633789062,83.08999633789062,82.41999816894531,83.02999877929688,70.25617980957031,630100,Yahoo Finance,RSP,2026-09-11T22:08:08+08:00,confirmed
2016-09-28,83.19000244140625,83.69000244140625,82.69000244140625,83.61000061035156,70.74696350097656,988000,Yahoo Finance,RSP,2026-09-11T22:08:08+08:00,confirmed
2016-09-29,83.51000213623047,83.79000091552734,82.66000366210938,82.91000366210938,70.15464782714844,1090900,Yahoo Finance,RSP,2026-09-11T22:08:08+08:00,confirmed
2016-09-30,83.20999908447266,83.87999725341797,83.05999755859375,83.58999633789062,70.73004150390625,798900,Yahoo Finance,RSP,2026-09-11T22:08:08+08:00,confirmed
2016-10-03,83.33999633789062,83.44999694824219,83.02999877929688,83.23999786376953,70.43389129638672,830600,Yahoo Finance,RSP,2026-09-11T22:08:08+08:00,confirmed
2016-10-04,83.36000061035156,83.41000366210938,82.45999908447266,82.7300033569336,70.00234985351562,1684600,Yahoo Finance,RSP,2026-09-11T22:08:08+08:00,confirmed
2016-10-05,83.01000213623047,83.41000366210938,82.8499984741211,83.22000122070312,70.41694641113281,592700,Yahoo Finance,RSP,2026-09-11T22:08:08+08:00,confirmed
2016-10-06,83.06999969482422,83.33000183105469,82.80000305175781,83.26000213623047,70.45082092285156,736100,Yahoo Finance,RSP,2026-09-11T22:08:08+08:00,confirmed
2016-10-07,83.33999633789062,83.48999786376953,82.5,82.80999755859375,70.07003784179688,660100,Yahoo Finance,RSP,2026-09-11T22:08:08+08:00,confirmed
2016-10-10,83.13999938964844,83.54000091552734,83.13999938964844,83.18000030517578,70.38314056396484,464000,Yahoo Finance,RSP,2026-09-11T22:08:08+08:00,confirmed
2016-10-11,82.93000030517578,82.93000030517578,81.61000061035156,81.94000244140625,69.3338851928711,869800,Yahoo Finance,RSP,2026-09-11T22:08:08+08:00,confirmed
2016-10-12,81.95999908447266,82.27999877929688,81.73999786376953,82.05000305175781,69.42695617675781,772000,Yahoo Finance,RSP,2026-09-11T22:08:08+08:00,confirmed
2016-10-13,81.4800033569336,82.0,80.94999694824219,81.75,69.17312622070312,632900,Yahoo Finance,RSP,2026-09-11T22:08:08+08:00,confirmed
2016-10-14,82.18000030517578,82.44999694824219,81.69000244140625,81.69000244140625,69.1223373413086,941600,Yahoo Finance,RSP,2026-09-11T22:08:08+08:00,confirmed
2016-10-17,81.70999908447266,81.8499984741211,81.3499984741211,81.41000366210938,68.88540649414062,560600,Yahoo Finance,RSP,2026-09-11T22:08:08+08:00,confirmed
2016-10-18,82.13999938964844,82.19999694824219,81.76000213623047,81.97000122070312,69.35928344726562,525100,Yahoo Finance,RSP,2026-09-11T22:08:08+08:00,confirmed
2016-10-19,82.12000274658203,82.5,81.87999725341797,82.37000274658203,69.6977310180664,578100,Yahoo Finance,RSP,2026-09-11T22:08:08+08:00,confirmed
2016-10-20,82.19000244140625,82.47000122070312,81.88999938964844,82.20999908447266,69.56234741210938,610300,Yahoo Finance,RSP,2026-09-11T22:08:08+08:00,confirmed
2016-10-21,81.79000091552734,82.25,81.61000061035156,82.16000366210938,69.52005004882812,470000,Yahoo Finance,RSP,2026-09-11T22:08:08+08:00,confirmed
2016-10-24,82.55000305175781,82.76000213623047,82.2699966430664,82.41999816894531,69.74003601074219,404600,Yahoo Finance,RSP,2026-09-11T22:08:08+08:00,confirmed
2016-10-25,82.2699966430664,82.29000091552734,81.87000274658203,81.94999694824219,69.34232330322266,766200,Yahoo Finance,RSP,2026-09-11T22:08:08+08:00,confirmed
2016-10-26,81.6500015258789,82.11000061035156,81.56999969482422,81.91000366210938,69.30848693847656,535100,Yahoo Finance,RSP,2026-09-11T22:08:08+08:00,confirmed
2016-10-27,82.1500015258789,82.19999694824219,81.37999725341797,81.43000030517578,68.90234375,447700,Yahoo Finance,RSP,2026-09-11T22:08:08+08:00,confirmed
2016-10-28,81.41000366210938,82.0,81.12000274658203,81.41999816894531,68.89390563964844,729400,Yahoo Finance,RSP,2026-09-11T22:08:08+08:00,confirmed
2016-10-31,81.6500015258789,81.77999877929688,81.44999694824219,81.55000305175781,69.00389099121094,605400,Yahoo Finance,RSP,2026-09-11T22:08:08+08:00,confirmed
2016-11-01,81.75,81.75,80.33000183105469,80.87999725341797,68.43696594238281,1802400,Yahoo Finance,RSP,2026-09-11T22:08:08+08:00,confirmed
2016-11-02,80.73999786376953,80.94000244140625,80.12000274658203,80.30000305175781,67.9461898803711,848400,Yahoo Finance,RSP,2026-09-11T22:08:08+08:00,confirmed
2016-11-03,80.44999694824219,80.5999984741211,79.9000015258789,80.04000091552734,67.7261962890625,731800,Yahoo Finance,RSP,2026-09-11T22:08:08+08:00,confirmed
2016-11-04,80.0999984741211,80.66000366210938,79.94000244140625,80.05000305175781,67.73464965820312,891800,Yahoo Finance,RSP,2026-09-11T22:08:08+08:00,confirmed
2016-11-07,81.37000274658203,81.80000305175781,81.12000274658203,81.77999877929688,69.19847869873047,1131500,Yahoo Finance,RSP,2026-09-11T22:08:08+08:00,confirmed
2016-11-08,81.68000030517578,82.33999633789062,81.38999938964844,82.08999633789062,69.46080780029297,931800,Yahoo Finance,RSP,2026-09-11T22:08:08+08:00,confirmed
2016-11-09,81.41000366210938,83.37000274658203,80.87999725341797,83.05999755859375,70.28157806396484,2302300,Yahoo Finance,RSP,2026-09-11T22:08:08+08:00,confirmed
2016-11-10,83.54000091552734,84.16999816894531,83.04000091552734,83.66999816894531,70.7977294921875,3215400,Yahoo Finance,RSP,2026-09-11T22:08:08+08:00,confirmed
2016-11-11,83.45999908447266,83.73999786376953,83.06999969482422,83.66999816894531,70.7977294921875,1771600,Yahoo Finance,RSP,2026-09-11T22:08:08+08:00,confirmed
2016-11-14,83.98999786376953,84.45999908447266,83.87999725341797,84.37000274658203,71.39002227783203,2660400,Yahoo Finance,RSP,2026-09-11T22:08:08+08:00,confirmed
2016-11-15,84.56999969482422,84.98999786376953,84.33999633789062,84.98999786376953,71.9146728515625,1617300,Yahoo Finance,RSP,2026-09-11T22:08:08+08:00,confirmed
2016-11-16,84.79000091552734,84.80000305175781,84.41000366210938,84.62000274658203,71.6015853881836,1455800,Yahoo Finance,RSP,2026-09-11T22:08:08+08:00,confirmed
2016-11-17,84.73999786376953,85.11000061035156,84.62000274658203,85.06999969482422,71.98234558105469,1636100,Yahoo Finance,RSP,2026-09-11T22:08:08+08:00,confirmed
2016-11-18,85.13999938964844,85.13999938964844,84.79000091552734,84.87000274658203,71.8131332397461,1209900,Yahoo Finance,RSP,2026-09-11T22:08:08+08:00,confirmed
2016-11-21,85.18000030517578,85.55999755859375,85.12000274658203,85.54000091552734,72.38004302978516,2311700,Yahoo Finance,RSP,2026-09-11T22:08:08+08:00,confirmed
2016-11-22,85.76000213623047,85.86000061035156,85.4000015258789,85.80000305175781,72.60004425048828,1528700,Yahoo Finance,RSP,2026-09-11T22:08:08+08:00,confirmed
2016-11-23,85.66000366210938,86.04000091552734,85.52999877929688,86.01000213623047,72.77775573730469,1265400,Yahoo Finance,RSP,2026-09-11T22:08:08+08:00,confirmed
2016-11-25,86.19000244140625,86.31999969482422,86.05000305175781,86.31999969482422,73.0400390625,670000,Yahoo Finance,RSP,2026-09-11T22:08:08+08:00,confirmed
2016-11-28,86.18000030517578,86.23999786376953,85.69000244140625,85.73999786376953,72.54927062988281,1302800,Yahoo Finance,RSP,2026-09-11T22:08:08+08:00,confirmed
2016-11-29,85.79000091552734,86.0199966430664,85.54000091552734,85.80000305175781,72.60004425048828,1262100,Yahoo Finance,RSP,2026-09-11T22:08:08+08:00,confirmed
2016-11-30,86.19000244140625,86.2699966430664,85.80999755859375,85.81999969482422,72.61695861816406,2193000,Yahoo Finance,RSP,2026-09-11T22:08:08+08:00,confirmed
2016-12-01,86.05000305175781,86.16000366210938,85.37000274658203,85.55999755859375,72.39695739746094,2467800,Yahoo Finance,RSP,2026-09-11T22:08:08+08:00,confirmed
2016-12-02,85.56999969482422,85.86000061035156,85.44000244140625,85.58000183105469,72.41390228271484,1186200,Yahoo Finance,RSP,2026-09-11T22:08:08+08:00,confirmed
2016-12-05,85.9800033569336,86.4000015258789,85.9800033569336,86.22000122070312,72.95541381835938,1661300,Yahoo Finance,RSP,2026-09-11T22:08:08+08:00,confirmed
2016-12-06,86.37999725341797,86.66999816894531,86.06999969482422,86.66000366210938,73.32772064208984,1447600,Yahoo Finance,RSP,2026-09-11T22:08:08+08:00,confirmed
2016-12-07,86.69000244140625,87.94000244140625,86.63999938964844,87.9000015258789,74.37698364257812,1608200,Yahoo Finance,RSP,2026-09-11T22:08:08+08:00,confirmed
2016-12-08,87.94999694824219,88.52999877929688,87.76000213623047,88.26000213623047,74.68157958984375,1743600,Yahoo Finance,RSP,2026-09-11T22:08:08+08:00,confirmed
2016-12-09,88.38999938964844,88.51000213623047,88.16000366210938,88.51000213623047,74.89311218261719,1869700,Yahoo Finance,RSP,2026-09-11T22:08:08+08:00,confirmed
2016-12-12,88.48999786376953,88.58000183105469,87.87999725341797,88.05000305175781,74.50389099121094,1359700,Yahoo Finance,RSP,2026-09-11T22:08:08+08:00,confirmed
2016-12-13,88.37999725341797,88.62999725341797,88.08000183105469,88.41999816894531,74.81696319580078,1563300,Yahoo Finance,RSP,2026-09-11T22:08:08+08:00,confirmed
2016-12-14,88.30000305175781,88.54000091552734,87.29000091552734,87.5,74.03851318359375,2074700,Yahoo Finance,RSP,2026-09-11T22:08:08+08:00,confirmed
2016-12-15,87.5,88.22000122070312,87.33999633789062,87.80999755859375,74.30081939697266,1707200,Yahoo Finance,RSP,2026-09-11T22:08:08+08:00,confirmed
2016-12-16,87.80999755859375,87.9000015258789,87.2300033569336,87.41999816894531,74.09485626220703,1448400,Yahoo Finance,RSP,2026-09-11T22:08:08+08:00,confirmed
2016-12-19,87.52999877929688,87.80000305175781,87.33000183105469,87.55000305175781,74.20502471923828,1233300,Yahoo Finance,RSP,2026-09-11T22:08:08+08:00,confirmed
2016-12-20,87.75,87.9800033569336,87.66999816894531,87.83999633789062,74.45081329345703,1205800,Yahoo Finance,RSP,2026-09-11T22:08:08+08:00,confirmed
2016-12-21,87.83999633789062,87.9000015258789,87.62000274658203,87.63999938964844,74.28133392333984,1193100,Yahoo Finance,RSP,2026-09-11T22:08:08+08:00,confirmed
2016-12-22,87.55000305175781,87.55000305175781,87.08999633789062,87.29000091552734,73.98466491699219,1172300,Yahoo Finance,RSP,2026-09-11T22:08:08+08:00,confirmed
2016-12-23,87.2699966430664,87.47000122070312,87.2699966430664,87.47000122070312,74.13724517822266,410100,Yahoo Finance,RSP,2026-09-11T22:08:08+08:00,confirmed
2016-12-27,87.5,87.9000015258789,87.5,87.76000213623047,74.38301086425781,1009000,Yahoo Finance,RSP,2026-09-11T22:08:08+08:00,confirmed
2016-12-28,87.87999725341797,87.87999725341797,86.81999969482422,86.86000061035156,73.62019348144531,839900,Yahoo Finance,RSP,2026-09-11T22:08:08+08:00,confirmed
2016-12-29,86.88999938964844,87.11000061035156,86.69999694824219,86.88999938964844,73.64561462402344,847200,Yahoo Finance,RSP,2026-09-11T22:08:08+08:00,confirmed
2016-12-30,87.1500015258789,87.1500015258789,86.36000061035156,86.63999938964844,73.43373107910156,1303200,Yahoo Finance,RSP,2026-09-11T22:08:08+08:00,confirmed
2017-01-03,87.2699966430664,87.66999816894531,86.80000305175781,87.33000183105469,74.0185775756836,2197200,Yahoo Finance,RSP,2026-09-11T22:08:08+08:00,confirmed
2017-01-04,87.51000213623047,88.29000091552734,87.51000213623047,88.18000030517578,74.73899841308594,1862200,Yahoo Finance,RSP,2026-09-11T22:08:08+08:00,confirmed
2017-01-05,88.08999633789062,88.0999984741211,87.56999969482422,87.94000244140625,74.53555297851562,1281700,Yahoo Finance,RSP,2026-09-11T22:08:08+08:00,confirmed
2017-01-06,88.06999969482422,88.4000015258789,87.72000122070312,88.18000030517578,74.73899841308594,993000,Yahoo Finance,RSP,2026-09-11T22:08:08+08:00,confirmed
2017-01-09,88.1500015258789,88.1500015258789,87.66999816894531,87.69999694824219,74.33216857910156,1332700,Yahoo Finance,RSP,2026-09-11T22:08:08+08:00,confirmed
2017-01-10,87.79000091552734,88.16000366210938,87.6500015258789,87.77999877929688,74.39997863769531,1223500,Yahoo Finance,RSP,2026-09-11T22:08:08+08:00,confirmed
2017-01-11,87.7699966430664,88.05000305175781,87.5,88.01000213623047,74.59489440917969,1489400,Yahoo Finance,RSP,2026-09-11T22:08:08+08:00,confirmed
2017-01-12,87.88999938964844,87.94000244140625,87.16000366210938,87.87000274658203,74.47624206542969,1093000,Yahoo Finance,RSP,2026-09-11T22:08:08+08:00,confirmed
2017-01-13,87.87000274658203,88.18000030517578,87.87000274658203,88.05000305175781,74.62882995605469,1001700,Yahoo Finance,RSP,2026-09-11T22:08:08+08:00,confirmed
2017-01-17,87.86000061035156,88.12999725341797,87.63999938964844,87.81999969482422,74.43387603759766,1137500,Yahoo Finance,RSP,2026-09-11T22:08:08+08:00,confirmed
2017-01-18,87.95999908447266,88.08999633789062,87.62000274658203,88.08000183105469,74.65425109863281,929200,Yahoo Finance,RSP,2026-09-11T22:08:08+08:00,confirmed
2017-01-19,88.06999969482422,88.20999908447266,87.41000366210938,87.63999938964844,74.28133392333984,751000,Yahoo Finance,RSP,2026-09-11T22:08:08+08:00,confirmed
2017-01-20,87.97000122070312,88.19999694824219,87.62999725341797,87.97000122070312,74.56103515625,827400,Yahoo Finance,RSP,2026-09-11T22:08:08+08:00,confirmed
2017-01-23,87.9000015258789,87.97000122070312,87.37000274658203,87.70999908447266,74.34064483642578,1180200,Yahoo Finance,RSP,2026-09-11T22:08:08+08:00,confirmed
2017-01-24,87.91999816894531,88.7300033569336,87.9000015258789,88.58000183105469,75.07804107666016,1876500,Yahoo Finance,RSP,2026-09-11T22:08:08+08:00,confirmed
2017-01-25,88.9800033569336,89.27999877929688,88.91000366210938,89.25,75.64591217041016,1293400,Yahoo Finance,RSP,2026-09-11T22:08:08+08:00,confirmed
2017-01-26,89.25,89.31999969482422,88.93000030517578,89.01000213623047,75.44249725341797,943800,Yahoo Finance,RSP,2026-09-11T22:08:08+08:00,confirmed
2017-01-27,89.11000061035156,89.11000061035156,88.6500015258789,88.73999786376953,75.21365356445312,910100,Yahoo Finance,RSP,2026-09-11T22:08:08+08:00,confirmed
2017-01-30,88.44000244140625,88.44999694824219,87.66000366210938,88.23999786376953,74.78985595703125,1420000,Yahoo Finance,RSP,2026-09-11T22:08:08+08:00,confirmed
2017-01-31,88.08000183105469,88.37999725341797,87.76000213623047,88.37999725341797,74.90853118896484,903500,Yahoo Finance,RSP,2026-09-11T22:08:08+08:00,confirmed
2017-02-01,88.55999755859375,88.68000030517578,87.83999633789062,88.16000366210938,74.72206115722656,1089800,Yahoo Finance,RSP,2026-09-11T22:08:08+08:00,confirmed
2017-02-02,87.9800033569336,88.47000122070312,87.86000061035156,88.3499984741211,74.88308715820312,826300,Yahoo Finance,RSP,2026-09-11T22:08:08+08:00,confirmed
2017-02-03,88.69000244140625,89.05000305175781,88.61000061035156,88.95999908447266,75.40010833740234,794700,Yahoo Finance,RSP,2026-09-11T22:08:08+08:00,confirmed
2017-02-06,88.8499984741211,88.9800033569336,88.56999969482422,88.72000122070312,75.19670867919922,766700,Yahoo Finance,RSP,2026-09-11T22:08:08+08:00,confirmed
2017-02-07,88.83000183105469,88.94000244140625,88.4800033569336,88.62999725341797,75.12039947509766,830700,Yahoo Finance,RSP,2026-09-11T22:08:08+08:00,confirmed
2017-02-08,88.62999725341797,88.86000061035156,88.30999755859375,88.81999969482422,75.28145599365234,657200,Yahoo Finance,RSP,2026-09-11T22:08:08+08:00,confirmed
2017-02-09,88.94000244140625,89.55000305175781,88.9000015258789,89.37000274658203,75.74763488769531,1169100,Yahoo Finance,RSP,2026-09-11T22:08:08+08:00,confirmed
2017-02-10,89.63999938964844,89.97000122070312,89.58999633789062,89.87000274658203,76.17140197753906,947200,Yahoo Finance,RSP,2026-09-11T22:08:08+08:00,confirmed
2017-02-13,90.13999938964844,90.41000366210938,90.06999969482422,90.2699966430664,76.51043701171875,856300,Yahoo Finance,RSP,2026-09-11T22:08:08+08:00,confirmed
2017-02-14,90.16000366210938,90.5500030517578,90.01000213623047,90.51000213623048,76.71385192871094,772800,Yahoo Finance,RSP,2026-09-11T22:08:08+08:00,confirmed
2017-02-15,90.41000366210938,91.08000183105467,90.37999725341795,90.9499969482422,77.0867691040039,794600,Yahoo Finance,RSP,2026-09-11T22:08:08+08:00,confirmed
2017-02-16,90.98999786376952,91.0999984741211,90.44000244140624,90.72000122070312,76.89186096191406,791400,Yahoo Finance,RSP,2026-09-11T22:08:08+08:00,confirmed
2017-02-17,90.5,90.91000366210938,90.37000274658205,90.9000015258789,77.04442596435547,668200,Yahoo Finance,RSP,2026-09-11T22:08:08+08:00,confirmed
2017-02-21,91.04000091552734,91.62000274658205,91.04000091552734,91.54000091552734,77.58684539794922,961000,Yahoo Finance,RSP,2026-09-11T22:08:08+08:00,confirmed
2017-02-22,91.33999633789062,91.4800033569336,91.19000244140624,91.31999969482422,77.40038299560547,671100,Yahoo Finance,RSP,2026-09-11T22:08:08+08:00,confirmed
2017-02-23,91.58999633789062,91.61000061035156,90.91999816894533,91.16000366210938,77.26476287841797,1023100,Yahoo Finance,RSP,2026-09-11T22:08:08+08:00,confirmed
2017-02-24,90.8000030517578,91.41000366210938,90.6999969482422,91.41000366210938,77.47663879394531,809800,Yahoo Finance,RSP,2026-09-11T22:08:08+08:00,confirmed
2017-02-27,91.41000366210938,91.68000030517578,91.23999786376952,91.62000274658205,77.65464782714844,713400,Yahoo Finance,RSP,2026-09-11T22:08:08+08:00,confirmed
2017-02-28,91.41000366210938,91.44000244140624,91.0500030517578,91.1500015258789,77.25630950927734,720000,Yahoo Finance,RSP,2026-09-11T22:08:08+08:00,confirmed
2017-03-01,91.8499984741211,92.52999877929688,91.8499984741211,92.2699966430664,78.20556640625,1166800,Yahoo Finance,RSP,2026-09-11T22:08:08+08:00,confirmed
2017-03-02,92.1999969482422,92.1999969482422,91.63999938964844,91.66999816894533,77.69703674316406,786700,Yahoo Finance,RSP,2026-09-11T22:08:08+08:00,confirmed
2017-03-03,91.61000061035156,91.73999786376952,91.36000061035156,91.66000366210938,77.68854522705078,645800,Yahoo Finance,RSP,2026-09-11T22:08:08+08:00,confirmed
2017-03-06,91.29000091552734,91.5199966430664,91.01000213623048,91.25,77.34105682373047,512400,Yahoo Finance,RSP,2026-09-11T22:08:08+08:00,confirmed
2017-03-07,91.11000061035156,91.1500015258789,90.7699966430664,90.83999633789062,76.9935531616211,942300,Yahoo Finance,RSP,2026-09-11T22:08:08+08:00,confirmed
2017-03-08,90.9000015258789,91.12000274658205,90.55999755859376,90.62999725341795,76.81554412841797,848700,Yahoo Finance,RSP,2026-09-11T22:08:08+08:00,confirmed
2017-03-09,90.63999938964844,90.87000274658205,90.13999938964844,90.5500030517578,76.74775695800781,1001900,Yahoo Finance,RSP,2026-09-11T22:08:08+08:00,confirmed
2017-03-10,91.0,91.1500015258789,90.47000122070312,90.91000366210938,77.05288696289062,488000,Yahoo Finance,RSP,2026-09-11T22:08:08+08:00,confirmed
2017-03-13,90.91000366210938,91.12000274658205,90.8000030517578,91.08999633789062,77.2054214477539,545300,Yahoo Finance,RSP,2026-09-11T22:08:08+08:00,confirmed
2017-03-14,90.79000091552734,90.79000091552734,90.33000183105467,90.66000366210938,76.84100341796875,1294300,Yahoo Finance,RSP,2026-09-11T22:08:08+08:00,confirmed
2017-03-15,90.87999725341795,91.88999938964844,90.8499984741211,91.6500015258789,77.68008422851562,881300,Yahoo Finance,RSP,2026-09-11T22:08:08+08:00,confirmed
2017-03-16,91.73999786376952,91.75,91.3000030517578,91.44000244140624,77.50210571289062,676300,Yahoo Finance,RSP,2026-09-11T22:08:08+08:00,confirmed
2017-03-17,91.27999877929688,91.30999755859376,90.98999786376952,91.05999755859376,77.47654724121094,539000,Yahoo Finance,RSP,2026-09-11T22:08:08+08:00,confirmed
2017-03-20,91.05999755859376,91.0999984741211,90.61000061035156,90.8000030517578,77.2553482055664,579300,Yahoo Finance,RSP,2026-09-11T22:08:08+08:00,confirmed
2017-03-21,91.11000061035156,91.11000061035156,89.51000213623047,89.61000061035156,76.24287414550781,1444000,Yahoo Finance,RSP,2026-09-11T22:08:08+08:00,confirmed
2017-03-22,89.58000183105469,89.9000015258789,89.26000213623047,89.7699966430664,76.37899780273438,873900,Yahoo Finance,RSP,2026-09-11T22:08:08+08:00,confirmed
2017-03-23,89.75,90.37000274658205,89.63999938964844,89.80999755859375,76.41301727294922,787800,Yahoo Finance,RSP,2026-09-11T22:08:08+08:00,confirmed
2017-03-24,89.95999908447266,90.22000122070312,89.45999908447266,89.80999755859375,76.41301727294922,682500,Yahoo Finance,RSP,2026-09-11T22:08:08+08:00,confirmed
2017-03-27,89.0999984741211,89.79000091552734,88.87999725341797,89.6500015258789,76.27690124511719,780600,Yahoo Finance,RSP,2026-09-11T22:08:08+08:00,confirmed
2017-03-28,89.62000274658203,90.55999755859376,89.5,90.38999938964844,76.90650177001953,764800,Yahoo Finance,RSP,2026-09-11T22:08:08+08:00,confirmed
2017-03-29,90.31999969482422,90.75,90.1999969482422,90.6999969482422,77.17028045654297,459000,Yahoo Finance,RSP,2026-09-11T22:08:08+08:00,confirmed
2017-03-30,90.66999816894533,91.01000213623048,90.56999969482422,90.87999725341795,77.32342529296875,512000,Yahoo Finance,RSP,2026-09-11T22:08:08+08:00,confirmed
2017-03-31,90.81999969482422,91.08999633789062,90.72000122070312,90.81999969482422,77.27239227294922,591800,Yahoo Finance,RSP,2026-09-11T22:08:08+08:00,confirmed
2017-04-03,90.9000015258789,90.93000030517578,89.91999816894531,90.45999908447266,76.966064453125,2521200,Yahoo Finance,RSP,2026-09-11T22:08:08+08:00,confirmed
2017-04-04,90.31999969482422,90.41999816894533,90.08999633789062,90.3499984741211,76.87248229980469,934000,Yahoo Finance,RSP,2026-09-11T22:08:08+08:00,confirmed
2017-04-05,90.66999816894533,91.16999816894533,89.98999786376953,90.0999984741211,76.65975952148438,980600,Yahoo Finance,RSP,2026-09-11T22:08:08+08:00,confirmed
2017-04-06,90.20999908447266,90.8000030517578,90.05999755859375,90.58000183105467,77.06818389892578,682000,Yahoo Finance,RSP,2026-09-11T22:08:08+08:00,confirmed
2017-04-07,90.56999969482422,90.8000030517578,90.30999755859376,90.5,77.00011444091797,400700,Yahoo Finance,RSP,2026-09-11T22:08:08+08:00,confirmed
2017-04-10,90.58999633789062,91.02999877929688,90.43000030517578,90.70999908447266,77.17878723144531,489500,Yahoo Finance,RSP,2026-09-11T22:08:08+08:00,confirmed
2017-04-11,90.5500030517578,90.73999786376952,90.0,90.73999786376952,77.20431518554688,617200,Yahoo Finance,RSP,2026-09-11T22:08:08+08:00,confirmed
2017-04-12,90.62999725341795,90.6500015258789,90.06999969482422,90.18000030517578,76.72782897949219,544500,Yahoo Finance,RSP,2026-09-11T22:08:08+08:00,confirmed
2017-04-13,90.04000091552734,90.29000091552734,89.54000091552734,89.55000305175781,76.19182586669922,605400,Yahoo Finance,RSP,2026-09-11T22:08:08+08:00,confirmed
2017-04-17,89.81999969482422,90.3000030517578,89.63999938964844,90.27999877929688,76.81293487548828,802300,Yahoo Finance,RSP,2026-09-11T22:08:08+08:00,confirmed
2017-04-18,89.95999908447266,90.25,89.66999816894531,90.0199966430664,76.5916976928711,607100,Yahoo Finance,RSP,2026-09-11T22:08:08+08:00,confirmed
2017-04-19,90.33000183105467,90.5500030517578,89.93000030517578,90.05000305175781,76.61724090576172,656700,Yahoo Finance,RSP,2026-09-11T22:08:08+08:00,confirmed
2017-04-20,90.30999755859376,90.98999786376952,90.18000030517578,90.79000091552734,77.24685668945312,582100,Yahoo Finance,RSP,2026-09-11T22:08:08+08:00,confirmed
2017-04-21,90.73999786376952,90.77999877929688,90.30999755859376,90.5,77.00011444091797,824200,Yahoo Finance,RSP,2026-09-11T22:08:08+08:00,confirmed
2017-04-24,91.47000122070312,91.5999984741211,91.16000366210938,91.38999938964844,77.75733184814453,698500,Yahoo Finance,RSP,2026-09-11T22:08:08+08:00,confirmed
2017-04-25,91.62999725341795,92.0,91.54000091552734,91.87000274658205,78.16573333740234,649900,Yahoo Finance,RSP,2026-09-11T22:08:08+08:00,confirmed
2017-04-26,91.88999938964844,92.33999633789062,91.66999816894533,91.88999938964844,78.18275451660156,710200,Yahoo Finance,RSP,2026-09-11T22:08:08+08:00,confirmed
2017-04-27,91.97000122070312,92.04000091552734,91.55999755859376,91.8499984741211,78.14873504638672,662000,Yahoo Finance,RSP,2026-09-11T22:08:08+08:00,confirmed
2017-04-28,91.87999725341795,91.91000366210938,91.33999633789062,91.41999816894533,77.78284454345703,632900,Yahoo Finance,RSP,2026-09-11T22:08:08+08:00,confirmed
2017-05-01,91.62999725341795,91.62999725341795,91.23999786376952,91.37999725341795,77.74882507324219,862000,Yahoo Finance,RSP,2026-09-11T22:08:08+08:00,confirmed
2017-05-02,91.48999786376952,91.56999969482422,91.26000213623048,91.45999908447266,77.81689453125,512600,Yahoo Finance,RSP,2026-09-11T22:08:08+08:00,confirmed
2017-05-03,91.27999877929688,91.37999725341795,90.91000366210938,91.16999816894533,77.57013702392578,621900,Yahoo Finance,RSP,2026-09-11T22:08:08+08:00,confirmed
2017-05-04,91.2699966430664,91.33999633789062,90.83000183105467,91.25,77.63822937011719,560800,Yahoo Finance,RSP,2026-09-11T22:08:08+08:00,confirmed
2017-05-05,91.45999908447266,91.8499984741211,91.3499984741211,91.8499984741211,78.14873504638672,453500,Yahoo Finance,RSP,2026-09-11T22:08:08+08:00,confirmed
2017-05-08,91.87999725341795,91.93000030517578,91.4800033569336,91.63999938964844,77.97003936767578,541000,Yahoo Finance,RSP,2026-09-11T22:08:08+08:00,confirmed
2017-05-09,91.7300033569336,91.8000030517578,91.4499969482422,91.58000183105467,77.91899108886719,590800,Yahoo Finance,RSP,2026-09-11T22:08:08+08:00,confirmed
2017-05-10,91.62000274658205,91.9499969482422,91.41000366210938,91.93000030517578,78.21678924560547,744200,Yahoo Finance,RSP,2026-09-11T22:08:08+08:00,confirmed
2017-05-11,91.69000244140624,91.70999908447266,91.0,91.5500030517578,77.89346313476562,590400,Yahoo Finance,RSP,2026-09-11T22:08:08+08:00,confirmed
2017-05-12,91.41999816894533,91.48999786376952,91.0500030517578,91.13999938964844,77.54460906982422,355700,Yahoo Finance,RSP,2026-09-11T22:08:08+08:00,confirmed
2017-05-15,91.36000061035156,91.87000274658205,91.36000061035156,91.69000244140624,78.01258850097656,337700,Yahoo Finance,RSP,2026-09-11T22:08:08+08:00,confirmed
2017-05-16,91.83000183105467,91.8499984741211,91.3000030517578,91.4499969482422,77.80838775634766,542500,Yahoo Finance,RSP,2026-09-11T22:08:08+08:00,confirmed
2017-05-17,90.7699966430664,90.9499969482422,89.9800033569336,90.04000091552734,76.60871887207031,1293300,Yahoo Finance,RSP,2026-09-11T22:08:08+08:00,confirmed
2017-05-18,89.91999816894531,90.61000061035156,89.75,90.23999786376952,76.77886962890625,949800,Yahoo Finance,RSP,2026-09-11T22:08:08+08:00,confirmed
2017-05-19,90.4800033569336,91.2699966430664,90.2699966430664,90.97000122070312,77.4000015258789,721500,Yahoo Finance,RSP,2026-09-11T22:08:08+08:00,confirmed
2017-05-22,91.1500015258789,91.52999877929688,91.01000213623048,91.44000244140624,77.79988861083984,418700,Yahoo Finance,RSP,2026-09-11T22:08:08+08:00,confirmed
2017-05-23,91.62999725341795,91.66999816894533,91.3499984741211,91.45999908447266,77.81689453125,399500,Yahoo Finance,RSP,2026-09-11T22:08:08+08:00,confirmed
2017-05-24,91.54000091552734,91.6999969482422,91.44000244140624,91.66000366210938,77.98706817626953,318800,Yahoo Finance,RSP,2026-09-11T22:08:08+08:00,confirmed
2017-05-25,91.88999938964844,92.20999908447266,91.81999969482422,92.02999877929688,78.30186462402344,557100,Yahoo Finance,RSP,2026-09-11T22:08:08+08:00,confirmed
2017-05-26,91.9800033569336,92.04000091552734,91.9000015258789,92.01000213623048,78.28485107421875,592300,Yahoo Finance,RSP,2026-09-11T22:08:08+08:00,confirmed
2017-05-30,91.87999725341795,91.98999786376952,91.68000030517578,91.83999633789062,78.14019012451172,495300,Yahoo Finance,RSP,2026-09-11T22:08:08+08:00,confirmed
2017-05-31,91.95999908447266,91.97000122070312,91.45999908447266,91.93000030517578,78.21678924560547,527700,Yahoo Finance,RSP,2026-09-11T22:08:08+08:00,confirmed
2017-06-01,92.12999725341795,92.9000015258789,91.9499969482422,92.87999725341795,79.02507019042969,739700,Yahoo Finance,RSP,2026-09-11T22:08:08+08:00,confirmed
2017-06-02,92.94000244140624,93.12999725341795,92.72000122070312,93.01000213623048,79.13567352294922,517800,Yahoo Finance,RSP,2026-09-11T22:08:08+08:00,confirmed
2017-06-05,92.93000030517578,93.0,92.73999786376952,92.80999755859376,78.96553039550781,369100,Yahoo Finance,RSP,2026-09-11T22:08:08+08:00,confirmed
2017-06-06,92.5199966430664,92.69000244140624,92.33000183105467,92.44000244140624,78.65071868896484,457300,Yahoo Finance,RSP,2026-09-11T22:08:08+08:00,confirmed
2017-06-07,92.58000183105467,92.6999969482422,92.26000213623048,92.52999877929688,78.72727966308594,555400,Yahoo Finance,RSP,2026-09-11T22:08:08+08:00,confirmed
2017-06-08,92.5500030517578,92.79000091552734,92.33999633789062,92.5999984741211,78.78684997558594,312900,Yahoo Finance,RSP,2026-09-11T22:08:08+08:00,confirmed
2017-06-09,92.66999816894533,93.1999969482422,92.4800033569336,92.87999725341795,79.02507019042969,532100,Yahoo Finance,RSP,2026-09-11T22:08:08+08:00,confirmed
2017-06-12,92.8000030517578,93.08999633789062,92.66999816894533,93.0,79.1271743774414,310200,Yahoo Finance,RSP,2026-09-11T22:08:08+08:00,confirmed
2017-06-13,93.22000122070312,93.58999633789062,93.0999984741211,93.58999633789062,79.62915802001953,530800,Yahoo Finance,RSP,2026-09-11T22:08:08+08:00,confirmed
2017-06-14,93.62999725341795,93.63999938964844,93.08000183105467,93.37999725341795,79.45046997070312,563500,Yahoo Finance,RSP,2026-09-11T22:08:08+08:00,confirmed
2017-06-15,92.83000183105467,93.23999786376952,92.73999786376952,93.18000030517578,79.28031158447266,442300,Yahoo Finance,RSP,2026-09-11T22:08:08+08:00,confirmed
2017-06-16,92.91999816894533,92.91999816894533,92.47000122070312,92.87999725341795,79.29825592041016,425300,Yahoo Finance,RSP,2026-09-11T22:08:08+08:00,confirmed
2017-06-19,93.18000030517578,93.48999786376952,93.0500030517578,93.45999908447266,79.7934341430664,672100,Yahoo Finance,RSP,2026-09-11T22:08:08+08:00,confirmed
2017-06-20,93.36000061035156,93.36000061035156,92.66000366210938,92.6999969482422,79.14456939697266,355100,Yahoo Finance,RSP,2026-09-11T22:08:08+08:00,confirmed
2017-06-21,92.83000183105467,92.86000061035156,92.2300033569336,92.44000244140624,78.92261505126953,312300,Yahoo Finance,RSP,2026-09-11T22:08:08+08:00,confirmed
2017-06-22,92.43000030517578,92.76000213623048,92.3000030517578,92.47000122070312,78.9482192993164,386300,Yahoo Finance,RSP,2026-09-11T22:08:08+08:00,confirmed
2017-06-23,92.52999877929688,92.77999877929688,92.38999938964844,92.68000030517578,79.12749481201172,285800,Yahoo Finance,RSP,2026-09-11T22:08:08+08:00,confirmed
2017-06-26,92.93000030517578,93.20999908447266,92.83000183105467,92.9499969482422,79.3580093383789,248700,Yahoo Finance,RSP,2026-09-11T22:08:08+08:00,confirmed
2017-06-27,92.9499969482422,93.0999984741211,92.33000183105467,92.33000183105467,78.82866668701172,539600,Yahoo Finance,RSP,2026-09-11T22:08:08+08:00,confirmed
2017-06-28,92.73999786376952,93.25,92.73999786376952,93.0500030517578,79.4433822631836,334500,Yahoo Finance,RSP,2026-09-11T22:08:08+08:00,confirmed
2017-06-29,93.1500015258789,93.26000213623048,91.87000274658205,92.38999938964844,78.87992095947266,432000,Yahoo Finance,RSP,2026-09-11T22:08:08+08:00,confirmed
2017-06-30,92.76000213623048,93.02999877929688,92.5,92.68000030517578,79.12749481201172,359600,Yahoo Finance,RSP,2026-09-11T22:08:08+08:00,confirmed
2017-07-03,93.13999938964844,93.4000015258789,93.06999969482422,93.06999969482422,79.4604721069336,390600,Yahoo Finance,RSP,2026-09-11T22:08:08+08:00,confirmed
2017-07-05,93.1999969482422,93.1999969482422,92.66000366210938,92.93000030517578,79.34095001220703,601100,Yahoo Finance,RSP,2026-09-11T22:08:08+08:00,confirmed
2017-07-06,92.55999755859376,92.61000061035156,91.80999755859376,91.91000366210938,78.4701156616211,508200,Yahoo Finance,RSP,2026-09-11T22:08:08+08:00,confirmed
2017-07-07,92.02999877929688,92.58000183105467,92.01000213623048,92.5,78.97383880615234,377000,Yahoo Finance,RSP,2026-09-11T22:08:08+08:00,confirmed
2017-07-10,92.44000244140624,92.68000030517578,92.31999969482422,92.5199966430664,78.99089050292969,271400,Yahoo Finance,RSP,2026-09-11T22:08:08+08:00,confirmed
2017-07-11,92.45999908447266,92.55999755859376,91.93000030517578,92.44000244140624,78.92261505126953,417500,Yahoo Finance,RSP,2026-09-11T22:08:08+08:00,confirmed
2017-07-12,92.91999816894533,93.25,92.91999816894533,93.08000183105467,79.46902465820312,1126600,Yahoo Finance,RSP,2026-09-11T22:08:08+08:00,confirmed
2017-07-13,93.18000030517578,93.38999938964844,93.05999755859376,93.3499984741211,79.69951629638672,594100,Yahoo Finance,RSP,2026-09-11T22:08:08+08:00,confirmed
2017-07-14,93.44000244140624,93.93000030517578,93.30999755859376,93.76000213623048,80.049560546875,391200,Yahoo Finance,RSP,2026-09-11T22:08:08+08:00,confirmed
2017-07-17,93.7300033569336,94.04000091552734,93.68000030517578,93.87000274658205,80.14350891113281,358600,Yahoo Finance,RSP,2026-09-11T22:08:08+08:00,confirmed
2017-07-18,93.75,93.75,93.43000030517578,93.66999816894533,79.9727554321289,411200,Yahoo Finance,RSP,2026-09-11T22:08:08+08:00,confirmed
2017-07-19,93.87000274658205,94.33999633789062,93.7699966430664,94.33999633789062,80.5447769165039,538700,Yahoo Finance,RSP,2026-09-11T22:08:08+08:00,confirmed
2017-07-20,94.45999908447266,94.45999908447266,94.12000274658205,94.29000091552734,80.50208282470703,311300,Yahoo Finance,RSP,2026-09-11T22:08:08+08:00,confirmed
2017-07-21,94.12000274658205,94.33000183105467,94.04000091552734,94.30999755859376,80.51914978027344,272900,Yahoo Finance,RSP,2026-09-11T22:08:08+08:00,confirmed
2017-07-24,94.26000213623048,94.41000366210938,94.08000183105467,94.23999786376952,80.45936584472656,383900,Yahoo Finance,RSP,2026-09-11T22:08:08+08:00,confirmed
2017-07-25,94.54000091552734,94.8000030517578,94.38999938964844,94.61000061035156,80.77527618408203,261900,Yahoo Finance,RSP,2026-09-11T22:08:08+08:00,confirmed
2017-07-26,94.66999816894533,94.66999816894533,94.33000183105467,94.41999816894533,80.6130599975586,367000,Yahoo Finance,RSP,2026-09-11T22:08:08+08:00,confirmed
2017-07-27,94.43000030517578,94.45999908447266,93.77999877929688,94.31999969482422,80.5276870727539,552900,Yahoo Finance,RSP,2026-09-11T22:08:08+08:00,confirmed
2017-07-28,94.13999938964844,94.26000213623048,94.01000213623048,94.1999969482422,80.42523193359375,371300,Yahoo Finance,RSP,2026-09-11T22:08:08+08:00,confirmed
2017-07-31,94.41999816894533,94.45999908447266,94.01000213623048,94.16000366210938,80.39108276367188,494000,Yahoo Finance,RSP,2026-09-11T22:08:08+08:00,confirmed
2017-08-01,94.41000366210938,94.43000030517578,93.97000122070312,94.26000213623048,80.47647857666016,398200,Yahoo Finance,RSP,2026-09-11T22:08:08+08:00,confirmed
2017-08-02,94.12999725341795,94.12999725341795,93.61000061035156,93.95999908447266,80.22032928466797,449200,Yahoo Finance,RSP,2026-09-11T22:08:08+08:00,confirmed
2017-08-03,93.87000274658205,93.95999908447266,93.62000274658205,93.72000122070312,80.01542663574219,616400,Yahoo Finance,RSP,2026-09-11T22:08:08+08:00,confirmed
2017-08-04,93.91000366210938,93.9499969482422,93.68000030517578,93.86000061035156,80.13495635986328,487300,Yahoo Finance,RSP,2026-09-11T22:08:08+08:00,confirmed
2017-08-07,93.87999725341795,94.0199966430664,93.80999755859376,93.95999908447266,80.22032928466797,388300,Yahoo Finance,RSP,2026-09-11T22:08:08+08:00,confirmed
2017-08-08,93.88999938964844,94.37999725341795,93.55999755859376,93.7300033569336,80.02394104003906,477300,Yahoo Finance,RSP,2026-09-11T22:08:08+08:00,confirmed
2017-08-09,93.4499969482422,93.62000274658205,93.27999877929688,93.5999984741211,79.91299438476562,579900,Yahoo Finance,RSP,2026-09-11T22:08:08+08:00,confirmed
2017-08-10,93.2300033569336,93.3000030517578,92.2300033569336,92.26000213623048,78.76891326904297,670100,Yahoo Finance,RSP,2026-09-11T22:08:08+08:00,confirmed
2017-08-11,92.12999725341795,92.58000183105467,92.12999725341795,92.27999877929688,78.78599548339844,928800,Yahoo Finance,RSP,2026-09-11T22:08:08+08:00,confirmed
2017-08-14,92.75,93.33000183105467,92.75,93.1500015258789,79.52879333496094,423500,Yahoo Finance,RSP,2026-09-11T22:08:08+08:00,confirmed
2017-08-15,93.2300033569336,93.2300033569336,92.83999633789062,92.9800033569336,79.38363647460938,311900,Yahoo Finance,RSP,2026-09-11T22:08:08+08:00,confirmed
2017-08-16,93.1999969482422,93.41000366210938,93.08000183105467,93.22000122070312,79.58853149414062,322700,Yahoo Finance,RSP,2026-09-11T22:08:08+08:00,confirmed
2017-08-17,92.9800033569336,93.1500015258789,91.79000091552734,91.79000091552734,78.3676528930664,662400,Yahoo Finance,RSP,2026-09-11T22:08:08+08:00,confirmed
2017-08-18,91.68000030517578,92.0999984741211,91.4000015258789,91.58000183105467,78.1883544921875,1150600,Yahoo Finance,RSP,2026-09-11T22:08:08+08:00,confirmed
2017-08-21,91.5999984741211,91.7699966430664,91.30999755859376,91.66000366210938,78.25666809082031,648700,Yahoo Finance,RSP,2026-09-11T22:08:08+08:00,confirmed
2017-08-22,91.87999725341795,92.61000061035156,91.76000213623048,92.52999877929688,78.99942016601562,658600,Yahoo Finance,RSP,2026-09-11T22:08:08+08:00,confirmed
2017-08-23,92.19000244140624,92.4499969482422,92.1500015258789,92.26000213623048,78.76891326904297,355600,Yahoo Finance,RSP,2026-09-11T22:08:08+08:00,confirmed
2017-08-24,92.4499969482422,92.62000274658205,92.11000061035156,92.13999938964844,78.66645050048828,390900,Yahoo Finance,RSP,2026-09-11T22:08:08+08:00,confirmed
2017-08-25,92.4499969482422,92.70999908447266,92.37000274658205,92.45999908447266,78.93965911865234,379600,Yahoo Finance,RSP,2026-09-11T22:08:08+08:00,confirmed
2017-08-28,92.63999938964844,92.6500015258789,92.1500015258789,92.3499984741211,78.84577178955078,625700,Yahoo Finance,RSP,2026-09-11T22:08:08+08:00,confirmed
2017-08-29,91.7699966430664,92.37000274658205,91.7699966430664,92.26000213623048,78.76891326904297,473900,Yahoo Finance,RSP,2026-09-11T22:08:08+08:00,confirmed
2017-08-30,92.1999969482422,92.80999755859376,92.11000061035156,92.6999969482422,79.14456939697266,301800,Yahoo Finance,RSP,2026-09-11T22:08:08+08:00,confirmed
2017-08-31,92.91999816894533,93.3499984741211,92.91999816894533,93.22000122070312,79.58853149414062,285000,Yahoo Finance,RSP,2026-09-11T22:08:08+08:00,confirmed
2017-09-01,93.44000244140624,93.7300033569336,93.38999938964844,93.5999984741211,79.91299438476562,355800,Yahoo Finance,RSP,2026-09-11T22:08:08+08:00,confirmed
2017-09-05,93.37000274658205,93.5500030517578,92.5199966430664,92.95999908447266,79.36656951904297,626400,Yahoo Finance,RSP,2026-09-11T22:08:08+08:00,confirmed
2017-09-06,93.25,93.4000015258789,93.0999984741211,93.29000091552734,79.64827728271484,361200,Yahoo Finance,RSP,2026-09-11T22:08:08+08:00,confirmed
2017-09-07,93.4000015258789,93.4499969482422,93.02999877929688,93.25,79.6141586303711,488100,Yahoo Finance,RSP,2026-09-11T22:08:08+08:00,confirmed
2017-09-08,93.0500030517578,93.45999908447266,92.98999786376952,93.33000183105467,79.68245697021484,500400,Yahoo Finance,RSP,2026-09-11T22:08:08+08:00,confirmed
2017-09-11,93.7699966430664,94.33000183105467,93.7699966430664,94.2699966430664,80.48499298095703,436700,Yahoo Finance,RSP,2026-09-11T22:08:08+08:00,confirmed
2017-09-12,94.38999938964844,94.6500015258789,94.3000030517578,94.63999938964844,80.80089569091797,719700,Yahoo Finance,RSP,2026-09-11T22:08:08+08:00,confirmed
2017-09-13,94.56999969482422,94.66999816894533,94.51000213623048,94.6500015258789,80.80944061279297,398100,Yahoo Finance,RSP,2026-09-11T22:08:08+08:00,confirmed
2017-09-14,94.45999908447266,94.76000213623048,94.37999725341795,94.63999938964844,80.80089569091797,385000,Yahoo Finance,RSP,2026-09-11T22:08:08+08:00,confirmed
2017-09-15,94.16000366210938,94.4000015258789,94.0500030517578,94.37000274658205,80.92093658447266,339100,Yahoo Finance,RSP,2026-09-11T22:08:08+08:00,confirmed
2017-09-18,94.52999877929688,94.72000122070312,94.37000274658205,94.5199966430664,81.04955291748047,526700,Yahoo Finance,RSP,2026-09-11T22:08:08+08:00,confirmed
2017-09-19,94.62000274658205,94.62000274658205,94.29000091552734,94.38999938964844,80.93807220458984,248300,Yahoo Finance,RSP,2026-09-11T22:08:08+08:00,confirmed
2017-09-20,94.47000122070312,94.55999755859376,94.12999725341795,94.5500030517578,81.0752944946289,314600,Yahoo Finance,RSP,2026-09-11T22:08:08+08:00,confirmed
2017-09-21,94.4499969482422,94.55999755859376,94.29000091552734,94.3499984741211,80.90379333496094,452000,Yahoo Finance,RSP,2026-09-11T22:08:08+08:00,confirmed
2017-09-22,94.3000030517578,94.5999984741211,94.3000030517578,94.5500030517578,81.0752944946289,304700,Yahoo Finance,RSP,2026-09-11T22:08:08+08:00,confirmed
2017-09-25,94.4499969482422,94.79000091552734,94.26000213623048,94.66000366210938,81.16960906982422,311500,Yahoo Finance,RSP,2026-09-11T22:08:08+08:00,confirmed
2017-09-26,94.81999969482422,94.91999816894533,94.69000244140624,94.7699966430664,81.26394653320312,265700,Yahoo Finance,RSP,2026-09-11T22:08:08+08:00,confirmed
2017-09-27,95.05999755859376,95.3000030517578,94.63999938964844,95.1500015258789,81.58975982666016,477300,Yahoo Finance,RSP,2026-09-11T22:08:08+08:00,confirmed
2017-09-28,95.04000091552734,95.22000122070312,94.91000366210938,95.20999908447266,81.64122009277344,423000,Yahoo Finance,RSP,2026-09-11T22:08:08+08:00,confirmed
2017-09-29,95.19000244140624,95.5500030517578,95.16999816894533,95.54000091552734,81.9241943359375,518700,Yahoo Finance,RSP,2026-09-11T22:08:08+08:00,confirmed
2017-10-02,95.58999633789062,95.9499969482422,95.44000244140624,95.9499969482422,82.27576446533203,1314000,Yahoo Finance,RSP,2026-09-11T22:08:08+08:00,confirmed
2017-10-03,96.02999877929688,96.16000366210938,95.81999969482422,96.11000061035156,82.41294860839844,420600,Yahoo Finance,RSP,2026-09-11T22:08:08+08:00,confirmed
2017-10-04,96.12000274658205,96.41999816894533,96.01000213623048,96.30999755859376,82.58442687988281,362600,Yahoo Finance,RSP,2026-09-11T22:08:08+08:00,confirmed
2017-10-05,96.44000244140624,96.77999877929688,96.37000274658205,96.69000244140624,82.91030883789062,441700,Yahoo Finance,RSP,2026-09-11T22:08:08+08:00,confirmed
2017-10-06,96.5199966430664,96.58000183105467,96.31999969482422,96.48999786376952,82.73882293701172,442400,Yahoo Finance,RSP,2026-09-11T22:08:08+08:00,confirmed
2017-10-09,96.55999755859376,96.55999755859376,96.0500030517578,96.1500015258789,82.44728088378906,509400,Yahoo Finance,RSP,2026-09-11T22:08:08+08:00,confirmed
2017-10-10,96.41000366210938,96.62999725341795,96.2699966430664,96.38999938964844,82.65306854248047,525600,Yahoo Finance,RSP,2026-09-11T22:08:08+08:00,confirmed
2017-10-11,96.33999633789062,96.43000030517578,96.23999786376952,96.41000366210938,82.67020416259766,283800,Yahoo Finance,RSP,2026-09-11T22:08:08+08:00,confirmed
2017-10-12,96.2300033569336,96.5199966430664,96.1500015258789,96.44000244140624,82.69593048095703,2808600,Yahoo Finance,RSP,2026-09-11T22:08:08+08:00,confirmed
2017-10-13,96.62000274658205,96.7699966430664,96.4800033569336,96.54000091552734,82.78168487548828,310000,Yahoo Finance,RSP,2026-09-11T22:08:08+08:00,confirmed
2017-10-16,96.69000244140624,96.6999969482422,96.43000030517578,96.56999969482422,82.8073959350586,294200,Yahoo Finance,RSP,2026-09-11T22:08:08+08:00,confirmed
2017-10-17,96.5500030517578,96.62999725341795,96.37000274658205,96.55999755859376,82.7988510131836,305400,Yahoo Finance,RSP,2026-09-11T22:08:08+08:00,confirmed
2017-10-18,96.62999725341795,96.75,96.54000091552734,96.63999938964844,82.86743927001953,302500,Yahoo Finance,RSP,2026-09-11T22:08:08+08:00,confirmed
2017-10-19,96.23999786376952,96.76000213623048,96.08999633789062,96.76000213623048,82.9703369140625,266400,Yahoo Finance,RSP,2026-09-11T22:08:08+08:00,confirmed
2017-10-20,97.12000274658205,97.41999816894533,96.9499969482422,97.41000366210938,83.52770233154297,273800,Yahoo Finance,RSP,2026-09-11T22:08:08+08:00,confirmed
2017-10-23,97.55999755859376,97.61000061035156,97.02999877929688,97.08000183105467,83.24472045898438,346400,Yahoo Finance,RSP,2026-09-11T22:08:08+08:00,confirmed
2017-10-24,97.13999938964844,97.30999755859376,97.06999969482422,97.18000030517578,83.33048248291016,382100,Yahoo Finance,RSP,2026-09-11T22:08:08+08:00,confirmed
2017-10-25,96.91000366210938,97.25,95.98999786376952,96.52999877929688,82.7730941772461,392100,Yahoo Finance,RSP,2026-09-11T22:08:08+08:00,confirmed
2017-10-26,96.73999786376952,96.91000366210938,96.5500030517578,96.72000122070312,82.93604278564453,355700,Yahoo Finance,RSP,2026-09-11T22:08:08+08:00,confirmed
2017-10-27,96.61000061035156,96.87000274658205,96.26000213623048,96.87000274658205,83.06466674804688,323200,Yahoo Finance,RSP,2026-09-11T22:08:08+08:00,confirmed
2017-10-30,96.61000061035156,96.70999908447266,96.29000091552734,96.4000015258789,82.6616439819336,463500,Yahoo Finance,RSP,2026-09-11T22:08:08+08:00,confirmed
2017-10-31,96.5,96.6999969482422,96.41000366210938,96.58000183105467,82.81597900390625,509700,Yahoo Finance,RSP,2026-09-11T22:08:08+08:00,confirmed
2017-11-01,96.9000015258789,97.0999984741211,96.5199966430664,96.61000061035156,82.84172821044922,376200,Yahoo Finance,RSP,2026-09-11T22:08:08+08:00,confirmed
2017-11-02,96.5500030517578,96.72000122070312,96.1999969482422,96.58999633789062,82.82456970214844,282300,Yahoo Finance,RSP,2026-09-11T22:08:08+08:00,confirmed
2017-11-03,96.48999786376952,96.7699966430664,96.38999938964844,96.7300033569336,82.94459533691406,412000,Yahoo Finance,RSP,2026-09-11T22:08:08+08:00,confirmed
2017-11-06,96.72000122070312,97.18000030517578,96.70999908447266,97.12999725341795,83.28759765625,559800,Yahoo Finance,RSP,2026-09-11T22:08:08+08:00,confirmed
2017-11-07,97.19000244140624,97.36000061035156,96.79000091552734,96.9800033569336,83.15898132324219,415600,Yahoo Finance,RSP,2026-09-11T22:08:08+08:00,confirmed
2017-11-08,96.83999633789062,97.16999816894533,96.7300033569336,97.0999984741211,83.26188659667969,264100,Yahoo Finance,RSP,2026-09-11T22:08:08+08:00,confirmed
2017-11-09,96.58000183105467,97.0,96.26000213623048,96.83999633789062,83.03892517089844,577900,Yahoo Finance,RSP,2026-09-11T22:08:08+08:00,confirmed
2017-11-10,96.62000274658205,96.91999816894533,96.55999755859376,96.9000015258789,83.09037780761719,236500,Yahoo Finance,RSP,2026-09-11T22:08:08+08:00,confirmed
2017-11-13,96.63999938964844,97.13999938964844,96.61000061035156,97.0500030517578,83.218994140625,237000,Yahoo Finance,RSP,2026-09-11T22:08:08+08:00,confirmed
2017-11-14,96.72000122070312,97.01000213623048,96.55999755859376,97.0,83.17611694335938,394400,Yahoo Finance,RSP,2026-09-11T22:08:08+08:00,confirmed
2017-11-15,96.58000183105467,96.73999786376952,96.0999984741211,96.47000122070312,82.72166442871094,422100,Yahoo Finance,RSP,2026-09-11T22:08:08+08:00,confirmed
2017-11-16,96.69000244140624,97.47000122070312,96.69000244140624,97.3000030517578,83.43340301513672,313900,Yahoo Finance,RSP,2026-09-11T22:08:08+08:00,confirmed
2017-11-17,97.23999786376952,97.5999984741211,97.23999786376952,97.47000122070312,83.57914733886719,518900,Yahoo Finance,RSP,2026-09-11T22:08:08+08:00,confirmed
2017-11-20,97.5199966430664,97.68000030517578,97.41999816894533,97.62000274658205,83.70777130126953,341900,Yahoo Finance,RSP,2026-09-11T22:08:08+08:00,confirmed
2017-11-21,97.87000274658205,98.0199966430664,97.80999755859376,97.9800033569336,84.01647186279297,390900,Yahoo Finance,RSP,2026-09-11T22:08:08+08:00,confirmed
2017-11-22,97.98999786376952,98.08999633789062,97.9000015258789,97.94000244140624,83.98216247558594,278300,Yahoo Finance,RSP,2026-09-11T22:08:08+08:00,confirmed
2017-11-24,98.08000183105467,98.18000030517578,97.9800033569336,97.98999786376952,84.0250244140625,204200,Yahoo Finance,RSP,2026-09-11T22:08:08+08:00,confirmed
2017-11-27,97.98999786376952,98.05999755859376,97.79000091552734,97.88999938964844,83.93928527832031,320900,Yahoo Finance,RSP,2026-09-11T22:08:08+08:00,confirmed
2017-11-28,98.01000213623048,99.0199966430664,97.9800033569336,99.0199966430664,84.90823364257812,416500,Yahoo Finance,RSP,2026-09-11T22:08:08+08:00,confirmed
2017-11-29,99.02999877929688,99.62000274658205,99.02999877929688,99.4800033569336,85.30270385742188,321300,Yahoo Finance,RSP,2026-09-11T22:08:08+08:00,confirmed
2017-11-30,99.7300033569336,100.70999908447266,99.7300033569336,100.25,85.96296691894531,477800,Yahoo Finance,RSP,2026-09-11T22:08:08+08:00,confirmed
2017-12-01,100.2699966430664,100.4800033569336,98.55999755859376,100.0500030517578,85.79145812988281,681200,Yahoo Finance,RSP,2026-09-11T22:08:08+08:00,confirmed
2017-12-04,100.6999969482422,101.05999755859376,100.26000213623048,100.26000213623048,85.9715347290039,714100,Yahoo Finance,RSP,2026-09-11T22:08:08+08:00,confirmed
2017-12-05,100.4000015258789,100.4000015258789,99.5999984741211,99.62000274658205,85.4227523803711,482300,Yahoo Finance,RSP,2026-09-11T22:08:08+08:00,confirmed
2017-12-06,99.5,99.6500015258789,99.3499984741211,99.44000244140624,85.26840209960938,397400,Yahoo Finance,RSP,2026-09-11T22:08:08+08:00,confirmed
2017-12-07,99.31999969482422,99.94000244140624,99.31999969482422,99.88999938964844,85.65425109863281,372700,Yahoo Finance,RSP,2026-09-11T22:08:08+08:00,confirmed
2017-12-08,100.23999786376952,100.5199966430664,100.06999969482422,100.51000213623048,86.18590545654297,327100,Yahoo Finance,RSP,2026-09-11T22:08:08+08:00,confirmed
2017-12-11,100.48999786376952,100.6999969482422,100.38999938964844,100.5999984741211,86.2630615234375,669700,Yahoo Finance,RSP,2026-09-11T22:08:08+08:00,confirmed
2017-12-12,100.6999969482422,100.83999633789062,100.55999755859376,100.61000061035156,86.27165222167969,382600,Yahoo Finance,RSP,2026-09-11T22:08:08+08:00,confirmed
2017-12-13,100.66999816894533,100.87999725341795,100.48999786376952,100.5199966430664,86.19446563720703,472400,Yahoo Finance,RSP,2026-09-11T22:08:08+08:00,confirmed
2017-12-14,100.5500030517578,100.68000030517578,99.91000366210938,99.91000366210938,85.67140197753906,411300,Yahoo Finance,RSP,2026-09-11T22:08:08+08:00,confirmed
2017-12-15,99.91000366210938,100.61000061035156,99.75,100.33999633789062,86.43638610839844,401100,Yahoo Finance,RSP,2026-09-11T22:08:08+08:00,confirmed
2017-12-18,100.93000030517578,101.1999969482422,100.58999633789062,101.0999984741211,87.09105682373047,501900,Yahoo Finance,RSP,2026-09-11T22:08:08+08:00,confirmed
2017-12-19,101.26000213623048,101.27999877929688,100.75,100.76000213623048,86.79817962646484,501200,Yahoo Finance,RSP,2026-09-11T22:08:08+08:00,confirmed
2017-12-20,101.1500015258789,101.1500015258789,100.62999725341795,100.7699966430664,86.80677795410156,640900,Yahoo Finance,RSP,2026-09-11T22:08:08+08:00,confirmed
2017-12-21,100.9499969482422,101.1999969482422,100.80999755859376,100.97000122070312,86.97908020019531,427200,Yahoo Finance,RSP,2026-09-11T22:08:08+08:00,confirmed
2017-12-22,101.02999877929688,101.16999816894533,100.81999969482422,101.06999969482422,87.0652084350586,302000,Yahoo Finance,RSP,2026-09-11T22:08:08+08:00,confirmed
2017-12-26,101.01000213623048,101.33999633789062,101.01000213623048,101.19000244140624,87.1686019897461,259600,Yahoo Finance,RSP,2026-09-11T22:08:08+08:00,confirmed
2017-12-27,101.3000030517578,101.36000061035156,101.08999633789062,101.19000244140624,87.1686019897461,645000,Yahoo Finance,RSP,2026-09-11T22:08:08+08:00,confirmed
2017-12-28,101.33000183105467,101.5500030517578,101.08999633789062,101.44000244140624,87.38394927978516,418300,Yahoo Finance,RSP,2026-09-11T22:08:08+08:00,confirmed
2017-12-29,101.80999755859376,101.80999755859376,100.9800033569336,101.02999877929688,87.03075408935547,567100,Yahoo Finance,RSP,2026-09-11T22:08:08+08:00,confirmed
2018-01-02,101.33999633789062,101.8000030517578,101.2300033569336,101.77999877929688,87.67682647705078,1132600,Yahoo Finance,RSP,2026-09-11T22:08:08+08:00,confirmed
2018-01-03,101.9499969482422,102.37999725341795,101.6999969482422,102.3000030517578,88.12477111816406,553300,Yahoo Finance,RSP,2026-09-11T22:08:08+08:00,confirmed
2018-01-04,102.58000183105467,102.76000213623048,102.47000122070312,102.6500015258789,88.42626190185547,577300,Yahoo Finance,RSP,2026-09-11T22:08:08+08:00,confirmed
2018-01-05,102.91999816894533,103.1999969482422,102.6999969482422,103.13999938964844,88.84837341308594,727800,Yahoo Finance,RSP,2026-09-11T22:08:08+08:00,confirmed
2018-01-08,103.13999938964844,103.54000091552734,103.04000091552734,103.4800033569336,89.14128112792969,558300,Yahoo Finance,RSP,2026-09-11T22:08:08+08:00,confirmed
2018-01-09,103.62000274658205,103.86000061035156,103.37000274658205,103.52999877929688,89.184326171875,835100,Yahoo Finance,RSP,2026-09-11T22:08:08+08:00,confirmed
2018-01-10,103.18000030517578,103.38999938964844,102.87999725341795,103.22000122070312,88.91729736328125,593900,Yahoo Finance,RSP,2026-09-11T22:08:08+08:00,confirmed
2018-01-11,103.4800033569336,104.22000122070312,103.43000030517578,104.20999908447266,89.77012634277344,361900,Yahoo Finance,RSP,2026-09-11T22:08:08+08:00,confirmed
2018-01-12,104.43000030517578,104.93000030517578,104.2300033569336,104.87999725341795,90.34728240966795,475600,Yahoo Finance,RSP,2026-09-11T22:08:08+08:00,confirmed
2018-01-16,105.27999877929688,105.43000030517578,103.91999816894533,104.16999816894533,89.73565673828125,794000,Yahoo Finance,RSP,2026-09-11T22:08:08+08:00,confirmed
2018-01-17,104.58000183105467,105.27999877929688,104.31999969482422,105.04000091552734,90.48511505126952,403900,Yahoo Finance,RSP,2026-09-11T22:08:08+08:00,confirmed
2018-01-18,104.95999908447266,105.08999633789062,104.56999969482422,104.75,90.23529052734376,522900,Yahoo Finance,RSP,2026-09-11T22:08:08+08:00,confirmed
2018-01-19,105.01000213623048,105.44000244140624,104.86000061035156,105.44000244140624,90.8296890258789,500000,Yahoo Finance,RSP,2026-09-11T22:08:08+08:00,confirmed
2018-01-22,105.4000015258789,106.19000244140624,105.3499984741211,106.19000244140624,91.47576141357422,422500,Yahoo Finance,RSP,2026-09-11T22:08:08+08:00,confirmed
2018-01-23,106.19000244140624,106.5999984741211,106.04000091552734,106.4800033569336,91.72557067871094,587900,Yahoo Finance,RSP,2026-09-11T22:08:08+08:00,confirmed
2018-01-24,106.72000122070312,107.02999877929688,106.06999969482422,106.52999877929688,91.76863861083984,613000,Yahoo Finance,RSP,2026-09-11T22:08:08+08:00,confirmed
2018-01-25,106.87999725341795,106.87999725341795,106.12000274658205,106.44000244140624,91.69110107421876,482500,Yahoo Finance,RSP,2026-09-11T22:08:08+08:00,confirmed
2018-01-26,106.70999908447266,107.44000244140624,106.58000183105467,107.43000030517578,92.54393768310548,400400,Yahoo Finance,RSP,2026-09-11T22:08:08+08:00,confirmed
2018-01-29,107.26000213623048,107.41000366210938,106.62000274658205,106.66000366210938,91.88064575195312,610900,Yahoo Finance,RSP,2026-09-11T22:08:08+08:00,confirmed
2018-01-30,105.9000015258789,106.1999969482422,105.37000274658205,105.4800033569336,90.86412048339844,1048500,Yahoo Finance,RSP,2026-09-11T22:08:08+08:00,confirmed
2018-01-31,105.79000091552734,106.02999877929688,104.9800033569336,105.45999908447266,90.84691619873048,548400,Yahoo Finance,RSP,2026-09-11T22:08:08+08:00,confirmed
2018-02-01,105.12000274658205,105.68000030517578,104.91000366210938,105.20999908447266,90.6315460205078,798900,Yahoo Finance,RSP,2026-09-11T22:08:08+08:00,confirmed
2018-02-02,104.62000274658205,104.73999786376952,103.02999877929688,103.0500030517578,88.77088165283203,1473400,Yahoo Finance,RSP,2026-09-11T22:08:08+08:00,confirmed
2018-02-05,102.5,103.18000030517578,99.1500015258789,99.2300033569336,85.48019409179688,1753800,Yahoo Finance,RSP,2026-09-11T22:08:08+08:00,confirmed
2018-02-06,97.5500030517578,100.87999725341795,96.77999877929688,100.58999633789062,86.65172576904297,1568400,Yahoo Finance,RSP,2026-09-11T22:08:08+08:00,confirmed
2018-02-07,100.41000366210938,101.91000366210938,100.0999984741211,100.31999969482422,86.41911315917969,2255100,Yahoo Finance,RSP,2026-09-11T22:08:08+08:00,confirmed
2018-02-08,100.33000183105467,100.33999633789062,96.79000091552734,96.79000091552734,83.37826538085938,1403400,Yahoo Finance,RSP,2026-09-11T22:08:08+08:00,confirmed
2018-02-09,97.8000030517578,98.79000091552734,94.97000122070312,98.12000274658205,84.52399444580078,3589600,Yahoo Finance,RSP,2026-09-11T22:08:08+08:00,confirmed
2018-02-12,98.68000030517578,99.94000244140624,98.08000183105467,99.33000183105467,85.5663070678711,1640700,Yahoo Finance,RSP,2026-09-11T22:08:08+08:00,confirmed
2018-02-13,98.87999725341795,99.77999877929688,98.72000122070312,99.56999969482422,85.77306365966797,720800,Yahoo Finance,RSP,2026-09-11T22:08:08+08:00,confirmed
2018-02-14,99.0,101.1999969482422,99.0,101.08000183105467,87.07384490966797,1157000,Yahoo Finance,RSP,2026-09-11T22:08:08+08:00,confirmed
2018-02-15,101.68000030517578,102.12999725341795,100.70999908447266,102.12999725341795,87.97832489013672,946800,Yahoo Finance,RSP,2026-09-11T22:08:08+08:00,confirmed
2018-02-16,101.86000061035156,102.88999938964844,101.8499984741211,102.18000030517578,88.02139282226562,814400,Yahoo Finance,RSP,2026-09-11T22:08:08+08:00,confirmed
2018-02-20,101.77999877929688,102.3499984741211,101.20999908447266,101.52999877929688,87.46147918701172,636700,Yahoo Finance,RSP,2026-09-11T22:08:08+08:00,confirmed
2018-02-21,101.56999969482422,102.63999938964844,100.91999816894533,100.91999816894533,86.93598937988281,700500,Yahoo Finance,RSP,2026-09-11T22:08:08+08:00,confirmed
2018-02-22,101.2300033569336,102.02999877929688,100.73999786376952,100.97000122070312,86.97908020019531,584800,Yahoo Finance,RSP,2026-09-11T22:08:08+08:00,confirmed
2018-02-23,101.5,102.5199966430664,101.27999877929688,102.51000213623048,88.3056640625,584700,Yahoo Finance,RSP,2026-09-11T22:08:08+08:00,confirmed
2018-02-26,102.81999969482422,103.33999633789062,102.36000061035156,103.27999877929688,88.96897888183594,889500,Yahoo Finance,RSP,2026-09-11T22:08:08+08:00,confirmed
2018-02-27,103.33999633789062,103.72000122070312,101.93000030517578,101.94000244140624,87.81464385986328,671600,Yahoo Finance,RSP,2026-09-11T22:08:08+08:00,confirmed
2018-02-28,102.3000030517578,102.52999877929688,100.83000183105467,100.83000183105467,86.85848999023438,547200,Yahoo Finance,RSP,2026-09-11T22:08:08+08:00,confirmed
2018-03-01,100.81999969482422,101.44000244140624,99.12999725341795,99.75,85.92811584472656,984800,Yahoo Finance,RSP,2026-09-11T22:08:08+08:00,confirmed
2018-03-02,99.18000030517578,100.58999633789062,98.81999969482422,100.41000366210938,86.49666595458984,923500,Yahoo Finance,RSP,2026-09-11T22:08:08+08:00,confirmed
2018-03-05,99.95999908447266,101.8499984741211,99.88999938964844,101.62000274658205,87.53900146484375,614900,Yahoo Finance,RSP,2026-09-11T22:08:08+08:00,confirmed
2018-03-06,101.91000366210938,102.13999938964844,101.33000183105467,102.06999969482422,87.92665100097656,556600,Yahoo Finance,RSP,2026-09-11T22:08:08+08:00,confirmed
2018-03-07,101.26000213623048,102.12000274658205,101.18000030517578,101.9800033569336,87.84913635253906,507800,Yahoo Finance,RSP,2026-09-11T22:08:08+08:00,confirmed
2018-03-08,102.27999877929688,102.4000015258789,101.7300033569336,102.33000183105467,88.15060424804688,515200,Yahoo Finance,RSP,2026-09-11T22:08:08+08:00,confirmed
2018-03-09,102.87000274658205,103.9499969482422,102.69000244140624,103.91999816894533,89.5202865600586,492600,Yahoo Finance,RSP,2026-09-11T22:08:08+08:00,confirmed
2018-03-12,104.01000213623048,104.20999908447266,103.5999984741211,103.77999877929688,89.39969635009766,316800,Yahoo Finance,RSP,2026-09-11T22:08:08+08:00,confirmed
2018-03-13,104.22000122070312,104.41000366210938,103.12000274658205,103.33999633789062,89.02066040039062,596000,Yahoo Finance,RSP,2026-09-11T22:08:08+08:00,confirmed
2018-03-14,103.6999969482422,103.77999877929688,102.52999877929688,102.72000122070312,88.48657989501953,904100,Yahoo Finance,RSP,2026-09-11T22:08:08+08:00,confirmed
2018-03-15,102.91999816894533,103.0,102.2300033569336,102.4499969482422,88.25399017333984,420600,Yahoo Finance,RSP,2026-09-11T22:08:08+08:00,confirmed
2018-03-16,102.1500015258789,102.75,102.1500015258789,102.44000244140624,88.6164321899414,305500,Yahoo Finance,RSP,2026-09-11T22:08:08+08:00,confirmed
2018-03-19,102.16000366210938,102.44000244140624,100.6500015258789,101.29000091552734,87.62164306640625,947300,Yahoo Finance,RSP,2026-09-11T22:08:08+08:00,confirmed
2018-03-20,101.58000183105467,101.70999908447266,101.16999816894533,101.4000015258789,87.71678924560547,515500,Yahoo Finance,RSP,2026-09-11T22:08:08+08:00,confirmed
2018-03-21,101.33999633789062,102.22000122070312,101.3000030517578,101.43000030517578,87.74272918701172,494900,Yahoo Finance,RSP,2026-09-11T22:08:08+08:00,confirmed
2018-03-22,100.69000244140624,101.05999755859376,99.12000274658205,99.18000030517578,85.79637145996094,847000,Yahoo Finance,RSP,2026-09-11T22:08:08+08:00,confirmed
2018-03-23,99.37999725341795,99.58999633789062,97.1999969482422,97.29000091552734,84.1613998413086,888000,Yahoo Finance,RSP,2026-09-11T22:08:08+08:00,confirmed
2018-03-26,98.5,99.62000274658205,97.79000091552734,99.52999877929688,86.09913635253906,638400,Yahoo Finance,RSP,2026-09-11T22:08:08+08:00,confirmed
2018-03-27,99.88999938964844,100.16000366210938,97.8499984741211,98.3499984741211,85.07837677001953,1451700,Yahoo Finance,RSP,2026-09-11T22:08:08+08:00,confirmed
2018-03-28,98.48999786376952,99.01000213623048,97.97000122070312,98.2300033569336,84.97456359863281,865000,Yahoo Finance,RSP,2026-09-11T22:08:08+08:00,confirmed
2018-03-29,98.6999969482422,100.01000213623048,98.61000061035156,99.4800033569336,86.05589294433594,1132300,Yahoo Finance,RSP,2026-09-11T22:08:08+08:00,confirmed
2018-04-02,99.27999877929688,99.43000030517578,96.37000274658205,97.3000030517578,84.17009735107422,1341100,Yahoo Finance,RSP,2026-09-11T22:08:08+08:00,confirmed
2018-04-03,97.69000244140624,98.63999938964844,97.1999969482422,98.47000122070312,85.18217468261719,905700,Yahoo Finance,RSP,2026-09-11T22:08:08+08:00,confirmed
2018-04-04,97.26000213623048,99.7699966430664,97.1999969482422,99.62000274658205,86.17699432373047,1166600,Yahoo Finance,RSP,2026-09-11T22:08:08+08:00,confirmed
2018-04-05,100.11000061035156,100.56999969482422,99.72000122070312,100.26000213623048,86.73063659667969,454400,Yahoo Finance,RSP,2026-09-11T22:08:08+08:00,confirmed
2018-04-06,99.43000030517578,100.0,97.41999816894533,98.13999938964844,84.89669799804688,737000,Yahoo Finance,RSP,2026-09-11T22:08:08+08:00,confirmed
2018-04-09,98.72000122070312,99.6999969482422,98.2699966430664,98.33999633789062,85.06970977783203,279600,Yahoo Finance,RSP,2026-09-11T22:08:08+08:00,confirmed
2018-04-10,99.45999908447266,100.08999633789062,99.1500015258789,99.73999786376952,86.28079223632812,606100,Yahoo Finance,RSP,2026-09-11T22:08:08+08:00,confirmed
2018-04-11,98.9800033569336,99.97000122070312,98.9800033569336,99.38999938964844,85.97801208496094,509100,Yahoo Finance,RSP,2026-09-11T22:08:08+08:00,confirmed
2018-04-12,99.83000183105467,100.22000122070312,99.62000274658205,99.86000061035156,86.38461303710938,489300,Yahoo Finance,RSP,2026-09-11T22:08:08+08:00,confirmed
2018-04-13,100.36000061035156,100.5199966430664,99.27999877929688,99.6500015258789,86.20294189453125,539900,Yahoo Finance,RSP,2026-09-11T22:08:08+08:00,confirmed
2018-04-16,100.1999969482422,100.91999816894533,100.0,100.61000061035156,87.03339385986328,720100,Yahoo Finance,RSP,2026-09-11T22:08:08+08:00,confirmed
2018-04-17,101.1999969482422,101.68000030517578,100.98999786376952,101.43000030517578,87.74272918701172,677600,Yahoo Finance,RSP,2026-09-11T22:08:08+08:00,confirmed
2018-04-18,101.73999786376952,102.16999816894533,101.58000183105467,101.6999969482422,87.97631072998047,342600,Yahoo Finance,RSP,2026-09-11T22:08:08+08:00,confirmed
2018-04-19,101.55999755859376,101.55999755859376,100.55999755859376,100.98999786376952,87.36212158203125,386000,Yahoo Finance,RSP,2026-09-11T22:08:08+08:00,confirmed
2018-04-20,101.0,101.11000061035156,99.93000030517578,100.27999877929688,86.74793243408203,338500,Yahoo Finance,RSP,2026-09-11T22:08:08+08:00,confirmed
2018-04-23,100.36000061035156,100.83999633789062,100.0,100.41000366210938,86.86038970947266,274000,Yahoo Finance,RSP,2026-09-11T22:08:08+08:00,confirmed
2018-04-24,100.8499984741211,100.9800033569336,98.81999969482422,99.4499969482422,86.02993774414062,482400,Yahoo Finance,RSP,2026-09-11T22:08:08+08:00,confirmed
2018-04-25,99.37000274658205,99.91000366210938,98.76000213623048,99.7300033569336,86.27215576171875,370300,Yahoo Finance,RSP,2026-09-11T22:08:08+08:00,confirmed
2018-04-26,99.97000122070312,100.75,99.72000122070312,100.5,86.93822479248047,278900,Yahoo Finance,RSP,2026-09-11T22:08:08+08:00,confirmed
2018-04-27,100.5,100.93000030517578,100.31999969482422,100.7699966430664,87.17179870605469,196300,Yahoo Finance,RSP,2026-09-11T22:08:08+08:00,confirmed
2018-04-30,100.86000061035156,101.1500015258789,99.8499984741211,99.8499984741211,86.37594604492188,606200,Yahoo Finance,RSP,2026-09-11T22:08:08+08:00,confirmed
2018-05-01,99.66000366210938,99.9000015258789,98.91999816894533,99.88999938964844,86.41055297851562,602800,Yahoo Finance,RSP,2026-09-11T22:08:08+08:00,confirmed
2018-05-02,99.62000274658205,99.9499969482422,98.93000030517578,99.05999755859376,85.69255065917969,260400,Yahoo Finance,RSP,2026-09-11T22:08:08+08:00,confirmed
2018-05-03,98.80999755859376,98.97000122070312,97.52999877929688,98.7300033569336,85.40707397460938,606300,Yahoo Finance,RSP,2026-09-11T22:08:08+08:00,confirmed
2018-05-04,98.29000091552734,100.18000030517578,98.22000122070312,99.83000183105467,86.35865020751953,482500,Yahoo Finance,RSP,2026-09-11T22:08:08+08:00,confirmed
2018-05-07,100.08000183105467,100.37999725341795,99.76000213623048,100.0,86.50572204589844,353300,Yahoo Finance,RSP,2026-09-11T22:08:08+08:00,confirmed
2018-05-08,99.83000183105467,100.11000061035156,99.38999938964844,99.93000030517578,86.4451675415039,322000,Yahoo Finance,RSP,2026-09-11T22:08:08+08:00,confirmed
2018-05-09,100.20999908447266,100.91999816894533,100.06999969482422,100.73999786376952,87.14585876464844,311800,Yahoo Finance,RSP,2026-09-11T22:08:08+08:00,confirmed
2018-05-10,101.0999984741211,101.75,100.93000030517578,101.62000274658205,87.9071044921875,432100,Yahoo Finance,RSP,2026-09-11T22:08:08+08:00,confirmed
2018-05-11,101.56999969482422,101.9800033569336,101.44000244140624,101.72000122070312,87.99361419677734,218500,Yahoo Finance,RSP,2026-09-11T22:08:08+08:00,confirmed
2018-05-14,101.9800033569336,102.16999816894533,101.5199966430664,101.76000213623048,88.02820587158203,429200,Yahoo Finance,RSP,2026-09-11T22:08:08+08:00,confirmed
2018-05-15,101.29000091552734,101.37000274658205,100.91999816894533,101.25,87.58702087402344,485500,Yahoo Finance,RSP,2026-09-11T22:08:08+08:00,confirmed
2018-05-16,101.37999725341795,102.0,101.37999725341795,101.80999755859376,88.07147979736328,361200,Yahoo Finance,RSP,2026-09-11T22:08:08+08:00,confirmed
2018-05-17,101.80999755859376,102.23999786376952,101.54000091552734,101.94000244140624,88.18391418457031,489500,Yahoo Finance,RSP,2026-09-11T22:08:08+08:00,confirmed
2018-05-18,101.75,101.88999938964844,101.52999877929688,101.7300033569336,88.00225830078125,336600,Yahoo Finance,RSP,2026-09-11T22:08:08+08:00,confirmed
2018-05-21,102.26000213623048,102.56999969482422,102.18000030517578,102.38999938964844,88.57320404052734,260300,Yahoo Finance,RSP,2026-09-11T22:08:08+08:00,confirmed
2018-05-22,102.56999969482422,102.75,101.91000366210938,102.0,88.23580932617188,383800,Yahoo Finance,RSP,2026-09-11T22:08:08+08:00,confirmed
2018-05-23,101.66999816894533,102.19000244140624,101.52999877929688,102.19000244140624,88.40018463134766,375700,Yahoo Finance,RSP,2026-09-11T22:08:08+08:00,confirmed
2018-05-24,102.0199966430664,102.22000122070312,101.48999786376952,102.16999816894533,88.38288116455078,554400,Yahoo Finance,RSP,2026-09-11T22:08:08+08:00,confirmed
2018-05-25,101.93000030517578,102.13999938964844,101.7300033569336,101.9499969482422,88.19256591796875,301100,Yahoo Finance,RSP,2026-09-11T22:08:08+08:00,confirmed
2018-05-29,101.38999938964844,101.52999877929688,100.43000030517578,100.87000274658205,87.25830841064453,812200,Yahoo Finance,RSP,2026-09-11T22:08:08+08:00,confirmed
2018-05-30,101.3499984741211,102.44000244140624,101.33999633789062,102.20999908447266,88.41749572753906,510400,Yahoo Finance,RSP,2026-09-11T22:08:08+08:00,confirmed
2018-05-31,102.08000183105467,102.08000183105467,101.0500030517578,101.3000030517578,87.63030242919922,714300,Yahoo Finance,RSP,2026-09-11T22:08:08+08:00,confirmed
2018-06-01,101.80999755859376,102.29000091552734,101.76000213623048,102.16000366210938,88.37423706054688,566400,Yahoo Finance,RSP,2026-09-11T22:08:08+08:00,confirmed
2018-06-04,102.5,102.66999816894533,102.19000244140624,102.51000213623048,88.67699432373047,399600,Yahoo Finance,RSP,2026-09-11T22:08:08+08:00,confirmed
2018-06-05,102.5500030517578,102.8000030517578,102.33000183105467,102.6999969482422,88.84136199951172,451100,Yahoo Finance,RSP,2026-09-11T22:08:08+08:00,confirmed
2018-06-06,102.86000061035156,103.4800033569336,102.62000274658205,103.4800033569336,89.51611328125,544000,Yahoo Finance,RSP,2026-09-11T22:08:08+08:00,confirmed
2018-06-07,103.58000183105467,103.91000366210938,103.1999969482422,103.52999877929688,89.5593490600586,400700,Yahoo Finance,RSP,2026-09-11T22:08:08+08:00,confirmed
2018-06-08,103.37000274658205,104.0199966430664,103.33000183105467,104.0199966430664,89.98324584960938,324800,Yahoo Finance,RSP,2026-09-11T22:08:08+08:00,confirmed
2018-06-11,104.08000183105467,104.4800033569336,104.08000183105467,104.23999786376952,90.1735610961914,385500,Yahoo Finance,RSP,2026-09-11T22:08:08+08:00,confirmed
2018-06-12,104.43000030517578,104.6500015258789,104.20999908447266,104.54000091552734,90.43306732177734,422200,Yahoo Finance,RSP,2026-09-11T22:08:08+08:00,confirmed
2018-06-13,104.62000274658205,104.63999938964844,103.9800033569336,104.0199966430664,89.98324584960938,432900,Yahoo Finance,RSP,2026-09-11T22:08:08+08:00,confirmed
2018-06-14,104.25,104.5500030517578,104.06999969482422,104.29000091552734,90.21680450439452,473600,Yahoo Finance,RSP,2026-09-11T22:08:08+08:00,confirmed
2018-06-15,103.58999633789062,103.91000366210938,103.16999816894533,103.88999938964844,90.21855926513672,482600,Yahoo Finance,RSP,2026-09-11T22:08:08+08:00,confirmed
2018-06-18,103.31999969482422,103.75,103.18000030517578,103.6999969482422,90.05352783203125,395700,Yahoo Finance,RSP,2026-09-11T22:08:08+08:00,confirmed
2018-06-19,102.80999755859376,103.3499984741211,102.4499969482422,103.27999877929688,89.6888198852539,446200,Yahoo Finance,RSP,2026-09-11T22:08:08+08:00,confirmed
2018-06-20,103.56999969482422,103.72000122070312,103.29000091552734,103.56999969482422,89.94066619873047,443100,Yahoo Finance,RSP,2026-09-11T22:08:08+08:00,confirmed
2018-06-21,103.55999755859376,103.56999969482422,102.77999877929688,102.97000122070312,89.41963195800781,292000,Yahoo Finance,RSP,2026-09-11T22:08:08+08:00,confirmed
2018-06-22,103.5,103.5999984741211,103.16000366210938,103.23999786376952,89.65408325195312,589800,Yahoo Finance,RSP,2026-09-11T22:08:08+08:00,confirmed
2018-06-25,102.86000061035156,102.91999816894533,101.5500030517578,102.11000061035156,88.67278289794922,865800,Yahoo Finance,RSP,2026-09-11T22:08:08+08:00,confirmed
2018-06-26,102.26000213623048,102.51000213623048,101.94000244140624,102.20999908447266,88.7596206665039,497200,Yahoo Finance,RSP,2026-09-11T22:08:08+08:00,confirmed
2018-06-27,102.33999633789062,102.88999938964844,101.3000030517578,101.3000030517578,87.96939086914062,597500,Yahoo Finance,RSP,2026-09-11T22:08:08+08:00,confirmed
2018-06-28,101.1999969482422,101.97000122070312,100.8499984741211,101.70999908447266,88.3254165649414,535900,Yahoo Finance,RSP,2026-09-11T22:08:08+08:00,confirmed
2018-06-29,102.04000091552734,102.62999725341795,101.83000183105467,101.88999938964844,88.48174285888672,740900,Yahoo Finance,RSP,2026-09-11T22:08:08+08:00,confirmed
2018-07-02,101.30999755859376,101.88999938964844,100.98999786376952,101.8499984741211,88.44698333740234,889800,Yahoo Finance,RSP,2026-09-11T22:08:08+08:00,confirmed
2018-07-03,102.20999908447266,102.41999816894533,101.62000274658205,101.8000030517578,88.403564453125,310700,Yahoo Finance,RSP,2026-09-11T22:08:08+08:00,confirmed
2018-07-05,102.18000030517578,102.56999969482422,101.76000213623048,102.55999755859376,89.06356048583984,476500,Yahoo Finance,RSP,2026-09-11T22:08:08+08:00,confirmed
2018-07-06,102.56999969482422,103.5199966430664,102.45999908447266,103.33999633789062,89.74091339111328,584300,Yahoo Finance,RSP,2026-09-11T22:08:08+08:00,confirmed
2018-07-09,103.73999786376952,104.18000030517578,103.73999786376952,104.12999725341795,90.4269561767578,421000,Yahoo Finance,RSP,2026-09-11T22:08:08+08:00,confirmed
2018-07-10,104.31999969482422,104.45999908447266,104.08000183105467,104.4000015258789,90.6614227294922,557900,Yahoo Finance,RSP,2026-09-11T22:08:08+08:00,confirmed
2018-07-11,103.88999938964844,104.01000213623048,103.44000244140624,103.58000183105467,89.9493408203125,317900,Yahoo Finance,RSP,2026-09-11T22:08:08+08:00,confirmed
2018-07-12,104.04000091552734,104.25,103.66000366210938,104.16000366210938,90.45301818847656,665200,Yahoo Finance,RSP,2026-09-11T22:08:08+08:00,confirmed
2018-07-13,104.13999938964844,104.4499969482422,104.0999984741211,104.26000213623048,90.53986358642578,384300,Yahoo Finance,RSP,2026-09-11T22:08:08+08:00,confirmed
2018-07-16,104.25,104.33000183105467,103.7699966430664,103.9499969482422,90.27064514160156,572200,Yahoo Finance,RSP,2026-09-11T22:08:08+08:00,confirmed
2018-07-17,103.73999786376952,104.43000030517578,103.73999786376952,104.27999877929688,90.55723571777344,322500,Yahoo Finance,RSP,2026-09-11T22:08:08+08:00,confirmed
2018-07-18,104.27999877929688,104.55999755859376,104.13999938964844,104.5199966430664,90.76564025878906,280700,Yahoo Finance,RSP,2026-09-11T22:08:08+08:00,confirmed
2018-07-19,104.25,104.73999786376952,103.9800033569336,104.5,90.74827575683594,483500,Yahoo Finance,RSP,2026-09-11T22:08:08+08:00,confirmed
2018-07-20,104.25,104.38999938964844,104.08000183105467,104.16000366210938,90.45301818847656,208300,Yahoo Finance,RSP,2026-09-11T22:08:08+08:00,confirmed
2018-07-23,104.0999984741211,104.27999877929688,103.87000274658205,104.16999816894533,90.4616928100586,206300,Yahoo Finance,RSP,2026-09-11T22:08:08+08:00,confirmed
2018-07-24,104.45999908447266,104.5999984741211,103.83999633789062,104.12000274658205,90.41828918457033,1505300,Yahoo Finance,RSP,2026-09-11T22:08:08+08:00,confirmed
2018-07-25,104.0500030517578,105.08000183105467,104.02999877929688,105.04000091552734,91.21720123291016,447600,Yahoo Finance,RSP,2026-09-11T22:08:08+08:00,confirmed
2018-07-26,105.05999755859376,105.61000061035156,104.95999908447266,105.41000366210938,91.53853607177734,377000,Yahoo Finance,RSP,2026-09-11T22:08:08+08:00,confirmed
2018-07-27,105.5500030517578,105.5999984741211,104.4800033569336,104.79000091552734,91.00008392333984,301300,Yahoo Finance,RSP,2026-09-11T22:08:08+08:00,confirmed
2018-07-30,104.7300033569336,105.06999969482422,104.26000213623048,104.33999633789062,90.60932159423828,303800,Yahoo Finance,RSP,2026-09-11T22:08:08+08:00,confirmed
2018-07-31,104.6999969482422,105.22000122070312,104.6500015258789,105.0500030517578,91.22589874267578,1085700,Yahoo Finance,RSP,2026-09-11T22:08:08+08:00,confirmed
2018-08-01,104.94000244140624,104.94000244140624,104.16999816894533,104.37000274658205,90.63536834716795,405400,Yahoo Finance,RSP,2026-09-11T22:08:08+08:00,confirmed
2018-08-02,103.8499984741211,104.87000274658205,103.69000244140624,104.79000091552734,91.00008392333984,383300,Yahoo Finance,RSP,2026-09-11T22:08:08+08:00,confirmed
2018-08-03,104.88999938964844,105.33999633789062,104.80999755859376,105.31999969482422,91.46036529541016,309500,Yahoo Finance,RSP,2026-09-11T22:08:08+08:00,confirmed
2018-08-06,105.27999877929688,105.72000122070312,105.16000366210938,105.56999969482422,91.67745971679688,398200,Yahoo Finance,RSP,2026-09-11T22:08:08+08:00,confirmed
2018-08-07,105.73999786376952,105.93000030517578,105.61000061035156,105.77999877929688,91.85982513427734,451700,Yahoo Finance,RSP,2026-09-11T22:08:08+08:00,confirmed
2018-08-08,105.7300033569336,105.7300033569336,105.41999816894533,105.58999633789062,91.69481658935548,277200,Yahoo Finance,RSP,2026-09-11T22:08:08+08:00,confirmed
2018-08-09,105.66000366210938,105.86000061035156,105.41999816894533,105.47000122070312,91.59061431884766,291600,Yahoo Finance,RSP,2026-09-11T22:08:08+08:00,confirmed
2018-08-10,104.95999908447266,105.12000274658205,104.5500030517578,104.76000213623048,90.97403717041016,319400,Yahoo Finance,RSP,2026-09-11T22:08:08+08:00,confirmed
2018-08-13,104.87000274658205,104.94000244140624,104.05999755859376,104.22000122070312,90.5051040649414,1100300,Yahoo Finance,RSP,2026-09-11T22:08:08+08:00,confirmed
2018-08-14,104.54000091552734,105.23999786376952,104.54000091552734,105.0999984741211,91.26930236816406,286800,Yahoo Finance,RSP,2026-09-11T22:08:08+08:00,confirmed
2018-08-15,104.5999984741211,104.5999984741211,103.80999755859376,104.4000015258789,90.6614227294922,396700,Yahoo Finance,RSP,2026-09-11T22:08:08+08:00,confirmed
2018-08-16,104.81999969482422,105.5199966430664,104.81999969482422,105.2300033569336,91.38221740722656,366600,Yahoo Finance,RSP,2026-09-11T22:08:08+08:00,confirmed
2018-08-17,105.08999633789062,105.95999908447266,105.08999633789062,105.79000091552734,91.86852264404295,275600,Yahoo Finance,RSP,2026-09-11T22:08:08+08:00,confirmed
2018-08-20,105.97000122070312,106.37000274658205,105.95999908447266,106.29000091552734,92.30271911621094,399900,Yahoo Finance,RSP,2026-09-11T22:08:08+08:00,confirmed
2018-08-21,106.41000366210938,106.80999755859376,106.38999938964844,106.55999755859376,92.53718566894533,345100,Yahoo Finance,RSP,2026-09-11T22:08:08+08:00,confirmed
2018-08-22,106.45999908447266,106.54000091552734,106.22000122070312,106.33000183105467,92.3374481201172,331600,Yahoo Finance,RSP,2026-09-11T22:08:08+08:00,confirmed
2018-08-23,106.2300033569336,106.41000366210938,105.95999908447266,106.06999969482422,92.11168670654295,273600,Yahoo Finance,RSP,2026-09-11T22:08:08+08:00,confirmed
2018-08-24,106.26000213623048,106.69000244140624,106.19000244140624,106.63999938964844,92.60665130615234,206500,Yahoo Finance,RSP,2026-09-11T22:08:08+08:00,confirmed
2018-08-27,107.02999877929688,107.4000015258789,107.02999877929688,107.23999786376952,93.1277084350586,1752900,Yahoo Finance,RSP,2026-09-11T22:08:08+08:00,confirmed
2018-08-28,107.43000030517578,107.54000091552734,107.05999755859376,107.33999633789062,93.21450805664062,1666600,Yahoo Finance,RSP,2026-09-11T22:08:08+08:00,confirmed
2018-08-29,107.41000366210938,107.88999938964844,107.2300033569336,107.76000213623048,93.57927703857422,767900,Yahoo Finance,RSP,2026-09-11T22:08:08+08:00,confirmed
2018-08-30,107.52999877929688,107.56999969482422,106.87000274658205,107.06999969482422,92.9800796508789,399400,Yahoo Finance,RSP,2026-09-11T22:08:08+08:00,confirmed
2018-08-31,106.9000015258789,107.25,106.73999786376952,107.11000061035156,93.0147933959961,376300,Yahoo Finance,RSP,2026-09-11T22:08:08+08:00,confirmed
2018-09-04,107.0,107.19000244140624,106.61000061035156,107.01000213623048,92.927978515625,718200,Yahoo Finance,RSP,2026-09-11T22:08:08+08:00,confirmed
2018-09-05,106.86000061035156,107.18000030517578,106.48999786376952,107.05999755859376,92.97136688232422,430400,Yahoo Finance,RSP,2026-09-11T22:08:08+08:00,confirmed
2018-09-06,107.0999984741211,107.3499984741211,106.58999633789062,106.86000061035156,92.79769897460938,579300,Yahoo Finance,RSP,2026-09-11T22:08:08+08:00,confirmed
2018-09-07,106.48999786376952,106.87999725341795,106.2699966430664,106.4800033569336,92.46770477294922,474600,Yahoo Finance,RSP,2026-09-11T22:08:08+08:00,confirmed
2018-09-10,106.87000274658205,107.18000030517578,106.80999755859376,106.87999725341795,92.81507873535156,443900,Yahoo Finance,RSP,2026-09-11T22:08:08+08:00,confirmed
2018-09-11,106.62999725341795,107.1999969482422,106.45999908447266,106.95999908447266,92.8845443725586,1394500,Yahoo Finance,RSP,2026-09-11T22:08:08+08:00,confirmed
2018-09-12,106.93000030517578,107.2699966430664,106.7300033569336,107.1500015258789,93.04955291748048,2770000,Yahoo Finance,RSP,2026-09-11T22:08:08+08:00,confirmed
2018-09-13,107.45999908447266,107.72000122070312,107.33999633789062,107.5999984741211,93.4403305053711,1526600,Yahoo Finance,RSP,2026-09-11T22:08:08+08:00,confirmed
2018-09-14,107.63999938964844,107.83999633789062,107.44000244140624,107.73999786376952,93.56189727783205,423300,Yahoo Finance,RSP,2026-09-11T22:08:08+08:00,confirmed
2018-09-17,107.8000030517578,107.83999633789062,107.29000091552734,107.37999725341795,93.24925994873048,372400,Yahoo Finance,RSP,2026-09-11T22:08:08+08:00,confirmed
2018-09-18,107.4499969482422,108.02999877929688,107.33999633789062,107.87999725341795,93.68345642089844,478300,Yahoo Finance,RSP,2026-09-11T22:08:08+08:00,confirmed
2018-09-19,107.91000366210938,108.22000122070312,107.77999877929688,107.83000183105467,93.64006042480467,514800,Yahoo Finance,RSP,2026-09-11T22:08:08+08:00,confirmed
2018-09-20,108.18000030517578,108.61000061035156,108.16000366210938,108.51000213623048,94.2305679321289,439600,Yahoo Finance,RSP,2026-09-11T22:08:08+08:00,confirmed
2018-09-21,108.76000213623048,108.88999938964844,108.54000091552734,108.58000183105467,94.29136657714844,397900,Yahoo Finance,RSP,2026-09-11T22:08:08+08:00,confirmed
2018-09-24,107.93000030517578,107.9800033569336,107.18000030517578,107.33000183105467,93.62493896484376,380000,Yahoo Finance,RSP,2026-09-11T22:08:08+08:00,confirmed
2018-09-25,107.52999877929688,107.5999984741211,106.95999908447266,107.04000091552734,93.3719711303711,432200,Yahoo Finance,RSP,2026-09-11T22:08:08+08:00,confirmed
2018-09-26,107.06999969482422,107.48999786376952,106.51000213623048,106.62999725341795,93.01428985595705,920100,Yahoo Finance,RSP,2026-09-11T22:08:08+08:00,confirmed
2018-09-27,106.6999969482422,107.12999725341795,106.5199966430664,106.63999938964844,93.02300262451172,598000,Yahoo Finance,RSP,2026-09-11T22:08:08+08:00,confirmed
2018-09-28,106.48999786376952,106.98999786376952,106.45999908447266,106.80999755859376,93.17132568359376,444400,Yahoo Finance,RSP,2026-09-11T22:08:08+08:00,confirmed
2018-10-01,107.2300033569336,107.37000274658205,106.61000061035156,106.80999755859376,93.17132568359376,1042700,Yahoo Finance,RSP,2026-09-11T22:08:08+08:00,confirmed
2018-10-02,106.75,107.02999877929688,106.48999786376952,106.66000366210938,93.04047393798828,522600,Yahoo Finance,RSP,2026-09-11T22:08:08+08:00,confirmed
2018-10-03,107.01000213623048,107.12999725341795,106.5199966430664,106.66999816894533,93.0491943359375,637000,Yahoo Finance,RSP,2026-09-11T22:08:08+08:00,confirmed
2018-10-04,106.47000122070312,106.5,105.38999938964844,105.93000030517578,92.40367126464844,964300,Yahoo Finance,RSP,2026-09-11T22:08:08+08:00,confirmed
2018-10-05,105.91999816894533,106.27999877929688,104.91000366210938,105.41000366210938,91.95011138916016,1082000,Yahoo Finance,RSP,2026-09-11T22:08:08+08:00,confirmed
2018-10-08,105.19000244140624,105.68000030517578,104.86000061035156,105.54000091552734,92.06349182128906,486200,Yahoo Finance,RSP,2026-09-11T22:08:08+08:00,confirmed
2018-10-09,105.37999725341795,105.62999725341795,105.0,105.04000091552734,91.62732696533205,607900,Yahoo Finance,RSP,2026-09-11T22:08:08+08:00,confirmed
2018-10-10,104.81999969482422,105.18000030517578,101.95999908447266,102.02999877929688,89.00165557861328,1317400,Yahoo Finance,RSP,2026-09-11T22:08:08+08:00,confirmed
2018-10-11,101.7300033569336,102.1999969482422,99.33999633789062,99.7699966430664,87.03023529052734,2233600,Yahoo Finance,RSP,2026-09-11T22:08:08+08:00,confirmed
2018-10-12,101.12000274658205,101.19000244140624,99.5,100.63999938964844,87.7891616821289,1857900,Yahoo Finance,RSP,2026-09-11T22:08:08+08:00,confirmed
2018-10-15,100.5,101.44000244140624,100.47000122070312,100.5999984741211,87.75428009033203,1018500,Yahoo Finance,RSP,2026-09-11T22:08:08+08:00,confirmed
2018-10-16,101.16999816894533,102.75,100.93000030517578,102.62000274658205,89.51634979248047,906000,Yahoo Finance,RSP,2026-09-11T22:08:08+08:00,confirmed
2018-10-17,102.5500030517578,102.69000244140624,101.45999908447266,102.41000366210938,89.33316040039062,801500,Yahoo Finance,RSP,2026-09-11T22:08:08+08:00,confirmed
2018-10-18,102.02999877929688,102.4000015258789,100.58999633789062,101.0999984741211,88.1904296875,895600,Yahoo Finance,RSP,2026-09-11T22:08:08+08:00,confirmed
2018-10-19,101.19000244140624,101.9499969482422,100.58999633789062,100.8000030517578,87.9287338256836,713800,Yahoo Finance,RSP,2026-09-11T22:08:08+08:00,confirmed
2018-10-22,100.98999786376952,101.1500015258789,100.05999755859376,100.12999725341795,87.34428405761719,603000,Yahoo Finance,RSP,2026-09-11T22:08:08+08:00,confirmed
2018-10-23,98.76000213623048,100.01000213623048,97.80999755859376,99.48999786376952,86.78601837158203,1527900,Yahoo Finance,RSP,2026-09-11T22:08:08+08:00,confirmed
2018-10-24,99.43000030517578,99.76000213623048,96.72000122070312,96.8499984741211,84.48310852050781,1818100,Yahoo Finance,RSP,2026-09-11T22:08:08+08:00,confirmed
2018-10-25,97.3499984741211,98.76000213623048,97.01000213623048,98.12000274658205,85.59095001220703,3390500,Yahoo Finance,RSP,2026-09-11T22:08:08+08:00,confirmed
2018-10-26,96.93000030517578,97.75,95.5,96.58999633789062,84.2563247680664,2564400,Yahoo Finance,RSP,2026-09-11T22:08:08+08:00,confirmed
2018-10-29,97.86000061035156,98.54000091552734,95.4000015258789,96.62999725341795,84.29121398925781,2543200,Yahoo Finance,RSP,2026-09-11T22:08:08+08:00,confirmed
2018-10-30,96.76000213623048,98.5999984741211,96.7300033569336,98.5,85.92243957519531,2558500,Yahoo Finance,RSP,2026-09-11T22:08:08+08:00,confirmed
2018-10-31,99.36000061035156,100.06999969482422,99.04000091552734,99.06999969482422,86.41963195800781,3480300,Yahoo Finance,RSP,2026-09-11T22:08:08+08:00,confirmed
2018-11-01,99.31999969482422,100.62999725341795,99.1999969482422,100.51000213623048,87.67578125,4104000,Yahoo Finance,RSP,2026-09-11T22:08:08+08:00,confirmed
2018-11-02,101.1999969482422,101.30999755859376,99.33999633789062,100.1500015258789,87.36176300048828,2029000,Yahoo Finance,RSP,2026-09-11T22:08:08+08:00,confirmed
2018-11-05,100.36000061035156,101.11000061035156,100.08000183105467,100.9000015258789,88.01596069335938,834100,Yahoo Finance,RSP,2026-09-11T22:08:08+08:00,confirmed
2018-11-06,100.88999938964844,101.62999725341795,100.88999938964844,101.5999984741211,88.6265869140625,624900,Yahoo Finance,RSP,2026-09-11T22:08:08+08:00,confirmed
2018-11-07,102.31999969482422,103.23999786376952,101.8499984741211,103.16000366210938,89.98737335205078,941200,Yahoo Finance,RSP,2026-09-11T22:08:08+08:00,confirmed
2018-11-08,102.91999816894533,103.36000061035156,102.66999816894533,103.08000183105467,89.91761016845703,634700,Yahoo Finance,RSP,2026-09-11T22:08:08+08:00,confirmed
2018-11-09,102.58000183105467,102.6500015258789,101.52999877929688,102.16999816894533,89.12378692626953,519700,Yahoo Finance,RSP,2026-09-11T22:08:08+08:00,confirmed
2018-11-12,101.98999786376952,102.0,100.45999908447266,100.61000061035156,87.76300048828125,746400,Yahoo Finance,RSP,2026-09-11T22:08:08+08:00,confirmed
2018-11-13,100.9000015258789,101.6500015258789,100.25,100.56999969482422,87.72810363769531,830900,Yahoo Finance,RSP,2026-09-11T22:08:08+08:00,confirmed
2018-11-14,101.13999938964844,101.4800033569336,99.33000183105467,99.93000030517578,87.16983032226562,935200,Yahoo Finance,RSP,2026-09-11T22:08:08+08:00,confirmed
2018-11-15,99.38999938964844,100.95999908447266,98.77999877929688,100.77999877929688,87.91129302978516,1253800,Yahoo Finance,RSP,2026-09-11T22:08:08+08:00,confirmed
2018-11-16,100.4499969482422,101.4499969482422,100.3499984741211,101.0999984741211,88.1904296875,856300,Yahoo Finance,RSP,2026-09-11T22:08:08+08:00,confirmed
2018-11-19,100.9499969482422,101.18000030517578,99.41000366210938,99.77999877929688,87.03897857666016,947600,Yahoo Finance,RSP,2026-09-11T22:08:08+08:00,confirmed
2018-11-20,98.68000030517578,99.02999877929688,97.76000213623048,98.02999877929688,85.512451171875,1285000,Yahoo Finance,RSP,2026-09-11T22:08:08+08:00,confirmed
2018-11-21,98.47000122070312,99.33999633789062,98.44000244140624,98.63999938964844,86.04454803466797,683300,Yahoo Finance,RSP,2026-09-11T22:08:08+08:00,confirmed
2018-11-23,98.0,98.83000183105467,97.9800033569336,98.3499984741211,85.7916030883789,151200,Yahoo Finance,RSP,2026-09-11T22:08:08+08:00,confirmed
2018-11-26,99.2300033569336,99.6999969482422,98.97000122070312,99.68000030517578,86.9517593383789,610000,Yahoo Finance,RSP,2026-09-11T22:08:08+08:00,confirmed
2018-11-27,99.30999755859376,99.76000213623048,99.13999938964844,99.7300033569336,86.99536895751953,596000,Yahoo Finance,RSP,2026-09-11T22:08:08+08:00,confirmed
2018-11-28,100.05999755859376,101.5500030517578,99.5,101.5500030517578,88.58297729492188,818200,Yahoo Finance,RSP,2026-09-11T22:08:08+08:00,confirmed
2018-11-29,101.26000213623048,101.81999969482422,100.73999786376952,101.25,88.32128143310547,528700,Yahoo Finance,RSP,2026-09-11T22:08:08+08:00,confirmed
2018-11-30,101.19000244140624,101.87999725341795,101.02999877929688,101.66000366210938,88.67893981933594,689600,Yahoo Finance,RSP,2026-09-11T22:08:08+08:00,confirmed
2018-12-03,103.04000091552734,103.33999633789062,102.11000061035156,102.88999938964844,89.75187683105469,1289600,Yahoo Finance,RSP,2026-09-11T22:08:08+08:00,confirmed
2018-12-04,102.7300033569336,102.87999725341795,99.5999984741211,99.8000030517578,87.05641174316406,1194500,Yahoo Finance,RSP,2026-09-11T22:08:08+08:00,confirmed
2018-12-06,98.41000366210938,99.5,96.87000274658205,99.5,86.79473114013672,2091100,Yahoo Finance,RSP,2026-09-11T22:08:08+08:00,confirmed
2018-12-07,99.36000061035156,99.9800033569336,96.97000122070312,97.33999633789062,84.9105453491211,1373100,Yahoo Finance,RSP,2026-09-11T22:08:08+08:00,confirmed
2018-12-10,97.33999633789062,97.52999877929688,95.37999725341795,97.16000366210938,84.75352478027344,1665000,Yahoo Finance,RSP,2026-09-11T22:08:08+08:00,confirmed
2018-12-11,98.31999969482422,98.6500015258789,96.61000061035156,97.08999633789062,84.69246673583984,711900,Yahoo Finance,RSP,2026-09-11T22:08:08+08:00,confirmed
2018-12-12,98.29000091552734,98.72000122070312,97.55999755859376,97.58000183105467,85.11990356445312,670500,Yahoo Finance,RSP,2026-09-11T22:08:08+08:00,confirmed
2018-12-13,97.83999633789062,98.06999969482422,96.8000030517578,97.12000274658205,84.71864318847656,655600,Yahoo Finance,RSP,2026-09-11T22:08:08+08:00,confirmed
2018-12-14,96.25,96.87999725341795,95.48999786376952,95.73999786376952,83.51483917236328,982700,Yahoo Finance,RSP,2026-09-11T22:08:08+08:00,confirmed
2018-12-17,95.41999816894533,95.7300033569336,93.16000366210938,93.66999816894533,81.70916748046875,1721100,Yahoo Finance,RSP,2026-09-11T22:08:08+08:00,confirmed
2018-12-18,94.29000091552734,94.7699966430664,92.97000122070312,93.54000091552734,81.59578704833984,2954100,Yahoo Finance,RSP,2026-09-11T22:08:08+08:00,confirmed
2018-12-19,93.54000091552734,95.0199966430664,91.58000183105467,92.06999969482422,80.3134994506836,2041300,Yahoo Finance,RSP,2026-09-11T22:08:08+08:00,confirmed
2018-12-20,91.68000030517578,92.26000213623048,89.66999816894531,90.62000274658205,79.04865264892578,2758600,Yahoo Finance,RSP,2026-09-11T22:08:08+08:00,confirmed
2018-12-21,90.88999938964844,92.12999725341795,88.81999969482422,89.01000213623047,77.64421081542969,2648200,Yahoo Finance,RSP,2026-09-11T22:08:08+08:00,confirmed
2018-12-24,87.95999908447266,88.16000366210938,86.16000366210938,86.19000244140625,75.63639068603516,1472700,Yahoo Finance,RSP,2026-09-11T22:08:08+08:00,confirmed
2018-12-26,86.61000061035156,90.08999633789062,85.76000213623047,90.08999633789062,79.058837890625,2744400,Yahoo Finance,RSP,2026-09-11T22:08:08+08:00,confirmed
2018-12-27,88.91000366210938,90.9000015258789,87.66000366210938,90.9000015258789,79.7696533203125,2794700,Yahoo Finance,RSP,2026-09-11T22:08:08+08:00,confirmed
2018-12-28,91.18000030517578,91.87000274658205,90.20999908447266,90.66999816894533,79.56781768798828,2436600,Yahoo Finance,RSP,2026-09-11T22:08:08+08:00,confirmed
2018-12-31,91.19000244140624,91.43000030517578,90.36000061035156,91.4000015258789,80.20845031738281,3096200,Yahoo Finance,RSP,2026-09-11T22:08:08+08:00,confirmed
2019-01-02,90.05999755859375,91.79000091552734,89.9000015258789,91.4499969482422,80.25230407714844,1783300,Yahoo Finance,RSP,2026-09-11T22:08:08+08:00,confirmed
2019-01-03,90.98999786376952,91.11000061035156,89.47000122070312,89.68000030517578,78.69904327392578,1738900,Yahoo Finance,RSP,2026-09-11T22:08:08+08:00,confirmed
2019-01-04,90.76000213623048,92.91999816894533,90.72000122070312,92.66000366210938,81.31415557861328,1308100,Yahoo Finance,RSP,2026-09-11T22:08:08+08:00,confirmed
2019-01-07,92.77999877929688,94.33999633789062,92.44000244140624,93.62999725341795,82.16536712646484,1055100,Yahoo Finance,RSP,2026-09-11T22:08:08+08:00,confirmed
2019-01-08,94.45999908447266,94.69000244140624,93.55999755859376,94.63999938964844,83.05168914794922,1195800,Yahoo Finance,RSP,2026-09-11T22:08:08+08:00,confirmed
2019-01-09,94.97000122070312,95.66000366210938,94.62000274658205,95.30999755859376,83.6396713256836,1142400,Yahoo Finance,RSP,2026-09-11T22:08:08+08:00,confirmed
2019-01-10,94.72000122070312,95.91999816894533,94.4800033569336,95.88999938964844,84.1486587524414,1420600,Yahoo Finance,RSP,2026-09-11T22:08:08+08:00,confirmed
2019-01-11,95.4499969482422,96.04000091552734,95.1999969482422,95.95999908447266,84.21007537841797,1933000,Yahoo Finance,RSP,2026-09-11T22:08:08+08:00,confirmed
2019-01-14,95.27999877929688,95.8000030517578,95.06999969482422,95.44000244140624,83.75375366210938,754700,Yahoo Finance,RSP,2026-09-11T22:08:08+08:00,confirmed
2019-01-15,95.5199966430664,96.30999755859376,95.5199966430664,96.16999816894533,84.39435577392578,891700,Yahoo Finance,RSP,2026-09-11T22:08:08+08:00,confirmed
2019-01-16,96.26000213623048,96.77999877929688,96.16999816894533,96.41000366210938,84.60497283935547,764600,Yahoo Finance,RSP,2026-09-11T22:08:08+08:00,confirmed
2019-01-17,96.0999984741211,97.63999938964844,96.04000091552734,97.30999755859376,85.39476776123047,947700,Yahoo Finance,RSP,2026-09-11T22:08:08+08:00,confirmed
2019-01-18,97.94000244140624,98.91999816894533,97.81999969482422,98.79000091552734,86.69355010986328,1057900,Yahoo Finance,RSP,2026-09-11T22:08:08+08:00,confirmed
2019-01-22,98.23999786376952,98.25,96.88999938964844,97.47000122070312,85.53519439697266,3144100,Yahoo Finance,RSP,2026-09-11T22:08:08+08:00,confirmed
2019-01-23,97.83000183105467,98.05999755859376,96.47000122070312,97.38999938964844,85.46499633789062,1446300,Yahoo Finance,RSP,2026-09-11T22:08:08+08:00,confirmed
2019-01-24,97.3499984741211,98.05999755859376,97.29000091552734,97.83999633789062,85.85987091064453,1133200,Yahoo Finance,RSP,2026-09-11T22:08:08+08:00,confirmed
2019-01-25,98.56999969482422,99.12999725341795,98.54000091552734,98.87999725341795,86.77254486083984,926000,Yahoo Finance,RSP,2026-09-11T22:08:08+08:00,confirmed
2019-01-28,98.12000274658205,98.5199966430664,97.72000122070312,98.48999786376952,86.43030548095703,1084700,Yahoo Finance,RSP,2026-09-11T22:08:08+08:00,confirmed
2019-01-29,98.62999725341795,98.81999969482422,98.23999786376952,98.66000366210938,86.5794677734375,809500,Yahoo Finance,RSP,2026-09-11T22:08:08+08:00,confirmed
2019-01-30,99.0199966430664,100.06999969482422,98.4800033569336,99.70999908447266,87.50090026855469,1086100,Yahoo Finance,RSP,2026-09-11T22:08:08+08:00,confirmed
2019-01-31,99.58999633789062,100.47000122070312,99.48999786376952,100.37000274658205,88.08009338378906,1924000,Yahoo Finance,RSP,2026-09-11T22:08:08+08:00,confirmed
2019-02-01,100.5,100.80999755859376,100.22000122070312,100.62000274658205,88.29946899414062,1213900,Yahoo Finance,RSP,2026-09-11T22:08:08+08:00,confirmed
2019-02-04,100.66999816894533,101.16999816894533,100.16000366210938,101.16999816894533,88.78211975097656,803800,Yahoo Finance,RSP,2026-09-11T22:08:08+08:00,confirmed
2019-02-05,101.3000030517578,101.62999725341795,101.05999755859376,101.55999755859376,89.12437438964844,1752700,Yahoo Finance,RSP,2026-09-11T22:08:08+08:00,confirmed
2019-02-06,101.41000366210938,101.63999938964844,101.22000122070312,101.47000122070312,89.04540252685547,661500,Yahoo Finance,RSP,2026-09-11T22:08:08+08:00,confirmed
2019-02-07,100.93000030517578,101.25,100.0500030517578,100.73999786376952,88.40480041503906,1118200,Yahoo Finance,RSP,2026-09-11T22:08:08+08:00,confirmed
2019-02-08,100.41999816894533,100.93000030517578,99.91000366210938,100.93000030517578,88.57152557373047,787200,Yahoo Finance,RSP,2026-09-11T22:08:08+08:00,confirmed
2019-02-11,101.16000366210938,101.3000030517578,100.9000015258789,101.20999908447266,88.81724548339844,457900,Yahoo Finance,RSP,2026-09-11T22:08:08+08:00,confirmed
2019-02-12,101.87000274658205,102.66000366210938,101.8499984741211,102.45999908447266,89.91417694091797,1003600,Yahoo Finance,RSP,2026-09-11T22:08:08+08:00,confirmed
2019-02-13,102.75,103.12999725341795,102.56999969482422,102.91000366210938,90.30906677246094,804000,Yahoo Finance,RSP,2026-09-11T22:08:08+08:00,confirmed
2019-02-14,102.4499969482422,103.1500015258789,102.12999725341795,102.66999816894533,90.09844970703124,703800,Yahoo Finance,RSP,2026-09-11T22:08:08+08:00,confirmed
2019-02-15,103.36000061035156,103.81999969482422,103.33999633789062,103.81999969482422,91.10765075683594,742100,Yahoo Finance,RSP,2026-09-11T22:08:08+08:00,confirmed
2019-02-19,103.54000091552734,104.29000091552734,103.27999877929688,104.01000213623048,91.27437591552734,1337600,Yahoo Finance,RSP,2026-09-11T22:08:08+08:00,confirmed
2019-02-20,104.0500030517578,104.58999633789062,103.98999786376952,104.37999725341795,91.5990753173828,700300,Yahoo Finance,RSP,2026-09-11T22:08:08+08:00,confirmed
2019-02-21,104.20999908447266,104.33000183105467,103.5999984741211,103.9800033569336,91.2480697631836,547500,Yahoo Finance,RSP,2026-09-11T22:08:08+08:00,confirmed
2019-02-22,104.20999908447266,104.61000061035156,104.08000183105467,104.52999877929688,91.73070526123048,729800,Yahoo Finance,RSP,2026-09-11T22:08:08+08:00,confirmed
2019-02-25,105.0500030517578,105.26000213623048,104.5,104.5500030517578,91.7482681274414,696600,Yahoo Finance,RSP,2026-09-11T22:08:08+08:00,confirmed
2019-02-26,104.43000030517578,104.73999786376952,104.26000213623048,104.2699966430664,91.50253295898438,701100,Yahoo Finance,RSP,2026-09-11T22:08:08+08:00,confirmed
2019-02-27,104.0199966430664,104.41999816894533,103.76000213623048,104.3000030517578,91.52886962890624,636300,Yahoo Finance,RSP,2026-09-11T22:08:08+08:00,confirmed
2019-02-28,104.16999816894533,104.33000183105467,103.87999725341795,104.0500030517578,91.30950164794922,1383000,Yahoo Finance,RSP,2026-09-11T22:08:08+08:00,confirmed
2019-03-01,104.7699966430664,105.04000091552734,104.12000274658205,104.75,91.92377471923828,911100,Yahoo Finance,RSP,2026-09-11T22:08:08+08:00,confirmed
2019-03-04,105.11000061035156,105.13999938964844,103.27999877929688,104.25,91.48499298095705,1636500,Yahoo Finance,RSP,2026-09-11T22:08:08+08:00,confirmed
2019-03-05,104.3000030517578,104.30999755859376,103.83999633789062,103.93000030517578,91.2042007446289,314200,Yahoo Finance,RSP,2026-09-11T22:08:08+08:00,confirmed
2019-03-06,103.9000015258789,103.94000244140624,102.93000030517578,103.0199966430664,90.40560150146484,512200,Yahoo Finance,RSP,2026-09-11T22:08:08+08:00,confirmed
2019-03-07,102.86000061035156,102.86000061035156,101.87999725341795,102.22000122070312,89.70355987548828,1083100,Yahoo Finance,RSP,2026-09-11T22:08:08+08:00,confirmed
2019-03-08,101.5500030517578,101.93000030517578,101.20999908447266,101.9000015258789,89.42276000976562,1117500,Yahoo Finance,RSP,2026-09-11T22:08:08+08:00,confirmed
2019-03-11,102.12999725341795,103.25,102.12999725341795,103.22000122070312,90.58111572265624,641800,Yahoo Finance,RSP,2026-09-11T22:08:08+08:00,confirmed
2019-03-12,103.38999938964844,103.77999877929688,103.31999969482422,103.55999755859376,90.87950897216795,636600,Yahoo Finance,RSP,2026-09-11T22:08:08+08:00,confirmed
2019-03-13,103.87000274658205,104.5500030517578,103.81999969482422,104.18000030517578,91.42355346679688,725300,Yahoo Finance,RSP,2026-09-11T22:08:08+08:00,confirmed
2019-03-14,104.22000122070312,104.36000061035156,103.83999633789062,104.02999877929688,91.29193115234376,326400,Yahoo Finance,RSP,2026-09-11T22:08:08+08:00,confirmed
2019-03-15,104.18000030517578,104.7699966430664,104.11000061035156,104.41000366210938,91.62541198730467,491300,Yahoo Finance,RSP,2026-09-11T22:08:08+08:00,confirmed
2019-03-18,104.08999633789062,104.4800033569336,103.7300033569336,104.41999816894533,92.0564956665039,608800,Yahoo Finance,RSP,2026-09-11T22:08:08+08:00,confirmed
2019-03-19,104.73999786376952,105.0500030517578,103.9000015258789,104.23999786376952,91.89781951904295,734100,Yahoo Finance,RSP,2026-09-11T22:08:08+08:00,confirmed
2019-03-20,104.12999725341795,104.33999633789062,103.11000061035156,103.51000213623048,91.25423431396484,1057300,Yahoo Finance,RSP,2026-09-11T22:08:08+08:00,confirmed
2019-03-21,103.25,105.0500030517578,103.25,104.83999633789062,92.4267807006836,722200,Yahoo Finance,RSP,2026-09-11T22:08:08+08:00,confirmed
2019-03-22,104.37000274658205,104.4499969482422,102.6500015258789,102.69000244140624,90.5313491821289,920100,Yahoo Finance,RSP,2026-09-11T22:08:08+08:00,confirmed
2019-03-25,102.62000274658205,103.18000030517578,102.12000274658205,102.72000122070312,90.55779266357422,661700,Yahoo Finance,RSP,2026-09-11T22:08:08+08:00,confirmed
2019-03-26,103.3000030517578,103.91000366210938,102.97000122070312,103.58000183105467,91.31594848632812,523800,Yahoo Finance,RSP,2026-09-11T22:08:08+08:00,confirmed
2019-03-27,103.5999984741211,103.87000274658205,102.62999725341795,103.23999786376952,91.01620483398438,771200,Yahoo Finance,RSP,2026-09-11T22:08:08+08:00,confirmed
2019-03-28,103.43000030517578,103.97000122070312,103.08999633789062,103.81999969482422,91.52755737304688,736700,Yahoo Finance,RSP,2026-09-11T22:08:08+08:00,confirmed
2019-03-29,104.38999938964844,104.5999984741211,104.05999755859376,104.44000244140624,92.07413482666016,782900,Yahoo Finance,RSP,2026-09-11T22:08:08+08:00,confirmed
2019-04-01,105.19000244140624,105.8499984741211,105.12000274658205,105.7699966430664,93.24668884277344,1259600,Yahoo Finance,RSP,2026-09-11T22:08:08+08:00,confirmed
2019-04-02,105.80999755859376,105.83999633789062,105.38999938964844,105.69000244140624,93.1761245727539,722400,Yahoo Finance,RSP,2026-09-11T22:08:08+08:00,confirmed
2019-04-03,106.1999969482422,106.43000030517578,105.6999969482422,105.9800033569336,93.43180847167967,912000,Yahoo Finance,RSP,2026-09-11T22:08:08+08:00,confirmed
2019-04-04,106.01000213623048,106.36000061035156,105.86000061035156,106.33000183105467,93.74034118652344,1785900,Yahoo Finance,RSP,2026-09-11T22:08:08+08:00,confirmed
2019-04-05,106.58999633789062,107.04000091552734,106.5199966430664,107.0199966430664,94.34867095947266,851900,Yahoo Finance,RSP,2026-09-11T22:08:08+08:00,confirmed
2019-04-08,106.9000015258789,107.0999984741211,106.61000061035156,107.08999633789062,94.41038513183594,836000,Yahoo Finance,RSP,2026-09-11T22:08:08+08:00,confirmed
2019-04-09,106.70999908447266,106.70999908447266,106.04000091552734,106.25,93.66981506347656,535500,Yahoo Finance,RSP,2026-09-11T22:08:08+08:00,confirmed
2019-04-10,106.4000015258789,106.80999755859376,106.2300033569336,106.7699966430664,94.1282730102539,471800,Yahoo Finance,RSP,2026-09-11T22:08:08+08:00,confirmed
2019-04-11,106.9800033569336,107.08999633789062,106.58999633789062,106.91000366210938,94.25169372558594,462900,Yahoo Finance,RSP,2026-09-11T22:08:08+08:00,confirmed
2019-04-12,107.56999969482422,107.9000015258789,107.37000274658205,107.7699966430664,95.0098876953125,456700,Yahoo Finance,RSP,2026-09-11T22:08:08+08:00,confirmed
2019-04-15,107.86000061035156,107.86000061035156,107.33999633789062,107.47000122070312,94.7453842163086,423300,Yahoo Finance,RSP,2026-09-11T22:08:08+08:00,confirmed
2019-04-16,107.86000061035156,107.86000061035156,107.27999877929688,107.51000213623048,94.78064727783205,544700,Yahoo Finance,RSP,2026-09-11T22:08:08+08:00,confirmed
2019-04-17,107.9000015258789,108.0,106.73999786376952,106.87999725341795,94.22523498535156,463200,Yahoo Finance,RSP,2026-09-11T22:08:08+08:00,confirmed
2019-04-18,107.1500015258789,107.2300033569336,106.62000274658205,107.12999725341795,94.44561767578124,529800,Yahoo Finance,RSP,2026-09-11T22:08:08+08:00,confirmed
2019-04-22,106.87999725341795,106.9800033569336,106.6500015258789,106.86000061035156,94.20760345458984,474500,Yahoo Finance,RSP,2026-09-11T22:08:08+08:00,confirmed
2019-04-23,107.01000213623048,107.97000122070312,107.01000213623048,107.8499984741211,95.08039093017578,530800,Yahoo Finance,RSP,2026-09-11T22:08:08+08:00,confirmed
2019-04-24,107.87000274658205,108.12000274658205,107.72000122070312,107.81999969482422,95.05396270751952,573700,Yahoo Finance,RSP,2026-09-11T22:08:08+08:00,confirmed
2019-04-25,107.16000366210938,107.51000213623048,106.69000244140624,107.19000244140624,94.49852752685548,564500,Yahoo Finance,RSP,2026-09-11T22:08:08+08:00,confirmed
2019-04-26,107.26000213623048,107.83999633789062,107.0199966430664,107.83999633789062,95.07157135009766,520600,Yahoo Finance,RSP,2026-09-11T22:08:08+08:00,confirmed
2019-04-29,107.87999725341795,108.13999938964844,107.79000091552734,107.83000183105467,95.0627670288086,365900,Yahoo Finance,RSP,2026-09-11T22:08:08+08:00,confirmed
2019-04-30,107.9499969482422,108.3000030517578,107.30999755859376,108.19000244140624,95.38014221191406,671800,Yahoo Finance,RSP,2026-09-11T22:08:08+08:00,confirmed
2019-05-01,108.29000091552734,108.48999786376952,107.0999984741211,107.0999984741211,94.41919708251952,866600,Yahoo Finance,RSP,2026-09-11T22:08:08+08:00,confirmed
2019-05-02,106.97000122070312,107.51000213623048,106.38999938964844,107.11000061035156,94.42800903320312,600400,Yahoo Finance,RSP,2026-09-11T22:08:08+08:00,confirmed
2019-05-03,107.5,108.12999725341795,107.37999725341795,108.06999969482422,95.27436065673828,440900,Yahoo Finance,RSP,2026-09-11T22:08:08+08:00,confirmed
2019-05-06,106.4000015258789,107.75,106.2300033569336,107.55999755859376,94.82472229003906,522600,Yahoo Finance,RSP,2026-09-11T22:08:08+08:00,confirmed
2019-05-07,106.6999969482422,106.83999633789062,105.08999633789062,105.83000183105467,93.299560546875,1552600,Yahoo Finance,RSP,2026-09-11T22:08:08+08:00,confirmed
2019-05-08,105.69000244140624,106.3000030517578,105.45999908447266,105.66000366210938,93.14969635009766,904200,Yahoo Finance,RSP,2026-09-11T22:08:08+08:00,confirmed
2019-05-09,104.94000244140624,105.7300033569336,104.20999908447266,105.52999877929688,93.03507232666016,637300,Yahoo Finance,RSP,2026-09-11T22:08:08+08:00,confirmed
2019-05-10,105.16999816894533,106.2699966430664,103.9000015258789,105.98999786376952,93.44058227539062,977700,Yahoo Finance,RSP,2026-09-11T22:08:08+08:00,confirmed
2019-05-13,104.20999908447266,104.29000091552734,102.9000015258789,103.3499984741211,91.1131820678711,1200800,Yahoo Finance,RSP,2026-09-11T22:08:08+08:00,confirmed
2019-05-14,103.72000122070312,104.95999908447266,103.5999984741211,104.37000274658205,92.01243591308594,827600,Yahoo Finance,RSP,2026-09-11T22:08:08+08:00,confirmed
2019-05-15,103.75,104.97000122070312,103.51000213623048,104.6999969482422,92.3033447265625,871000,Yahoo Finance,RSP,2026-09-11T22:08:08+08:00,confirmed
2019-05-16,104.93000030517578,105.97000122070312,104.93000030517578,105.41000366210938,92.92929077148438,701000,Yahoo Finance,RSP,2026-09-11T22:08:08+08:00,confirmed
2019-05-17,104.58000183105467,105.68000030517578,104.58000183105467,104.70999908447266,92.31218719482422,684800,Yahoo Finance,RSP,2026-09-11T22:08:08+08:00,confirmed
2019-05-20,104.12000274658205,104.52999877929688,103.75,104.0500030517578,91.73033905029295,410900,Yahoo Finance,RSP,2026-09-11T22:08:08+08:00,confirmed
2019-05-21,104.66999816894533,105.31999969482422,104.63999938964844,105.16999816894533,92.71771240234376,423000,Yahoo Finance,RSP,2026-09-11T22:08:08+08:00,confirmed
2019-05-22,104.8000030517578,105.05999755859376,104.4499969482422,104.63999938964844,92.25045776367188,651500,Yahoo Finance,RSP,2026-09-11T22:08:08+08:00,confirmed
2019-05-23,103.7699966430664,103.7699966430664,102.7699966430664,103.33000183105467,91.09557342529295,972900,Yahoo Finance,RSP,2026-09-11T22:08:08+08:00,confirmed
2019-05-24,103.83000183105467,104.0500030517578,103.20999908447266,103.5199966430664,91.26306915283205,715500,Yahoo Finance,RSP,2026-09-11T22:08:08+08:00,confirmed
2019-05-28,103.62000274658205,103.95999908447266,102.38999938964844,102.38999938964844,90.26686096191406,552600,Yahoo Finance,RSP,2026-09-11T22:08:08+08:00,confirmed
2019-05-29,101.9499969482422,102.0999984741211,101.12000274658205,101.69000244140624,89.64973449707031,735200,Yahoo Finance,RSP,2026-09-11T22:08:08+08:00,confirmed
2019-05-30,101.9499969482422,102.44000244140624,101.45999908447266,101.8499984741211,89.79080200195312,705300,Yahoo Finance,RSP,2026-09-11T22:08:08+08:00,confirmed
2019-05-31,100.86000061035156,101.1999969482422,100.5,100.69000244140624,88.76815032958984,1224500,Yahoo Finance,RSP,2026-09-11T22:08:08+08:00,confirmed
2019-06-03,100.75,101.70999908447266,100.73999786376952,101.2699966430664,89.27948760986328,1346300,Yahoo Finance,RSP,2026-09-11T22:08:08+08:00,confirmed
2019-06-04,102.12000274658205,103.58000183105467,102.12000274658205,103.54000091552734,91.28069305419922,659500,Yahoo Finance,RSP,2026-09-11T22:08:08+08:00,confirmed
2019-06-05,104.0999984741211,104.41000366210938,103.27999877929688,104.36000061035156,92.00362396240234,580900,Yahoo Finance,RSP,2026-09-11T22:08:08+08:00,confirmed
2019-06-06,104.4499969482422,105.12999725341795,104.16000366210938,104.87999725341795,92.46202087402344,518400,Yahoo Finance,RSP,2026-09-11T22:08:08+08:00,confirmed
2019-06-07,105.25,105.9800033569336,105.20999908447266,105.55999755859376,93.06153106689452,663400,Yahoo Finance,RSP,2026-09-11T22:08:08+08:00,confirmed
2019-06-10,106.04000091552734,106.5,105.8499984741211,105.88999938964844,93.35244750976562,391800,Yahoo Finance,RSP,2026-09-11T22:08:08+08:00,confirmed
2019-06-11,106.5199966430664,106.75,105.5,105.77999877929688,93.2554702758789,436600,Yahoo Finance,RSP,2026-09-11T22:08:08+08:00,confirmed
2019-06-12,105.68000030517578,105.91000366210938,105.44000244140624,105.6500015258789,93.14088439941406,1951000,Yahoo Finance,RSP,2026-09-11T22:08:08+08:00,confirmed
2019-06-13,105.9499969482422,106.33000183105467,105.80999755859376,106.2699966430664,93.68746185302734,960200,Yahoo Finance,RSP,2026-09-11T22:08:08+08:00,confirmed
2019-06-14,106.22000122070312,106.22000122070312,105.6999969482422,105.9800033569336,93.43180847167967,308700,Yahoo Finance,RSP,2026-09-11T22:08:08+08:00,confirmed
2019-06-17,106.0999984741211,106.19000244140624,105.7699966430664,105.80999755859376,93.28191375732422,287900,Yahoo Finance,RSP,2026-09-11T22:08:08+08:00,confirmed
2019-06-18,106.38999938964844,107.33000183105467,106.38999938964844,106.8499984741211,94.1987762451172,564800,Yahoo Finance,RSP,2026-09-11T22:08:08+08:00,confirmed
2019-06-19,106.9000015258789,107.41999816894533,106.66999816894533,107.23999786376952,94.54261016845705,610900,Yahoo Finance,RSP,2026-09-11T22:08:08+08:00,confirmed
2019-06-20,108.22000122070312,108.33000183105467,107.33999633789062,108.18000030517578,95.37132263183594,853800,Yahoo Finance,RSP,2026-09-11T22:08:08+08:00,confirmed
2019-06-21,108.08000183105467,108.3000030517578,107.73999786376952,107.93000030517578,95.15093231201172,620400,Yahoo Finance,RSP,2026-09-11T22:08:08+08:00,confirmed
2019-06-24,107.45999908447266,107.5199966430664,106.9499969482422,106.9800033569336,94.74352264404295,428700,Yahoo Finance,RSP,2026-09-11T22:08:08+08:00,confirmed
2019-06-25,107.06999969482422,107.11000061035156,106.27999877929688,106.33000183105467,94.16789245605467,358000,Yahoo Finance,RSP,2026-09-11T22:08:08+08:00,confirmed
2019-06-26,106.5999984741211,106.75,106.12000274658205,106.1500015258789,94.00848388671876,383000,Yahoo Finance,RSP,2026-09-11T22:08:08+08:00,confirmed
2019-06-27,106.43000030517578,106.91999816894533,106.43000030517578,106.81999969482422,94.6018295288086,404400,Yahoo Finance,RSP,2026-09-11T22:08:08+08:00,confirmed
2019-06-28,107.16000366210938,107.87999725341795,107.1500015258789,107.8000030517578,95.46975708007812,447000,Yahoo Finance,RSP,2026-09-11T22:08:08+08:00,confirmed
2019-07-01,109.0,109.23999786376952,108.01000213623048,108.56999969482422,96.15167999267578,1172000,Yahoo Finance,RSP,2026-09-11T22:08:08+08:00,confirmed
2019-07-02,108.48999786376952,108.56999969482422,108.0199966430664,108.4499969482422,96.0453872680664,813100,Yahoo Finance,RSP,2026-09-11T22:08:08+08:00,confirmed
2019-07-03,108.77999877929688,109.4499969482422,108.7699966430664,109.44000244140624,96.9221420288086,228800,Yahoo Finance,RSP,2026-09-11T22:08:08+08:00,confirmed
2019-07-05,108.95999908447266,109.33000183105467,108.29000091552734,109.3000030517578,96.79817199707033,388400,Yahoo Finance,RSP,2026-09-11T22:08:08+08:00,confirmed
2019-07-08,108.9000015258789,109.13999938964844,108.45999908447266,108.6999969482422,96.26680755615234,349600,Yahoo Finance,RSP,2026-09-11T22:08:08+08:00,confirmed
2019-07-09,108.22000122070312,108.70999908447266,108.1500015258789,108.66000366210938,96.23137664794922,370900,Yahoo Finance,RSP,2026-09-11T22:08:08+08:00,confirmed
2019-07-10,109.01000213623048,109.26000213623048,108.5500030517578,108.77999877929688,96.337646484375,741100,Yahoo Finance,RSP,2026-09-11T22:08:08+08:00,confirmed
2019-07-11,108.94000244140624,109.0500030517578,108.4499969482422,109.0,96.5324935913086,345300,Yahoo Finance,RSP,2026-09-11T22:08:08+08:00,confirmed
2019-07-12,109.16000366210938,109.77999877929688,109.12000274658205,109.73999786376952,97.1878433227539,379500,Yahoo Finance,RSP,2026-09-11T22:08:08+08:00,confirmed
2019-07-15,109.8499984741211,109.8499984741211,109.41999816894533,109.6500015258789,97.10813903808594,330400,Yahoo Finance,RSP,2026-09-11T22:08:08+08:00,confirmed
2019-07-16,109.62999725341795,109.8499984741211,109.33999633789062,109.43000030517578,96.91329193115234,478500,Yahoo Finance,RSP,2026-09-11T22:08:08+08:00,confirmed
2019-07-17,109.43000030517578,109.43000030517578,108.5199966430664,108.5199966430664,96.1073760986328,319200,Yahoo Finance,RSP,2026-09-11T22:08:08+08:00,confirmed
2019-07-18,108.30999755859376,109.11000061035156,108.19000244140624,108.94000244140624,96.47933959960938,271700,Yahoo Finance,RSP,2026-09-11T22:08:08+08:00,confirmed
2019-07-19,109.2699966430664,109.41000366210938,108.44000244140624,108.4800033569336,96.07194519042967,410100,Yahoo Finance,RSP,2026-09-11T22:08:08+08:00,confirmed
2019-07-22,108.68000030517578,108.81999969482422,108.33000183105467,108.51000213623048,96.09852600097656,413800,Yahoo Finance,RSP,2026-09-11T22:08:08+08:00,confirmed
2019-07-23,108.83000183105467,109.4800033569336,108.72000122070312,109.4499969482422,96.9310073852539,410700,Yahoo Finance,RSP,2026-09-11T22:08:08+08:00,confirmed
2019-07-24,109.30999755859376,110.23999786376952,109.18000030517578,110.18000030517578,97.57752227783205,359100,Yahoo Finance,RSP,2026-09-11T22:08:08+08:00,confirmed
2019-07-25,110.0,110.0,109.2300033569336,109.47000122070312,96.94873809814452,417000,Yahoo Finance,RSP,2026-09-11T22:08:08+08:00,confirmed
2019-07-26,109.62999725341795,110.06999969482422,109.4800033569336,110.0199966430664,97.43582153320312,1105900,Yahoo Finance,RSP,2026-09-11T22:08:08+08:00,confirmed
2019-07-29,110.0199966430664,110.0199966430664,109.5500030517578,109.6999969482422,97.15243530273438,493700,Yahoo Finance,RSP,2026-09-11T22:08:08+08:00,confirmed
2019-07-30,109.11000061035156,109.8000030517578,108.87000274658205,109.8000030517578,97.2409896850586,260900,Yahoo Finance,RSP,2026-09-11T22:08:08+08:00,confirmed
2019-07-31,109.75,109.91000366210938,107.87000274658205,108.70999908447266,96.27564239501952,564000,Yahoo Finance,RSP,2026-09-11T22:08:08+08:00,confirmed
2019-08-01,108.66999816894533,109.43000030517578,106.91000366210938,107.31999969482422,95.0446319580078,921900,Yahoo Finance,RSP,2026-09-11T22:08:08+08:00,confirmed
2019-08-02,107.0199966430664,107.02999877929688,105.93000030517578,106.45999908447266,94.28301239013672,651000,Yahoo Finance,RSP,2026-09-11T22:08:08+08:00,confirmed
2019-08-05,104.98999786376952,104.98999786376952,102.58999633789062,103.44000244140624,91.60843658447266,1455800,Yahoo Finance,RSP,2026-09-11T22:08:08+08:00,confirmed
2019-08-06,104.01000213623048,104.6500015258789,103.20999908447266,104.58999633789062,92.62689971923828,1056900,Yahoo Finance,RSP,2026-09-11T22:08:08+08:00,confirmed
2019-08-07,103.3499984741211,104.98999786376952,102.63999938964844,104.7300033569336,92.75088500976562,1022800,Yahoo Finance,RSP,2026-09-11T22:08:08+08:00,confirmed
2019-08-08,105.22000122070312,106.66999816894533,105.13999938964844,106.62000274658205,94.42469024658205,456700,Yahoo Finance,RSP,2026-09-11T22:08:08+08:00,confirmed
2019-08-09,106.1999969482422,106.33000183105467,105.12999725341795,105.63999938964844,93.55680084228516,440400,Yahoo Finance,RSP,2026-09-11T22:08:08+08:00,confirmed
2019-08-12,105.05999755859376,105.12999725341795,103.91999816894533,104.29000091552734,92.36122131347656,439900,Yahoo Finance,RSP,2026-09-11T22:08:08+08:00,confirmed
2019-08-13,104.0999984741211,106.43000030517578,103.9000015258789,105.63999938964844,93.55680084228516,412000,Yahoo Finance,RSP,2026-09-11T22:08:08+08:00,confirmed
2019-08-14,104.0500030517578,104.08000183105467,102.3000030517578,102.4000015258789,90.68736267089844,701300,Yahoo Finance,RSP,2026-09-11T22:08:08+08:00,confirmed
2019-08-15,102.70999908447266,102.8499984741211,101.7300033569336,102.43000030517578,90.7139892578125,768800,Yahoo Finance,RSP,2026-09-11T22:08:08+08:00,confirmed
2019-08-16,102.97000122070312,104.2300033569336,102.97000122070312,104.08999633789062,92.18409729003906,564200,Yahoo Finance,RSP,2026-09-11T22:08:08+08:00,confirmed
2019-08-19,105.1999969482422,105.62000274658205,105.0,105.29000091552734,93.24686431884766,455700,Yahoo Finance,RSP,2026-09-11T22:08:08+08:00,confirmed
2019-08-20,105.05999755859376,105.1500015258789,104.38999938964844,104.44000244140624,92.49407196044922,442400,Yahoo Finance,RSP,2026-09-11T22:08:08+08:00,confirmed
2019-08-21,105.23999786376952,105.4000015258789,105.0500030517578,105.29000091552734,93.24686431884766,324800,Yahoo Finance,RSP,2026-09-11T22:08:08+08:00,confirmed
2019-08-22,105.5199966430664,105.80999755859376,104.7699966430664,105.36000061035156,93.30883026123048,337500,Yahoo Finance,RSP,2026-09-11T22:08:08+08:00,confirmed
2019-08-23,104.79000091552734,105.33999633789062,102.08000183105467,102.51000213623048,90.78482055664062,856800,Yahoo Finance,RSP,2026-09-11T22:08:08+08:00,confirmed
2019-08-26,103.36000061035156,103.54000091552734,102.7300033569336,103.41000366210938,91.58187866210938,636000,Yahoo Finance,RSP,2026-09-11T22:08:08+08:00,confirmed
2019-08-27,103.9000015258789,104.05999755859376,102.66999816894533,102.83000183105467,91.06820678710938,440400,Yahoo Finance,RSP,2026-09-11T22:08:08+08:00,confirmed
2019-08-28,102.58000183105467,103.80999755859376,102.4000015258789,103.72000122070312,91.8564224243164,420000,Yahoo Finance,RSP,2026-09-11T22:08:08+08:00,confirmed
2019-08-29,104.7300033569336,105.33000183105467,104.45999908447266,105.12000274658205,93.09628295898438,570700,Yahoo Finance,RSP,2026-09-11T22:08:08+08:00,confirmed
2019-08-30,105.5999984741211,105.86000061035156,104.93000030517578,105.16000366210938,93.13170623779295,1026700,Yahoo Finance,RSP,2026-09-11T22:08:08+08:00,confirmed
2019-09-03,104.48999786376952,104.80999755859376,103.95999908447266,104.56999969482422,92.60919952392578,422400,Yahoo Finance,RSP,2026-09-11T22:08:08+08:00,confirmed
2019-09-04,105.41000366210938,105.83999633789062,105.25,105.80999755859376,93.70735168457033,540000,Yahoo Finance,RSP,2026-09-11T22:08:08+08:00,confirmed
2019-09-05,106.83999633789062,107.69000244140624,106.79000091552734,107.36000061035156,95.0800552368164,525600,Yahoo Finance,RSP,2026-09-11T22:08:08+08:00,confirmed
2019-09-06,107.52999877929688,107.86000061035156,107.27999877929688,107.62000274658205,95.31034088134766,388400,Yahoo Finance,RSP,2026-09-11T22:08:08+08:00,confirmed
2019-09-09,107.9499969482422,108.22000122070312,107.6999969482422,108.20999908447266,95.83285522460938,380100,Yahoo Finance,RSP,2026-09-11T22:08:08+08:00,confirmed
2019-09-10,107.95999908447266,108.70999908447266,107.66999816894533,108.70999908447266,96.27564239501952,510600,Yahoo Finance,RSP,2026-09-11T22:08:08+08:00,confirmed
2019-09-11,108.7699966430664,109.56999969482422,108.2699966430664,109.54000091552734,97.01072692871094,643500,Yahoo Finance,RSP,2026-09-11T22:08:08+08:00,confirmed
2019-09-12,109.81999969482422,110.01000213623048,109.26000213623048,109.66999816894533,97.12584686279295,522800,Yahoo Finance,RSP,2026-09-11T22:08:08+08:00,confirmed
2019-09-13,109.9499969482422,110.25,109.63999938964844,109.69000244140624,97.14356994628906,282500,Yahoo Finance,RSP,2026-09-11T22:08:08+08:00,confirmed
2019-09-16,109.44000244140624,109.86000061035156,109.2699966430664,109.7699966430664,97.21440887451172,331500,Yahoo Finance,RSP,2026-09-11T22:08:08+08:00,confirmed
2019-09-17,109.69000244140624,109.81999969482422,109.31999969482422,109.79000091552734,97.23211669921876,283000,Yahoo Finance,RSP,2026-09-11T22:08:08+08:00,confirmed
2019-09-18,109.58999633789062,109.68000030517578,108.70999908447266,109.66999816894533,97.12584686279295,394200,Yahoo Finance,RSP,2026-09-11T22:08:08+08:00,confirmed
2019-09-19,109.77999877929688,109.9800033569336,109.25,109.37000274658205,96.86016845703124,250200,Yahoo Finance,RSP,2026-09-11T22:08:08+08:00,confirmed
2019-09-20,109.56999969482422,109.8000030517578,108.75,108.87999725341795,96.42621612548828,1150800,Yahoo Finance,RSP,2026-09-11T22:08:08+08:00,confirmed
2019-09-23,108.08999633789062,108.72000122070312,107.9800033569336,108.4800033569336,96.53299713134766,289500,Yahoo Finance,RSP,2026-09-11T22:08:08+08:00,confirmed
2019-09-24,108.83000183105467,108.87999725341795,107.20999908447266,107.5999984741211,95.74990844726562,870400,Yahoo Finance,RSP,2026-09-11T22:08:08+08:00,confirmed
2019-09-25,107.5999984741211,108.36000061035156,107.19000244140624,108.20999908447266,96.29273223876952,325500,Yahoo Finance,RSP,2026-09-11T22:08:08+08:00,confirmed
2019-09-26,108.23999786376952,108.23999786376952,107.43000030517578,107.9499969482422,96.06136322021484,401700,Yahoo Finance,RSP,2026-09-11T22:08:08+08:00,confirmed
2019-09-27,108.2300033569336,108.4000015258789,106.9800033569336,107.56999969482422,95.72320556640624,371800,Yahoo Finance,RSP,2026-09-11T22:08:08+08:00,confirmed
2019-09-30,107.75,108.3000030517578,107.75,108.08000183105467,96.1770477294922,1065400,Yahoo Finance,RSP,2026-09-11T22:08:08+08:00,confirmed
2019-10-01,108.26000213623048,108.55999755859376,106.26000213623048,106.4000015258789,94.68206024169922,903600,Yahoo Finance,RSP,2026-09-11T22:08:08+08:00,confirmed
2019-10-02,105.7699966430664,105.86000061035156,103.95999908447266,104.38999938964844,92.89344024658205,721200,Yahoo Finance,RSP,2026-09-11T22:08:08+08:00,confirmed
2019-10-03,104.2300033569336,105.1500015258789,103.13999938964844,105.1500015258789,93.56971740722656,720400,Yahoo Finance,RSP,2026-09-11T22:08:08+08:00,confirmed
2019-10-04,105.30999755859376,106.36000061035156,105.2300033569336,106.31999969482422,94.61087036132812,303600,Yahoo Finance,RSP,2026-09-11T22:08:08+08:00,confirmed
2019-10-07,106.0,106.58000183105467,105.6999969482422,105.75,94.10365295410156,446100,Yahoo Finance,RSP,2026-09-11T22:08:08+08:00,confirmed
2019-10-08,105.02999877929688,105.02999877929688,103.91999816894533,103.91999816894533,92.4751968383789,574700,Yahoo Finance,RSP,2026-09-11T22:08:08+08:00,confirmed
2019-10-09,104.73999786376952,105.20999908447266,104.41000366210938,104.83999633789062,93.29386901855467,380900,Yahoo Finance,RSP,2026-09-11T22:08:08+08:00,confirmed
2019-10-10,104.8000030517578,105.91000366210938,104.8000030517578,105.62999725341795,93.9968719482422,325700,Yahoo Finance,RSP,2026-09-11T22:08:08+08:00,confirmed
2019-10-11,106.69000244140624,107.9499969482422,106.69000244140624,107.06999969482422,95.27828216552734,695500,Yahoo Finance,RSP,2026-09-11T22:08:08+08:00,confirmed
2019-10-14,106.9000015258789,107.0,106.58000183105467,106.83000183105467,95.06472778320312,229300,Yahoo Finance,RSP,2026-09-11T22:08:08+08:00,confirmed
2019-10-15,107.16999816894533,108.05999755859376,107.04000091552734,107.73999786376952,95.87448120117188,429900,Yahoo Finance,RSP,2026-09-11T22:08:08+08:00,confirmed
2019-10-16,107.5999984741211,107.9499969482422,107.44000244140624,107.55999755859376,95.7143325805664,358400,Yahoo Finance,RSP,2026-09-11T22:08:08+08:00,confirmed
2019-10-17,107.98999786376952,108.33000183105467,107.72000122070312,107.97000122070312,96.0791473388672,356300,Yahoo Finance,RSP,2026-09-11T22:08:08+08:00,confirmed
2019-10-18,107.68000030517578,108.08999633789062,107.44000244140624,107.83999633789062,95.96346282958984,272300,Yahoo Finance,RSP,2026-09-11T22:08:08+08:00,confirmed
2019-10-21,108.41000366210938,108.6999969482422,108.25,108.66000366210938,96.6931610107422,276700,Yahoo Finance,RSP,2026-09-11T22:08:08+08:00,confirmed
2019-10-22,108.83999633789062,109.25,108.58999633789062,108.66999816894533,96.70207214355467,384200,Yahoo Finance,RSP,2026-09-11T22:08:08+08:00,confirmed
2019-10-23,108.48999786376952,109.0,108.33999633789062,108.9800033569336,96.97791290283205,353500,Yahoo Finance,RSP,2026-09-11T22:08:08+08:00,confirmed
2019-10-24,109.29000091552734,109.37999725341795,108.56999969482422,109.02999877929688,97.0224151611328,213000,Yahoo Finance,RSP,2026-09-11T22:08:08+08:00,confirmed
2019-10-25,108.91000366210938,109.66000366210938,108.87999725341795,109.43000030517578,97.37836456298828,335100,Yahoo Finance,RSP,2026-09-11T22:08:08+08:00,confirmed
2019-10-28,109.80999755859376,110.12000274658205,109.73999786376952,109.7699966430664,97.68091583251952,363500,Yahoo Finance,RSP,2026-09-11T22:08:08+08:00,confirmed
2019-10-29,109.5500030517578,110.29000091552734,109.4800033569336,109.97000122070312,97.85889434814452,305800,Yahoo Finance,RSP,2026-09-11T22:08:08+08:00,confirmed
2019-10-30,110.0,110.08000183105467,109.30999755859376,109.9800033569336,97.86780548095705,318500,Yahoo Finance,RSP,2026-09-11T22:08:08+08:00,confirmed
2019-10-31,109.79000091552734,109.79000091552734,108.8000030517578,109.41000366210938,97.36056518554688,392200,Yahoo Finance,RSP,2026-09-11T22:08:08+08:00,confirmed
2019-11-01,110.0,110.77999877929688,109.98999786376952,110.76000213623048,98.56190490722656,359900,Yahoo Finance,RSP,2026-09-11T22:08:08+08:00,confirmed
2019-11-04,111.33000183105467,111.48999786376952,111.18000030517578,111.4000015258789,99.13143920898438,385300,Yahoo Finance,RSP,2026-09-11T22:08:08+08:00,confirmed
2019-11-05,111.51000213623048,111.94000244140624,111.2300033569336,111.4000015258789,99.13143920898438,369500,Yahoo Finance,RSP,2026-09-11T22:08:08+08:00,confirmed
2019-11-06,111.44000244140624,111.44000244140624,110.9499969482422,111.27999877929688,99.02462768554688,655900,Yahoo Finance,RSP,2026-09-11T22:08:08+08:00,confirmed
2019-11-07,111.83000183105467,112.16000366210938,111.37999725341795,111.5500030517578,99.2649154663086,595900,Yahoo Finance,RSP,2026-09-11T22:08:08+08:00,confirmed
2019-11-08,111.36000061035156,111.80999755859376,111.0,111.80999755859376,99.49626159667967,324500,Yahoo Finance,RSP,2026-09-11T22:08:08+08:00,confirmed
2019-11-11,111.2300033569336,111.5999984741211,111.11000061035156,111.51000213623048,99.22928619384766,401000,Yahoo Finance,RSP,2026-09-11T22:08:08+08:00,confirmed
2019-11-12,111.5999984741211,112.05999755859376,111.37999725341795,111.56999969482422,99.28268432617188,255800,Yahoo Finance,RSP,2026-09-11T22:08:08+08:00,confirmed
2019-11-13,111.1500015258789,111.66999816894533,110.9800033569336,111.48999786376952,99.21148681640624,338800,Yahoo Finance,RSP,2026-09-11T22:08:08+08:00,confirmed
2019-11-14,111.44000244140624,111.76000213623048,111.31999969482422,111.73999786376952,99.43395233154295,298700,Yahoo Finance,RSP,2026-09-11T22:08:08+08:00,confirmed
2019-11-15,112.29000091552734,112.55999755859376,112.0199966430664,112.55999755859376,100.16365051269533,275000,Yahoo Finance,RSP,2026-09-11T22:08:08+08:00,confirmed
2019-11-18,112.4000015258789,112.5,112.20999908447266,112.41999816894533,100.03907012939452,386600,Yahoo Finance,RSP,2026-09-11T22:08:08+08:00,confirmed
2019-11-19,112.62999725341795,112.69000244140624,112.0,112.33000183105467,99.95896911621094,428300,Yahoo Finance,RSP,2026-09-11T22:08:08+08:00,confirmed
2019-11-20,112.01000213623048,112.31999969482422,111.37000274658205,111.9000015258789,99.5763168334961,496900,Yahoo Finance,RSP,2026-09-11T22:08:08+08:00,confirmed
2019-11-21,112.02999877929688,112.02999877929688,111.41000366210938,111.66999816894533,99.37167358398438,289700,Yahoo Finance,RSP,2026-09-11T22:08:08+08:00,confirmed
2019-11-22,111.9000015258789,112.06999969482422,111.58999633789062,112.0,99.66533660888672,377800,Yahoo Finance,RSP,2026-09-11T22:08:08+08:00,confirmed
2019-11-25,112.4000015258789,113.02999877929688,112.31999969482422,113.01000213623048,100.56410217285156,358400,Yahoo Finance,RSP,2026-09-11T22:08:08+08:00,confirmed
2019-11-26,112.94000244140624,113.20999908447266,112.8000030517578,113.13999938964844,100.67977905273438,479400,Yahoo Finance,RSP,2026-09-11T22:08:08+08:00,confirmed
2019-11-27,113.38999938964844,113.63999938964844,113.16000366210938,113.62000274658205,101.10692596435548,272500,Yahoo Finance,RSP,2026-09-11T22:08:08+08:00,confirmed
2019-11-29,113.44000244140624,113.45999908447266,113.0,113.12999725341795,100.67086029052734,151000,Yahoo Finance,RSP,2026-09-11T22:08:08+08:00,confirmed
2019-12-02,113.16000366210938,113.16000366210938,112.12000274658205,112.18000030517578,99.82551574707033,834800,Yahoo Finance,RSP,2026-09-11T22:08:08+08:00,confirmed
2019-12-03,111.16999816894533,111.31999969482422,110.5199966430664,111.2699966430664,99.01573181152344,808500,Yahoo Finance,RSP,2026-09-11T22:08:08+08:00,confirmed
2019-12-04,111.5999984741211,112.4499969482422,111.47000122070312,112.08000183105467,99.7365264892578,319500,Yahoo Finance,RSP,2026-09-11T22:08:08+08:00,confirmed
2019-12-05,112.31999969482422,112.33000183105467,111.83999633789062,112.2699966430664,99.90558624267578,369100,Yahoo Finance,RSP,2026-09-11T22:08:08+08:00,confirmed
2019-12-06,113.04000091552734,113.5199966430664,113.04000091552734,113.30999755859376,100.8310775756836,371400,Yahoo Finance,RSP,2026-09-11T22:08:08+08:00,confirmed
2019-12-09,113.16000366210938,113.37000274658205,112.95999908447266,112.95999908447266,100.51959228515624,207600,Yahoo Finance,RSP,2026-09-11T22:08:08+08:00,confirmed
2019-12-10,112.95999908447266,113.2300033569336,112.68000030517578,112.83999633789062,100.41283416748048,378100,Yahoo Finance,RSP,2026-09-11T22:08:08+08:00,confirmed
2019-12-11,113.01000213623048,113.25,112.8499984741211,113.16999816894533,100.70648956298828,400500,Yahoo Finance,RSP,2026-09-11T22:08:08+08:00,confirmed
2019-12-12,113.19000244140624,114.58999633789062,113.05999755859376,114.36000061035156,101.76541900634766,618100,Yahoo Finance,RSP,2026-09-11T22:08:08+08:00,confirmed
2019-12-13,114.2699966430664,114.81999969482422,113.69000244140624,114.04000091552734,101.48065948486328,551500,Yahoo Finance,RSP,2026-09-11T22:08:08+08:00,confirmed
2019-12-16,114.77999877929688,115.06999969482422,114.63999938964844,114.76000213623048,102.12137603759766,381700,Yahoo Finance,RSP,2026-09-11T22:08:08+08:00,confirmed
2019-12-17,114.88999938964844,114.9499969482422,114.7300033569336,114.77999877929688,102.13916778564452,529600,Yahoo Finance,RSP,2026-09-11T22:08:08+08:00,confirmed
2019-12-18,114.9000015258789,115.08000183105467,114.7300033569336,114.9499969482422,102.29044342041016,302500,Yahoo Finance,RSP,2026-09-11T22:08:08+08:00,confirmed
2019-12-19,115.0500030517578,115.41999816894533,114.95999908447266,115.33999633789062,102.63748168945312,1710700,Yahoo Finance,RSP,2026-09-11T22:08:08+08:00,confirmed
2019-12-20,115.70999908447266,116.04000091552734,115.6500015258789,115.93000030517578,103.16252899169922,434400,Yahoo Finance,RSP,2026-09-11T22:08:08+08:00,confirmed
2019-12-23,115.73999786376952,115.8499984741211,115.41999816894533,115.5199966430664,103.2152328491211,330000,Yahoo Finance,RSP,2026-09-11T22:08:08+08:00,confirmed
2019-12-24,115.62000274658205,115.66999816894533,115.4800033569336,115.5999984741211,103.28671264648438,213700,Yahoo Finance,RSP,2026-09-11T22:08:08+08:00,confirmed
2019-12-26,115.73999786376952,115.87000274658205,115.54000091552734,115.8499984741211,103.51008605957033,335100,Yahoo Finance,RSP,2026-09-11T22:08:08+08:00,confirmed
2019-12-27,116.12999725341795,116.12999725341795,115.5500030517578,115.69000244140624,103.36711120605467,372600,Yahoo Finance,RSP,2026-09-11T22:08:08+08:00,confirmed
2019-12-30,115.73999786376952,115.8000030517578,115.12999725341795,115.29000091552734,103.0097427368164,582400,Yahoo Finance,RSP,2026-09-11T22:08:08+08:00,confirmed
2019-12-31,115.13999938964844,115.75,115.01000213623048,115.72000122070312,103.39392852783205,328700,Yahoo Finance,RSP,2026-09-11T22:08:08+08:00,confirmed
2020-01-02,116.2699966430664,116.37000274658205,115.37000274658205,116.0500030517578,103.68878936767578,700900,Yahoo Finance,RSP,2026-09-11T22:08:08+08:00,confirmed
2020-01-03,114.98999786376952,115.58000183105467,114.91999816894533,115.38999938964844,103.0990753173828,542900,Yahoo Finance,RSP,2026-09-11T22:08:08+08:00,confirmed
2020-01-06,114.7699966430664,115.56999969482422,114.7699966430664,115.54000091552734,103.2331085205078,570000,Yahoo Finance,RSP,2026-09-11T22:08:08+08:00,confirmed
2020-01-07,115.41000366210938,115.69000244140624,115.12000274658205,115.44000244140624,103.1437759399414,477700,Yahoo Finance,RSP,2026-09-11T22:08:08+08:00,confirmed
2020-01-08,115.5,116.25,115.3499984741211,115.77999877929688,103.4475326538086,498300,Yahoo Finance,RSP,2026-09-11T22:08:08+08:00,confirmed
2020-01-09,116.19000244140624,116.3499984741211,115.91999816894533,116.30999755859376,103.92108917236328,518700,Yahoo Finance,RSP,2026-09-11T22:08:08+08:00,confirmed
2020-01-10,116.5199966430664,116.5199966430664,115.8000030517578,115.9499969482422,103.59943389892578,353000,Yahoo Finance,RSP,2026-09-11T22:08:08+08:00,confirmed
2020-01-13,116.12000274658205,116.6999969482422,115.97000122070312,116.66999816894533,104.2427215576172,293500,Yahoo Finance,RSP,2026-09-11T22:08:08+08:00,confirmed
2020-01-14,116.58000183105467,117.19000244140624,116.51000213623048,116.9000015258789,104.4482421875,350900,Yahoo Finance,RSP,2026-09-11T22:08:08+08:00,confirmed
2020-01-15,116.77999877929688,117.5,116.77999877929688,117.08000183105467,104.60906982421876,346600,Yahoo Finance,RSP,2026-09-11T22:08:08+08:00,confirmed
2020-01-16,117.52999877929688,118.1999969482422,117.52999877929688,118.16999816894533,105.58297729492188,281600,Yahoo Finance,RSP,2026-09-11T22:08:08+08:00,confirmed
2020-01-17,118.3499984741211,118.47000122070312,118.20999908447266,118.4000015258789,105.7884750366211,342300,Yahoo Finance,RSP,2026-09-11T22:08:08+08:00,confirmed
2020-01-21,117.94000244140624,118.25,117.79000091552734,117.91000366210938,105.35067749023438,415000,Yahoo Finance,RSP,2026-09-11T22:08:08+08:00,confirmed
2020-01-22,118.2300033569336,118.41000366210938,117.66000366210938,117.76000213623048,105.21662902832033,315100,Yahoo Finance,RSP,2026-09-11T22:08:08+08:00,confirmed
2020-01-23,117.41000366210938,118.08999633789062,116.79000091552734,118.0199966430664,105.4489517211914,449900,Yahoo Finance,RSP,2026-09-11T22:08:08+08:00,confirmed
2020-01-24,118.18000030517578,118.18000030517578,116.18000030517578,116.80999755859376,104.36782836914062,473800,Yahoo Finance,RSP,2026-09-11T22:08:08+08:00,confirmed
2020-01-27,114.9000015258789,115.4499969482422,114.72000122070312,114.88999938964844,102.65232849121094,536500,Yahoo Finance,RSP,2026-09-11T22:08:08+08:00,confirmed
2020-01-28,115.43000030517578,116.36000061035156,115.22000122070312,115.95999908447266,103.60836029052734,859500,Yahoo Finance,RSP,2026-09-11T22:08:08+08:00,confirmed
2020-01-29,116.31999969482422,116.43000030517578,115.58000183105467,115.5999984741211,103.28671264648438,701500,Yahoo Finance,RSP,2026-09-11T22:08:08+08:00,confirmed
2020-01-30,114.6500015258789,115.9000015258789,114.38999938964844,115.8499984741211,103.51008605957033,482500,Yahoo Finance,RSP,2026-09-11T22:08:08+08:00,confirmed
2020-01-31,115.27999877929688,115.31999969482422,113.2300033569336,113.54000091552734,101.4461441040039,747600,Yahoo Finance,RSP,2026-09-11T22:08:08+08:00,confirmed
2020-02-03,114.13999938964844,115.11000061035156,114.13999938964844,114.3000030517578,102.12518310546876,519600,Yahoo Finance,RSP,2026-09-11T22:08:08+08:00,confirmed
2020-02-04,115.70999908447266,116.4000015258789,115.6999969482422,115.9800033569336,103.62623596191406,431200,Yahoo Finance,RSP,2026-09-11T22:08:08+08:00,confirmed
2020-02-05,117.02999877929688,117.75,116.91000366210938,117.66999816894533,105.13622283935548,384800,Yahoo Finance,RSP,2026-09-11T22:08:08+08:00,confirmed
2020-02-06,118.0500030517578,118.13999938964844,117.54000091552734,117.63999938964844,105.1094207763672,449200,Yahoo Finance,RSP,2026-09-11T22:08:08+08:00,confirmed
2020-02-07,117.18000030517578,117.18000030517578,116.5199966430664,116.69000244140624,104.26060485839844,416900,Yahoo Finance,RSP,2026-09-11T22:08:08+08:00,confirmed
2020-02-10,116.41000366210938,117.1999969482422,116.33000183105467,117.1999969482422,104.7162628173828,364100,Yahoo Finance,RSP,2026-09-11T22:08:08+08:00,confirmed
2020-02-11,117.72000122070312,118.29000091552734,117.66999816894533,117.9000015258789,105.34172058105467,330300,Yahoo Finance,RSP,2026-09-11T22:08:08+08:00,confirmed
2020-02-12,118.4499969482422,118.81999969482422,118.43000030517578,118.70999908447266,106.0654525756836,450500,Yahoo Finance,RSP,2026-09-11T22:08:08+08:00,confirmed
2020-02-13,118.20999908447266,118.77999877929688,117.97000122070312,118.5999984741211,105.96717834472656,306400,Yahoo Finance,RSP,2026-09-11T22:08:08+08:00,confirmed
2020-02-14,118.6500015258789,118.70999908447266,118.1999969482422,118.62000274658205,105.98503875732422,547300,Yahoo Finance,RSP,2026-09-11T22:08:08+08:00,confirmed
2020-02-18,118.37999725341795,118.51000213623048,117.72000122070312,118.26000213623048,105.66338348388672,438100,Yahoo Finance,RSP,2026-09-11T22:08:08+08:00,confirmed
2020-02-19,118.61000061035156,118.91999816894533,118.52999877929688,118.68000030517578,106.03864288330078,348400,Yahoo Finance,RSP,2026-09-11T22:08:08+08:00,confirmed
2020-02-20,118.45999908447266,118.9800033569336,117.5500030517578,118.6500015258789,106.01185607910156,349600,Yahoo Finance,RSP,2026-09-11T22:08:08+08:00,confirmed
2020-02-21,118.05999755859376,118.1500015258789,117.31999969482422,117.56999969482422,105.046875,371600,Yahoo Finance,RSP,2026-09-11T22:08:08+08:00,confirmed
2020-02-24,114.41000366210938,114.9000015258789,113.51000213623048,114.01000213623048,101.86607360839844,1197800,Yahoo Finance,RSP,2026-09-11T22:08:08+08:00,confirmed
2020-02-25,114.47000122070312,114.47000122070312,109.91000366210938,110.18000030517578,98.44405364990234,1797500,Yahoo Finance,RSP,2026-09-11T22:08:08+08:00,confirmed
2020-02-26,110.76000213623048,111.75,109.05999755859376,109.12999725341795,97.50587463378906,1428800,Yahoo Finance,RSP,2026-09-11T22:08:08+08:00,confirmed
2020-02-27,107.12999725341795,108.87000274658205,104.58000183105467,104.58000183105467,93.44050598144533,2006200,Yahoo Finance,RSP,2026-09-11T22:08:08+08:00,confirmed
2020-02-28,101.69000244140624,103.62000274658205,100.4499969482422,103.47000122070312,92.44876098632812,5815800,Yahoo Finance,RSP,2026-09-11T22:08:08+08:00,confirmed
2020-03-02,103.87000274658205,107.45999908447266,102.58000183105467,107.41999816894533,95.9780044555664,2376700,Yahoo Finance,RSP,2026-09-11T22:08:08+08:00,confirmed
2020-03-03,107.4499969482422,109.33999633789062,103.80999755859376,104.73999786376952,93.58348083496094,1795400,Yahoo Finance,RSP,2026-09-11T22:08:08+08:00,confirmed
2020-03-04,106.58000183105467,108.88999938964844,105.75,108.87000274658205,97.2735824584961,1295600,Yahoo Finance,RSP,2026-09-11T22:08:08+08:00,confirmed
2020-03-05,106.05999755859376,106.97000122070312,104.11000061035156,104.97000122070312,93.78898620605467,932400,Yahoo Finance,RSP,2026-09-11T22:08:08+08:00,confirmed
2020-03-06,101.7699966430664,103.51000213623048,100.45999908447266,102.81999969482422,91.86799621582033,2283300,Yahoo Finance,RSP,2026-09-11T22:08:08+08:00,confirmed
2020-03-09,95.56999969482422,97.25,93.43000030517578,93.91000366210938,83.90705108642578,2468700,Yahoo Finance,RSP,2026-09-11T22:08:08+08:00,confirmed
2020-03-10,97.02999877929688,98.48999786376952,93.25,98.43000030517578,87.94560241699219,2283500,Yahoo Finance,RSP,2026-09-11T22:08:08+08:00,confirmed
2020-03-11,95.6500015258789,96.08999633789062,92.0,93.12000274658205,83.20121002197266,2959400,Yahoo Finance,RSP,2026-09-11T22:08:08+08:00,confirmed
2020-03-12,86.69000244140625,89.69000244140625,82.7300033569336,83.72000122070312,74.8024673461914,3807400,Yahoo Finance,RSP,2026-09-11T22:08:08+08:00,confirmed
2020-03-13,88.5199966430664,90.52999877929688,83.4800033569336,90.5199966430664,80.87813568115234,2484000,Yahoo Finance,RSP,2026-09-11T22:08:08+08:00,confirmed
2020-03-16,80.69000244140625,85.33000183105469,78.9000015258789,79.62000274658203,71.13915252685547,3294000,Yahoo Finance,RSP,2026-09-11T22:08:08+08:00,confirmed
2020-03-17,81.06999969482422,84.87000274658203,78.2699966430664,84.12999725341797,75.16876983642578,3632900,Yahoo Finance,RSP,2026-09-11T22:08:08+08:00,confirmed
2020-03-18,78.58000183105469,80.66999816894531,74.12000274658203,78.6500015258789,70.27246856689453,2692000,Yahoo Finance,RSP,2026-09-11T22:08:08+08:00,confirmed
2020-03-19,77.5199966430664,80.41999816894531,75.0199966430664,78.86000061035156,70.46014404296875,2218600,Yahoo Finance,RSP,2026-09-11T22:08:08+08:00,confirmed
2020-03-20,79.5199966430664,80.55000305175781,74.81999969482422,75.02999877929688,67.03807830810547,2544900,Yahoo Finance,RSP,2026-09-11T22:08:08+08:00,confirmed
2020-03-23,74.12999725341797,74.30000305175781,70.55999755859375,71.66000366210938,64.65611267089844,2958200,Yahoo Finance,RSP,2026-09-11T22:08:08+08:00,confirmed
2020-03-24,75.44999694824219,79.47000122070312,75.41999816894531,79.30999755859375,71.55841827392578,2508800,Yahoo Finance,RSP,2026-09-11T22:08:08+08:00,confirmed
2020-03-25,79.66999816894531,84.41999816894531,78.05000305175781,81.30000305175781,73.35392761230469,1991500,Yahoo Finance,RSP,2026-09-11T22:08:08+08:00,confirmed
2020-03-26,82.12999725341797,86.58000183105469,82.11000061035156,85.9800033569336,77.57650756835938,2197200,Yahoo Finance,RSP,2026-09-11T22:08:08+08:00,confirmed
2020-03-27,83.2300033569336,85.69000244140625,82.33000183105469,83.41999816894531,75.2667236328125,3237500,Yahoo Finance,RSP,2026-09-11T22:08:08+08:00,confirmed
2020-03-30,83.83000183105469,85.87999725341797,82.80999755859375,85.61000061035156,77.24267578125,2380700,Yahoo Finance,RSP,2026-09-11T22:08:08+08:00,confirmed
2020-03-31,85.25,85.8499984741211,83.54000091552734,84.0199966430664,75.80809783935547,1201700,Yahoo Finance,RSP,2026-09-11T22:08:08+08:00,confirmed
2020-04-01,80.73999786376953,81.4000015258789,79.08000183105469,79.87999725341797,72.07270050048828,2655800,Yahoo Finance,RSP,2026-09-11T22:08:08+08:00,confirmed
2020-04-02,79.33000183105469,82.38999938964844,79.22000122070312,81.13999938964844,73.20954895019531,1391900,Yahoo Finance,RSP,2026-09-11T22:08:08+08:00,confirmed
2020-04-03,80.76000213623047,81.68000030517578,79.0,79.83000183105469,72.02759552001953,1199400,Yahoo Finance,RSP,2026-09-11T22:08:08+08:00,confirmed
2020-04-06,82.83000183105469,86.41000366210938,82.83000183105469,85.87000274658203,77.4772720336914,2226700,Yahoo Finance,RSP,2026-09-11T22:08:08+08:00,confirmed
2020-04-07,88.91000366210938,89.80000305175781,86.45999908447266,86.55999755859375,78.09980773925781,1564200,Yahoo Finance,RSP,2026-09-11T22:08:08+08:00,confirmed
2020-04-08,87.47000122070312,90.58000183105467,86.81999969482422,90.13999938964844,81.32991790771484,1586000,Yahoo Finance,RSP,2026-09-11T22:08:08+08:00,confirmed
2020-04-09,91.5199966430664,93.56999969482422,91.12999725341795,92.22000122070312,83.20661163330078,2168100,Yahoo Finance,RSP,2026-09-11T22:08:08+08:00,confirmed
2020-04-13,91.86000061035156,91.91999816894533,89.11000061035156,90.2300033569336,81.4111099243164,2221400,Yahoo Finance,RSP,2026-09-11T22:08:08+08:00,confirmed
2020-04-14,92.01000213623048,93.02999877929688,91.48999786376952,92.62000274658205,83.56753540039062,1499800,Yahoo Finance,RSP,2026-09-11T22:08:08+08:00,confirmed
2020-04-15,90.12999725341795,90.20999908447266,88.87999725341797,89.62999725341797,80.86976623535156,1203300,Yahoo Finance,RSP,2026-09-11T22:08:08+08:00,confirmed
2020-04-16,89.87000274658203,90.05999755859375,88.54000091552734,89.62999725341797,80.86976623535156,1633800,Yahoo Finance,RSP,2026-09-11T22:08:08+08:00,confirmed
2020-04-17,92.08999633789062,93.1999969482422,91.4499969482422,92.9800033569336,83.89234924316406,985400,Yahoo Finance,RSP,2026-09-11T22:08:08+08:00,confirmed
2020-04-20,91.4000015258789,92.6999969482422,90.77999877929688,91.06999969482422,82.16902923583984,1086500,Yahoo Finance,RSP,2026-09-11T22:08:08+08:00,confirmed
2020-04-21,89.0199966430664,90.04000091552734,88.11000061035156,88.41000366210938,79.76900482177734,1148800,Yahoo Finance,RSP,2026-09-11T22:08:08+08:00,confirmed
2020-04-22,90.05999755859375,90.6999969482422,89.33999633789062,90.06999969482422,81.26673889160156,1177100,Yahoo Finance,RSP,2026-09-11T22:08:08+08:00,confirmed
2020-04-23,90.47000122070312,91.80999755859376,90.0999984741211,90.1500015258789,81.33892822265625,904900,Yahoo Finance,RSP,2026-09-11T22:08:08+08:00,confirmed
2020-04-24,90.75,91.80999755859376,89.9800033569336,91.44000244140624,82.50288391113281,1099200,Yahoo Finance,RSP,2026-09-11T22:08:08+08:00,confirmed
2020-04-27,92.05999755859376,94.41999816894533,91.9800033569336,94.06999969482422,84.87581634521484,1562900,Yahoo Finance,RSP,2026-09-11T22:08:08+08:00,confirmed
2020-04-28,95.72000122070312,96.75,94.51000213623048,95.37000274658205,86.04874420166016,2456500,Yahoo Finance,RSP,2026-09-11T22:08:08+08:00,confirmed
2020-04-29,97.61000061035156,99.1500015258789,97.31999969482422,98.68000030517578,89.03523254394531,1928100,Yahoo Finance,RSP,2026-09-11T22:08:08+08:00,confirmed
2020-04-30,97.43000030517578,97.43000030517578,95.6999969482422,96.13999938964844,86.74349212646484,2126900,Yahoo Finance,RSP,2026-09-11T22:08:08+08:00,confirmed
2020-05-01,94.08000183105467,94.2699966430664,92.18000030517578,92.66999816894533,83.61261749267578,1327800,Yahoo Finance,RSP,2026-09-11T22:08:08+08:00,confirmed
2020-05-04,91.55999755859376,92.86000061035156,90.83000183105467,92.73999786376952,83.67579650878906,2316300,Yahoo Finance,RSP,2026-09-11T22:08:08+08:00,confirmed
2020-05-05,93.97000122070312,94.77999877929688,92.98999786376952,93.16000366210938,84.05476379394531,1218400,Yahoo Finance,RSP,2026-09-11T22:08:08+08:00,confirmed
2020-05-06,93.70999908447266,94.0500030517578,91.77999877929688,91.81999969482422,82.84568786621094,1284700,Yahoo Finance,RSP,2026-09-11T22:08:08+08:00,confirmed
2020-05-07,93.13999938964844,94.6999969482422,93.13999938964844,93.47000122070312,84.33444213867188,1749500,Yahoo Finance,RSP,2026-09-11T22:08:08+08:00,confirmed
2020-05-08,94.9000015258789,96.19000244140624,94.55999755859376,96.02999877929688,86.64423370361328,1453400,Yahoo Finance,RSP,2026-09-11T22:08:08+08:00,confirmed
2020-05-11,94.98999786376952,95.6500015258789,94.0999984741211,94.88999938964844,85.61565399169922,1370000,Yahoo Finance,RSP,2026-09-11T22:08:08+08:00,confirmed
2020-05-12,95.23999786376952,95.54000091552734,92.41000366210938,92.41000366210938,83.37804412841797,2404800,Yahoo Finance,RSP,2026-09-11T22:08:08+08:00,confirmed
2020-05-13,92.0,92.01000213623048,88.9000015258789,89.69999694824219,80.93289947509766,2939300,Yahoo Finance,RSP,2026-09-11T22:08:08+08:00,confirmed
2020-05-14,88.45999908447266,91.12000274658205,87.0,91.08999633789062,82.18706512451172,3231100,Yahoo Finance,RSP,2026-09-11T22:08:08+08:00,confirmed
2020-05-15,90.22000122070312,91.5999984741211,89.6500015258789,91.26000213623048,82.34044647216797,1013400,Yahoo Finance,RSP,2026-09-11T22:08:08+08:00,confirmed
2020-05-18,94.3499984741211,96.77999877929688,94.31999969482422,96.25,86.8427505493164,1905200,Yahoo Finance,RSP,2026-09-11T22:08:08+08:00,confirmed
2020-05-19,95.93000030517578,96.5500030517578,94.86000061035156,94.91999816894533,85.6427230834961,1549300,Yahoo Finance,RSP,2026-09-11T22:08:08+08:00,confirmed
2020-05-20,96.2699966430664,97.18000030517578,96.1999969482422,96.6500015258789,87.20365905761719,924800,Yahoo Finance,RSP,2026-09-11T22:08:08+08:00,confirmed
2020-05-21,96.4800033569336,97.0999984741211,95.63999938964844,96.22000122070312,86.81566619873047,662800,Yahoo Finance,RSP,2026-09-11T22:08:08+08:00,confirmed
2020-05-22,96.2300033569336,96.37999725341795,95.33999633789062,96.3000030517578,86.88784790039062,947900,Yahoo Finance,RSP,2026-09-11T22:08:08+08:00,confirmed
2020-05-26,99.04000091552734,100.16999816894533,99.04000091552734,99.41999816894533,89.70291900634766,1638300,Yahoo Finance,RSP,2026-09-11T22:08:08+08:00,confirmed
2020-05-27,101.5,101.93000030517578,99.44000244140624,101.87999725341795,91.92247009277344,2545100,Yahoo Finance,RSP,2026-09-11T22:08:08+08:00,confirmed
2020-05-28,102.77999877929688,102.77999877929688,100.5999984741211,100.86000061035156,91.0021514892578,1381300,Yahoo Finance,RSP,2026-09-11T22:08:08+08:00,confirmed
2020-05-29,100.25,101.04000091552734,99.12000274658205,100.70999908447266,90.8668212890625,1500200,Yahoo Finance,RSP,2026-09-11T22:08:08+08:00,confirmed
2020-06-01,100.54000091552734,102.22000122070312,100.41999816894533,101.88999938964844,91.93150329589844,1369900,Yahoo Finance,RSP,2026-09-11T22:08:08+08:00,confirmed
2020-06-02,102.52999877929688,103.18000030517578,102.08000183105467,103.18000030517578,93.0954132080078,1442500,Yahoo Finance,RSP,2026-09-11T22:08:08+08:00,confirmed
2020-06-03,104.0999984741211,106.33000183105467,104.0999984741211,105.97000122070312,95.61273193359376,4706600,Yahoo Finance,RSP,2026-09-11T22:08:08+08:00,confirmed
2020-06-04,105.5,106.8000030517578,105.05999755859376,106.51000213623048,96.0999526977539,2275000,Yahoo Finance,RSP,2026-09-11T22:08:08+08:00,confirmed
2020-06-05,110.54000091552734,111.83999633789062,109.93000030517578,110.44000244140624,99.64583587646484,5838300,Yahoo Finance,RSP,2026-09-11T22:08:08+08:00,confirmed
2020-06-08,111.91000366210938,113.16000366210938,111.4499969482422,113.08999633789062,102.03682708740234,1944000,Yahoo Finance,RSP,2026-09-11T22:08:08+08:00,confirmed
2020-06-09,111.48999786376952,111.48999786376952,109.66000366210938,110.26000213623048,99.4834442138672,4173000,Yahoo Finance,RSP,2026-09-11T22:08:08+08:00,confirmed
2020-06-10,110.0,110.0,107.43000030517578,107.54000091552734,97.02926635742188,2135600,Yahoo Finance,RSP,2026-09-11T22:08:08+08:00,confirmed
2020-06-11,103.0999984741211,104.02999877929688,99.7300033569336,100.0999984741211,90.31644439697266,2533700,Yahoo Finance,RSP,2026-09-11T22:08:08+08:00,confirmed
2020-06-12,103.33999633789062,103.91999816894533,99.75,102.0999984741211,92.12094116210938,3291700,Yahoo Finance,RSP,2026-09-11T22:08:08+08:00,confirmed
2020-06-15,99.41999816894533,103.75,98.61000061035156,103.2300033569336,93.14051818847656,1740400,Yahoo Finance,RSP,2026-09-11T22:08:08+08:00,confirmed
2020-06-16,107.0,107.27999877929688,103.52999877929688,105.37999725341795,95.08039855957033,1438300,Yahoo Finance,RSP,2026-09-11T22:08:08+08:00,confirmed
2020-06-17,105.58999633789062,105.58999633789062,103.98999786376952,104.1999969482422,94.01570892333984,1013800,Yahoo Finance,RSP,2026-09-11T22:08:08+08:00,confirmed
2020-06-18,103.20999908447266,104.76000213623048,103.0199966430664,104.12999725341795,93.95256805419922,733300,Yahoo Finance,RSP,2026-09-11T22:08:08+08:00,confirmed
2020-06-19,105.75,105.80999755859376,102.48999786376952,103.0500030517578,92.97813415527344,1534200,Yahoo Finance,RSP,2026-09-11T22:08:08+08:00,confirmed
2020-06-22,102.19000244140624,103.02999877929688,101.37999725341795,102.73999786376952,93.0822982788086,2112100,Yahoo Finance,RSP,2026-09-11T22:08:08+08:00,confirmed
2020-06-23,103.81999969482422,103.98999786376952,102.8000030517578,102.86000061035156,93.19103240966795,799100,Yahoo Finance,RSP,2026-09-11T22:08:08+08:00,confirmed
2020-06-24,101.8499984741211,101.8499984741211,98.73999786376952,99.45999908447266,90.1106185913086,1681200,Yahoo Finance,RSP,2026-09-11T22:08:08+08:00,confirmed
2020-06-25,99.0,100.58999633789062,98.37000274658205,100.4800033569336,91.0347671508789,1116900,Yahoo Finance,RSP,2026-09-11T22:08:08+08:00,confirmed
2020-06-26,100.08999633789062,100.26000213623048,98.05999755859376,98.44000244140624,89.1865234375,1577600,Yahoo Finance,RSP,2026-09-11T22:08:08+08:00,confirmed
2020-06-29,99.16999816894533,100.5,98.43000030517578,100.4000015258789,90.96228790283205,798600,Yahoo Finance,RSP,2026-09-11T22:08:08+08:00,confirmed
2020-06-30,100.3000030517578,102.3000030517578,100.05999755859376,101.76000213623048,92.19442749023438,972800,Yahoo Finance,RSP,2026-09-11T22:08:08+08:00,confirmed
2020-07-01,102.04000091552734,102.77999877929688,101.13999938964844,101.62000274658205,92.06758880615234,1211400,Yahoo Finance,RSP,2026-09-11T22:08:08+08:00,confirmed
2020-07-02,103.16000366210938,103.76000213623048,102.0199966430664,102.2300033569336,92.62024688720705,819200,Yahoo Finance,RSP,2026-09-11T22:08:08+08:00,confirmed
2020-07-06,103.77999877929688,104.2699966430664,102.95999908447266,103.3499984741211,93.6349639892578,752100,Yahoo Finance,RSP,2026-09-11T22:08:08+08:00,confirmed
2020-07-07,102.55999755859376,102.87999725341795,101.56999969482422,101.6999969482422,92.14006042480467,614500,Yahoo Finance,RSP,2026-09-11T22:08:08+08:00,confirmed
2020-07-08,101.83000183105467,102.31999969482422,101.0,102.0,92.41185760498048,1398200,Yahoo Finance,RSP,2026-09-11T22:08:08+08:00,confirmed
2020-07-09,101.98999786376952,102.0500030517578,99.4000015258789,100.37999725341795,90.94416046142578,5261000,Yahoo Finance,RSP,2026-09-11T22:08:08+08:00,confirmed
2020-07-10,100.3000030517578,102.08999633789062,100.27999877929688,102.06999969482422,92.47528839111328,4634900,Yahoo Finance,RSP,2026-09-11T22:08:08+08:00,confirmed
2020-07-13,102.66999816894533,103.73999786376952,101.51000213623048,101.58999633789062,92.0404052734375,3302900,Yahoo Finance,RSP,2026-09-11T22:08:08+08:00,confirmed
2020-07-14,101.26000213623048,103.3499984741211,100.97000122070312,103.23999786376952,93.53531646728516,1397000,Yahoo Finance,RSP,2026-09-11T22:08:08+08:00,confirmed
2020-07-15,105.0,105.95999908447266,104.5199966430664,105.62999725341795,95.70064544677734,1351300,Yahoo Finance,RSP,2026-09-11T22:08:08+08:00,confirmed
2020-07-16,105.01000213623048,105.94000244140624,104.7300033569336,105.4800033569336,95.56473541259766,977100,Yahoo Finance,RSP,2026-09-11T22:08:08+08:00,confirmed
2020-07-17,105.87000274658205,106.13999938964844,105.22000122070312,105.83999633789062,95.89089965820312,650000,Yahoo Finance,RSP,2026-09-11T22:08:08+08:00,confirmed
2020-07-20,105.61000061035156,105.83999633789062,104.91000366210938,105.27999877929688,95.38352966308594,1220700,Yahoo Finance,RSP,2026-09-11T22:08:08+08:00,confirmed
2020-07-21,105.95999908447266,106.93000030517578,105.9000015258789,106.33000183105467,96.3348388671875,1767200,Yahoo Finance,RSP,2026-09-11T22:08:08+08:00,confirmed
2020-07-22,106.08999633789062,107.23999786376952,105.9499969482422,107.18000030517578,97.1049346923828,1107500,Yahoo Finance,RSP,2026-09-11T22:08:08+08:00,confirmed
2020-07-23,107.08999633789062,107.91999816894533,106.37999725341795,107.0,96.9418716430664,1294300,Yahoo Finance,RSP,2026-09-11T22:08:08+08:00,confirmed
2020-07-24,106.66999816894533,106.83999633789062,105.8499984741211,106.22000122070312,96.23518371582033,2315900,Yahoo Finance,RSP,2026-09-11T22:08:08+08:00,confirmed
2020-07-27,106.29000091552734,106.72000122070312,105.56999969482422,106.6500015258789,96.62476348876952,1007100,Yahoo Finance,RSP,2026-09-11T22:08:08+08:00,confirmed
2020-07-28,106.30999755859376,106.77999877929688,105.87000274658205,106.0,96.0358428955078,787200,Yahoo Finance,RSP,2026-09-11T22:08:08+08:00,confirmed
2020-07-29,106.4000015258789,107.97000122070312,106.4000015258789,107.73999786376952,97.61228942871094,826500,Yahoo Finance,RSP,2026-09-11T22:08:08+08:00,confirmed
2020-07-30,106.55999755859376,107.06999969482422,105.66000366210938,106.88999938964844,96.84220123291016,1173800,Yahoo Finance,RSP,2026-09-11T22:08:08+08:00,confirmed
2020-07-31,106.75,106.83999633789062,105.20999908447266,106.83999633789062,96.79691314697266,1888700,Yahoo Finance,RSP,2026-09-11T22:08:08+08:00,confirmed
2020-08-03,107.0199966430664,107.4499969482422,106.43000030517578,107.0999984741211,97.03246307373048,1053600,Yahoo Finance,RSP,2026-09-11T22:08:08+08:00,confirmed
2020-08-04,106.95999908447266,107.72000122070312,106.9000015258789,107.62999725341795,97.51264190673828,710400,Yahoo Finance,RSP,2026-09-11T22:08:08+08:00,confirmed
2020-08-05,108.31999969482422,108.5999984741211,108.16000366210938,108.5,98.30086517333984,1429600,Yahoo Finance,RSP,2026-09-11T22:08:08+08:00,confirmed
2020-08-06,108.12999725341795,108.56999969482422,107.87999725341795,108.41999816894533,98.2283706665039,1786000,Yahoo Finance,RSP,2026-09-11T22:08:08+08:00,confirmed
2020-08-07,108.02999877929688,109.5199966430664,107.97000122070312,109.5199966430664,99.2249755859375,1620000,Yahoo Finance,RSP,2026-09-11T22:08:08+08:00,confirmed
2020-08-10,109.7300033569336,110.77999877929688,109.6999969482422,110.66999816894533,100.26688385009766,3978700,Yahoo Finance,RSP,2026-09-11T22:08:08+08:00,confirmed
2020-08-11,111.80999755859376,112.3000030517578,110.2300033569336,110.5500030517578,100.1581573486328,4910300,Yahoo Finance,RSP,2026-09-11T22:08:08+08:00,confirmed
2020-08-12,111.5199966430664,111.6999969482422,110.8000030517578,111.1999969482422,100.7470474243164,1522100,Yahoo Finance,RSP,2026-09-11T22:08:08+08:00,confirmed
2020-08-13,110.6999969482422,111.22000122070312,110.3499984741211,110.66000366210938,100.25782012939452,1583500,Yahoo Finance,RSP,2026-09-11T22:08:08+08:00,confirmed
2020-08-14,110.37000274658205,111.3000030517578,110.2699966430664,110.9800033569336,100.54773712158205,649800,Yahoo Finance,RSP,2026-09-11T22:08:08+08:00,confirmed
2020-08-17,111.13999938964844,111.19000244140624,110.72000122070312,111.02999877929688,100.5930404663086,821400,Yahoo Finance,RSP,2026-09-11T22:08:08+08:00,confirmed
2020-08-18,111.0,111.02999877929688,110.20999908447266,110.38999938964844,100.01319122314452,696900,Yahoo Finance,RSP,2026-09-11T22:08:08+08:00,confirmed
2020-08-19,110.54000091552734,110.86000061035156,109.7300033569336,109.95999908447266,99.62360382080078,981900,Yahoo Finance,RSP,2026-09-11T22:08:08+08:00,confirmed
2020-08-20,109.20999908447266,109.73999786376952,108.87999725341795,109.4499969482422,99.16155242919922,613500,Yahoo Finance,RSP,2026-09-11T22:08:08+08:00,confirmed
2020-08-21,109.30999755859376,109.41000366210938,108.9000015258789,109.25,98.9803466796875,574500,Yahoo Finance,RSP,2026-09-11T22:08:08+08:00,confirmed
2020-08-24,109.88999938964844,111.04000091552734,109.55999755859376,111.04000091552734,100.6020965576172,967200,Yahoo Finance,RSP,2026-09-11T22:08:08+08:00,confirmed
2020-08-25,111.5,111.5999984741211,110.41000366210938,111.04000091552734,100.6020965576172,1465200,Yahoo Finance,RSP,2026-09-11T22:08:08+08:00,confirmed
2020-08-26,110.9000015258789,111.11000061035156,110.44000244140624,110.8499984741211,100.42996978759766,935800,Yahoo Finance,RSP,2026-09-11T22:08:08+08:00,confirmed
2020-08-27,111.25,111.87999725341795,111.02999877929688,111.41999816894533,100.94638061523438,1743600,Yahoo Finance,RSP,2026-09-11T22:08:08+08:00,confirmed
2020-08-28,111.83000183105467,112.41000366210938,111.30999755859376,112.33999633789062,101.77989959716795,720400,Yahoo Finance,RSP,2026-09-11T22:08:08+08:00,confirmed
2020-08-31,112.12999725341795,112.3000030517578,111.4000015258789,111.4000015258789,100.92825317382812,1603200,Yahoo Finance,RSP,2026-09-11T22:08:08+08:00,confirmed
2020-09-01,111.12000274658205,111.98999786376952,110.70999908447266,111.97000122070312,101.4446792602539,2348400,Yahoo Finance,RSP,2026-09-11T22:08:08+08:00,confirmed
2020-09-02,112.20999908447266,114.30999755859376,112.08999633789062,113.95999908447266,103.24762725830078,1904800,Yahoo Finance,RSP,2026-09-11T22:08:08+08:00,confirmed
2020-09-03,113.8499984741211,114.4499969482422,110.48999786376952,111.33999633789062,100.8739013671875,1864800,Yahoo Finance,RSP,2026-09-11T22:08:08+08:00,confirmed
2020-09-04,112.12999725341795,112.4000015258789,109.4499969482422,111.08000183105467,100.63834381103516,3138700,Yahoo Finance,RSP,2026-09-11T22:08:08+08:00,confirmed
2020-09-08,109.97000122070312,109.97000122070312,108.54000091552734,108.7699966430664,98.54548645019533,1584400,Yahoo Finance,RSP,2026-09-11T22:08:08+08:00,confirmed
2020-09-09,109.62000274658205,110.86000061035156,109.37999725341795,110.02999877929688,99.6870346069336,1899000,Yahoo Finance,RSP,2026-09-11T22:08:08+08:00,confirmed
2020-09-10,110.3000030517578,110.94000244140624,108.2699966430664,108.4499969482422,98.25556182861328,2408900,Yahoo Finance,RSP,2026-09-11T22:08:08+08:00,confirmed
2020-09-11,109.01000213623048,109.5,108.05999755859376,109.0199966430664,98.77196502685548,1330100,Yahoo Finance,RSP,2026-09-11T22:08:08+08:00,confirmed
2020-09-14,109.9000015258789,111.13999938964844,109.77999877929688,110.77999877929688,100.36653900146484,984900,Yahoo Finance,RSP,2026-09-11T22:08:08+08:00,confirmed
2020-09-15,111.33999633789062,111.72000122070312,110.75,110.88999938964844,100.46617889404295,1354700,Yahoo Finance,RSP,2026-09-11T22:08:08+08:00,confirmed
2020-09-16,111.5,112.94000244140624,111.3000030517578,111.62999725341795,101.13661193847656,1321900,Yahoo Finance,RSP,2026-09-11T22:08:08+08:00,confirmed
2020-09-17,110.23999786376952,111.55999755859376,109.70999908447266,111.1500015258789,100.70174407958984,1613000,Yahoo Finance,RSP,2026-09-11T22:08:08+08:00,confirmed
2020-09-18,111.2300033569336,111.31999969482422,109.2300033569336,109.80999755859376,99.48773193359376,1173500,Yahoo Finance,RSP,2026-09-11T22:08:08+08:00,confirmed
2020-09-21,107.51000213623048,107.62000274658205,105.41000366210938,106.55999755859376,96.9821548461914,1780800,Yahoo Finance,RSP,2026-09-11T22:08:08+08:00,confirmed
2020-09-22,106.66999816894533,107.48999786376952,106.12999725341795,107.05999755859376,97.43721771240234,1372500,Yahoo Finance,RSP,2026-09-11T22:08:08+08:00,confirmed
2020-09-23,107.30999755859376,107.83999633789062,104.70999908447266,104.76000213623048,95.3439712524414,1508300,Yahoo Finance,RSP,2026-09-11T22:08:08+08:00,confirmed
2020-09-24,104.5,106.13999938964844,103.4800033569336,104.93000030517578,95.49867248535156,2346200,Yahoo Finance,RSP,2026-09-11T22:08:08+08:00,confirmed
2020-09-25,104.5,106.66999816894533,104.3000030517578,106.38999938964844,96.82743072509766,1121600,Yahoo Finance,RSP,2026-09-11T22:08:08+08:00,confirmed
2020-09-28,107.75,108.80999755859376,107.62999725341795,108.44000244140624,98.69319152832033,1276600,Yahoo Finance,RSP,2026-09-11T22:08:08+08:00,confirmed
2020-09-29,108.41999816894533,108.45999908447266,107.02999877929688,107.56999969482422,97.90139770507812,1128000,Yahoo Finance,RSP,2026-09-11T22:08:08+08:00,confirmed
2020-09-30,107.9000015258789,109.2300033569336,107.41000366210938,108.11000061035156,98.392822265625,1771400,Yahoo Finance,RSP,2026-09-11T22:08:08+08:00,confirmed
2020-10-01,108.6500015258789,109.20999908447266,107.70999908447266,108.5,98.74779510498048,1076600,Yahoo Finance,RSP,2026-09-11T22:08:08+08:00,confirmed
2020-10-02,106.7699966430664,109.4000015258789,106.70999908447266,108.9800033569336,99.18465423583984,1907300,Yahoo Finance,RSP,2026-09-11T22:08:08+08:00,confirmed
2020-10-05,109.72000122070312,111.01000213623048,109.72000122070312,110.88999938964844,100.92295837402344,1204000,Yahoo Finance,RSP,2026-09-11T22:08:08+08:00,confirmed
2020-10-06,111.4499969482422,112.38999938964844,109.56999969482422,109.75,99.88544464111328,2366500,Yahoo Finance,RSP,2026-09-11T22:08:08+08:00,confirmed
2020-10-07,110.83999633789062,112.05999755859376,110.83999633789062,111.75,101.70568084716795,2988700,Yahoo Finance,RSP,2026-09-11T22:08:08+08:00,confirmed
2020-10-08,112.41000366210938,113.41999816894533,112.27999877929688,113.4000015258789,103.2073745727539,4542400,Yahoo Finance,RSP,2026-09-11T22:08:08+08:00,confirmed
2020-10-09,114.0199966430664,114.30999755859376,113.2300033569336,113.56999969482422,103.36209106445312,1831000,Yahoo Finance,RSP,2026-09-11T22:08:08+08:00,confirmed
2020-10-12,114.05999755859376,114.68000030517578,113.73999786376952,114.4499969482422,104.16299438476562,1469700,Yahoo Finance,RSP,2026-09-11T22:08:08+08:00,confirmed
2020-10-13,113.9499969482422,114.1500015258789,112.95999908447266,113.29000091552734,103.10726165771484,992400,Yahoo Finance,RSP,2026-09-11T22:08:08+08:00,confirmed
2020-10-14,113.4499969482422,114.12999725341795,112.87000274658205,112.9800033569336,102.82513427734376,764800,Yahoo Finance,RSP,2026-09-11T22:08:08+08:00,confirmed
2020-10-15,111.73999786376952,113.58000183105467,111.56999969482422,113.5,103.29837799072266,1052000,Yahoo Finance,RSP,2026-09-11T22:08:08+08:00,confirmed
2020-10-16,113.76000213623048,114.08000183105467,113.2699966430664,113.4000015258789,103.2073745727539,896000,Yahoo Finance,RSP,2026-09-11T22:08:08+08:00,confirmed
2020-10-19,113.62000274658205,114.0,111.66000366210938,111.88999938964844,101.83308410644533,1286200,Yahoo Finance,RSP,2026-09-11T22:08:08+08:00,confirmed
2020-10-20,112.48999786376952,113.66000366210938,112.33999633789062,112.5,102.38829803466795,1585100,Yahoo Finance,RSP,2026-09-11T22:08:08+08:00,confirmed
2020-10-21,112.43000030517578,113.0,112.0500030517578,112.12000274658205,102.04241943359376,1077800,Yahoo Finance,RSP,2026-09-11T22:08:08+08:00,confirmed
2020-10-22,112.23999786376952,113.66000366210938,111.86000061035156,113.5500030517578,103.34390258789062,1227500,Yahoo Finance,RSP,2026-09-11T22:08:08+08:00,confirmed
2020-10-23,114.12999725341795,114.25,113.20999908447266,114.1500015258789,103.88996124267578,1280900,Yahoo Finance,RSP,2026-09-11T22:08:08+08:00,confirmed
2020-10-26,112.91999816894533,112.91999816894533,110.38999938964844,111.48999786376952,101.4690399169922,1813300,Yahoo Finance,RSP,2026-09-11T22:08:08+08:00,confirmed
2020-10-27,111.51000213623048,111.61000061035156,110.12999725341795,110.1500015258789,100.24949645996094,1244700,Yahoo Finance,RSP,2026-09-11T22:08:08+08:00,confirmed
2020-10-28,108.04000091552734,108.8000030517578,106.62000274658205,106.77999877929688,97.182373046875,2317500,Yahoo Finance,RSP,2026-09-11T22:08:08+08:00,confirmed
2020-10-29,106.61000061035156,108.68000030517578,105.9499969482422,107.86000061035156,98.16529846191406,1970700,Yahoo Finance,RSP,2026-09-11T22:08:08+08:00,confirmed
2020-10-30,107.25,107.9499969482422,106.0,107.51000213623048,97.84677124023438,1844600,Yahoo Finance,RSP,2026-09-11T22:08:08+08:00,confirmed
2020-11-02,108.98999786376952,110.05999755859376,108.27999877929688,109.91000366210938,100.03108215332033,1862200,Yahoo Finance,RSP,2026-09-11T22:08:08+08:00,confirmed
2020-11-03,111.37999725341795,112.81999969482422,111.27999877929688,112.1999969482422,102.115234375,2303200,Yahoo Finance,RSP,2026-09-11T22:08:08+08:00,confirmed
2020-11-04,112.68000030517578,114.18000030517578,111.3000030517578,112.29000091552734,102.1971435546875,3016900,Yahoo Finance,RSP,2026-09-11T22:08:08+08:00,confirmed
2020-11-05,113.61000061035156,115.05999755859376,113.51000213623048,114.47000122070312,104.18121337890624,2319800,Yahoo Finance,RSP,2026-09-11T22:08:08+08:00,confirmed
2020-11-06,114.37999725341795,114.81999969482422,113.69000244140624,114.0,103.75343322753906,1548100,Yahoo Finance,RSP,2026-09-11T22:08:08+08:00,confirmed
2020-11-09,121.12999725341795,122.45999908447266,118.73999786376952,118.88999938964844,108.20392608642578,4505900,Yahoo Finance,RSP,2026-09-11T22:08:08+08:00,confirmed
2020-11-10,118.93000030517578,119.8000030517578,118.41000366210938,119.54000091552734,108.79549407958984,3757600,Yahoo Finance,RSP,2026-09-11T22:08:08+08:00,confirmed
2020-11-11,120.33000183105467,120.36000061035156,118.7300033569336,119.31999969482422,108.59527587890624,2885600,Yahoo Finance,RSP,2026-09-11T22:08:08+08:00,confirmed
2020-11-12,118.55999755859376,118.86000061035156,116.5,117.45999908447266,106.9024429321289,2249900,Yahoo Finance,RSP,2026-09-11T22:08:08+08:00,confirmed
2020-11-13,118.33000183105467,120.3499984741211,118.1999969482422,120.0500030517578,109.25965118408205,3897800,Yahoo Finance,RSP,2026-09-11T22:08:08+08:00,confirmed
2020-11-16,122.33000183105467,122.61000061035156,121.12999725341795,122.55999755859376,111.5440673828125,3030400,Yahoo Finance,RSP,2026-09-11T22:08:08+08:00,confirmed
2020-11-17,121.75,122.55999755859376,120.6500015258789,122.2699966430664,111.28011322021484,1795000,Yahoo Finance,RSP,2026-09-11T22:08:08+08:00,confirmed
2020-11-18,122.54000091552734,123.01000213623048,120.7699966430664,120.81999969482422,109.96043395996094,2234300,Yahoo Finance,RSP,2026-09-11T22:08:08+08:00,confirmed
2020-11-19,120.44000244140624,121.48999786376952,119.81999969482422,121.43000030517578,110.515625,1785400,Yahoo Finance,RSP,2026-09-11T22:08:08+08:00,confirmed
2020-11-20,121.38999938964844,121.5,120.56999969482422,120.73999786376952,109.88761901855467,1435500,Yahoo Finance,RSP,2026-09-11T22:08:08+08:00,confirmed
2020-11-23,121.6500015258789,122.88999938964844,121.5500030517578,122.52999877929688,111.5167465209961,1635000,Yahoo Finance,RSP,2026-09-11T22:08:08+08:00,confirmed
2020-11-24,124.22000122070312,125.43000030517578,123.80999755859376,125.1999969482422,113.94676208496094,2984800,Yahoo Finance,RSP,2026-09-11T22:08:08+08:00,confirmed
2020-11-25,124.87000274658205,124.87000274658205,123.7699966430664,124.2699966430664,113.10035705566406,3255500,Yahoo Finance,RSP,2026-09-11T22:08:08+08:00,confirmed
2020-11-27,124.56999969482422,124.68000030517578,123.88999938964844,124.20999908447266,113.04573822021484,861400,Yahoo Finance,RSP,2026-09-11T22:08:08+08:00,confirmed
2020-11-30,123.87999725341795,123.95999908447266,122.37999725341795,122.87999725341795,111.83529663085938,1823300,Yahoo Finance,RSP,2026-09-11T22:08:08+08:00,confirmed
2020-12-01,124.41999816894533,124.9800033569336,123.91999816894533,124.0199966430664,112.87281036376952,4167500,Yahoo Finance,RSP,2026-09-11T22:08:08+08:00,confirmed
2020-12-02,123.70999908447266,124.5,123.3000030517578,124.37000274658205,113.1913604736328,2231800,Yahoo Finance,RSP,2026-09-11T22:08:08+08:00,confirmed
2020-12-03,124.5999984741211,125.75,124.4000015258789,125.06999969482422,113.82844543457033,1534900,Yahoo Finance,RSP,2026-09-11T22:08:08+08:00,confirmed
2020-12-04,125.66000366210938,127.0999984741211,125.66000366210938,127.08000183105467,115.65779113769533,1117400,Yahoo Finance,RSP,2026-09-11T22:08:08+08:00,confirmed
2020-12-07,126.87000274658205,126.88999938964844,125.9800033569336,126.4499969482422,115.08441162109376,3665800,Yahoo Finance,RSP,2026-09-11T22:08:08+08:00,confirmed
2020-12-08,125.70999908447266,127.06999969482422,125.62999725341795,126.8000030517578,115.4029541015625,2336600,Yahoo Finance,RSP,2026-09-11T22:08:08+08:00,confirmed
2020-12-09,127.33000183105467,127.4499969482422,125.66999816894533,126.38999938964844,115.02981567382812,2372100,Yahoo Finance,RSP,2026-09-11T22:08:08+08:00,confirmed
2020-12-10,125.63999938964844,126.66999816894533,125.51000213623048,126.5,115.1299057006836,2550300,Yahoo Finance,RSP,2026-09-11T22:08:08+08:00,confirmed
2020-12-11,125.66999816894533,126.19000244140624,124.83000183105467,125.72000122070312,114.42002868652344,1805500,Yahoo Finance,RSP,2026-09-11T22:08:08+08:00,confirmed
2020-12-14,127.01000213623048,127.2300033569336,124.76000213623048,124.81999969482422,113.60092163085938,2101300,Yahoo Finance,RSP,2026-09-11T22:08:08+08:00,confirmed
2020-12-15,125.6500015258789,126.91999816894533,125.20999908447266,126.88999938964844,115.48485565185548,2874200,Yahoo Finance,RSP,2026-09-11T22:08:08+08:00,confirmed
2020-12-16,127.0999984741211,127.0999984741211,126.19000244140624,126.62000274658205,115.23915100097656,2062400,Yahoo Finance,RSP,2026-09-11T22:08:08+08:00,confirmed
2020-12-17,127.20999908447266,127.38999938964844,126.6999969482422,127.33999633789062,115.89442443847656,2290200,Yahoo Finance,RSP,2026-09-11T22:08:08+08:00,confirmed
2020-12-18,127.54000091552734,127.61000061035156,126.1500015258789,127.04000091552734,115.6213836669922,4389300,Yahoo Finance,RSP,2026-09-11T22:08:08+08:00,confirmed
2020-12-21,124.58000183105467,125.91999816894533,123.5199966430664,125.58999633789062,114.7007827758789,2145400,Yahoo Finance,RSP,2026-09-11T22:08:08+08:00,confirmed
2020-12-22,125.66000366210938,125.68000030517578,124.91000366210938,125.11000061035156,114.26239776611328,1177400,Yahoo Finance,RSP,2026-09-11T22:08:08+08:00,confirmed
2020-12-23,125.5999984741211,126.44000244140624,125.54000091552734,125.83999633789062,114.92909240722656,3870400,Yahoo Finance,RSP,2026-09-11T22:08:08+08:00,confirmed
2020-12-24,125.98999786376952,126.16000366210938,125.4499969482422,126.08000183105467,115.14830017089844,886000,Yahoo Finance,RSP,2026-09-11T22:08:08+08:00,confirmed
2020-12-28,127.0199966430664,127.23999786376952,126.31999969482422,126.45999908447266,115.495361328125,1272600,Yahoo Finance,RSP,2026-09-11T22:08:08+08:00,confirmed
2020-12-29,126.94000244140624,127.11000061035156,125.44000244140624,125.83000183105467,114.9199676513672,1986700,Yahoo Finance,RSP,2026-09-11T22:08:08+08:00,confirmed
2020-12-30,126.02999877929688,127.01000213623048,126.02999877929688,126.7300033569336,115.74195098876952,832600,Yahoo Finance,RSP,2026-09-11T22:08:08+08:00,confirmed
2020-12-31,126.70999908447266,127.6999969482422,126.08999633789062,127.54000091552734,116.48169708251952,1614900,Yahoo Finance,RSP,2026-09-11T22:08:08+08:00,confirmed
2021-01-04,127.95999908447266,128.22000122070312,124.62000274658205,125.6999969482422,114.8012466430664,3623900,Yahoo Finance,RSP,2026-09-11T22:08:08+08:00,confirmed
2021-01-05,125.55999755859376,127.4000015258789,125.54000091552734,126.7699966430664,115.77848815917967,3296600,Yahoo Finance,RSP,2026-09-11T22:08:08+08:00,confirmed
2021-01-06,127.36000061035156,130.6300048828125,127.33999633789062,129.8000030517578,118.54573822021484,4797800,Yahoo Finance,RSP,2026-09-11T22:08:08+08:00,confirmed
2021-01-07,130.6999969482422,131.5,130.42999267578125,131.08999633789062,119.72388458251952,2602400,Yahoo Finance,RSP,2026-09-11T22:08:08+08:00,confirmed
2021-01-08,131.6199951171875,131.67999267578125,129.94000244140625,131.32000732421875,119.93396759033205,1470800,Yahoo Finance,RSP,2026-09-11T22:08:08+08:00,confirmed
2021-01-11,130.10000610351562,131.4600067138672,129.92999267578125,131.1699981689453,119.79696655273438,1723700,Yahoo Finance,RSP,2026-09-11T22:08:08+08:00,confirmed
2021-01-12,131.3300018310547,132.33999633789062,131.10000610351562,132.1999969482422,120.73765563964844,1513300,Yahoo Finance,RSP,2026-09-11T22:08:08+08:00,confirmed
2021-01-13,132.07000732421875,132.24000549316406,131.32000732421875,131.77000427246094,120.34494018554688,2199800,Yahoo Finance,RSP,2026-09-11T22:08:08+08:00,confirmed
2021-01-14,132.3000030517578,132.97999572753906,132.05999755859375,132.2100067138672,120.74679565429688,1925000,Yahoo Finance,RSP,2026-09-11T22:08:08+08:00,confirmed
2021-01-15,131.30999755859375,131.6199951171875,130.00999450683594,131.22000122070312,119.8426284790039,2199200,Yahoo Finance,RSP,2026-09-11T22:08:08+08:00,confirmed
2021-01-19,132.14999389648438,132.2100067138672,131.41000366210938,131.85000610351562,120.41802215576172,1689700,Yahoo Finance,RSP,2026-09-11T22:08:08+08:00,confirmed
2021-01-20,132.27000427246094,132.83999633789062,131.83999633789062,132.6699981689453,121.16693115234376,1676100,Yahoo Finance,RSP,2026-09-11T22:08:08+08:00,confirmed
2021-01-21,132.52000427246094,132.80999755859375,131.75999450683594,132.0,120.55502319335938,2770800,Yahoo Finance,RSP,2026-09-11T22:08:08+08:00,confirmed
2021-01-22,131.2100067138672,131.6999969482422,130.63999938964844,131.44000244140625,120.04357147216795,1547200,Yahoo Finance,RSP,2026-09-11T22:08:08+08:00,confirmed
2021-01-25,131.0,131.75,129.82000732421875,131.32000732421875,119.93396759033205,2302800,Yahoo Finance,RSP,2026-09-11T22:08:08+08:00,confirmed
2021-01-26,131.7899932861328,132.0,130.47999572753906,130.6699981689453,119.34032440185548,2425700,Yahoo Finance,RSP,2026-09-11T22:08:08+08:00,confirmed
2021-01-27,128.8800048828125,129.25999450683594,127.01000213623048,127.66000366210938,116.59131622314452,3483000,Yahoo Finance,RSP,2026-09-11T22:08:08+08:00,confirmed
2021-01-28,128.47000122070312,129.9199981689453,128.4499969482422,128.7899932861328,117.62332916259766,2472600,Yahoo Finance,RSP,2026-09-11T22:08:08+08:00,confirmed
2021-01-29,128.4600067138672,128.86000061035156,125.83000183105467,126.5,115.53187561035156,2603600,Yahoo Finance,RSP,2026-09-11T22:08:08+08:00,confirmed
2021-02-01,127.54000091552734,128.52999877929688,126.73999786376952,128.17999267578125,117.06622314453124,1905300,Yahoo Finance,RSP,2026-09-11T22:08:08+08:00,confirmed
2021-02-02,129.35000610351562,130.5399932861328,129.19000244140625,129.8699951171875,118.60967254638672,2524400,Yahoo Finance,RSP,2026-09-11T22:08:08+08:00,confirmed
2021-02-03,129.63999938964844,130.47000122070312,129.27999877929688,130.2100067138672,118.9202117919922,2945000,Yahoo Finance,RSP,2026-09-11T22:08:08+08:00,confirmed
2021-02-04,130.5,131.88999938964844,130.3800048828125,131.8699951171875,120.43627166748048,1358100,Yahoo Finance,RSP,2026-09-11T22:08:08+08:00,confirmed
2021-02-05,132.75999450683594,132.97999572753906,132.30999755859375,132.5500030517578,121.05731964111328,1398200,Yahoo Finance,RSP,2026-09-11T22:08:08+08:00,confirmed
2021-02-08,133.24000549316406,134.10000610351562,132.97000122070312,134.10000610351562,122.47291564941406,908200,Yahoo Finance,RSP,2026-09-11T22:08:08+08:00,confirmed
2021-02-09,133.8800048828125,134.33999633789062,133.47000122070312,134.0500030517578,122.42725372314452,1483700,Yahoo Finance,RSP,2026-09-11T22:08:08+08:00,confirmed
2021-02-10,134.6699981689453,134.9199981689453,133.5500030517578,134.4600067138672,122.80172729492188,2615000,Yahoo Finance,RSP,2026-09-11T22:08:08+08:00,confirmed
2021-02-11,134.7100067138672,135.0500030517578,133.3800048828125,134.5,122.83822631835938,2329100,Yahoo Finance,RSP,2026-09-11T22:08:08+08:00,confirmed
2021-02-12,134.14999389648438,135.3699951171875,134.08999633789062,135.30999755859375,123.57799530029295,1676600,Yahoo Finance,RSP,2026-09-11T22:08:08+08:00,confirmed
2021-02-16,135.94000244140625,136.02999877929688,135.10000610351562,135.41000366210938,123.66935729980467,949600,Yahoo Finance,RSP,2026-09-11T22:08:08+08:00,confirmed
2021-02-17,134.97999572753906,135.38999938964844,134.32000732421875,135.33999633789062,123.60543060302734,1569000,Yahoo Finance,RSP,2026-09-11T22:08:08+08:00,confirmed
2021-02-18,134.5500030517578,134.9199981689453,133.8000030517578,134.5800018310547,122.91130828857422,1767400,Yahoo Finance,RSP,2026-09-11T22:08:08+08:00,confirmed
2021-02-19,135.25999450683594,135.97999572753906,135.22999572753906,135.60000610351562,123.84288787841795,1586500,Yahoo Finance,RSP,2026-09-11T22:08:08+08:00,confirmed
2021-02-22,134.99000549316406,136.61000061035156,134.99000549316406,135.8300018310547,124.0529556274414,3109800,Yahoo Finance,RSP,2026-09-11T22:08:08+08:00,confirmed
2021-02-23,135.69000244140625,136.64999389648438,133.85000610351562,136.19000244140625,124.38168334960938,3126800,Yahoo Finance,RSP,2026-09-11T22:08:08+08:00,confirmed
2021-02-24,136.1300048828125,138.5399932861328,135.99000549316406,138.33999633789062,126.34529113769533,3127000,Yahoo Finance,RSP,2026-09-11T22:08:08+08:00,confirmed
2021-02-25,138.2899932861328,138.42999267578125,134.57000732421875,135.1199951171875,123.40447998046876,2648200,Yahoo Finance,RSP,2026-09-11T22:08:08+08:00,confirmed
2021-02-26,135.47999572753906,135.75,133.1300048828125,134.1999969482422,122.5642318725586,3919800,Yahoo Finance,RSP,2026-09-11T22:08:08+08:00,confirmed
2021-03-01,135.9600067138672,137.9499969482422,135.9600067138672,137.24000549316406,125.34065246582033,1647800,Yahoo Finance,RSP,2026-09-11T22:08:08+08:00,confirmed
2021-03-02,137.27999877929688,137.49000549316406,136.30999755859375,136.55999755859375,124.71961212158205,7091100,Yahoo Finance,RSP,2026-09-11T22:08:08+08:00,confirmed
2021-03-03,136.61000061035156,137.47999572753906,135.86000061035156,135.86000061035156,124.08032989501952,3769200,Yahoo Finance,RSP,2026-09-11T22:08:08+08:00,confirmed
2021-03-04,135.8300018310547,136.39999389648438,132.0,134.00999450683594,122.3907241821289,4664600,Yahoo Finance,RSP,2026-09-11T22:08:08+08:00,confirmed
2021-03-05,135.77000427246094,137.4600067138672,132.60000610351562,137.07000732421875,125.18543243408205,4718900,Yahoo Finance,RSP,2026-09-11T22:08:08+08:00,confirmed
2021-03-08,137.63999938964844,139.75,137.14999389648438,137.97000122070312,126.00737762451172,5378700,Yahoo Finance,RSP,2026-09-11T22:08:08+08:00,confirmed
2021-03-09,139.0800018310547,139.50999450683594,138.05999755859375,138.1699981689453,126.19002532958984,4569400,Yahoo Finance,RSP,2026-09-11T22:08:08+08:00,confirmed
2021-03-10,138.72999572753906,140.1699981689453,138.66000366210938,139.58999633789062,127.48692321777344,4141500,Yahoo Finance,RSP,2026-09-11T22:08:08+08:00,confirmed
2021-03-11,140.1300048828125,141.3699951171875,139.82000732421875,140.52999877929688,128.34544372558594,2886800,Yahoo Finance,RSP,2026-09-11T22:08:08+08:00,confirmed
2021-03-12,140.6999969482422,141.6199951171875,140.5,141.60000610351562,129.32264709472656,2890300,Yahoo Finance,RSP,2026-09-11T22:08:08+08:00,confirmed
2021-03-15,141.88999938964844,142.8800048828125,141.10000610351562,142.8000030517578,130.4185791015625,3732300,Yahoo Finance,RSP,2026-09-11T22:08:08+08:00,confirmed
2021-03-16,142.60000610351562,142.6300048828125,141.13999938964844,141.47999572753906,129.21304321289062,2960800,Yahoo Finance,RSP,2026-09-11T22:08:08+08:00,confirmed
2021-03-17,141.19000244140625,142.25,140.55999755859375,142.2100067138672,129.87977600097656,2329200,Yahoo Finance,RSP,2026-09-11T22:08:08+08:00,confirmed
2021-03-18,141.75999450683594,142.92999267578125,140.52000427246094,140.82000732421875,128.61026000976562,3131300,Yahoo Finance,RSP,2026-09-11T22:08:08+08:00,confirmed
2021-03-19,140.8000030517578,141.47999572753906,139.41000366210938,140.55999755859375,128.37281799316406,4131100,Yahoo Finance,RSP,2026-09-11T22:08:08+08:00,confirmed
2021-03-22,140.16000366210938,140.55999755859375,139.4499969482422,140.10000610351562,128.54347229003906,3249100,Yahoo Finance,RSP,2026-09-11T22:08:08+08:00,confirmed
2021-03-23,139.58999633789062,139.86000061035156,137.6300048828125,138.0800018310547,126.69010162353516,3110600,Yahoo Finance,RSP,2026-09-11T22:08:08+08:00,confirmed
2021-03-24,138.75999450683594,139.82000732421875,137.89999389648438,137.89999389648438,126.52493286132812,3069000,Yahoo Finance,RSP,2026-09-11T22:08:08+08:00,confirmed
2021-03-25,137.47000122070312,139.8699951171875,136.55999755859375,139.55999755859375,128.0480499267578,4005600,Yahoo Finance,RSP,2026-09-11T22:08:08+08:00,confirmed
2021-03-26,140.3800048828125,142.27000427246094,139.97999572753906,142.1699981689453,130.4427490234375,3298800,Yahoo Finance,RSP,2026-09-11T22:08:08+08:00,confirmed
2021-03-29,141.64999389648438,142.08999633789062,140.6699981689453,141.42999267578125,129.76376342773438,2355900,Yahoo Finance,RSP,2026-09-11T22:08:08+08:00,confirmed
2021-03-30,141.0500030517578,141.97000122070312,140.9499969482422,141.6999969482422,130.01148986816406,3239900,Yahoo Finance,RSP,2026-09-11T22:08:08+08:00,confirmed
2021-03-31,141.8800048828125,142.3699951171875,141.47000122070312,141.66000366210938,129.9748077392578,5188800,Yahoo Finance,RSP,2026-09-11T22:08:08+08:00,confirmed
2021-04-01,142.13999938964844,143.08999633789062,141.77000427246094,143.0800018310547,131.27769470214844,4569200,Yahoo Finance,RSP,2026-09-11T22:08:08+08:00,confirmed
2021-04-05,144.17999267578125,144.58999633789062,143.77000427246094,144.3800048828125,132.47039794921875,2611300,Yahoo Finance,RSP,2026-09-11T22:08:08+08:00,confirmed
2021-04-06,144.2899932861328,144.97000122070312,144.22999572753906,144.57000732421875,132.64474487304688,2715600,Yahoo Finance,RSP,2026-09-11T22:08:08+08:00,confirmed
2021-04-07,144.64999389648438,144.75999450683594,143.66000366210938,144.02999877929688,132.1492919921875,2521700,Yahoo Finance,RSP,2026-09-11T22:08:08+08:00,confirmed
2021-04-08,144.2899932861328,144.3300018310547,143.42999267578125,144.3000030517578,132.39698791503906,2442900,Yahoo Finance,RSP,2026-09-11T22:08:08+08:00,confirmed
2021-04-09,144.50999450683594,145.16000366210938,144.1699981689453,145.1300048828125,133.15855407714844,2340100,Yahoo Finance,RSP,2026-09-11T22:08:08+08:00,confirmed
2021-04-12,145.14999389648438,145.4600067138672,144.85000610351562,145.3800048828125,133.38795471191406,1682800,Yahoo Finance,RSP,2026-09-11T22:08:08+08:00,confirmed
2021-04-13,145.0500030517578,145.38999938964844,144.38999938964844,145.1300048828125,133.15855407714844,2648000,Yahoo Finance,RSP,2026-09-11T22:08:08+08:00,confirmed
2021-04-14,145.1699981689453,146.08999633789062,145.08999633789062,145.36000061035156,133.36959838867188,2033500,Yahoo Finance,RSP,2026-09-11T22:08:08+08:00,confirmed
2021-04-15,146.07000732421875,146.58999633789062,145.55999755859375,146.5,134.41552734375,2824300,Yahoo Finance,RSP,2026-09-11T22:08:08+08:00,confirmed
2021-04-16,147.22000122070312,147.39999389648438,146.74000549316406,147.14999389648438,135.01190185546875,1578600,Yahoo Finance,RSP,2026-09-11T22:08:08+08:00,confirmed
2021-04-19,146.97999572753906,147.02000427246094,146.02999877929688,146.4600067138672,134.3788299560547,1987600,Yahoo Finance,RSP,2026-09-11T22:08:08+08:00,confirmed
2021-04-20,146.11000061035156,146.1999969482422,144.80999755859375,145.3699951171875,133.3787384033203,3054400,Yahoo Finance,RSP,2026-09-11T22:08:08+08:00,confirmed
2021-04-21,145.27000427246094,147.35000610351562,145.11000061035156,147.2899932861328,135.14036560058594,3009300,Yahoo Finance,RSP,2026-09-11T22:08:08+08:00,confirmed
2021-04-22,147.3800048828125,147.7899932861328,145.97999572753906,146.36000061035156,134.28712463378906,2459100,Yahoo Finance,RSP,2026-09-11T22:08:08+08:00,confirmed
2021-04-23,146.58999633789062,148.35000610351562,146.44000244140625,147.94000244140625,135.73678588867188,1597400,Yahoo Finance,RSP,2026-09-11T22:08:08+08:00,confirmed
2021-04-26,148.1999969482422,148.66000366210938,147.89999389648438,148.19000244140625,135.9661102294922,1721400,Yahoo Finance,RSP,2026-09-11T22:08:08+08:00,confirmed
2021-04-27,148.19000244140625,148.49000549316406,147.85000610351562,148.35000610351562,136.1129608154297,1416700,Yahoo Finance,RSP,2026-09-11T22:08:08+08:00,confirmed
2021-04-28,148.4600067138672,148.75999450683594,148.14999389648438,148.38999938964844,136.14964294433594,1678200,Yahoo Finance,RSP,2026-09-11T22:08:08+08:00,confirmed
2021-04-29,149.19000244140625,149.52000427246094,148.27000427246094,149.36000061035156,137.0396270751953,2276800,Yahoo Finance,RSP,2026-09-11T22:08:08+08:00,confirmed
2021-04-30,148.66000366210938,148.94000244140625,147.91000366210938,148.27999877929688,136.04873657226562,1766000,Yahoo Finance,RSP,2026-09-11T22:08:08+08:00,confirmed
2021-05-03,149.13999938964844,149.80999755859375,148.77000427246094,149.16000366210938,136.8561248779297,2499100,Yahoo Finance,RSP,2026-09-11T22:08:08+08:00,confirmed
2021-05-04,148.63999938964844,149.0,147.63999938964844,148.99000549316406,136.7001190185547,3329900,Yahoo Finance,RSP,2026-09-11T22:08:08+08:00,confirmed
2021-05-05,149.42999267578125,149.72999572753906,148.42999267578125,149.3000030517578,136.98460388183594,2963500,Yahoo Finance,RSP,2026-09-11T22:08:08+08:00,confirmed
2021-05-06,149.30999755859375,150.1199951171875,148.3699951171875,150.05999755859375,137.68186950683594,2270800,Yahoo Finance,RSP,2026-09-11T22:08:08+08:00,confirmed
2021-05-07,149.8800048828125,151.72000122070312,149.6699981689453,151.63999938964844,139.13157653808594,3671100,Yahoo Finance,RSP,2026-09-11T22:08:08+08:00,confirmed
2021-05-10,152.0399932861328,152.85000610351562,151.0500030517578,151.1300048828125,138.6636199951172,4154400,Yahoo Finance,RSP,2026-09-11T22:08:08+08:00,confirmed
2021-05-11,149.5399932861328,150.1699981689453,148.00999450683594,149.30999755859375,136.99375915527344,4273700,Yahoo Finance,RSP,2026-09-11T22:08:08+08:00,confirmed
2021-05-12,148.6699981689453,149.0800018310547,145.77999877929688,146.0,133.956787109375,4357100,Yahoo Finance,RSP,2026-09-11T22:08:08+08:00,confirmed
2021-05-13,146.27000427246094,148.69000244140625,146.07000732421875,147.97000122070312,135.76425170898438,2993700,Yahoo Finance,RSP,2026-09-11T22:08:08+08:00,confirmed
2021-05-14,148.86000061035156,150.63999938964844,148.82000732421875,150.2899932861328,137.89291381835938,2992200,Yahoo Finance,RSP,2026-09-11T22:08:08+08:00,confirmed
2021-05-17,149.91000366210938,150.38999938964844,149.22000122070312,150.1300048828125,137.74612426757812,3319500,Yahoo Finance,RSP,2026-09-11T22:08:08+08:00,confirmed
2021-05-18,150.32000732421875,150.36000061035156,148.7899932861328,148.8000030517578,136.5258331298828,2383100,Yahoo Finance,RSP,2026-09-11T22:08:08+08:00,confirmed
2021-05-19,147.05999755859375,148.0800018310547,145.92999267578125,148.02999877929688,135.81935119628906,3919400,Yahoo Finance,RSP,2026-09-11T22:08:08+08:00,confirmed
2021-05-20,148.3000030517578,149.64999389648438,148.02999877929688,149.14999389648438,136.84690856933594,2460200,Yahoo Finance,RSP,2026-09-11T22:08:08+08:00,confirmed
2021-05-21,149.6699981689453,150.47000122070312,149.00999450683594,149.35000610351562,137.0304718017578,2968500,Yahoo Finance,RSP,2026-09-11T22:08:08+08:00,confirmed
2021-05-24,150.1199951171875,150.7100067138672,149.77999877929688,150.2100067138672,137.81954956054688,3187600,Yahoo Finance,RSP,2026-09-11T22:08:08+08:00,confirmed
2021-05-25,150.63999938964844,150.7899932861328,149.36000061035156,149.5800018310547,137.2415008544922,1637300,Yahoo Finance,RSP,2026-09-11T22:08:08+08:00,confirmed
2021-05-26,149.7899932861328,150.19000244140625,149.55999755859375,150.08999633789062,137.7094268798828,3546000,Yahoo Finance,RSP,2026-09-11T22:08:08+08:00,confirmed
2021-05-27,150.8000030517578,151.02000427246094,150.60000610351562,150.8300018310547,138.388427734375,1843300,Yahoo Finance,RSP,2026-09-11T22:08:08+08:00,confirmed
2021-05-28,151.35000610351562,151.49000549316406,150.77000427246094,151.1199951171875,138.6544647216797,1552200,Yahoo Finance,RSP,2026-09-11T22:08:08+08:00,confirmed
2021-06-01,152.19000244140625,152.3300018310547,151.22999572753906,151.6199951171875,139.1131591796875,2395400,Yahoo Finance,RSP,2026-09-11T22:08:08+08:00,confirmed
2021-06-02,151.89999389648438,151.97999572753906,151.22000122070312,151.72999572753906,139.21414184570312,1741100,Yahoo Finance,RSP,2026-09-11T22:08:08+08:00,confirmed
2021-06-03,151.07000732421875,151.7899932861328,150.41000366210938,151.50999450683594,139.0122833251953,2884300,Yahoo Finance,RSP,2026-09-11T22:08:08+08:00,confirmed
2021-06-04,152.1300048828125,152.42999267578125,151.6199951171875,152.25999450683594,139.700439453125,2075800,Yahoo Finance,RSP,2026-09-11T22:08:08+08:00,confirmed
2021-06-07,152.52999877929688,152.52999877929688,151.75,151.99000549316406,139.45269775390625,2400100,Yahoo Finance,RSP,2026-09-11T22:08:08+08:00,confirmed
2021-06-08,152.14999389648438,152.3800048828125,151.27999877929688,152.17999267578125,139.62701416015625,1646000,Yahoo Finance,RSP,2026-09-11T22:08:08+08:00,confirmed
2021-06-09,152.3800048828125,152.3800048828125,151.49000549316406,151.49000549316406,138.99391174316406,1600900,Yahoo Finance,RSP,2026-09-11T22:08:08+08:00,confirmed
2021-06-10,152.1699981689453,152.47000122070312,151.22000122070312,151.77999877929688,139.26002502441406,1756400,Yahoo Finance,RSP,2026-09-11T22:08:08+08:00,confirmed
2021-06-11,152.02000427246094,152.2899932861328,151.60000610351562,152.17999267578125,139.62701416015625,1315500,Yahoo Finance,RSP,2026-09-11T22:08:08+08:00,confirmed
2021-06-14,152.14999389648438,152.25999450683594,150.97999572753906,151.7100067138672,139.19577026367188,1441900,Yahoo Finance,RSP,2026-09-11T22:08:08+08:00,confirmed
2021-06-15,151.85000610351562,152.07000732421875,151.1699981689453,151.72999572753906,139.21414184570312,2714500,Yahoo Finance,RSP,2026-09-11T22:08:08+08:00,confirmed
2021-06-16,151.6199951171875,151.72000122070312,150.0399932861328,150.6999969482422,138.2691192626953,2776700,Yahoo Finance,RSP,2026-09-11T22:08:08+08:00,confirmed
2021-06-17,150.50999450683594,150.91000366210938,148.19000244140625,149.22000122070312,136.91116333007812,3518800,Yahoo Finance,RSP,2026-09-11T22:08:08+08:00,confirmed
2021-06-18,147.8800048828125,148.00999450683594,146.5800018310547,146.64999389648438,134.55316162109375,2341900,Yahoo Finance,RSP,2026-09-11T22:08:08+08:00,confirmed
2021-06-21,147.17999267578125,149.1199951171875,147.0800018310547,149.0500030517578,137.14797973632812,4364700,Yahoo Finance,RSP,2026-09-11T22:08:08+08:00,confirmed
2021-06-22,149.10000610351562,149.75999450683594,148.4199981689453,149.36000061035156,137.43321228027344,2095500,Yahoo Finance,RSP,2026-09-11T22:08:08+08:00,confirmed
2021-06-23,149.49000549316406,149.75999450683594,149.07000732421875,149.11000061035156,137.20321655273438,2445700,Yahoo Finance,RSP,2026-09-11T22:08:08+08:00,confirmed
2021-06-24,149.85000610351562,150.25999450683594,149.47000122070312,150.08999633789062,138.10494995117188,1848400,Yahoo Finance,RSP,2026-09-11T22:08:08+08:00,confirmed
2021-06-25,150.49000549316406,151.32000732421875,150.32000732421875,151.13999938964844,139.07107543945312,2162900,Yahoo Finance,RSP,2026-09-11T22:08:08+08:00,confirmed
2021-06-28,151.39999389648438,151.4199981689453,149.97999572753906,150.50999450683594,138.4913787841797,2222200,Yahoo Finance,RSP,2026-09-11T22:08:08+08:00,confirmed
2021-06-29,150.8000030517578,151.27000427246094,150.3000030517578,150.39999389648438,138.39019775390625,1883000,Yahoo Finance,RSP,2026-09-11T22:08:08+08:00,confirmed
2021-06-30,150.32000732421875,150.9499969482422,150.32000732421875,150.72999572753906,138.69381713867188,2614000,Yahoo Finance,RSP,2026-09-11T22:08:08+08:00,confirmed
2021-07-01,151.22999572753906,151.97999572753906,151.13999938964844,151.77999877929688,139.6599884033203,2159200,Yahoo Finance,RSP,2026-09-11T22:08:08+08:00,confirmed
2021-07-02,152.07000732421875,152.36000061035156,151.6199951171875,152.22999572753906,140.0740509033203,1228400,Yahoo Finance,RSP,2026-09-11T22:08:08+08:00,confirmed
2021-07-06,152.11000061035156,152.11000061035156,149.8699951171875,150.89999389648438,138.85023498535156,2424500,Yahoo Finance,RSP,2026-09-11T22:08:08+08:00,confirmed
2021-07-07,150.83999633789062,151.42999267578125,150.0800018310547,151.25999450683594,139.1815185546875,2481700,Yahoo Finance,RSP,2026-09-11T22:08:08+08:00,confirmed
2021-07-08,149.33999633789062,150.4499969482422,148.6199951171875,149.8699951171875,137.90252685546875,3747100,Yahoo Finance,RSP,2026-09-11T22:08:08+08:00,confirmed
2021-07-09,150.80999755859375,152.11000061035156,150.75,152.0,139.8624267578125,3006800,Yahoo Finance,RSP,2026-09-11T22:08:08+08:00,confirmed
2021-07-12,151.6300048828125,152.5399932861328,151.22000122070312,152.49000549316406,140.31329345703125,1809600,Yahoo Finance,RSP,2026-09-11T22:08:08+08:00,confirmed
2021-07-13,152.1699981689453,152.25,151.00999450683594,151.0500030517578,138.98829650878906,2234300,Yahoo Finance,RSP,2026-09-11T22:08:08+08:00,confirmed
2021-07-14,151.52999877929688,152.13999938964844,150.49000549316406,150.8300018310547,138.785888671875,2338600,Yahoo Finance,RSP,2026-09-11T22:08:08+08:00,confirmed
2021-07-15,150.1199951171875,150.7899932861328,149.66000366210938,150.42999267578125,138.4178009033203,5040600,Yahoo Finance,RSP,2026-09-11T22:08:08+08:00,confirmed
2021-07-16,150.92999267578125,151.08999633789062,149.1199951171875,149.30999755859375,137.38720703125,2092400,Yahoo Finance,RSP,2026-09-11T22:08:08+08:00,confirmed
2021-07-19,147.19000244140625,147.4199981689453,145.61000061035156,146.61000061035156,134.90284729003906,6121100,Yahoo Finance,RSP,2026-09-11T22:08:08+08:00,confirmed
2021-07-20,146.9600067138672,149.86000061035156,146.77999877929688,149.38999938964844,137.46087646484375,2391600,Yahoo Finance,RSP,2026-09-11T22:08:08+08:00,confirmed
2021-07-21,150.14999389648438,151.08999633789062,150.1300048828125,150.88999938964844,138.84104919433594,1733600,Yahoo Finance,RSP,2026-09-11T22:08:08+08:00,confirmed
2021-07-22,150.8800048828125,150.8800048828125,149.91000366210938,150.47000122070312,138.4546356201172,1664700,Yahoo Finance,RSP,2026-09-11T22:08:08+08:00,confirmed
2021-07-23,151.2100067138672,151.8699951171875,150.67999267578125,151.72000122070312,139.6048126220703,2106100,Yahoo Finance,RSP,2026-09-11T22:08:08+08:00,confirmed
2021-07-26,151.58999633789062,152.38999938964844,151.5,152.14999389648438,140.00047302246094,2110500,Yahoo Finance,RSP,2026-09-11T22:08:08+08:00,confirmed
2021-07-27,151.66000366210938,152.00999450683594,151.0,151.8800048828125,139.75201416015625,4277300,Yahoo Finance,RSP,2026-09-11T22:08:08+08:00,confirmed
2021-07-28,152.13999938964844,152.55999755859375,151.07000732421875,151.9600067138672,139.8256378173828,2638000,Yahoo Finance,RSP,2026-09-11T22:08:08+08:00,confirmed
2021-07-29,152.66000366210938,153.58999633789062,152.5399932861328,153.10000610351562,140.8745880126953,2714100,Yahoo Finance,RSP,2026-09-11T22:08:08+08:00,confirmed
2021-07-30,152.52000427246094,153.6300048828125,152.47999572753906,152.67999267578125,140.4881134033203,2070000,Yahoo Finance,RSP,2026-09-11T22:08:08+08:00,confirmed
2021-08-02,153.3800048828125,154.3000030517578,152.3800048828125,152.4499969482422,140.27647399902344,2172000,Yahoo Finance,RSP,2026-09-11T22:08:08+08:00,confirmed
2021-08-03,152.72000122070312,153.75,151.52999877929688,153.72999572753906,141.4542694091797,2180700,Yahoo Finance,RSP,2026-09-11T22:08:08+08:00,confirmed
2021-08-04,152.97000122070312,153.38999938964844,152.27999877929688,152.27999877929688,140.12005615234375,2270300,Yahoo Finance,RSP,2026-09-11T22:08:08+08:00,confirmed
2021-08-05,152.83999633789062,153.42999267578125,152.75999450683594,153.42999267578125,141.17822265625,1476400,Yahoo Finance,RSP,2026-09-11T22:08:08+08:00,confirmed
2021-08-06,153.9199981689453,154.3699951171875,153.63999938964844,154.05999755859375,141.7579345703125,1910600,Yahoo Finance,RSP,2026-09-11T22:08:08+08:00,confirmed
2021-08-09,153.82000732421875,154.0800018310547,153.25999450683594,153.7100067138672,141.43589782714844,1861900,Yahoo Finance,RSP,2026-09-11T22:08:08+08:00,confirmed
2021-08-10,153.91000366210938,154.83999633789062,153.7100067138672,154.42999267578125,142.09837341308594,1845700,Yahoo Finance,RSP,2026-09-11T22:08:08+08:00,confirmed
2021-08-11,154.75,155.42999267578125,154.27000427246094,155.4199981689453,143.00930786132812,2127200,Yahoo Finance,RSP,2026-09-11T22:08:08+08:00,confirmed
2021-08-12,155.35000610351562,155.4600067138672,154.6300048828125,155.33999633789062,142.9357147216797,1601800,Yahoo Finance,RSP,2026-09-11T22:08:08+08:00,confirmed
2021-08-13,155.47999572753906,155.6199951171875,155.1300048828125,155.32000732421875,142.9173126220703,1672800,Yahoo Finance,RSP,2026-09-11T22:08:08+08:00,confirmed
2021-08-16,154.75,155.4199981689453,154.0800018310547,155.3699951171875,142.96327209472656,2458800,Yahoo Finance,RSP,2026-09-11T22:08:08+08:00,confirmed
2021-08-17,154.47999572753906,154.52999877929688,152.94000244140625,154.1999969482422,141.88673400878906,3097700,Yahoo Finance,RSP,2026-09-11T22:08:08+08:00,confirmed
2021-08-18,153.83999633789062,154.3800048828125,152.50999450683594,152.61000061035156,140.4237518310547,1788100,Yahoo Finance,RSP,2026-09-11T22:08:08+08:00,confirmed
2021-08-19,151.4499969482422,152.80999755859375,151.22000122070312,152.27000427246094,140.11085510253906,2900600,Yahoo Finance,RSP,2026-09-11T22:08:08+08:00,confirmed
2021-08-20,152.22999572753906,153.5399932861328,151.97000122070312,153.3699951171875,141.12301635742188,2207100,Yahoo Finance,RSP,2026-09-11T22:08:08+08:00,confirmed
2021-08-23,154.25,154.8699951171875,154.16000366210938,154.52000427246094,142.1811981201172,1745500,Yahoo Finance,RSP,2026-09-11T22:08:08+08:00,confirmed
2021-08-24,154.8800048828125,155.44000244140625,154.8000030517578,155.14999389648438,142.76087951660156,1144400,Yahoo Finance,RSP,2026-09-11T22:08:08+08:00,confirmed
2021-08-25,155.3000030517578,156.35000610351562,154.88999938964844,155.97000122070312,143.51544189453125,1225400,Yahoo Finance,RSP,2026-09-11T22:08:08+08:00,confirmed
2021-08-26,155.85000610351562,155.88999938964844,154.75,154.89999389648438,142.5308380126953,1735300,Yahoo Finance,RSP,2026-09-11T22:08:08+08:00,confirmed
2021-08-27,155.25,156.8000030517578,155.25,156.55999755859375,144.05828857421875,1623800,Yahoo Finance,RSP,2026-09-11T22:08:08+08:00,confirmed
2021-08-30,156.69000244140625,156.8800048828125,156.1699981689453,156.3300018310547,143.84666442871094,1514900,Yahoo Finance,RSP,2026-09-11T22:08:08+08:00,confirmed
2021-08-31,156.3300018310547,156.50999450683594,155.9600067138672,156.3000030517578,143.8190460205078,1477800,Yahoo Finance,RSP,2026-09-11T22:08:08+08:00,confirmed
2021-09-01,156.69000244140625,156.69000244140625,155.77000427246094,156.3300018310547,143.84666442871094,1300100,Yahoo Finance,RSP,2026-09-11T22:08:08+08:00,confirmed
2021-09-02,156.9199981689453,157.4600067138672,156.83999633789062,157.38999938964844,144.82199096679688,1321600,Yahoo Finance,RSP,2026-09-11T22:08:08+08:00,confirmed
2021-09-03,157.0800018310547,157.22000122070312,156.7100067138672,156.8800048828125,144.3527374267578,1118900,Yahoo Finance,RSP,2026-09-11T22:08:08+08:00,confirmed
2021-09-07,156.61000061035156,156.86000061035156,155.42999267578125,155.57000732421875,143.14736938476562,1626100,Yahoo Finance,RSP,2026-09-11T22:08:08+08:00,confirmed
2021-09-08,155.32000732421875,155.89999389648438,154.82000732421875,155.47000122070312,143.0553436279297,1438600,Yahoo Finance,RSP,2026-09-11T22:08:08+08:00,confirmed
2021-09-09,155.35000610351562,156.24000549316406,154.97000122070312,155.02999877929688,142.6504669189453,1464200,Yahoo Finance,RSP,2026-09-11T22:08:08+08:00,confirmed
2021-09-10,155.7899932861328,155.89999389648438,153.97000122070312,154.00999450683594,141.7119140625,1987200,Yahoo Finance,RSP,2026-09-11T22:08:08+08:00,confirmed
2021-09-13,155.14999389648438,155.3300018310547,153.6699981689453,154.44000244140625,142.1075897216797,2194700,Yahoo Finance,RSP,2026-09-11T22:08:08+08:00,confirmed
2021-09-14,154.91000366210938,155.00999450683594,153.00999450683594,153.33999633789062,141.09542846679688,2146300,Yahoo Finance,RSP,2026-09-11T22:08:08+08:00,confirmed
2021-09-15,153.3699951171875,154.92999267578125,153.0500030517578,154.6999969482422,142.3468017578125,2816800,Yahoo Finance,RSP,2026-09-11T22:08:08+08:00,confirmed
2021-09-16,154.6300048828125,155.0,153.60000610351562,154.41000366210938,142.0800018310547,2159100,Yahoo Finance,RSP,2026-09-11T22:08:08+08:00,confirmed
2021-09-17,154.0399932861328,154.42999267578125,152.94000244140625,153.0399932861328,140.81936645507812,3120900,Yahoo Finance,RSP,2026-09-11T22:08:08+08:00,confirmed
2021-09-20,150.14999389648438,150.72999572753906,148.39999389648438,150.17999267578125,138.69253540039062,4130100,Yahoo Finance,RSP,2026-09-11T22:08:08+08:00,confirmed
2021-09-21,151.0500030517578,151.30999755859375,149.44000244140625,149.63999938964844,138.19383239746094,2452700,Yahoo Finance,RSP,2026-09-11T22:08:08+08:00,confirmed
2021-09-22,150.66000366210938,152.3000030517578,150.55999755859375,151.32000732421875,139.745361328125,3319000,Yahoo Finance,RSP,2026-09-11T22:08:08+08:00,confirmed
2021-09-23,152.1300048828125,154.39999389648438,152.0800018310547,153.5399932861328,141.79554748535156,3218400,Yahoo Finance,RSP,2026-09-11T22:08:08+08:00,confirmed
2021-09-24,153.08999633789062,154.16000366210938,153.05999755859375,153.8000030517578,142.03562927246094,2444000,Yahoo Finance,RSP,2026-09-11T22:08:08+08:00,confirmed
2021-09-27,154.10000610351562,155.13999938964844,154.02999877929688,154.30999755859375,142.5066375732422,3239300,Yahoo Finance,RSP,2026-09-11T22:08:08+08:00,confirmed
2021-09-28,153.8699951171875,153.97999572753906,151.7899932861328,152.0,140.3733673095703,4857900,Yahoo Finance,RSP,2026-09-11T22:08:08+08:00,confirmed
2021-09-29,152.5,153.08999633789062,152.00999450683594,152.3300018310547,140.67807006835938,2633500,Yahoo Finance,RSP,2026-09-11T22:08:08+08:00,confirmed
2021-09-30,152.75999450683594,152.75999450683594,149.77000427246094,149.82000732421875,138.3600616455078,4426400,Yahoo Finance,RSP,2026-09-11T22:08:08+08:00,confirmed
2021-10-01,150.5800018310547,152.6300048828125,149.41000366210938,151.83999633789062,140.2255401611328,3351600,Yahoo Finance,RSP,2026-09-11T22:08:08+08:00,confirmed
2021-10-04,151.57000732421875,152.50999450683594,150.22000122070312,150.8800048828125,139.33901977539062,4596900,Yahoo Finance,RSP,2026-09-11T22:08:08+08:00,confirmed
2021-10-05,151.44000244140625,152.91000366210938,150.88999938964844,151.9600067138672,140.33639526367188,2497600,Yahoo Finance,RSP,2026-09-11T22:08:08+08:00,confirmed
2021-10-06,150.66000366210938,152.17999267578125,149.63999938964844,152.1699981689453,140.53030395507812,2846900,Yahoo Finance,RSP,2026-09-11T22:08:08+08:00,confirmed
2021-10-07,153.22000122070312,154.49000549316406,153.22000122070312,153.4600067138672,141.72164916992188,2243800,Yahoo Finance,RSP,2026-09-11T22:08:08+08:00,confirmed
2021-10-08,153.6699981689453,153.9199981689453,152.97999572753906,153.10000610351562,141.38917541503906,1861000,Yahoo Finance,RSP,2026-09-11T22:08:08+08:00,confirmed
2021-10-11,153.2100067138672,154.1199951171875,152.22999572753906,152.25999450683594,140.61346435546875,1408300,Yahoo Finance,RSP,2026-09-11T22:08:08+08:00,confirmed
2021-10-12,152.42999267578125,153.16000366210938,151.92999267578125,152.3000030517578,140.65036010742188,1524000,Yahoo Finance,RSP,2026-09-11T22:08:08+08:00,confirmed
2021-10-13,152.3300018310547,152.99000549316406,151.0500030517578,152.5500030517578,140.8812713623047,2283400,Yahoo Finance,RSP,2026-09-11T22:08:08+08:00,confirmed
2021-10-14,153.8300018310547,155.17999267578125,153.6699981689453,155.1699981689453,143.30087280273438,1646800,Yahoo Finance,RSP,2026-09-11T22:08:08+08:00,confirmed
2021-10-15,156.08999633789062,156.57000732421875,155.6300048828125,155.6999969482422,143.79029846191406,2032700,Yahoo Finance,RSP,2026-09-11T22:08:08+08:00,confirmed
2021-10-18,155.05999755859375,156.08999633789062,154.69000244140625,155.75999450683594,143.84571838378906,1658200,Yahoo Finance,RSP,2026-09-11T22:08:08+08:00,confirmed
2021-10-19,156.39999389648438,156.74000549316406,155.88999938964844,156.6699981689453,144.6861114501953,1576200,Yahoo Finance,RSP,2026-09-11T22:08:08+08:00,confirmed
2021-10-20,156.64999389648438,158.00999450683594,156.6300048828125,157.8699951171875,145.79434204101562,1919700,Yahoo Finance,RSP,2026-09-11T22:08:08+08:00,confirmed
2021-10-21,157.63999938964844,158.0800018310547,157.13999938964844,158.05999755859375,145.96975708007812,1870600,Yahoo Finance,RSP,2026-09-11T22:08:08+08:00,confirmed
2021-10-22,158.25,159.0399932861328,157.8000030517578,158.50999450683594,146.38536071777344,1547500,Yahoo Finance,RSP,2026-09-11T22:08:08+08:00,confirmed
2021-10-25,158.85000610351562,159.35000610351562,158.27000427246094,158.8699951171875,146.7178497314453,2595000,Yahoo Finance,RSP,2026-09-11T22:08:08+08:00,confirmed
2021-10-26,159.2899932861328,159.38999938964844,158.50999450683594,158.55999755859375,146.43153381347656,2502700,Yahoo Finance,RSP,2026-09-11T22:08:08+08:00,confirmed
2021-10-27,158.50999450683594,158.55999755859375,156.4199981689453,156.4499969482422,144.4829559326172,2476600,Yahoo Finance,RSP,2026-09-11T22:08:08+08:00,confirmed
2021-10-28,156.8000030517578,158.05999755859375,156.75,158.0399932861328,145.95130920410156,1758500,Yahoo Finance,RSP,2026-09-11T22:08:08+08:00,confirmed
2021-10-29,157.69000244140625,158.24000549316406,157.22999572753906,157.75999450683594,145.69271850585938,1324400,Yahoo Finance,RSP,2026-09-11T22:08:08+08:00,confirmed
2021-11-01,158.27999877929688,159.10000610351562,158.11000061035156,159.02000427246094,146.8563690185547,2186400,Yahoo Finance,RSP,2026-09-11T22:08:08+08:00,confirmed
2021-11-02,159.36000061035156,159.6199951171875,158.82000732421875,159.4600067138672,147.26271057128906,1759200,Yahoo Finance,RSP,2026-09-11T22:08:08+08:00,confirmed
2021-11-03,158.99000549316406,160.55999755859375,158.97000122070312,160.39999389648438,148.1308135986328,2342600,Yahoo Finance,RSP,2026-09-11T22:08:08+08:00,confirmed
2021-11-04,160.52999877929688,160.97999572753906,159.50999450683594,160.07000732421875,147.8260498046875,2505200,Yahoo Finance,RSP,2026-09-11T22:08:08+08:00,confirmed
2021-11-05,161.3000030517578,162.13999938964844,160.72999572753906,161.2899932861328,148.95269775390625,2047600,Yahoo Finance,RSP,2026-09-11T22:08:08+08:00,confirmed
2021-11-08,162.0,162.25999450683594,161.1999969482422,161.52999877929688,149.17437744140625,1344700,Yahoo Finance,RSP,2026-09-11T22:08:08+08:00,confirmed
2021-11-09,161.5399932861328,161.8699951171875,160.85000610351562,161.50999450683594,149.15589904785156,1152300,Yahoo Finance,RSP,2026-09-11T22:08:08+08:00,confirmed
2021-11-10,161.10000610351562,161.75999450683594,160.05999755859375,160.47999572753906,148.2046661376953,2132400,Yahoo Finance,RSP,2026-09-11T22:08:08+08:00,confirmed
2021-11-11,160.77000427246094,161.02000427246094,160.4499969482422,160.8699951171875,148.56484985351562,1083100,Yahoo Finance,RSP,2026-09-11T22:08:08+08:00,confirmed
2021-11-12,161.3000030517578,161.85000610351562,160.85000610351562,161.64999389648438,149.28517150878906,1188500,Yahoo Finance,RSP,2026-09-11T22:08:08+08:00,confirmed
2021-11-15,162.1699981689453,162.22999572753906,161.61000061035156,161.92999267578125,149.54376220703125,1194200,Yahoo Finance,RSP,2026-09-11T22:08:08+08:00,confirmed
2021-11-16,162.00999450683594,162.8000030517578,161.85000610351562,162.13999938964844,149.73770141601562,1732100,Yahoo Finance,RSP,2026-09-11T22:08:08+08:00,confirmed
2021-11-17,161.97000122070312,162.05999755859375,160.89999389648438,161.27999877929688,148.94346618652344,1608600,Yahoo Finance,RSP,2026-09-11T22:08:08+08:00,confirmed
2021-11-18,161.6300048828125,161.6300048828125,159.9199981689453,160.69000244140625,148.3986358642578,1280400,Yahoo Finance,RSP,2026-09-11T22:08:08+08:00,confirmed
2021-11-19,160.3699951171875,160.4499969482422,159.52999877929688,159.64999389648438,147.4381561279297,1595000,Yahoo Finance,RSP,2026-09-11T22:08:08+08:00,confirmed
2021-11-22,160.25,161.2899932861328,159.86000061035156,159.89999389648438,147.6690216064453,2230300,Yahoo Finance,RSP,2026-09-11T22:08:08+08:00,confirmed
2021-11-23,160.07000732421875,160.77000427246094,159.36000061035156,160.55999755859375,148.27857971191406,2112100,Yahoo Finance,RSP,2026-09-11T22:08:08+08:00,confirmed
2021-11-24,159.82000732421875,160.77999877929688,159.67999267578125,160.63999938964844,148.35243225097656,1595200,Yahoo Finance,RSP,2026-09-11T22:08:08+08:00,confirmed
2021-11-26,157.24000549316406,157.57000732421875,155.77999877929688,156.4600067138672,144.4921875,3644300,Yahoo Finance,RSP,2026-09-11T22:08:08+08:00,confirmed
2021-11-29,158.27999877929688,158.6699981689453,156.67999267578125,157.77000427246094,145.7019500732422,2657000,Yahoo Finance,RSP,2026-09-11T22:08:08+08:00,confirmed
2021-11-30,156.57000732421875,156.75,153.5399932861328,153.58999633789062,141.84165954589844,4223100,Yahoo Finance,RSP,2026-09-11T22:08:08+08:00,confirmed
2021-12-01,155.9199981689453,156.91000366210938,151.57000732421875,151.67999267578125,140.07778930664062,6193400,Yahoo Finance,RSP,2026-09-11T22:08:08+08:00,confirmed
2021-12-02,152.25,155.9600067138672,152.10000610351562,155.35000610351562,143.4670867919922,5321200,Yahoo Finance,RSP,2026-09-11T22:08:08+08:00,confirmed
2021-12-03,156.0800018310547,156.35000610351562,153.1699981689453,154.5,142.68211364746094,5924200,Yahoo Finance,RSP,2026-09-11T22:08:08+08:00,confirmed
2021-12-06,155.91000366210938,157.82000732421875,155.3000030517578,156.7899932861328,144.7969207763672,4885400,Yahoo Finance,RSP,2026-09-11T22:08:08+08:00,confirmed
2021-12-07,158.3800048828125,160.1999969482422,158.27999877929688,159.44000244140625,147.24424743652344,2510800,Yahoo Finance,RSP,2026-09-11T22:08:08+08:00,confirmed
2021-12-08,159.72000122070312,160.19000244140625,159.27000427246094,159.85000610351562,147.62283325195312,3000100,Yahoo Finance,RSP,2026-09-11T22:08:08+08:00,confirmed
2021-12-09,159.2100067138672,159.64999389648438,158.69000244140625,158.7100067138672,146.57008361816406,1829500,Yahoo Finance,RSP,2026-09-11T22:08:08+08:00,confirmed
2021-12-10,159.6699981689453,159.86000061035156,158.49000549316406,159.74000549316406,147.52130126953125,2200800,Yahoo Finance,RSP,2026-09-11T22:08:08+08:00,confirmed
2021-12-13,159.5399932861328,159.5399932861328,157.99000549316406,158.5800018310547,146.44998168945312,3743000,Yahoo Finance,RSP,2026-09-11T22:08:08+08:00,confirmed
2021-12-14,157.5500030517578,158.82000732421875,157.14999389648438,157.6300048828125,145.57266235351562,3265000,Yahoo Finance,RSP,2026-09-11T22:08:08+08:00,confirmed
2021-12-15,157.75,159.47999572753906,156.74000549316406,159.35000610351562,147.16110229492188,4800700,Yahoo Finance,RSP,2026-09-11T22:08:08+08:00,confirmed
2021-12-16,160.19000244140625,160.8699951171875,158.5500030517578,159.07000732421875,146.90252685546875,4805000,Yahoo Finance,RSP,2026-09-11T22:08:08+08:00,confirmed
2021-12-17,158.49000549316406,159.27999877929688,155.80999755859375,156.9600067138672,144.95394897460938,6970300,Yahoo Finance,RSP,2026-09-11T22:08:08+08:00,confirmed
2021-12-20,155.0,155.11000061035156,153.4199981689453,154.89999389648438,143.46646118164062,6794600,Yahoo Finance,RSP,2026-09-11T22:08:08+08:00,confirmed
2021-12-21,156.16000366210938,158.11000061035156,156.0,158.0399932861328,146.3746795654297,3589700,Yahoo Finance,RSP,2026-09-11T22:08:08+08:00,confirmed
2021-12-22,157.91000366210938,159.19000244140625,157.7899932861328,159.14999389648438,147.40274047851562,1855000,Yahoo Finance,RSP,2026-09-11T22:08:08+08:00,confirmed
2021-12-23,159.66000366210938,160.72999572753906,159.66000366210938,160.22999572753906,148.40304565429688,1614100,Yahoo Finance,RSP,2026-09-11T22:08:08+08:00,confirmed
2021-12-27,160.50999450683594,162.2899932861328,160.24000549316406,162.27999877929688,150.3017120361328,2518200,Yahoo Finance,RSP,2026-09-11T22:08:08+08:00,confirmed
2021-12-28,162.24000549316406,163.10000610351562,162.13999938964844,162.52999877929688,150.5332489013672,2754600,Yahoo Finance,RSP,2026-09-11T22:08:08+08:00,confirmed
2021-12-29,162.5399932861328,163.32000732421875,162.36000061035156,163.00999450683594,150.97784423828125,2915200,Yahoo Finance,RSP,2026-09-11T22:08:08+08:00,confirmed
2021-12-30,163.19000244140625,163.86000061035156,162.5800018310547,162.75,150.73704528808594,2090100,Yahoo Finance,RSP,2026-09-11T22:08:08+08:00,confirmed
2021-12-31,162.5800018310547,163.4499969482422,162.4600067138672,162.75,150.73704528808594,3194700,Yahoo Finance,RSP,2026-09-11T22:08:08+08:00,confirmed
2022-01-03,163.1300048828125,163.47000122070312,161.8000030517578,162.88999938964844,150.86671447753906,3841500,Yahoo Finance,RSP,2026-09-11T22:08:08+08:00,confirmed
2022-01-04,163.60000610351562,164.6199951171875,163.58999633789062,164.1999969482422,152.07998657226562,3532000,Yahoo Finance,RSP,2026-09-11T22:08:08+08:00,confirmed
2022-01-05,164.32000732421875,164.89999389648438,161.60000610351562,161.6699981689453,149.73678588867188,5266400,Yahoo Finance,RSP,2026-09-11T22:08:08+08:00,confirmed
2022-01-06,162.35000610351562,163.02000427246094,161.16000366210938,162.02999877929688,150.07017517089844,3597700,Yahoo Finance,RSP,2026-09-11T22:08:08+08:00,confirmed
2022-01-07,162.0399932861328,162.57000732421875,161.4199981689453,161.77000427246094,149.82937622070312,4051800,Yahoo Finance,RSP,2026-09-11T22:08:08+08:00,confirmed
2022-01-10,161.08999633789062,161.27999877929688,158.8000030517578,160.9600067138672,149.0791778564453,5845200,Yahoo Finance,RSP,2026-09-11T22:08:08+08:00,confirmed
2022-01-11,161.13999938964844,162.52999877929688,159.9600067138672,162.47999572753906,150.48695373535156,4053700,Yahoo Finance,RSP,2026-09-11T22:08:08+08:00,confirmed
2022-01-12,162.97999572753906,163.4600067138672,161.85000610351562,162.61000061035156,150.60736083984375,3526500,Yahoo Finance,RSP,2026-09-11T22:08:08+08:00,confirmed
2022-01-13,163.02999877929688,163.6699981689453,161.49000549316406,161.86000061035156,149.91275024414062,3157800,Yahoo Finance,RSP,2026-09-11T22:08:08+08:00,confirmed
2022-01-14,160.7899932861328,161.72999572753906,159.75,161.5800018310547,149.6533966064453,3948500,Yahoo Finance,RSP,2026-09-11T22:08:08+08:00,confirmed
2022-01-18,160.5,160.5500030517578,158.5399932861328,159.00999450683594,147.27310180664062,4653200,Yahoo Finance,RSP,2026-09-11T22:08:08+08:00,confirmed
2022-01-19,159.7100067138672,160.0,157.3000030517578,157.36000061035156,145.74488830566406,4899600,Yahoo Finance,RSP,2026-09-11T22:08:08+08:00,confirmed
2022-01-20,157.77999877929688,159.58999633789062,155.2100067138672,155.36000061035156,143.8925018310547,7227200,Yahoo Finance,RSP,2026-09-11T22:08:08+08:00,confirmed
2022-01-21,155.14999389648438,156.0399932861328,152.82000732421875,153.08999633789062,141.7900848388672,8646900,Yahoo Finance,RSP,2026-09-11T22:08:08+08:00,confirmed
2022-01-24,151.0399932861328,154.47999572753906,148.16000366210938,154.24000549316406,142.8551788330078,10105000,Yahoo Finance,RSP,2026-09-11T22:08:08+08:00,confirmed
2022-01-25,152.0500030517578,154.3000030517578,149.63999938964844,152.77999877929688,141.50294494628906,6199200,Yahoo Finance,RSP,2026-09-11T22:08:08+08:00,confirmed
2022-01-26,154.0800018310547,155.36000061035156,150.14999389648438,151.5500030517578,140.3637237548828,8083200,Yahoo Finance,RSP,2026-09-11T22:08:08+08:00,confirmed
2022-01-27,153.1300048828125,154.49000549316406,149.86000061035156,150.6999969482422,139.57647705078125,5311300,Yahoo Finance,RSP,2026-09-11T22:08:08+08:00,confirmed
2022-01-28,150.44000244140625,153.27999877929688,148.97000122070312,153.27999877929688,141.96603393554688,5525700,Yahoo Finance,RSP,2026-09-11T22:08:08+08:00,confirmed
2022-01-31,152.5399932861328,155.75999450683594,152.2899932861328,155.63999938964844,144.15184020996094,5070600,Yahoo Finance,RSP,2026-09-11T22:08:08+08:00,confirmed
2022-02-01,155.6999969482422,157.02999877929688,154.64999389648438,156.85000610351562,145.27252197265625,5615600,Yahoo Finance,RSP,2026-09-11T22:08:08+08:00,confirmed
2022-02-02,156.97999572753906,158.1699981689453,156.27000427246094,157.8699951171875,146.21726989746094,4974300,Yahoo Finance,RSP,2026-09-11T22:08:08+08:00,confirmed
2022-02-03,156.8699951171875,157.6199951171875,155.66000366210938,155.8699951171875,144.36483764648438,5293900,Yahoo Finance,RSP,2026-09-11T22:08:08+08:00,confirmed
2022-02-04,155.24000549316406,156.92999267578125,154.16000366210938,155.72999572753906,144.23516845703125,5358900,Yahoo Finance,RSP,2026-09-11T22:08:08+08:00,confirmed
2022-02-07,155.9199981689453,157.00999450683594,155.50999450683594,155.8300018310547,144.32778930664062,2881100,Yahoo Finance,RSP,2026-09-11T22:08:08+08:00,confirmed
2022-02-08,155.9600067138672,157.55999755859375,155.42999267578125,157.25999450683594,145.6522674560547,3488800,Yahoo Finance,RSP,2026-09-11T22:08:08+08:00,confirmed
2022-02-09,158.75999450683594,160.07000732421875,158.5800018310547,159.9199981689453,148.11593627929688,3969700,Yahoo Finance,RSP,2026-09-11T22:08:08+08:00,confirmed
2022-02-10,158.0,160.4499969482422,156.6699981689453,157.39999389648438,145.78195190429688,4940500,Yahoo Finance,RSP,2026-09-11T22:08:08+08:00,confirmed
2022-02-11,157.47999572753906,158.52000427246094,154.74000549316406,155.32000732421875,143.85545349121094,4224800,Yahoo Finance,RSP,2026-09-11T22:08:08+08:00,confirmed
2022-02-14,155.3800048828125,155.75,153.07000732421875,154.0800018310547,142.7069549560547,4231900,Yahoo Finance,RSP,2026-09-11T22:08:08+08:00,confirmed
2022-02-15,155.39999389648438,156.55999755859375,155.22999572753906,156.42999267578125,144.88351440429688,2927000,Yahoo Finance,RSP,2026-09-11T22:08:08+08:00,confirmed
2022-02-16,155.8000030517578,157.38999938964844,155.4600067138672,156.9499969482422,145.3651580810547,4015700,Yahoo Finance,RSP,2026-09-11T22:08:08+08:00,confirmed
2022-02-17,155.75999450683594,156.0,153.8699951171875,154.1300048828125,142.7532958984375,3052100,Yahoo Finance,RSP,2026-09-11T22:08:08+08:00,confirmed
2022-02-18,154.00999450683594,155.1199951171875,152.85000610351562,153.5500030517578,142.2161407470703,3681700,Yahoo Finance,RSP,2026-09-11T22:08:08+08:00,confirmed
2022-02-22,153.3000030517578,153.99000549316406,150.97000122070312,152.02000427246094,140.7990264892578,4534400,Yahoo Finance,RSP,2026-09-11T22:08:08+08:00,confirmed
2022-02-23,153.00999450683594,153.42999267578125,149.49000549316406,149.6699981689453,138.62249755859375,4773700,Yahoo Finance,RSP,2026-09-11T22:08:08+08:00,confirmed
2022-02-24,146.5399932861328,151.27000427246094,146.1199951171875,151.10000610351562,139.9469451904297,8030900,Yahoo Finance,RSP,2026-09-11T22:08:08+08:00,confirmed
2022-02-25,151.47999572753906,155.17999267578125,151.4600067138672,155.16000366210938,143.70729064941406,6433300,Yahoo Finance,RSP,2026-09-11T22:08:08+08:00,confirmed
2022-02-28,152.89999389648438,154.9600067138672,152.39999389648438,154.25,142.8644256591797,6172900,Yahoo Finance,RSP,2026-09-11T22:08:08+08:00,confirmed
2022-03-01,153.5800018310547,154.47999572753906,150.6199951171875,151.60000610351562,140.41004943847656,7314500,Yahoo Finance,RSP,2026-09-11T22:08:08+08:00,confirmed
2022-03-02,152.49000549316406,155.4600067138672,152.4600067138672,154.8300018310547,143.40162658691406,5611900,Yahoo Finance,RSP,2026-09-11T22:08:08+08:00,confirmed
2022-03-03,155.5500030517578,155.8699951171875,153.41000366210938,154.50999450683594,143.10525512695312,4578400,Yahoo Finance,RSP,2026-09-11T22:08:08+08:00,confirmed
2022-03-04,153.0399932861328,153.67999267578125,151.77000427246094,153.5800018310547,142.24391174316406,4066500,Yahoo Finance,RSP,2026-09-11T22:08:08+08:00,confirmed
2022-03-07,153.13999938964844,153.35000610351562,149.22000122070312,149.3300018310547,138.3075714111328,4467100,Yahoo Finance,RSP,2026-09-11T22:08:08+08:00,confirmed
2022-03-08,149.63999938964844,151.77000427246094,148.24000549316406,148.25999450683594,137.31654357910156,5654700,Yahoo Finance,RSP,2026-09-11T22:08:08+08:00,confirmed
2022-03-09,150.91000366210938,152.27000427246094,150.5,151.39999389648438,140.22479248046875,4120100,Yahoo Finance,RSP,2026-09-11T22:08:08+08:00,confirmed
2022-03-10,149.6699981689453,151.3800048828125,149.39999389648438,151.11000061035156,139.95623779296875,2684000,Yahoo Finance,RSP,2026-09-11T22:08:08+08:00,confirmed
2022-03-11,151.9499969482422,152.41000366210938,149.41000366210938,149.52000427246094,138.48358154296875,2091100,Yahoo Finance,RSP,2026-09-11T22:08:08+08:00,confirmed
2022-03-14,150.1699981689453,151.05999755859375,148.36000061035156,148.97000122070312,137.97413635253906,2753400,Yahoo Finance,RSP,2026-09-11T22:08:08+08:00,confirmed
2022-03-15,149.6199951171875,151.60000610351562,149.38999938964844,151.3699951171875,140.19703674316406,3326000,Yahoo Finance,RSP,2026-09-11T22:08:08+08:00,confirmed
2022-03-16,152.47000122070312,154.24000549316406,150.8800048828125,154.22999572753906,142.8459014892578,4260500,Yahoo Finance,RSP,2026-09-11T22:08:08+08:00,confirmed
2022-03-17,153.58999633789062,156.1699981689453,153.44000244140625,156.1699981689453,144.64271545410156,3085000,Yahoo Finance,RSP,2026-09-11T22:08:08+08:00,confirmed
2022-03-18,155.6300048828125,157.33999633789062,155.30999755859375,157.1699981689453,145.5688934326172,2489600,Yahoo Finance,RSP,2026-09-11T22:08:08+08:00,confirmed
2022-03-21,156.3699951171875,157.25,155.05999755859375,156.0800018310547,145.16342163085938,2529300,Yahoo Finance,RSP,2026-09-11T22:08:08+08:00,confirmed
2022-03-22,156.77000427246094,157.7100067138672,156.72000122070312,157.38999938964844,146.3817901611328,2010300,Yahoo Finance,RSP,2026-09-11T22:08:08+08:00,confirmed
2022-03-23,156.6999969482422,156.9199981689453,155.11000061035156,155.13999938964844,144.28916931152344,1802700,Yahoo Finance,RSP,2026-09-11T22:08:08+08:00,confirmed
2022-03-24,155.7100067138672,156.97000122070312,155.17999267578125,156.9499969482422,145.97256469726562,953200,Yahoo Finance,RSP,2026-09-11T22:08:08+08:00,confirmed
2022-03-25,157.33999633789062,158.08999633789062,156.58999633789062,158.02000427246094,146.96771240234375,988100,Yahoo Finance,RSP,2026-09-11T22:08:08+08:00,confirmed
2022-03-28,157.77000427246094,158.49000549316406,156.72999572753906,158.49000549316406,147.40484619140625,1943100,Yahoo Finance,RSP,2026-09-11T22:08:08+08:00,confirmed
2022-03-29,159.86000061035156,161.24000549316406,159.57000732421875,161.1199951171875,149.8509063720703,1903100,Yahoo Finance,RSP,2026-09-11T22:08:08+08:00,confirmed
2022-03-30,160.69000244140625,161.00999450683594,159.1199951171875,159.88999938964844,148.70693969726562,2053100,Yahoo Finance,RSP,2026-09-11T22:08:08+08:00,confirmed
2022-03-31,159.6699981689453,160.1999969482422,157.6300048828125,157.7100067138672,146.67941284179688,2252000,Yahoo Finance,RSP,2026-09-11T22:08:08+08:00,confirmed
2022-04-01,158.4199981689453,158.5500030517578,156.92999267578125,158.22000122070312,147.15374755859375,2171600,Yahoo Finance,RSP,2026-09-11T22:08:08+08:00,confirmed
2022-04-04,158.30999755859375,158.67999267578125,157.49000549316406,158.55999755859375,147.46995544433594,1814300,Yahoo Finance,RSP,2026-09-11T22:08:08+08:00,confirmed
2022-04-05,158.2100067138672,159.0800018310547,156.4499969482422,156.8699951171875,145.8981475830078,1669600,Yahoo Finance,RSP,2026-09-11T22:08:08+08:00,confirmed
2022-04-06,155.7899932861328,156.57000732421875,154.94000244140625,156.0800018310547,145.16342163085938,2000700,Yahoo Finance,RSP,2026-09-11T22:08:08+08:00,confirmed
2022-04-07,155.91000366210938,157.1999969482422,154.7899932861328,156.55999755859375,145.60984802246094,1312300,Yahoo Finance,RSP,2026-09-11T22:08:08+08:00,confirmed
2022-04-08,156.5,157.80999755859375,155.99000549316406,156.88999938964844,145.91677856445312,2334800,Yahoo Finance,RSP,2026-09-11T22:08:08+08:00,confirmed
2022-04-11,156.1199951171875,157.02999877929688,155.19000244140625,155.3699951171875,144.50308227539062,1553500,Yahoo Finance,RSP,2026-09-11T22:08:08+08:00,confirmed
2022-04-12,155.92999267578125,157.27000427246094,154.35000610351562,154.85000610351562,144.01943969726562,2301400,Yahoo Finance,RSP,2026-09-11T22:08:08+08:00,confirmed
2022-04-13,154.99000549316406,156.7899932861328,154.99000549316406,156.60000610351562,145.6470489501953,1957000,Yahoo Finance,RSP,2026-09-11T22:08:08+08:00,confirmed
2022-04-14,156.8000030517578,157.5399932861328,155.47999572753906,155.52999877929688,144.65187072753906,1735500,Yahoo Finance,RSP,2026-09-11T22:08:08+08:00,confirmed
2022-04-18,155.1999969482422,156.0399932861328,154.5,155.1999969482422,144.34494018554688,1922500,Yahoo Finance,RSP,2026-09-11T22:08:08+08:00,confirmed
2022-04-19,155.3000030517578,158.2100067138672,155.3000030517578,157.9499969482422,146.90260314941406,2264000,Yahoo Finance,RSP,2026-09-11T22:08:08+08:00,confirmed
2022-04-20,158.6199951171875,159.77000427246094,158.38999938964844,158.9600067138672,147.84197998046875,2557200,Yahoo Finance,RSP,2026-09-11T22:08:08+08:00,confirmed
2022-04-21,160.25,160.47999572753906,156.33999633789062,156.66000366210938,145.70286560058594,2620800,Yahoo Finance,RSP,2026-09-11T22:08:08+08:00,confirmed
2022-04-22,156.07000732421875,156.16000366210938,152.27000427246094,152.38999938964844,141.73147583007812,3873000,Yahoo Finance,RSP,2026-09-11T22:08:08+08:00,confirmed
2022-04-25,151.5,153.02999877929688,149.41000366210938,152.85000610351562,142.15931701660156,3456600,Yahoo Finance,RSP,2026-09-11T22:08:08+08:00,confirmed
2022-04-26,151.94000244140625,152.2100067138672,149.1300048828125,149.19000244140625,138.7553253173828,2998400,Yahoo Finance,RSP,2026-09-11T22:08:08+08:00,confirmed
2022-04-27,149.52999877929688,151.02999877929688,148.57000732421875,149.47000122070312,139.01573181152344,3588900,Yahoo Finance,RSP,2026-09-11T22:08:08+08:00,confirmed
2022-04-28,150.74000549316406,152.7100067138672,148.72999572753906,152.07000732421875,141.43386840820312,4006200,Yahoo Finance,RSP,2026-09-11T22:08:08+08:00,confirmed
2022-04-29,151.4199981689453,152.27000427246094,147.19000244140625,147.4499969482422,137.1370086669922,4108000,Yahoo Finance,RSP,2026-09-11T22:08:08+08:00,confirmed
2022-05-02,147.60000610351562,148.8300018310547,144.74000549316406,147.85000610351562,137.5090789794922,5308800,Yahoo Finance,RSP,2026-09-11T22:08:08+08:00,confirmed
2022-05-03,148.1199951171875,150.02999877929688,147.9199981689453,149.07000732421875,138.6437225341797,2430400,Yahoo Finance,RSP,2026-09-11T22:08:08+08:00,confirmed
2022-05-04,149.3000030517578,153.4600067138672,148.1699981689453,153.22000122070312,142.50344848632812,2935800,Yahoo Finance,RSP,2026-09-11T22:08:08+08:00,confirmed
2022-05-05,151.91000366210938,152.14999389648438,147.17999267578125,148.61000061035156,138.21588134765625,5450600,Yahoo Finance,RSP,2026-09-11T22:08:08+08:00,confirmed
2022-05-06,147.77000427246094,148.2100067138672,145.2100067138672,147.25,136.95103454589844,3421500,Yahoo Finance,RSP,2026-09-11T22:08:08+08:00,confirmed
2022-05-09,145.27000427246094,145.77000427246094,142.32000732421875,142.8800048828125,132.88668823242188,4993600,Yahoo Finance,RSP,2026-09-11T22:08:08+08:00,confirmed
2022-05-10,144.72999572753906,145.3300018310547,140.66000366210938,142.50999450683594,132.54251098632812,5322100,Yahoo Finance,RSP,2026-09-11T22:08:08+08:00,confirmed
2022-05-11,142.49000549316406,144.8699951171875,140.52000427246094,140.6699981689453,130.8312225341797,3826000,Yahoo Finance,RSP,2026-09-11T22:08:08+08:00,confirmed
2022-05-12,140.0,142.25,138.8800048828125,141.27000427246094,131.38926696777344,4555100,Yahoo Finance,RSP,2026-09-11T22:08:08+08:00,confirmed
2022-05-13,142.58999633789062,145.08999633789062,142.47999572753906,144.5,134.39334106445312,2373400,Yahoo Finance,RSP,2026-09-11T22:08:08+08:00,confirmed
2022-05-16,144.02000427246094,145.1300048828125,142.97000122070312,143.99000549316406,133.91905212402344,2105600,Yahoo Finance,RSP,2026-09-11T22:08:08+08:00,confirmed
2022-05-17,146.02999877929688,147.07000732421875,144.9499969482422,147.0399932861328,136.7556610107422,5057700,Yahoo Finance,RSP,2026-09-11T22:08:08+08:00,confirmed
2022-05-18,145.55999755859375,145.58999633789062,141.00999450683594,141.50999450683594,131.61244201660156,2108300,Yahoo Finance,RSP,2026-09-11T22:08:08+08:00,confirmed
2022-05-19,140.1999969482422,142.77999877929688,139.8800048828125,141.19000244140625,131.31488037109375,2515000,Yahoo Finance,RSP,2026-09-11T22:08:08+08:00,confirmed
2022-05-20,142.36000061035156,142.57000732421875,138.1199951171875,141.19000244140625,131.31488037109375,4302400,Yahoo Finance,RSP,2026-09-11T22:08:08+08:00,confirmed
2022-05-23,142.5800018310547,143.58999633789062,141.1699981689453,143.17999267578125,133.16566467285156,2905500,Yahoo Finance,RSP,2026-09-11T22:08:08+08:00,confirmed
2022-05-24,142.2100067138672,142.6999969482422,139.80999755859375,142.2899932861328,132.33787536621094,4026400,Yahoo Finance,RSP,2026-09-11T22:08:08+08:00,confirmed
2022-05-25,141.83999633789062,144.47000122070312,141.77000427246094,143.92999267578125,133.86318969726562,1937100,Yahoo Finance,RSP,2026-09-11T22:08:08+08:00,confirmed
2022-05-26,144.77000427246094,147.61000061035156,144.77000427246094,146.97000122070312,136.69056701660156,3162500,Yahoo Finance,RSP,2026-09-11T22:08:08+08:00,confirmed
2022-05-27,147.77999877929688,150.33999633789062,147.75,150.33999633789062,139.82492065429688,3196700,Yahoo Finance,RSP,2026-09-11T22:08:08+08:00,confirmed
2022-05-31,149.4600067138672,150.1199951171875,148.13999938964844,148.92999267578125,138.51345825195312,2746200,Yahoo Finance,RSP,2026-09-11T22:08:08+08:00,confirmed
2022-06-01,149.5800018310547,149.88999938964844,146.1300048828125,147.35000610351562,137.04400634765625,2113400,Yahoo Finance,RSP,2026-09-11T22:08:08+08:00,confirmed
2022-06-02,147.4499969482422,149.97999572753906,146.69000244140625,149.94000244140625,139.45285034179688,1872400,Yahoo Finance,RSP,2026-09-11T22:08:08+08:00,confirmed
2022-06-03,148.6199951171875,149.1699981689453,147.88999938964844,148.1699981689453,137.80667114257812,1591900,Yahoo Finance,RSP,2026-09-11T22:08:08+08:00,confirmed
2022-06-06,149.3699951171875,149.91000366210938,148.35000610351562,148.7100067138672,138.30889892578125,2004800,Yahoo Finance,RSP,2026-09-11T22:08:08+08:00,confirmed
2022-06-07,147.4199981689453,150.27999877929688,147.27999877929688,150.1300048828125,139.6295623779297,1581100,Yahoo Finance,RSP,2026-09-11T22:08:08+08:00,confirmed
2022-06-08,149.42999267578125,149.72000122070312,147.7100067138672,148.00999450683594,137.65786743164062,1370300,Yahoo Finance,RSP,2026-09-11T22:08:08+08:00,confirmed
2022-06-09,147.41000366210938,147.7100067138672,144.64999389648438,144.64999389648438,134.53285217285156,1182100,Yahoo Finance,RSP,2026-09-11T22:08:08+08:00,confirmed
2022-06-10,142.38999938964844,142.5,140.7100067138672,140.7100067138672,130.868408203125,2594700,Yahoo Finance,RSP,2026-09-11T22:08:08+08:00,confirmed
2022-06-13,137.4199981689453,137.88999938964844,134.38999938964844,135.0500030517578,125.60430908203124,3705400,Yahoo Finance,RSP,2026-09-11T22:08:08+08:00,confirmed
2022-06-14,135.7899932861328,136.1199951171875,133.16000366210938,134.35000610351562,124.95326232910156,3562600,Yahoo Finance,RSP,2026-09-11T22:08:08+08:00,confirmed
2022-06-15,135.5500030517578,137.4199981689453,133.4499969482422,135.63999938964844,126.15301513671876,2899900,Yahoo Finance,RSP,2026-09-11T22:08:08+08:00,confirmed
2022-06-16,132.85000610351562,132.85000610351562,129.9199981689453,130.83999633789062,121.68875122070312,2967400,Yahoo Finance,RSP,2026-09-11T22:08:08+08:00,confirmed
2022-06-17,131.14999389648438,132.25999450683594,129.55999755859375,131.13999938964844,121.9677734375,3359100,Yahoo Finance,RSP,2026-09-11T22:08:08+08:00,confirmed
2022-06-21,132.3800048828125,133.25999450683594,132.0399932861328,132.69000244140625,124.07447814941406,1833300,Yahoo Finance,RSP,2026-09-11T22:08:08+08:00,confirmed
2022-06-22,131.07000732421875,133.82000732421875,130.88999938964844,132.6199951171875,124.00904083251952,3062800,Yahoo Finance,RSP,2026-09-11T22:08:08+08:00,confirmed
2022-06-23,133.22000122070312,133.97000122070312,131.99000549316406,133.72000122070312,125.03759765625,2607900,Yahoo Finance,RSP,2026-09-11T22:08:08+08:00,confirmed
2022-06-24,134.85000610351562,138.1199951171875,134.8000030517578,138.07000732421875,129.1051788330078,2259500,Yahoo Finance,RSP,2026-09-11T22:08:08+08:00,confirmed
2022-06-27,138.49000549316406,138.77999877929688,137.27000427246094,138.0,129.0397186279297,2063000,Yahoo Finance,RSP,2026-09-11T22:08:08+08:00,confirmed
2022-06-28,138.75,139.94000244140625,135.77999877929688,135.89999389648438,127.07604217529295,1664200,Yahoo Finance,RSP,2026-09-11T22:08:08+08:00,confirmed
2022-06-29,135.94000244140625,135.97000122070312,134.3000030517578,135.07000732421875,126.29995727539062,2203500,Yahoo Finance,RSP,2026-09-11T22:08:08+08:00,confirmed
2022-06-30,133.5399932861328,135.4499969482422,132.5,134.22999572753906,125.51451110839844,1868600,Yahoo Finance,RSP,2026-09-11T22:08:08+08:00,confirmed
2022-07-01,133.97999572753906,136.17999267578125,133.1999969482422,135.8699951171875,127.0479736328125,2679100,Yahoo Finance,RSP,2026-09-11T22:08:08+08:00,confirmed
2022-07-05,134.02999877929688,135.57000732421875,132.4600067138672,135.5500030517578,126.748779296875,1646500,Yahoo Finance,RSP,2026-09-11T22:08:08+08:00,confirmed
2022-07-06,135.52000427246094,136.50999450683594,134.39999389648438,135.5800018310547,126.7768325805664,1318500,Yahoo Finance,RSP,2026-09-11T22:08:08+08:00,confirmed
2022-07-07,136.4499969482422,137.85000610351562,136.42999267578125,137.5500030517578,128.61892700195312,1481400,Yahoo Finance,RSP,2026-09-11T22:08:08+08:00,confirmed
2022-07-08,137.3699951171875,137.94000244140625,136.27999877929688,137.0399932861328,128.14202880859375,1120400,Yahoo Finance,RSP,2026-09-11T22:08:08+08:00,confirmed
2022-07-11,136.0399932861328,136.52999877929688,135.5500030517578,135.77999877929688,126.96385192871094,1346600,Yahoo Finance,RSP,2026-09-11T22:08:08+08:00,confirmed
2022-07-12,135.25,136.69000244140625,134.50999450683594,135.1300048828125,126.35604858398438,1622200,Yahoo Finance,RSP,2026-09-11T22:08:08+08:00,confirmed
2022-07-13,133.30999755859375,135.22000122070312,132.8000030517578,134.3800048828125,125.6547393798828,1679700,Yahoo Finance,RSP,2026-09-11T22:08:08+08:00,confirmed
2022-07-14,132.24000549316406,133.49000549316406,131.47999572753906,133.32000732421875,124.66355895996094,1818900,Yahoo Finance,RSP,2026-09-11T22:08:08+08:00,confirmed
2022-07-15,134.91000366210938,135.88999938964844,133.86000061035156,135.85000610351562,127.02932739257812,1669400,Yahoo Finance,RSP,2026-09-11T22:08:08+08:00,confirmed
2022-07-18,136.9600067138672,137.2899932861328,134.8000030517578,135.25999450683594,126.47760009765624,1122600,Yahoo Finance,RSP,2026-09-11T22:08:08+08:00,confirmed
2022-07-19,136.67999267578125,139.4199981689453,136.67999267578125,139.13999938964844,130.1056671142578,1441400,Yahoo Finance,RSP,2026-09-11T22:08:08+08:00,confirmed
2022-07-20,138.97000122070312,140.41000366210938,138.7100067138672,140.07000732421875,130.97531127929688,2179800,Yahoo Finance,RSP,2026-09-11T22:08:08+08:00,confirmed
2022-07-21,139.58999633789062,141.16000366210938,138.91000366210938,141.16000366210938,131.99452209472656,1331500,Yahoo Finance,RSP,2026-09-11T22:08:08+08:00,confirmed
2022-07-22,141.41000366210938,141.97000122070312,139.4600067138672,140.33999633789062,131.227783203125,1215400,Yahoo Finance,RSP,2026-09-11T22:08:08+08:00,confirmed
2022-07-25,140.60000610351562,140.97000122070312,139.7100067138672,140.69000244140625,131.5550537109375,1571600,Yahoo Finance,RSP,2026-09-11T22:08:08+08:00,confirmed
2022-07-26,140.25,140.25999450683594,139.25,139.58999633789062,130.52645874023438,903500,Yahoo Finance,RSP,2026-09-11T22:08:08+08:00,confirmed
2022-07-27,140.3300018310547,142.82000732421875,140.08999633789062,142.3000030517578,133.06048583984375,2192800,Yahoo Finance,RSP,2026-09-11T22:08:08+08:00,confirmed
2022-07-28,142.63999938964844,144.67999267578125,141.5399932861328,144.5500030517578,135.16439819335938,2438200,Yahoo Finance,RSP,2026-09-11T22:08:08+08:00,confirmed
2022-07-29,144.52999877929688,146.1999969482422,144.2100067138672,145.83999633789062,136.3706512451172,1981900,Yahoo Finance,RSP,2026-09-11T22:08:08+08:00,confirmed
2022-08-01,145.11000061035156,146.0399932861328,144.36000061035156,145.55999755859375,136.10885620117188,2047000,Yahoo Finance,RSP,2026-09-11T22:08:08+08:00,confirmed
2022-08-02,145.02000427246094,146.25999450683594,144.24000549316406,144.52999877929688,135.14569091796875,1446900,Yahoo Finance,RSP,2026-09-11T22:08:08+08:00,confirmed
2022-08-03,145.27999877929688,146.41000366210938,144.77000427246094,146.02999877929688,136.5482940673828,1772500,Yahoo Finance,RSP,2026-09-11T22:08:08+08:00,confirmed
2022-08-04,145.85000610351562,146.17999267578125,145.5,145.72000122070312,136.2584686279297,1662700,Yahoo Finance,RSP,2026-09-11T22:08:08+08:00,confirmed
2022-08-05,144.4199981689453,146.07000732421875,144.30999755859375,145.8800048828125,136.4080810546875,1454500,Yahoo Finance,RSP,2026-09-11T22:08:08+08:00,confirmed
2022-08-08,146.67999267578125,147.6999969482422,146.02999877929688,146.2899932861328,136.79144287109375,1441500,Yahoo Finance,RSP,2026-09-11T22:08:08+08:00,confirmed
2022-08-09,146.10000610351562,146.2100067138672,145.00999450683594,145.44000244140625,135.9966583251953,1237700,Yahoo Finance,RSP,2026-09-11T22:08:08+08:00,confirmed
2022-08-10,147.83999633789062,148.75999450683594,147.6300048828125,148.5500030517578,138.90467834472656,3283100,Yahoo Finance,RSP,2026-09-11T22:08:08+08:00,confirmed
2022-08-11,149.58999633789062,150.89999389648438,148.9499969482422,149.2100067138672,139.52182006835938,3091600,Yahoo Finance,RSP,2026-09-11T22:08:08+08:00,confirmed
2022-08-12,149.88999938964844,151.63999938964844,149.67999267578125,151.6199951171875,141.7753448486328,2342600,Yahoo Finance,RSP,2026-09-11T22:08:08+08:00,confirmed
2022-08-15,150.72000122070312,152.1300048828125,150.63999938964844,151.9499969482422,142.0839080810547,2753200,Yahoo Finance,RSP,2026-09-11T22:08:08+08:00,confirmed
2022-08-16,151.50999450683594,153.10000610351562,151.38999938964844,152.38999938964844,142.49534606933594,1361700,Yahoo Finance,RSP,2026-09-11T22:08:08+08:00,confirmed
2022-08-17,151.02999877929688,151.80999755859375,150.1300048828125,150.9600067138672,141.158203125,1394100,Yahoo Finance,RSP,2026-09-11T22:08:08+08:00,confirmed
2022-08-18,151.0500030517578,151.63999938964844,150.66000366210938,151.44000244140625,141.60708618164062,1148500,Yahoo Finance,RSP,2026-09-11T22:08:08+08:00,confirmed
2022-08-19,150.41000366210938,150.55999755859375,149.02000427246094,149.44000244140625,139.73690795898438,997400,Yahoo Finance,RSP,2026-09-11T22:08:08+08:00,confirmed
2022-08-22,147.75,147.75,145.94000244140625,146.32000732421875,136.8195037841797,2248300,Yahoo Finance,RSP,2026-09-11T22:08:08+08:00,confirmed
2022-08-23,146.38999938964844,147.1699981689453,145.75999450683594,145.94000244140625,136.4641571044922,1557400,Yahoo Finance,RSP,2026-09-11T22:08:08+08:00,confirmed
2022-08-24,145.97000122070312,147.1699981689453,145.72000122070312,146.6699981689453,137.14674377441406,878800,Yahoo Finance,RSP,2026-09-11T22:08:08+08:00,confirmed
2022-08-25,147.27000427246094,148.92999267578125,147.07000732421875,148.92999267578125,139.26002502441406,1779700,Yahoo Finance,RSP,2026-09-11T22:08:08+08:00,confirmed
2022-08-26,149.10000610351562,149.1300048828125,144.07000732421875,144.1300048828125,134.77169799804688,1560500,Yahoo Finance,RSP,2026-09-11T22:08:08+08:00,confirmed
2022-08-29,143.07000732421875,144.47000122070312,142.69000244140625,143.2899932861328,133.9862060546875,2167300,Yahoo Finance,RSP,2026-09-11T22:08:08+08:00,confirmed
2022-08-30,143.72999572753906,143.77999877929688,141.17999267578125,141.77999877929688,132.57427978515625,2164600,Yahoo Finance,RSP,2026-09-11T22:08:08+08:00,confirmed
2022-08-31,142.27999877929688,142.72000122070312,140.61000061035156,140.75999450683594,131.62049865722656,2165500,Yahoo Finance,RSP,2026-09-11T22:08:08+08:00,confirmed
2022-09-01,139.80999755859375,140.99000549316406,138.63999938964844,140.8800048828125,131.7327117919922,1838600,Yahoo Finance,RSP,2026-09-11T22:08:08+08:00,confirmed
2022-09-02,142.33999633789062,142.9499969482422,139.2100067138672,139.86000061035156,130.77891540527344,1296200,Yahoo Finance,RSP,2026-09-11T22:08:08+08:00,confirmed
2022-09-06,140.3000030517578,140.49000549316406,138.52999877929688,139.47000122070312,130.41427612304688,1868500,Yahoo Finance,RSP,2026-09-11T22:08:08+08:00,confirmed
2022-09-07,139.35000610351562,142.75999450683594,139.3300018310547,142.52999877929688,133.2755889892578,2094900,Yahoo Finance,RSP,2026-09-11T22:08:08+08:00,confirmed
2022-09-08,141.69000244140625,143.82000732421875,141.1199951171875,143.75999450683594,134.42572021484375,2110200,Yahoo Finance,RSP,2026-09-11T22:08:08+08:00,confirmed
2022-09-09,144.72999572753906,146.11000061035156,144.5,145.74000549316406,136.27716064453125,1548200,Yahoo Finance,RSP,2026-09-11T22:08:08+08:00,confirmed
2022-09-12,146.58999633789062,147.4499969482422,146.25999450683594,147.10000610351562,137.54884338378906,1844600,Yahoo Finance,RSP,2026-09-11T22:08:08+08:00,confirmed
2022-09-13,143.9600067138672,144.35000610351562,140.8699951171875,141.27999877929688,132.1067352294922,2008000,Yahoo Finance,RSP,2026-09-11T22:08:08+08:00,confirmed
2022-09-14,141.5500030517578,141.8000030517578,140.07000732421875,141.27000427246094,132.09739685058594,1575900,Yahoo Finance,RSP,2026-09-11T22:08:08+08:00,confirmed
2022-09-15,140.86000061035156,142.25999450683594,139.7899932861328,140.14999389648438,131.05007934570312,1678700,Yahoo Finance,RSP,2026-09-11T22:08:08+08:00,confirmed
2022-09-16,138.61000061035156,139.0399932861328,137.5800018310547,138.75,129.740966796875,2430900,Yahoo Finance,RSP,2026-09-11T22:08:08+08:00,confirmed
2022-09-19,136.86000061035156,139.22000122070312,136.86000061035156,139.14999389648438,130.70852661132812,1283100,Yahoo Finance,RSP,2026-09-11T22:08:08+08:00,confirmed
2022-09-20,138.00999450683594,138.10000610351562,135.9199981689453,136.91000366210938,128.60440063476562,1497600,Yahoo Finance,RSP,2026-09-11T22:08:08+08:00,confirmed
2022-09-21,137.63999938964844,138.8000030517578,134.63999938964844,134.63999938964844,126.4721221923828,2226800,Yahoo Finance,RSP,2026-09-11T22:08:08+08:00,confirmed
2022-09-22,134.55999755859375,134.7100067138672,132.60000610351562,132.7100067138672,124.65921020507812,3304900,Yahoo Finance,RSP,2026-09-11T22:08:08+08:00,confirmed
2022-09-23,131.3800048828125,131.3800048828125,128.69000244140625,130.47999572753906,122.56448364257812,4099600,Yahoo Finance,RSP,2026-09-11T22:08:08+08:00,confirmed
2022-09-26,129.99000549316406,130.97999572753906,128.08999633789062,128.58999633789062,120.78913879394533,2987200,Yahoo Finance,RSP,2026-09-11T22:08:08+08:00,confirmed
2022-09-27,129.86000061035156,130.57000732421875,127.26000213623048,128.17999267578125,120.4040069580078,2756000,Yahoo Finance,RSP,2026-09-11T22:08:08+08:00,confirmed
2022-09-28,128.9499969482422,131.80999755859375,128.4499969482422,131.16000366210938,123.2032241821289,4854500,Yahoo Finance,RSP,2026-09-11T22:08:08+08:00,confirmed
2022-09-29,129.97000122070312,130.0,127.73999786376952,128.67999267578125,120.87369537353516,3154600,Yahoo Finance,RSP,2026-09-11T22:08:08+08:00,confirmed
2022-09-30,128.57000732421875,129.85000610351562,127.08000183105467,127.27999877929688,119.5586166381836,2548300,Yahoo Finance,RSP,2026-09-11T22:08:08+08:00,confirmed
2022-10-03,128.6699981689453,131.60000610351562,127.94000244140624,130.8300018310547,122.89325714111328,4943300,Yahoo Finance,RSP,2026-09-11T22:08:08+08:00,confirmed
2022-10-04,132.85000610351562,135.36000061035156,132.80999755859375,135.33999633789062,127.12966918945312,4074600,Yahoo Finance,RSP,2026-09-11T22:08:08+08:00,confirmed
2022-10-05,133.69000244140625,135.69000244140625,132.8000030517578,134.80999755859375,126.6318130493164,2399300,Yahoo Finance,RSP,2026-09-11T22:08:08+08:00,confirmed
2022-10-06,134.25999450683594,135.3000030517578,133.0800018310547,133.30999755859375,125.22282409667967,1698900,Yahoo Finance,RSP,2026-09-11T22:08:08+08:00,confirmed
2022-10-07,132.00999450683594,132.1999969482422,129.38999938964844,130.14999389648438,122.25447845458984,3197700,Yahoo Finance,RSP,2026-09-11T22:08:08+08:00,confirmed
2022-10-10,130.61000061035156,130.75999450683594,128.39999389648438,129.27000427246094,121.42790985107422,3571800,Yahoo Finance,RSP,2026-09-11T22:08:08+08:00,confirmed
2022-10-11,128.7899932861328,130.44000244140625,127.7300033569336,128.69000244140625,120.8830795288086,2521900,Yahoo Finance,RSP,2026-09-11T22:08:08+08:00,confirmed
2022-10-12,128.74000549316406,129.13999938964844,127.91000366210938,128.02000427246094,120.25373077392578,2419900,Yahoo Finance,RSP,2026-09-11T22:08:08+08:00,confirmed
2022-10-13,125.45999908447266,131.6999969482422,124.91999816894533,131.10000610351562,123.14688110351562,4820200,Yahoo Finance,RSP,2026-09-11T22:08:08+08:00,confirmed
2022-10-14,131.97999572753906,132.6999969482422,127.91999816894533,128.1999969482422,120.4228057861328,2663400,Yahoo Finance,RSP,2026-09-11T22:08:08+08:00,confirmed
2022-10-17,130.30999755859375,131.67999267578125,130.30999755859375,130.99000549316406,123.04354858398438,2500700,Yahoo Finance,RSP,2026-09-11T22:08:08+08:00,confirmed
2022-10-18,133.50999450683594,134.2100067138672,131.6699981689453,132.92999267578125,124.8658676147461,4707000,Yahoo Finance,RSP,2026-09-11T22:08:08+08:00,confirmed
2022-10-19,132.00999450683594,132.77999877929688,130.3699951171875,131.36000061035156,123.39109802246094,2030400,Yahoo Finance,RSP,2026-09-11T22:08:08+08:00,confirmed
2022-10-20,131.52999877929688,132.77000427246094,129.6199951171875,129.89999389648438,122.0196762084961,2821500,Yahoo Finance,RSP,2026-09-11T22:08:08+08:00,confirmed
2022-10-21,129.88999938964844,133.05999755859375,129.27999877929688,132.8699951171875,124.80949401855467,2535100,Yahoo Finance,RSP,2026-09-11T22:08:08+08:00,confirmed
2022-10-24,133.52000427246094,134.72000122070312,132.6699981689453,134.35000610351562,126.19971466064452,2637600,Yahoo Finance,RSP,2026-09-11T22:08:08+08:00,confirmed
2022-10-25,134.36000061035156,137.0500030517578,134.27000427246094,136.92999267578125,128.62318420410156,3735900,Yahoo Finance,RSP,2026-09-11T22:08:08+08:00,confirmed
2022-10-26,137.05999755859375,138.8699951171875,136.80999755859375,137.1999969482422,128.87681579589844,2762100,Yahoo Finance,RSP,2026-09-11T22:08:08+08:00,confirmed
2022-10-27,138.0,139.14999389648438,137.1699981689453,137.3300018310547,128.99896240234375,2734800,Yahoo Finance,RSP,2026-09-11T22:08:08+08:00,confirmed
2022-10-28,137.39999389648438,140.3300018310547,137.22000122070312,140.17999267578125,131.67605590820312,3407200,Yahoo Finance,RSP,2026-09-11T22:08:08+08:00,confirmed
2022-10-31,139.44000244140625,140.4499969482422,139.11000061035156,139.55999755859375,131.0936279296875,3715700,Yahoo Finance,RSP,2026-09-11T22:08:08+08:00,confirmed
2022-11-01,141.02999877929688,141.22999572753906,139.25,139.89999389648438,131.41302490234375,3684400,Yahoo Finance,RSP,2026-09-11T22:08:08+08:00,confirmed
2022-11-02,139.63999938964844,143.5500030517578,136.49000549316406,136.49000549316406,128.2098846435547,4326800,Yahoo Finance,RSP,2026-09-11T22:08:08+08:00,confirmed
2022-11-03,135.0800018310547,136.74000549316406,134.08999633789062,135.8000030517578,127.56173706054688,4013800,Yahoo Finance,RSP,2026-09-11T22:08:08+08:00,confirmed
2022-11-04,137.6999969482422,138.83999633789062,135.74000549316406,137.91000366210938,129.54371643066406,5355300,Yahoo Finance,RSP,2026-09-11T22:08:08+08:00,confirmed
2022-11-07,138.47000122070312,139.1999969482422,137.5399932861328,139.00999450683594,130.5770263671875,3693600,Yahoo Finance,RSP,2026-09-11T22:08:08+08:00,confirmed
2022-11-08,139.36000061035156,141.1300048828125,138.33999633789062,139.83999633789062,131.3566436767578,6172400,Yahoo Finance,RSP,2026-09-11T22:08:08+08:00,confirmed
2022-11-09,138.9199981689453,139.6999969482422,137.1199951171875,137.3300018310547,128.99896240234375,2566800,Yahoo Finance,RSP,2026-09-11T22:08:08+08:00,confirmed
2022-11-10,142.07000732421875,144.8800048828125,141.75,144.69000244140625,135.9124755859375,6723100,Yahoo Finance,RSP,2026-09-11T22:08:08+08:00,confirmed
2022-11-11,145.17999267578125,146.5800018310547,144.74000549316406,146.0800018310547,137.2181396484375,7571900,Yahoo Finance,RSP,2026-09-11T22:08:08+08:00,confirmed
2022-11-14,145.55999755859375,146.6199951171875,144.41000366210938,144.49000549316406,135.72457885742188,3673600,Yahoo Finance,RSP,2026-09-11T22:08:08+08:00,confirmed
2022-11-15,146.63999938964844,146.9600067138672,144.4600067138672,145.85000610351562,137.00204467773438,3981800,Yahoo Finance,RSP,2026-09-11T22:08:08+08:00,confirmed
2022-11-16,145.13999938964844,145.32000732421875,144.00999450683594,144.3000030517578,135.54608154296875,4210900,Yahoo Finance,RSP,2026-09-11T22:08:08+08:00,confirmed
2022-11-17,142.3699951171875,143.49000549316406,141.75,143.4600067138672,134.757080078125,5512600,Yahoo Finance,RSP,2026-09-11T22:08:08+08:00,confirmed
2022-11-18,144.91000366210938,145.16000366210938,143.33999633789062,144.52999877929688,135.76214599609375,3439700,Yahoo Finance,RSP,2026-09-11T22:08:08+08:00,confirmed
2022-11-21,143.91000366210938,144.6699981689453,143.55999755859375,144.47000122070312,135.705810546875,1938100,Yahoo Finance,RSP,2026-09-11T22:08:08+08:00,confirmed
2022-11-22,145.25999450683594,146.4600067138672,144.92999267578125,146.38999938964844,137.50933837890625,3184200,Yahoo Finance,RSP,2026-09-11T22:08:08+08:00,confirmed
2022-11-23,146.14999389648438,147.24000549316406,146.0800018310547,147.0,138.08233642578125,2213200,Yahoo Finance,RSP,2026-09-11T22:08:08+08:00,confirmed
2022-11-25,147.0,147.5,147.0,147.5,138.55198669433594,825500,Yahoo Finance,RSP,2026-09-11T22:08:08+08:00,confirmed
2022-11-28,146.27999877929688,146.74000549316406,144.5800018310547,144.8699951171875,136.08154296875,1915600,Yahoo Finance,RSP,2026-09-11T22:08:08+08:00,confirmed
2022-11-29,145.13999938964844,145.7899932861328,144.6300048828125,145.3300018310547,136.51361083984375,2202100,Yahoo Finance,RSP,2026-09-11T22:08:08+08:00,confirmed
2022-11-30,145.5,148.88999938964844,144.32000732421875,148.82000732421875,139.79193115234375,4546500,Yahoo Finance,RSP,2026-09-11T22:08:08+08:00,confirmed
2022-12-01,149.6199951171875,150.1999969482422,148.35000610351562,149.02999877929688,139.9891815185547,3723600,Yahoo Finance,RSP,2026-09-11T22:08:08+08:00,confirmed
2022-12-02,147.1699981689453,149.36000061035156,147.1699981689453,148.94000244140625,139.90464782714844,2260600,Yahoo Finance,RSP,2026-09-11T22:08:08+08:00,confirmed
2022-12-05,147.8800048828125,147.97000122070312,145.6199951171875,146.05999755859375,137.19935607910156,2811400,Yahoo Finance,RSP,2026-09-11T22:08:08+08:00,confirmed
2022-12-06,146.10000610351562,146.27000427246094,143.47000122070312,144.4600067138672,135.69638061523438,2693600,Yahoo Finance,RSP,2026-09-11T22:08:08+08:00,confirmed
2022-12-07,144.05999755859375,145.27000427246094,143.91000366210938,144.22000122070312,135.47096252441406,2269900,Yahoo Finance,RSP,2026-09-11T22:08:08+08:00,confirmed
2022-12-08,145.07000732421875,145.8699951171875,144.50999450683594,145.14999389648438,136.34451293945312,2570600,Yahoo Finance,RSP,2026-09-11T22:08:08+08:00,confirmed
2022-12-09,144.66000366210938,145.41000366210938,143.97000122070312,144.02999877929688,135.29248046875,1650200,Yahoo Finance,RSP,2026-09-11T22:08:08+08:00,confirmed
2022-12-12,144.27000427246094,146.14999389648438,143.8699951171875,146.14999389648438,137.28387451171875,1914200,Yahoo Finance,RSP,2026-09-11T22:08:08+08:00,confirmed
2022-12-13,150.0800018310547,150.0800018310547,146.1199951171875,147.1699981689453,138.2420196533203,4117400,Yahoo Finance,RSP,2026-09-11T22:08:08+08:00,confirmed
2022-12-14,147.10000610351562,148.36000061035156,145.22999572753906,146.3000030517578,137.42478942871094,2919500,Yahoo Finance,RSP,2026-09-11T22:08:08+08:00,confirmed
2022-12-15,144.4600067138672,144.72000122070312,142.5500030517578,143.08999633789062,134.40951538085938,3411200,Yahoo Finance,RSP,2026-09-11T22:08:08+08:00,confirmed
2022-12-16,141.8300018310547,142.24000549316406,140.42999267578125,141.36000061035156,132.78445434570312,2988000,Yahoo Finance,RSP,2026-09-11T22:08:08+08:00,confirmed
2022-12-19,140.86000061035156,141.14999389648438,138.9600067138672,139.6300048828125,131.69789123535156,4400500,Yahoo Finance,RSP,2026-09-11T22:08:08+08:00,confirmed
2022-12-20,139.4600067138672,140.36000061035156,139.00999450683594,139.77000427246094,131.8299102783203,2076800,Yahoo Finance,RSP,2026-09-11T22:08:08+08:00,confirmed
2022-12-21,140.94000244140625,142.27000427246094,140.77999877929688,141.92999267578125,133.86724853515625,3052200,Yahoo Finance,RSP,2026-09-11T22:08:08+08:00,confirmed
2022-12-22,140.8300018310547,140.88999938964844,138.00999450683594,140.38999938964844,132.41470336914062,3763300,Yahoo Finance,RSP,2026-09-11T22:08:08+08:00,confirmed
2022-12-23,140.27999877929688,141.33999633789062,139.57000732421875,141.2899932861328,133.26358032226562,2284500,Yahoo Finance,RSP,2026-09-11T22:08:08+08:00,confirmed
2022-12-27,141.4199981689453,141.85000610351562,140.55999755859375,141.3800048828125,133.34848022460938,2010700,Yahoo Finance,RSP,2026-09-11T22:08:08+08:00,confirmed
2022-12-28,141.47999572753906,141.89999389648438,139.32000732421875,139.35000610351562,131.43380737304688,2306100,Yahoo Finance,RSP,2026-09-11T22:08:08+08:00,confirmed
2022-12-29,140.27999877929688,142.22000122070312,140.13999938964844,141.8300018310547,133.77294921875,2587400,Yahoo Finance,RSP,2026-09-11T22:08:08+08:00,confirmed
2022-12-30,140.94000244140625,141.33999633789062,139.9600067138672,141.25,133.22589111328125,2805100,Yahoo Finance,RSP,2026-09-11T22:08:08+08:00,confirmed
2023-01-03,142.0800018310547,142.83999633789062,140.0,141.1199951171875,133.10324096679688,3859700,Yahoo Finance,RSP,2026-09-11T22:08:08+08:00,confirmed
2023-01-04,142.0800018310547,143.9199981689453,141.85000610351562,143.32000732421875,135.1782684326172,2506200,Yahoo Finance,RSP,2026-09-11T22:08:08+08:00,confirmed
2023-01-05,142.38999938964844,142.52999877929688,141.39999389648438,141.8300018310547,133.77294921875,2243500,Yahoo Finance,RSP,2026-09-11T22:08:08+08:00,confirmed
2023-01-06,143.32000732421875,145.63999938964844,142.30999755859375,145.22999572753906,136.97979736328125,2841600,Yahoo Finance,RSP,2026-09-11T22:08:08+08:00,confirmed
2023-01-09,145.97000122070312,147.14999389648438,145.22000122070312,145.2899932861328,137.036376953125,2701400,Yahoo Finance,RSP,2026-09-11T22:08:08+08:00,confirmed
2023-01-10,145.10000610351562,146.41000366210938,144.64999389648438,146.3800048828125,138.06446838378906,2115300,Yahoo Finance,RSP,2026-09-11T22:08:08+08:00,confirmed
2023-01-11,146.97000122070312,148.17999267578125,146.8000030517578,148.16000366210938,139.74334716796875,3979800,Yahoo Finance,RSP,2026-09-11T22:08:08+08:00,confirmed
2023-01-12,148.61000061035156,149.24000549316406,147.22000122070312,148.72000122070312,140.2715301513672,2916800,Yahoo Finance,RSP,2026-09-11T22:08:08+08:00,confirmed
2023-01-13,147.52999877929688,149.27000427246094,147.30999755859375,149.07000732421875,140.6016387939453,2069900,Yahoo Finance,RSP,2026-09-11T22:08:08+08:00,confirmed
2023-01-17,148.97000122070312,149.66000366210938,148.55999755859375,148.74000549316406,140.29037475585938,3228600,Yahoo Finance,RSP,2026-09-11T22:08:08+08:00,confirmed
2023-01-18,149.3300018310547,149.67999267578125,146.3699951171875,146.4499969482422,138.13046264648438,2689300,Yahoo Finance,RSP,2026-09-11T22:08:08+08:00,confirmed
2023-01-19,145.5500030517578,145.82000732421875,144.3699951171875,144.94000244140625,136.70628356933594,2753100,Yahoo Finance,RSP,2026-09-11T22:08:08+08:00,confirmed
2023-01-20,145.44000244140625,147.5399932861328,144.55999755859375,147.4600067138672,139.08311462402344,2564800,Yahoo Finance,RSP,2026-09-11T22:08:08+08:00,confirmed
2023-01-23,147.7899932861328,149.9499969482422,147.5,149.3300018310547,140.8468780517578,2475700,Yahoo Finance,RSP,2026-09-11T22:08:08+08:00,confirmed
2023-01-24,148.89999389648438,149.3699951171875,148.02999877929688,148.97999572753906,140.51675415039062,2383300,Yahoo Finance,RSP,2026-09-11T22:08:08+08:00,confirmed
2023-01-25,147.72999572753906,149.35000610351562,146.9499969482422,149.32000732421875,140.8374481201172,2948800,Yahoo Finance,RSP,2026-09-11T22:08:08+08:00,confirmed
2023-01-26,150.14999389648438,150.61000061035156,149.0,150.52000427246094,141.96926879882812,4367800,Yahoo Finance,RSP,2026-09-11T22:08:08+08:00,confirmed
2023-01-27,150.2100067138672,151.5399932861328,149.97999572753906,150.8000030517578,142.2333526611328,2888300,Yahoo Finance,RSP,2026-09-11T22:08:08+08:00,confirmed
2023-01-30,149.72999572753906,150.86000061035156,149.10000610351562,149.1999969482422,140.72421264648438,2587000,Yahoo Finance,RSP,2026-09-11T22:08:08+08:00,confirmed
2023-01-31,149.5800018310547,151.72999572753906,149.24000549316406,151.72999572753906,143.1105499267578,3279900,Yahoo Finance,RSP,2026-09-11T22:08:08+08:00,confirmed
2023-02-01,150.94000244140625,154.2899932861328,150.22999572753906,153.27999877929688,144.57247924804688,3688100,Yahoo Finance,RSP,2026-09-11T22:08:08+08:00,confirmed
2023-02-02,154.35000610351562,155.72000122070312,153.6999969482422,154.9600067138672,146.15704345703125,4528000,Yahoo Finance,RSP,2026-09-11T22:08:08+08:00,confirmed
2023-02-03,153.3800048828125,154.27999877929688,152.6300048828125,153.05999755859375,144.36497497558594,4671900,Yahoo Finance,RSP,2026-09-11T22:08:08+08:00,confirmed
2023-02-06,152.07000732421875,152.4600067138672,151.47000122070312,151.97999572753906,143.34634399414062,1874000,Yahoo Finance,RSP,2026-09-11T22:08:08+08:00,confirmed
2023-02-07,151.63999938964844,153.85000610351562,150.77000427246094,153.39999389648438,144.68563842773438,4267400,Yahoo Finance,RSP,2026-09-11T22:08:08+08:00,confirmed
2023-02-08,152.58999633789062,153.13999938964844,151.60000610351562,151.88999938964844,143.26141357421875,2797000,Yahoo Finance,RSP,2026-09-11T22:08:08+08:00,confirmed
2023-02-09,153.07000732421875,153.36000061035156,150.05999755859375,150.5,141.9503936767578,2179500,Yahoo Finance,RSP,2026-09-11T22:08:08+08:00,confirmed
2023-02-10,150.08999633789062,151.10000610351562,149.80999755859375,150.9600067138672,142.38426208496094,2329900,Yahoo Finance,RSP,2026-09-11T22:08:08+08:00,confirmed
2023-02-13,151.13999938964844,152.6699981689453,150.85000610351562,152.64999389648438,143.97825622558594,2036100,Yahoo Finance,RSP,2026-09-11T22:08:08+08:00,confirmed
2023-02-14,152.25999450683594,153.4600067138672,151.02000427246094,152.36000061035156,143.7047576904297,3398000,Yahoo Finance,RSP,2026-09-11T22:08:08+08:00,confirmed
2023-02-15,151.60000610351562,153.10000610351562,151.3000030517578,153.0800018310547,144.38381958007812,1892400,Yahoo Finance,RSP,2026-09-11T22:08:08+08:00,confirmed
2023-02-16,151.2899932861328,152.74000549316406,150.92999267578125,151.35000610351562,142.75213623046875,2223700,Yahoo Finance,RSP,2026-09-11T22:08:08+08:00,confirmed
2023-02-17,150.7100067138672,151.14999389648438,149.80999755859375,151.02999877929688,142.45028686523438,1673900,Yahoo Finance,RSP,2026-09-11T22:08:08+08:00,confirmed
2023-02-21,149.7100067138672,149.8000030517578,147.52000427246094,147.75,139.3566436767578,2587800,Yahoo Finance,RSP,2026-09-11T22:08:08+08:00,confirmed
2023-02-22,147.85000610351562,148.50999450683594,146.99000549316406,147.57000732421875,139.1868438720703,3720800,Yahoo Finance,RSP,2026-09-11T22:08:08+08:00,confirmed
2023-02-23,148.47000122070312,148.80999755859375,146.55999755859375,148.1199951171875,139.7056121826172,2632600,Yahoo Finance,RSP,2026-09-11T22:08:08+08:00,confirmed
2023-02-24,146.3699951171875,147.16000366210938,145.6699981689453,146.85000610351562,138.5077667236328,3517500,Yahoo Finance,RSP,2026-09-11T22:08:08+08:00,confirmed
2023-02-27,148.10000610351562,148.6699981689453,146.67999267578125,147.02999877929688,138.67752075195312,2366500,Yahoo Finance,RSP,2026-09-11T22:08:08+08:00,confirmed
2023-02-28,147.0800018310547,147.75999450683594,146.60000610351562,146.60000610351562,138.27197265625,2763300,Yahoo Finance,RSP,2026-09-11T22:08:08+08:00,confirmed
2023-03-01,146.35000610351562,146.88999938964844,145.74000549316406,146.3300018310547,138.01730346679688,2872500,Yahoo Finance,RSP,2026-09-11T22:08:08+08:00,confirmed
2023-03-02,145.77000427246094,147.7899932861328,145.3000030517578,147.47999572753906,139.10194396972656,3517300,Yahoo Finance,RSP,2026-09-11T22:08:08+08:00,confirmed
2023-03-03,148.17999267578125,149.72000122070312,147.61000061035156,149.5500030517578,141.05438232421875,3095000,Yahoo Finance,RSP,2026-09-11T22:08:08+08:00,confirmed
2023-03-06,149.72999572753906,150.2100067138672,148.60000610351562,148.8300018310547,140.37525939941406,2626400,Yahoo Finance,RSP,2026-09-11T22:08:08+08:00,confirmed
2023-03-07,148.8699951171875,149.02000427246094,146.22000122070312,146.42999267578125,138.11163330078125,2875200,Yahoo Finance,RSP,2026-09-11T22:08:08+08:00,confirmed
2023-03-08,146.49000549316406,147.1699981689453,145.8800048828125,146.74000549316406,138.4039764404297,3049300,Yahoo Finance,RSP,2026-09-11T22:08:08+08:00,confirmed
2023-03-09,146.85000610351562,147.2899932861328,143.19000244140625,143.5,135.3480682373047,3693800,Yahoo Finance,RSP,2026-09-11T22:08:08+08:00,confirmed
2023-03-10,143.1300048828125,143.50999450683594,139.64999389648438,140.47000122070312,132.49017333984375,7123300,Yahoo Finance,RSP,2026-09-11T22:08:08+08:00,confirmed
2023-03-13,138.00999450683594,140.6999969482422,137.02000427246094,138.75,130.86788940429688,8104700,Yahoo Finance,RSP,2026-09-11T22:08:08+08:00,confirmed
2023-03-14,141.22000122070312,141.9499969482422,139.11000061035156,140.6999969482422,132.70709228515625,3819100,Yahoo Finance,RSP,2026-09-11T22:08:08+08:00,confirmed
2023-03-15,138.11000061035156,138.72999572753906,136.6699981689453,138.72999572753906,130.8490447998047,6605200,Yahoo Finance,RSP,2026-09-11T22:08:08+08:00,confirmed
2023-03-16,137.52000427246094,140.69000244140625,137.13999938964844,140.39999389648438,132.42416381835938,8420400,Yahoo Finance,RSP,2026-09-11T22:08:08+08:00,confirmed
2023-03-17,139.9600067138672,139.9600067138672,137.5800018310547,138.02999877929688,130.1887969970703,4967300,Yahoo Finance,RSP,2026-09-11T22:08:08+08:00,confirmed
2023-03-20,137.88999938964844,139.6699981689453,137.88999938964844,139.1199951171875,131.8770751953125,3404300,Yahoo Finance,RSP,2026-09-11T22:08:08+08:00,confirmed
2023-03-21,140.6999969482422,141.25999450683594,140.13999938964844,140.97999572753906,133.64024353027344,2214900,Yahoo Finance,RSP,2026-09-11T22:08:08+08:00,confirmed
2023-03-22,140.99000549316406,141.49000549316406,137.67999267578125,137.80999755859375,130.63526916503906,5039600,Yahoo Finance,RSP,2026-09-11T22:08:08+08:00,confirmed
2023-03-23,138.52000427246094,139.88999938964844,136.3699951171875,137.35000610351562,130.19921875,7020600,Yahoo Finance,RSP,2026-09-11T22:08:08+08:00,confirmed
2023-03-24,136.61000061035156,138.6199951171875,135.7899932861328,138.52000427246094,131.30831909179688,6862600,Yahoo Finance,RSP,2026-09-11T22:08:08+08:00,confirmed
2023-03-27,139.7100067138672,140.14999389648438,138.86000061035156,139.44000244140625,132.18040466308594,3065600,Yahoo Finance,RSP,2026-09-11T22:08:08+08:00,confirmed
2023-03-28,139.22999572753906,140.1300048828125,139.10000610351562,139.72000122070312,132.4458465576172,1693400,Yahoo Finance,RSP,2026-09-11T22:08:08+08:00,confirmed
2023-03-29,141.0,141.92999267578125,140.8300018310547,141.82000732421875,134.43650817871094,2480600,Yahoo Finance,RSP,2026-09-11T22:08:08+08:00,confirmed
2023-03-30,142.94000244140625,143.17999267578125,141.92999267578125,142.52000427246094,135.10008239746094,2695900,Yahoo Finance,RSP,2026-09-11T22:08:08+08:00,confirmed
2023-03-31,143.0800018310547,144.67999267578125,143.0800018310547,144.6199951171875,137.09075927734375,2737800,Yahoo Finance,RSP,2026-09-11T22:08:08+08:00,confirmed
2023-04-03,144.72000122070312,145.2899932861328,144.05999755859375,144.74000549316406,137.2044677734375,3390800,Yahoo Finance,RSP,2026-09-11T22:08:08+08:00,confirmed
2023-04-04,145.02999877929688,145.10000610351562,142.64999389648438,143.2899932861328,135.8299560546875,2904000,Yahoo Finance,RSP,2026-09-11T22:08:08+08:00,confirmed
2023-04-05,142.85000610351562,143.41000366210938,142.3699951171875,142.99000549316406,135.5456085205078,3234000,Yahoo Finance,RSP,2026-09-11T22:08:08+08:00,confirmed
2023-04-06,142.8300018310547,143.27999877929688,142.3800048828125,143.08999633789062,135.640380859375,2182700,Yahoo Finance,RSP,2026-09-11T22:08:08+08:00,confirmed
2023-04-10,142.49000549316406,144.0,142.36000061035156,143.9600067138672,136.46511840820312,2635300,Yahoo Finance,RSP,2026-09-11T22:08:08+08:00,confirmed
2023-04-11,144.38999938964844,145.44000244140625,144.32000732421875,144.89999389648438,137.3561248779297,2225200,Yahoo Finance,RSP,2026-09-11T22:08:08+08:00,confirmed
2023-04-12,145.80999755859375,145.8699951171875,143.97999572753906,144.1999969482422,136.6925811767578,3066100,Yahoo Finance,RSP,2026-09-11T22:08:08+08:00,confirmed
2023-04-13,144.4499969482422,145.55999755859375,143.86000061035156,145.30999755859375,137.74478149414062,3190500,Yahoo Finance,RSP,2026-09-11T22:08:08+08:00,confirmed
2023-04-14,145.27999877929688,145.99000549316406,143.91000366210938,144.64999389648438,137.11915588378906,2504300,Yahoo Finance,RSP,2026-09-11T22:08:08+08:00,confirmed
2023-04-17,144.7100067138672,145.63999938964844,144.44000244140625,145.6300048828125,138.0481719970703,2399800,Yahoo Finance,RSP,2026-09-11T22:08:08+08:00,confirmed
2023-04-18,146.0399932861328,146.2100067138672,145.1199951171875,145.63999938964844,138.05760192871094,1569400,Yahoo Finance,RSP,2026-09-11T22:08:08+08:00,confirmed
2023-04-19,145.0,145.85000610351562,144.8699951171875,145.67999267578125,138.0955352783203,1784900,Yahoo Finance,RSP,2026-09-11T22:08:08+08:00,confirmed
2023-04-20,144.72000122070312,145.39999389648438,144.38999938964844,144.8800048828125,137.33718872070312,3451700,Yahoo Finance,RSP,2026-09-11T22:08:08+08:00,confirmed
2023-04-21,145.1300048828125,145.1300048828125,144.1300048828125,144.9199981689453,137.37510681152344,2160900,Yahoo Finance,RSP,2026-09-11T22:08:08+08:00,confirmed
2023-04-24,144.86000061035156,145.2899932861328,144.58999633789062,145.19000244140625,137.63104248046875,1523600,Yahoo Finance,RSP,2026-09-11T22:08:08+08:00,confirmed
2023-04-25,144.39999389648438,144.42999267578125,142.63999938964844,142.72000122070312,135.28964233398438,2563200,Yahoo Finance,RSP,2026-09-11T22:08:08+08:00,confirmed
2023-04-26,142.39999389648438,142.47999572753906,140.94000244140625,141.22999572753906,133.87721252441406,5378700,Yahoo Finance,RSP,2026-09-11T22:08:08+08:00,confirmed
2023-04-27,141.82000732421875,143.5800018310547,141.42999267578125,143.5500030517578,136.07643127441406,5993000,Yahoo Finance,RSP,2026-09-11T22:08:08+08:00,confirmed
2023-04-28,143.25999450683594,145.19000244140625,143.22999572753906,145.13999938964844,137.58364868164062,2965600,Yahoo Finance,RSP,2026-09-11T22:08:08+08:00,confirmed
2023-05-01,145.02999877929688,145.8300018310547,144.86000061035156,145.00999450683594,137.46041870117188,3000900,Yahoo Finance,RSP,2026-09-11T22:08:08+08:00,confirmed
2023-05-02,144.52999877929688,144.52999877929688,141.4499969482422,142.83999633789062,135.40338134765625,4489800,Yahoo Finance,RSP,2026-09-11T22:08:08+08:00,confirmed
2023-05-03,143.10000610351562,144.25,141.88999938964844,142.00999450683594,134.61659240722656,5835800,Yahoo Finance,RSP,2026-09-11T22:08:08+08:00,confirmed
2023-05-04,141.69000244140625,141.91000366210938,140.16000366210938,140.66000366210938,133.3369140625,5483300,Yahoo Finance,RSP,2026-09-11T22:08:08+08:00,confirmed
2023-05-05,141.89999389648438,143.42999267578125,141.89999389648438,143.02999877929688,135.58349609375,4860300,Yahoo Finance,RSP,2026-09-11T22:08:08+08:00,confirmed
2023-05-08,143.4199981689453,143.44000244140625,142.3000030517578,142.77000427246094,135.3370361328125,2332900,Yahoo Finance,RSP,2026-09-11T22:08:08+08:00,confirmed
2023-05-09,142.1199951171875,142.5800018310547,141.75999450683594,142.24000549316406,134.8346405029297,2242700,Yahoo Finance,RSP,2026-09-11T22:08:08+08:00,confirmed
2023-05-10,143.25999450683594,143.42999267578125,140.9199981689453,142.22000122070312,134.81568908691406,3871400,Yahoo Finance,RSP,2026-09-11T22:08:08+08:00,confirmed
2023-05-11,141.61000061035156,141.75,140.77999877929688,141.50999450683594,134.1426239013672,3839400,Yahoo Finance,RSP,2026-09-11T22:08:08+08:00,confirmed
2023-05-12,142.0399932861328,142.17999267578125,140.60000610351562,141.52000427246094,134.15213012695312,3477400,Yahoo Finance,RSP,2026-09-11T22:08:08+08:00,confirmed
2023-05-15,141.72999572753906,142.5399932861328,141.25999450683594,142.32000732421875,134.9104766845703,2322700,Yahoo Finance,RSP,2026-09-11T22:08:08+08:00,confirmed
2023-05-16,141.86000061035156,141.86000061035156,140.2899932861328,140.30999755859375,133.00511169433594,4668100,Yahoo Finance,RSP,2026-09-11T22:08:08+08:00,confirmed
2023-05-17,141.05999755859375,142.39999389648438,140.4199981689453,142.08999633789062,134.69244384765625,6902700,Yahoo Finance,RSP,2026-09-11T22:08:08+08:00,confirmed
2023-05-18,141.8699951171875,143.38999938964844,141.61000061035156,143.24000549316406,135.78257751464844,3800000,Yahoo Finance,RSP,2026-09-11T22:08:08+08:00,confirmed
2023-05-19,143.67999267578125,143.8699951171875,142.3300018310547,142.86000061035156,135.42237854003906,5758200,Yahoo Finance,RSP,2026-09-11T22:08:08+08:00,confirmed
2023-05-22,142.94000244140625,143.67999267578125,142.22000122070312,143.0800018310547,135.63092041015625,4411500,Yahoo Finance,RSP,2026-09-11T22:08:08+08:00,confirmed
2023-05-23,142.60000610351562,143.10000610351562,141.44000244140625,141.5500030517578,134.18057250976562,6919600,Yahoo Finance,RSP,2026-09-11T22:08:08+08:00,confirmed
2023-05-24,140.92999267578125,141.00999450683594,139.72999572753906,140.00999450683594,132.72073364257812,2940500,Yahoo Finance,RSP,2026-09-11T22:08:08+08:00,confirmed
2023-05-25,140.17999267578125,140.39999389648438,138.9499969482422,139.9199981689453,132.63543701171875,4696000,Yahoo Finance,RSP,2026-09-11T22:08:08+08:00,confirmed
2023-05-26,140.2100067138672,141.27000427246094,140.02999877929688,141.08999633789062,133.74452209472656,4572500,Yahoo Finance,RSP,2026-09-11T22:08:08+08:00,confirmed
2023-05-30,141.3699951171875,141.72000122070312,140.36000061035156,140.83999633789062,133.50753784179688,8268500,Yahoo Finance,RSP,2026-09-11T22:08:08+08:00,confirmed
2023-05-31,140.1300048828125,140.22000122070312,138.80999755859375,139.61000061035156,132.341552734375,7611200,Yahoo Finance,RSP,2026-09-11T22:08:08+08:00,confirmed
2023-06-01,139.8699951171875,141.11000061035156,139.0500030517578,140.66000366210938,133.3369140625,4478300,Yahoo Finance,RSP,2026-09-11T22:08:08+08:00,confirmed
2023-06-02,141.89999389648438,144.02999877929688,141.8300018310547,143.72999572753906,136.2470703125,10284600,Yahoo Finance,RSP,2026-09-11T22:08:08+08:00,confirmed
2023-06-05,143.91000366210938,143.9600067138672,143.0,143.24000549316406,135.78257751464844,5415100,Yahoo Finance,RSP,2026-09-11T22:08:08+08:00,confirmed
2023-06-06,143.1699981689453,144.4199981689453,143.02999877929688,144.2100067138672,136.70208740234375,5333300,Yahoo Finance,RSP,2026-09-11T22:08:08+08:00,confirmed
2023-06-07,144.47999572753906,145.47000122070312,144.16000366210938,145.27000427246094,137.70687866210938,13306200,Yahoo Finance,RSP,2026-09-11T22:08:08+08:00,confirmed
2023-06-08,145.0500030517578,145.5399932861328,144.33999633789062,145.3300018310547,137.76377868652344,5882400,Yahoo Finance,RSP,2026-09-11T22:08:08+08:00,confirmed
2023-06-09,145.5,145.83999633789062,144.8300018310547,145.16000366210938,137.6026153564453,4396800,Yahoo Finance,RSP,2026-09-11T22:08:08+08:00,confirmed
2023-06-12,145.4499969482422,146.2100067138672,145.0,146.1199951171875,138.51263427734375,3733100,Yahoo Finance,RSP,2026-09-11T22:08:08+08:00,confirmed
2023-06-13,146.58999633789062,147.75,146.39999389648438,147.52999877929688,139.84921264648438,6802500,Yahoo Finance,RSP,2026-09-11T22:08:08+08:00,confirmed
2023-06-14,147.9199981689453,148.4600067138672,146.4199981689453,147.25,139.58380126953125,8456400,Yahoo Finance,RSP,2026-09-11T22:08:08+08:00,confirmed
2023-06-15,146.9499969482422,149.3000030517578,146.9499969482422,148.9499969482422,141.19529724121094,5177400,Yahoo Finance,RSP,2026-09-11T22:08:08+08:00,confirmed
2023-06-16,149.61000061035156,149.8800048828125,148.60000610351562,148.8300018310547,141.08155822753906,11152900,Yahoo Finance,RSP,2026-09-11T22:08:08+08:00,confirmed
2023-06-20,147.47000122070312,147.49000549316406,146.2899932861328,146.83999633789062,139.79818725585938,4514200,Yahoo Finance,RSP,2026-09-11T22:08:08+08:00,confirmed
2023-06-21,146.39999389648438,147.16000366210938,145.8300018310547,146.6300048828125,139.59825134277344,5481700,Yahoo Finance,RSP,2026-09-11T22:08:08+08:00,confirmed
2023-06-22,146.4199981689453,146.5500030517578,145.47000122070312,146.02999877929688,139.0270233154297,3852200,Yahoo Finance,RSP,2026-09-11T22:08:08+08:00,confirmed
2023-06-23,145.00999450683594,145.47999572753906,144.52000427246094,144.77000427246094,137.8274383544922,3869600,Yahoo Finance,RSP,2026-09-11T22:08:08+08:00,confirmed
2023-06-26,144.77000427246094,146.0399932861328,144.77000427246094,145.64999389648438,138.66525268554688,4300000,Yahoo Finance,RSP,2026-09-11T22:08:08+08:00,confirmed
2023-06-27,145.86000061035156,147.63999938964844,145.58999633789062,147.42999267578125,140.35989379882812,8880500,Yahoo Finance,RSP,2026-09-11T22:08:08+08:00,confirmed
2023-06-28,147.1699981689453,147.32000732421875,146.47999572753906,147.17999267578125,140.12188720703125,4335600,Yahoo Finance,RSP,2026-09-11T22:08:08+08:00,confirmed
2023-06-29,147.1300048828125,148.35000610351562,146.83999633789062,148.3300018310547,141.2167510986328,7610700,Yahoo Finance,RSP,2026-09-11T22:08:08+08:00,confirmed
2023-06-30,149.25,150.00999450683594,148.88999938964844,149.63999938964844,142.46388244628906,4742300,Yahoo Finance,RSP,2026-09-11T22:08:08+08:00,confirmed
2023-07-03,149.35000610351562,150.24000549316406,149.14999389648438,150.00999450683594,142.816162109375,2797300,Yahoo Finance,RSP,2026-09-11T22:08:08+08:00,confirmed
2023-07-05,149.38999938964844,149.8300018310547,148.8699951171875,149.3699951171875,142.20684814453125,4333900,Yahoo Finance,RSP,2026-09-11T22:08:08+08:00,confirmed
2023-07-06,148.0,148.2899932861328,146.94000244140625,148.14999389648438,141.0453643798828,7769500,Yahoo Finance,RSP,2026-09-11T22:08:08+08:00,confirmed
2023-07-07,147.91000366210938,149.7899932861328,147.82000732421875,148.52000427246094,141.39761352539062,3213100,Yahoo Finance,RSP,2026-09-11T22:08:08+08:00,confirmed
2023-07-10,148.4199981689453,150.02999877929688,148.36000061035156,149.85000610351562,142.66383361816406,4145800,Yahoo Finance,RSP,2026-09-11T22:08:08+08:00,confirmed
2023-07-11,150.22000122070312,151.72000122070312,150.19000244140625,151.5399932861328,144.27281188964844,10166300,Yahoo Finance,RSP,2026-09-11T22:08:08+08:00,confirmed
2023-07-12,152.97000122070312,153.02000427246094,152.07000732421875,152.24000549316406,144.93923950195312,6668900,Yahoo Finance,RSP,2026-09-11T22:08:08+08:00,confirmed
2023-07-13,152.69000244140625,153.1999969482422,152.33999633789062,152.9600067138672,145.62469482421875,5458400,Yahoo Finance,RSP,2026-09-11T22:08:08+08:00,confirmed
2023-07-14,153.10000610351562,153.10000610351562,151.67999267578125,152.05999755859375,144.76785278320312,6345100,Yahoo Finance,RSP,2026-09-11T22:08:08+08:00,confirmed
2023-07-17,151.77999877929688,152.77000427246094,151.32000732421875,152.35000610351562,145.0439453125,5352900,Yahoo Finance,RSP,2026-09-11T22:08:08+08:00,confirmed
2023-07-18,152.35000610351562,153.60000610351562,152.22000122070312,153.2899932861328,145.93887329101562,5442200,Yahoo Finance,RSP,2026-09-11T22:08:08+08:00,confirmed
2023-07-19,153.58999633789062,154.32000732421875,153.42999267578125,154.0500030517578,146.66244506835938,8551800,Yahoo Finance,RSP,2026-09-11T22:08:08+08:00,confirmed
2023-07-20,153.88999938964844,154.1699981689453,153.35000610351562,153.88999938964844,146.51007080078125,7542400,Yahoo Finance,RSP,2026-09-11T22:08:08+08:00,confirmed
2023-07-21,154.39999389648438,154.58999633789062,153.6300048828125,154.11000061035156,146.7195587158203,5511700,Yahoo Finance,RSP,2026-09-11T22:08:08+08:00,confirmed
2023-07-24,154.39999389648438,154.8300018310547,154.05999755859375,154.5399932861328,147.12892150878906,3358000,Yahoo Finance,RSP,2026-09-11T22:08:08+08:00,confirmed
2023-07-25,154.33999633789062,155.0800018310547,154.11000061035156,154.64999389648438,147.23365783691406,5010400,Yahoo Finance,RSP,2026-09-11T22:08:08+08:00,confirmed
2023-07-26,154.35000610351562,155.3300018310547,154.25999450683594,155.0,147.56686401367188,5149100,Yahoo Finance,RSP,2026-09-11T22:08:08+08:00,confirmed
2023-07-27,155.77000427246094,155.77000427246094,153.3699951171875,153.63999938964844,146.27210998535156,6057500,Yahoo Finance,RSP,2026-09-11T22:08:08+08:00,confirmed
2023-07-28,155.0500030517578,155.10000610351562,153.7899932861328,154.39999389648438,146.9956512451172,6004400,Yahoo Finance,RSP,2026-09-11T22:08:08+08:00,confirmed
2023-07-31,154.75,155.19000244140625,154.35000610351562,154.8800048828125,147.45262145996094,3809500,Yahoo Finance,RSP,2026-09-11T22:08:08+08:00,confirmed
2023-08-01,154.17999267578125,154.64999389648438,153.77999877929688,154.25,146.85284423828125,3038100,Yahoo Finance,RSP,2026-09-11T22:08:08+08:00,confirmed
2023-08-02,153.07000732421875,153.52999877929688,152.4499969482422,152.77999877929688,145.4533233642578,6038100,Yahoo Finance,RSP,2026-09-11T22:08:08+08:00,confirmed
2023-08-03,152.1999969482422,152.5399932861328,151.44000244140625,152.02000427246094,144.7297821044922,4871400,Yahoo Finance,RSP,2026-09-11T22:08:08+08:00,confirmed
2023-08-04,152.35000610351562,153.1300048828125,151.14999389648438,151.33999633789062,144.0823974609375,4016200,Yahoo Finance,RSP,2026-09-11T22:08:08+08:00,confirmed
2023-08-07,151.9199981689453,152.7100067138672,151.8699951171875,152.6199951171875,145.3009796142578,3359000,Yahoo Finance,RSP,2026-09-11T22:08:08+08:00,confirmed
2023-08-08,151.25999450683594,152.00999450683594,150.39999389648438,151.86000061035156,144.57745361328125,3521700,Yahoo Finance,RSP,2026-09-11T22:08:08+08:00,confirmed
2023-08-09,151.97999572753906,152.44000244140625,151.1999969482422,151.4199981689453,144.1585235595703,5116400,Yahoo Finance,RSP,2026-09-11T22:08:08+08:00,confirmed
2023-08-10,152.16000366210938,153.11000061035156,150.91000366210938,151.24000549316406,143.9871826171875,3943500,Yahoo Finance,RSP,2026-09-11T22:08:08+08:00,confirmed
2023-08-11,150.77000427246094,151.67999267578125,150.6300048828125,151.27000427246094,144.01573181152344,4139400,Yahoo Finance,RSP,2026-09-11T22:08:08+08:00,confirmed
2023-08-14,150.99000549316406,151.25999450683594,150.4499969482422,151.24000549316406,143.9871826171875,2929100,Yahoo Finance,RSP,2026-09-11T22:08:08+08:00,confirmed
2023-08-15,150.33999633789062,150.38999938964844,149.08999633789062,149.25,142.0926055908203,3439800,Yahoo Finance,RSP,2026-09-11T22:08:08+08:00,confirmed
2023-08-16,149.0500030517578,149.6699981689453,148.1199951171875,148.16000366210938,141.0548858642578,5386200,Yahoo Finance,RSP,2026-09-11T22:08:08+08:00,confirmed
2023-08-17,148.74000549316406,148.8300018310547,146.92999267578125,147.02000427246094,139.96954345703125,5092200,Yahoo Finance,RSP,2026-09-11T22:08:08+08:00,confirmed
2023-08-18,146.1300048828125,147.52000427246094,145.9199981689453,147.27999877929688,140.2170867919922,4654100,Yahoo Finance,RSP,2026-09-11T22:08:08+08:00,confirmed
2023-08-21,147.41000366210938,147.67999267578125,146.24000549316406,147.25,140.1885223388672,3909100,Yahoo Finance,RSP,2026-09-11T22:08:08+08:00,confirmed
2023-08-22,147.52999877929688,147.74000549316406,146.52000427246094,146.6699981689453,139.6363525390625,3955500,Yahoo Finance,RSP,2026-09-11T22:08:08+08:00,confirmed
2023-08-23,146.97999572753906,148.02000427246094,146.66000366210938,147.88999938964844,140.79782104492188,3683200,Yahoo Finance,RSP,2026-09-11T22:08:08+08:00,confirmed
2023-08-24,147.7899932861328,148.80999755859375,146.4499969482422,146.47000122070312,139.44593811035156,3281000,Yahoo Finance,RSP,2026-09-11T22:08:08+08:00,confirmed
2023-08-25,147.07000732421875,147.80999755859375,145.9600067138672,147.2100067138672,140.15045166015625,5393300,Yahoo Finance,RSP,2026-09-11T22:08:08+08:00,confirmed
2023-08-28,147.8800048828125,148.69000244140625,147.77000427246094,148.30999755859375,141.19766235351562,4273700,Yahoo Finance,RSP,2026-09-11T22:08:08+08:00,confirmed
2023-08-29,148.41000366210938,150.02000427246094,148.14999389648438,149.97999572753906,142.78762817382812,5362000,Yahoo Finance,RSP,2026-09-11T22:08:08+08:00,confirmed
2023-08-30,150.05999755859375,150.6699981689453,149.91000366210938,150.4499969482422,143.2350616455078,6138000,Yahoo Finance,RSP,2026-09-11T22:08:08+08:00,confirmed
2023-08-31,150.7100067138672,150.77000427246094,149.8699951171875,149.9199981689453,142.73046875,5314200,Yahoo Finance,RSP,2026-09-11T22:08:08+08:00,confirmed
2023-09-01,150.86000061035156,151.1699981689453,150.10000610351562,150.5399932861328,143.3207244873047,4846200,Yahoo Finance,RSP,2026-09-11T22:08:08+08:00,confirmed
2023-09-05,150.30999755859375,150.30999755859375,148.6300048828125,148.67999267578125,141.54994201660156,3754600,Yahoo Finance,RSP,2026-09-11T22:08:08+08:00,confirmed
2023-09-06,148.41000366210938,148.7899932861328,147.44000244140625,148.1699981689453,141.0644073486328,5019700,Yahoo Finance,RSP,2026-09-11T22:08:08+08:00,confirmed
2023-09-07,147.75999450683594,148.08999633789062,147.05999755859375,147.5800018310547,140.502685546875,4834200,Yahoo Finance,RSP,2026-09-11T22:08:08+08:00,confirmed
2023-09-08,147.77999877929688,148.02999877929688,147.38999938964844,147.64999389648438,140.56932067871094,2480800,Yahoo Finance,RSP,2026-09-11T22:08:08+08:00,confirmed
2023-09-11,148.3300018310547,148.5800018310547,147.6199951171875,147.88999938964844,140.79782104492188,2917500,Yahoo Finance,RSP,2026-09-11T22:08:08+08:00,confirmed
2023-09-12,147.5500030517578,148.3699951171875,147.50999450683594,147.6999969482422,140.616943359375,3062400,Yahoo Finance,RSP,2026-09-11T22:08:08+08:00,confirmed
2023-09-13,147.83999633789062,148.02999877929688,146.69000244140625,147.11000061035156,140.0552520751953,3821800,Yahoo Finance,RSP,2026-09-11T22:08:08+08:00,confirmed
2023-09-14,148.11000061035156,148.92999267578125,147.9600067138672,148.8300018310547,141.69276428222656,3080600,Yahoo Finance,RSP,2026-09-11T22:08:08+08:00,confirmed
2023-09-15,148.35000610351562,148.7100067138672,147.44000244140625,147.5800018310547,140.502685546875,3637700,Yahoo Finance,RSP,2026-09-11T22:08:08+08:00,confirmed
2023-09-18,146.89999389648438,147.0500030517578,146.2100067138672,146.58999633789062,140.16612243652344,2843700,Yahoo Finance,RSP,2026-09-11T22:08:08+08:00,confirmed
2023-09-19,146.5800018310547,146.75,145.66000366210938,146.35000610351562,139.9366455078125,3814000,Yahoo Finance,RSP,2026-09-11T22:08:08+08:00,confirmed
2023-09-20,146.91000366210938,147.41000366210938,145.6300048828125,145.67999267578125,139.29598999023438,4128100,Yahoo Finance,RSP,2026-09-11T22:08:08+08:00,confirmed
2023-09-21,145.02000427246094,145.1699981689453,143.17999267578125,143.25999450683594,136.9820556640625,4778100,Yahoo Finance,RSP,2026-09-11T22:08:08+08:00,confirmed
2023-09-22,143.50999450683594,143.69000244140625,142.55999755859375,142.69000244140625,136.43702697753906,3362700,Yahoo Finance,RSP,2026-09-11T22:08:08+08:00,confirmed
2023-09-25,142.0800018310547,143.0800018310547,142.0500030517578,143.0500030517578,136.78126525878906,6184600,Yahoo Finance,RSP,2026-09-11T22:08:08+08:00,confirmed
2023-09-26,142.25,142.60000610351562,140.91000366210938,141.0399932861328,134.85934448242188,4013000,Yahoo Finance,RSP,2026-09-11T22:08:08+08:00,confirmed
2023-09-27,141.64999389648438,141.80999755859375,140.13999938964844,141.08999633789062,134.90711975097656,5306400,Yahoo Finance,RSP,2026-09-11T22:08:08+08:00,confirmed
2023-09-28,141.08999633789062,142.60000610351562,141.08999633789062,142.07000732421875,135.84422302246094,6516300,Yahoo Finance,RSP,2026-09-11T22:08:08+08:00,confirmed
2023-09-29,142.99000549316406,143.2100067138672,141.27999877929688,141.69000244140625,135.48086547851562,5839300,Yahoo Finance,RSP,2026-09-11T22:08:08+08:00,confirmed
2023-10-02,141.25,141.47999572753906,139.41000366210938,140.08999633789062,133.9509735107422,7668900,Yahoo Finance,RSP,2026-09-11T22:08:08+08:00,confirmed
2023-10-03,139.3000030517578,139.9199981689453,137.91000366210938,138.41000366210938,132.34457397460938,6579100,Yahoo Finance,RSP,2026-09-11T22:08:08+08:00,confirmed
2023-10-04,138.77000427246094,139.3300018310547,137.50999450683594,139.1999969482422,133.09996032714844,7483500,Yahoo Finance,RSP,2026-09-11T22:08:08+08:00,confirmed
2023-10-05,139.10000610351562,139.38999938964844,137.9600067138672,138.8000030517578,132.71749877929688,4976800,Yahoo Finance,RSP,2026-09-11T22:08:08+08:00,confirmed
2023-10-06,138.1199951171875,140.74000549316406,137.32000732421875,140.0,133.86489868164062,8193300,Yahoo Finance,RSP,2026-09-11T22:08:08+08:00,confirmed
2023-10-09,139.4199981689453,141.2100067138672,139.3300018310547,141.0,134.8210906982422,3955400,Yahoo Finance,RSP,2026-09-11T22:08:08+08:00,confirmed
2023-10-10,141.3699951171875,142.9199981689453,141.27999877929688,142.0800018310547,135.85374450683594,5192900,Yahoo Finance,RSP,2026-09-11T22:08:08+08:00,confirmed
2023-10-11,142.22000122070312,142.69000244140625,141.38999938964844,142.3800048828125,136.14059448242188,4211300,Yahoo Finance,RSP,2026-09-11T22:08:08+08:00,confirmed
2023-10-12,142.57000732421875,142.61000061035156,139.77999877929688,140.60000610351562,134.4385986328125,6378300,Yahoo Finance,RSP,2026-09-11T22:08:08+08:00,confirmed
2023-10-13,141.02000427246094,141.4499969482422,139.69000244140625,140.2899932861328,134.14219665527344,5019900,Yahoo Finance,RSP,2026-09-11T22:08:08+08:00,confirmed
2023-10-16,141.27999877929688,142.3000030517578,140.66000366210938,142.0399932861328,135.8155059814453,3995000,Yahoo Finance,RSP,2026-09-11T22:08:08+08:00,confirmed
2023-10-17,141.2100067138672,143.5,141.2100067138672,142.74000549316406,136.48483276367188,4954900,Yahoo Finance,RSP,2026-09-11T22:08:08+08:00,confirmed
2023-10-18,142.02999877929688,142.11000061035156,140.2899932861328,140.47999572753906,134.32388305664062,3986800,Yahoo Finance,RSP,2026-09-11T22:08:08+08:00,confirmed
2023-10-19,140.4499969482422,141.05999755859375,138.50999450683594,138.74000549316406,132.66012573242188,6056300,Yahoo Finance,RSP,2026-09-11T22:08:08+08:00,confirmed
2023-10-20,138.4600067138672,138.69000244140625,136.97000122070312,137.00999450683594,131.0059356689453,5247800,Yahoo Finance,RSP,2026-09-11T22:08:08+08:00,confirmed
2023-10-23,136.33999633789062,137.6300048828125,135.88999938964844,136.13999938964844,130.17405700683594,7157000,Yahoo Finance,RSP,2026-09-11T22:08:08+08:00,confirmed
2023-10-24,136.8000030517578,137.64999389648438,136.33999633789062,137.00999450683594,131.0059356689453,6337700,Yahoo Finance,RSP,2026-09-11T22:08:08+08:00,confirmed
2023-10-25,136.36000061035156,136.60000610351562,135.30999755859375,135.5,129.56211853027344,6627700,Yahoo Finance,RSP,2026-09-11T22:08:08+08:00,confirmed
2023-10-26,135.38999938964844,136.4199981689453,135.02000427246094,135.22000122070312,129.2943572998047,13893800,Yahoo Finance,RSP,2026-09-11T22:08:08+08:00,confirmed
2023-10-27,135.55999755859375,135.55999755859375,133.33999633789062,133.66000366210938,127.80274963378906,7744900,Yahoo Finance,RSP,2026-09-11T22:08:08+08:00,confirmed
2023-10-30,134.50999450683594,135.0399932861328,133.5399932861328,134.7100067138672,128.80673217773438,10830300,Yahoo Finance,RSP,2026-09-11T22:08:08+08:00,confirmed
2023-10-31,135.02999877929688,135.97000122070312,134.5,135.8300018310547,129.87765502929688,6021900,Yahoo Finance,RSP,2026-09-11T22:08:08+08:00,confirmed
2023-11-01,135.8699951171875,136.5399932861328,135.1699981689453,136.2899932861328,130.31748962402344,6508700,Yahoo Finance,RSP,2026-09-11T22:08:08+08:00,confirmed
2023-11-02,137.42999267578125,139.4199981689453,137.3800048828125,139.30999755859375,133.20513916015625,7961700,Yahoo Finance,RSP,2026-09-11T22:08:08+08:00,confirmed
2023-11-03,140.82000732421875,142.25,140.77000427246094,141.58999633789062,135.38523864746094,7473300,Yahoo Finance,RSP,2026-09-11T22:08:08+08:00,confirmed
2023-11-06,141.7100067138672,141.83999633789062,140.3800048828125,140.85000610351562,134.67767333984375,5054800,Yahoo Finance,RSP,2026-09-11T22:08:08+08:00,confirmed
2023-11-07,140.58999633789062,140.9199981689453,140.07000732421875,140.5500030517578,134.39083862304688,3636800,Yahoo Finance,RSP,2026-09-11T22:08:08+08:00,confirmed
2023-11-08,140.72000122070312,140.94000244140625,139.72999572753906,140.32000732421875,134.17088317871094,3994900,Yahoo Finance,RSP,2026-09-11T22:08:08+08:00,confirmed
2023-11-09,140.8800048828125,140.94000244140625,139.0399932861328,139.1300048828125,133.03305053710938,6288500,Yahoo Finance,RSP,2026-09-11T22:08:08+08:00,confirmed
2023-11-10,139.7100067138672,140.88999938964844,139.02999877929688,140.75999450683594,134.59161376953125,6783800,Yahoo Finance,RSP,2026-09-11T22:08:08+08:00,confirmed
2023-11-13,140.30999755859375,140.9600067138672,140.05999755859375,140.5800018310547,134.41949462890625,4142700,Yahoo Finance,RSP,2026-09-11T22:08:08+08:00,confirmed
2023-11-14,142.77999877929688,145.0399932861328,142.77000427246094,144.58999633789062,138.25376892089844,15157800,Yahoo Finance,RSP,2026-09-11T22:08:08+08:00,confirmed
2023-11-15,144.88999938964844,146.22999572753906,144.88999938964844,145.27000427246094,138.90394592285156,8133800,Yahoo Finance,RSP,2026-09-11T22:08:08+08:00,confirmed
2023-11-16,145.14999389648438,145.52999877929688,144.35000610351562,144.7899932861328,138.4450225830078,5466700,Yahoo Finance,RSP,2026-09-11T22:08:08+08:00,confirmed
2023-11-17,145.4499969482422,145.66000366210938,144.9600067138672,145.49000549316406,139.11434936523438,5027100,Yahoo Finance,RSP,2026-09-11T22:08:08+08:00,confirmed
2023-11-20,145.3300018310547,146.4199981689453,144.8300018310547,146.07000732421875,139.66893005371094,6441800,Yahoo Finance,RSP,2026-09-11T22:08:08+08:00,confirmed
2023-11-21,145.82000732421875,146.0800018310547,145.49000549316406,145.8000030517578,139.41073608398438,4612600,Yahoo Finance,RSP,2026-09-11T22:08:08+08:00,confirmed
2023-11-22,146.25999450683594,146.86000061035156,146.00999450683594,146.47999572753906,140.06094360351562,4388100,Yahoo Finance,RSP,2026-09-11T22:08:08+08:00,confirmed
2023-11-24,146.42999267578125,147.02999877929688,146.35000610351562,146.91000366210938,140.47207641601562,1156200,Yahoo Finance,RSP,2026-09-11T22:08:08+08:00,confirmed
2023-11-27,146.5500030517578,146.8300018310547,146.1199951171875,146.61000061035156,140.18524169921875,3848000,Yahoo Finance,RSP,2026-09-11T22:08:08+08:00,confirmed
2023-11-28,146.42999267578125,147.14999389648438,146.08999633789062,146.47000122070312,140.05137634277344,3960800,Yahoo Finance,RSP,2026-09-11T22:08:08+08:00,confirmed
2023-11-29,147.1199951171875,148.0800018310547,146.85000610351562,147.0500030517578,140.60597229003906,5732900,Yahoo Finance,RSP,2026-09-11T22:08:08+08:00,confirmed
2023-11-30,147.5500030517578,148.3699951171875,146.8699951171875,148.3000030517578,141.8011932373047,7763200,Yahoo Finance,RSP,2026-09-11T22:08:08+08:00,confirmed
2023-12-01,148.16000366210938,150.57000732421875,148.00999450683594,150.52999877929688,143.93348693847656,12060800,Yahoo Finance,RSP,2026-09-11T22:08:08+08:00,confirmed
2023-12-04,149.52999877929688,151.00999450683594,149.52999877929688,150.60000610351562,144.0004119873047,9572900,Yahoo Finance,RSP,2026-09-11T22:08:08+08:00,confirmed
2023-12-05,149.97999572753906,150.02000427246094,148.94000244140625,149.25999450683594,142.7191162109375,6384200,Yahoo Finance,RSP,2026-09-11T22:08:08+08:00,confirmed
2023-12-06,149.97000122070312,150.6199951171875,149.17999267578125,149.30999755859375,142.76693725585938,5237800,Yahoo Finance,RSP,2026-09-11T22:08:08+08:00,confirmed
2023-12-07,149.7899932861328,150.27000427246094,149.41000366210938,150.10000610351562,143.52230834960938,6054300,Yahoo Finance,RSP,2026-09-11T22:08:08+08:00,confirmed
2023-12-08,149.97000122070312,150.9499969482422,149.88999938964844,150.57000732421875,143.9717254638672,5181700,Yahoo Finance,RSP,2026-09-11T22:08:08+08:00,confirmed
2023-12-11,150.75999450683594,151.92999267578125,150.67999267578125,151.91000366210938,145.25299072265625,7130700,Yahoo Finance,RSP,2026-09-11T22:08:08+08:00,confirmed
2023-12-12,151.97999572753906,152.3800048828125,151.22999572753906,152.17999267578125,145.5111541748047,4633800,Yahoo Finance,RSP,2026-09-11T22:08:08+08:00,confirmed
2023-12-13,152.16000366210938,155.4499969482422,151.92999267578125,155.41000366210938,148.599609375,11782700,Yahoo Finance,RSP,2026-09-11T22:08:08+08:00,confirmed
2023-12-14,156.66000366210938,158.25,156.66000366210938,157.52999877929688,150.62669372558594,21351900,Yahoo Finance,RSP,2026-09-11T22:08:08+08:00,confirmed
2023-12-15,157.2899932861328,157.30999755859375,155.8800048828125,156.41000366210938,149.5557861328125,8883500,Yahoo Finance,RSP,2026-09-11T22:08:08+08:00,confirmed
2023-12-18,156.39999389648438,156.50999450683594,155.6300048828125,155.8699951171875,149.6220245361328,8628600,Yahoo Finance,RSP,2026-09-11T22:08:08+08:00,confirmed
2023-12-19,156.39999389648438,157.25,156.1999969482422,157.17999267578125,150.87950134277344,10130900,Yahoo Finance,RSP,2026-09-11T22:08:08+08:00,confirmed
2023-12-20,156.8000030517578,157.3800048828125,154.50999450683594,154.5800018310547,148.3837127685547,7411100,Yahoo Finance,RSP,2026-09-11T22:08:08+08:00,confirmed
2023-12-21,155.8300018310547,156.52000427246094,155.07000732421875,156.47999572753906,150.2075653076172,6988900,Yahoo Finance,RSP,2026-09-11T22:08:08+08:00,confirmed
2023-12-22,156.9199981689453,157.58999633789062,156.33999633789062,157.00999450683594,150.71630859375,5749900,Yahoo Finance,RSP,2026-09-11T22:08:08+08:00,confirmed
2023-12-26,157.2899932861328,158.32000732421875,157.0500030517578,157.91000366210938,151.5802459716797,4053100,Yahoo Finance,RSP,2026-09-11T22:08:08+08:00,confirmed
2023-12-27,158.0800018310547,158.32000732421875,157.58999633789062,158.05999755859375,151.7242431640625,4380300,Yahoo Finance,RSP,2026-09-11T22:08:08+08:00,confirmed
2023-12-28,158.05999755859375,158.60000610351562,158.0500030517578,158.41000366210938,152.0602264404297,4047000,Yahoo Finance,RSP,2026-09-11T22:08:08+08:00,confirmed
2023-12-29,158.0399932861328,158.52999877929688,157.3300018310547,157.8000030517578,151.4746551513672,5339200,Yahoo Finance,RSP,2026-09-11T22:08:08+08:00,confirmed
2024-01-02,157.02000427246094,158.35000610351562,156.77000427246094,157.85000610351562,151.52267456054688,9816500,Yahoo Finance,RSP,2026-09-11T22:08:08+08:00,confirmed
2024-01-03,156.97999572753906,156.97999572753906,155.3000030517578,155.52000427246094,149.28604125976562,9207500,Yahoo Finance,RSP,2026-09-11T22:08:08+08:00,confirmed
2024-01-04,155.4600067138672,156.2899932861328,155.1999969482422,155.25999450683594,149.03648376464844,5621600,Yahoo Finance,RSP,2026-09-11T22:08:08+08:00,confirmed
2024-01-05,155.00999450683594,156.60000610351562,154.8300018310547,155.7100067138672,149.4684600830078,8379600,Yahoo Finance,RSP,2026-09-11T22:08:08+08:00,confirmed
2024-01-08,155.66000366210938,157.3800048828125,155.3000030517578,157.3800048828125,151.0714874267578,7954000,Yahoo Finance,RSP,2026-09-11T22:08:08+08:00,confirmed
2024-01-09,156.3800048828125,157.0800018310547,156.07000732421875,156.5800018310547,150.30357360839844,6419100,Yahoo Finance,RSP,2026-09-11T22:08:08+08:00,confirmed
2024-01-10,156.5800018310547,157.14999389648438,156.07000732421875,156.85000610351562,150.56275939941406,4620700,Yahoo Finance,RSP,2026-09-11T22:08:08+08:00,confirmed
2024-01-11,156.8000030517578,156.8300018310547,155.16000366210938,156.39999389648438,150.1307830810547,7070600,Yahoo Finance,RSP,2026-09-11T22:08:08+08:00,confirmed
2024-01-12,157.13999938964844,157.3800048828125,155.7100067138672,156.0500030517578,149.79481506347656,5568500,Yahoo Finance,RSP,2026-09-11T22:08:08+08:00,confirmed
2024-01-16,155.36000061035156,155.47000122070312,154.52000427246094,155.05999755859375,148.84449768066406,6942300,Yahoo Finance,RSP,2026-09-11T22:08:08+08:00,confirmed
2024-01-17,153.8699951171875,154.60000610351562,153.10000610351562,153.83999633789062,147.67340087890625,5775000,Yahoo Finance,RSP,2026-09-11T22:08:08+08:00,confirmed
2024-01-18,154.02999877929688,154.77000427246094,153.16000366210938,154.6300048828125,148.4317169189453,7267100,Yahoo Finance,RSP,2026-09-11T22:08:08+08:00,confirmed
2024-01-19,154.99000549316406,156.14999389648438,154.07000732421875,155.82000732421875,149.57403564453125,8488600,Yahoo Finance,RSP,2026-09-11T22:08:08+08:00,confirmed
2024-01-22,156.2899932861328,157.2100067138672,156.25,156.63999938964844,150.36117553710938,9964200,Yahoo Finance,RSP,2026-09-11T22:08:08+08:00,confirmed
2024-01-23,157.0,157.38999938964844,156.1699981689453,156.72000122070312,150.43792724609375,4785800,Yahoo Finance,RSP,2026-09-11T22:08:08+08:00,confirmed
2024-01-24,157.6999969482422,157.7100067138672,155.80999755859375,155.91000366210938,149.66041564941406,5688000,Yahoo Finance,RSP,2026-09-11T22:08:08+08:00,confirmed
2024-01-25,157.1699981689453,157.5,156.36000061035156,157.47999572753906,151.16748046875,5832000,Yahoo Finance,RSP,2026-09-11T22:08:08+08:00,confirmed
2024-01-26,157.66000366210938,157.97999572753906,157.1999969482422,157.5,151.18667602539062,5997700,Yahoo Finance,RSP,2026-09-11T22:08:08+08:00,confirmed
2024-01-29,157.33999633789062,158.52000427246094,157.0800018310547,158.4600067138672,152.10821533203125,4501700,Yahoo Finance,RSP,2026-09-11T22:08:08+08:00,confirmed
2024-01-30,158.00999450683594,158.83999633789062,157.85000610351562,158.49000549316406,152.1370086669922,7258200,Yahoo Finance,RSP,2026-09-11T22:08:08+08:00,confirmed
2024-01-31,158.47999572753906,158.58999633789062,156.3800048828125,156.4600067138672,150.18836975097656,8928200,Yahoo Finance,RSP,2026-09-11T22:08:08+08:00,confirmed
2024-02-01,156.7899932861328,158.3800048828125,155.7899932861328,158.27999877929688,151.9354248046875,8008200,Yahoo Finance,RSP,2026-09-11T22:08:08+08:00,confirmed
2024-02-02,157.61000061035156,158.91000366210938,156.74000549316406,158.13999938964844,151.80104064941406,8128900,Yahoo Finance,RSP,2026-09-11T22:08:08+08:00,confirmed
2024-02-05,157.36000061035156,157.42999267578125,156.1300048828125,156.77999877929688,150.49554443359375,8633400,Yahoo Finance,RSP,2026-09-11T22:08:08+08:00,confirmed
2024-02-06,156.9499969482422,157.8699951171875,156.75999450683594,157.77000427246094,151.4458770751953,6059000,Yahoo Finance,RSP,2026-09-11T22:08:08+08:00,confirmed
2024-02-07,158.50999450683594,158.77000427246094,157.6199951171875,158.38999938964844,152.04103088378906,6706000,Yahoo Finance,RSP,2026-09-11T22:08:08+08:00,confirmed
2024-02-08,158.42999267578125,158.83999633789062,157.97000122070312,158.74000549316406,152.376953125,4900200,Yahoo Finance,RSP,2026-09-11T22:08:08+08:00,confirmed
2024-02-09,158.69000244140625,159.0800018310547,158.14999389648438,158.92999267578125,152.55934143066406,5055000,Yahoo Finance,RSP,2026-09-11T22:08:08+08:00,confirmed
2024-02-12,159.0,160.52999877929688,158.99000549316406,160.00999450683594,153.5960693359375,6971900,Yahoo Finance,RSP,2026-09-11T22:08:08+08:00,confirmed
2024-02-13,157.85000610351562,158.2100067138672,156.16000366210938,157.35000610351562,151.04270935058594,9741100,Yahoo Finance,RSP,2026-09-11T22:08:08+08:00,confirmed
2024-02-14,158.14999389648438,158.89999389648438,157.58999633789062,158.7899932861328,152.42498779296875,11291300,Yahoo Finance,RSP,2026-09-11T22:08:08+08:00,confirmed
2024-02-15,159.4199981689453,160.91000366210938,159.3699951171875,160.75999450683594,154.3160400390625,5846600,Yahoo Finance,RSP,2026-09-11T22:08:08+08:00,confirmed
2024-02-16,160.19000244140625,161.08999633789062,159.8800048828125,160.02999877929688,153.61526489257812,5061200,Yahoo Finance,RSP,2026-09-11T22:08:08+08:00,confirmed
2024-02-20,159.3000030517578,159.9600067138672,159.24000549316406,159.66000366210938,153.2601318359375,6827700,Yahoo Finance,RSP,2026-09-11T22:08:08+08:00,confirmed
2024-02-21,159.25,160.02999877929688,158.9199981689453,159.97999572753906,153.56727600097656,4602900,Yahoo Finance,RSP,2026-09-11T22:08:08+08:00,confirmed
2024-02-22,160.82000732421875,161.97999572753906,160.47999572753906,161.57000732421875,155.0935516357422,9128000,Yahoo Finance,RSP,2026-09-11T22:08:08+08:00,confirmed
2024-02-23,161.94000244140625,162.41000366210938,161.6300048828125,162.0,155.5063018798828,6375200,Yahoo Finance,RSP,2026-09-11T22:08:08+08:00,confirmed
2024-02-26,161.97999572753906,162.41000366210938,161.24000549316406,161.35000610351562,154.8823699951172,5164000,Yahoo Finance,RSP,2026-09-11T22:08:08+08:00,confirmed
2024-02-27,161.8699951171875,162.10000610351562,161.52000427246094,162.05999755859375,155.56390380859375,4362900,Yahoo Finance,RSP,2026-09-11T22:08:08+08:00,confirmed
2024-02-28,161.6699981689453,162.49000549316406,161.49000549316406,162.1199951171875,155.6215057373047,4296800,Yahoo Finance,RSP,2026-09-11T22:08:08+08:00,confirmed
2024-02-29,162.88999938964844,163.22000122070312,162.11000061035156,162.7899932861328,156.26463317871094,6298500,Yahoo Finance,RSP,2026-09-11T22:08:08+08:00,confirmed
2024-03-01,163.0,164.0,162.22999572753906,163.92999267578125,157.35891723632812,6389300,Yahoo Finance,RSP,2026-09-11T22:08:08+08:00,confirmed
2024-03-04,163.83999633789062,164.6999969482422,163.83999633789062,164.22999572753906,157.6468963623047,5165000,Yahoo Finance,RSP,2026-09-11T22:08:08+08:00,confirmed
2024-03-05,163.9600067138672,164.6699981689453,162.8699951171875,163.47999572753906,156.92698669433594,6260600,Yahoo Finance,RSP,2026-09-11T22:08:08+08:00,confirmed
2024-03-06,164.3699951171875,164.97000122070312,163.89999389648438,164.41000366210938,157.81973266601562,6041100,Yahoo Finance,RSP,2026-09-11T22:08:08+08:00,confirmed
2024-03-07,165.4199981689453,165.97000122070312,165.30999755859375,165.6999969482422,159.0579833984375,6407600,Yahoo Finance,RSP,2026-09-11T22:08:08+08:00,confirmed
2024-03-08,166.16000366210938,166.72000122070312,165.27999877929688,165.50999450683594,158.87562561035156,9114500,Yahoo Finance,RSP,2026-09-11T22:08:08+08:00,confirmed
2024-03-11,165.16000366210938,165.82000732421875,164.6300048828125,165.72000122070312,159.0771942138672,5503800,Yahoo Finance,RSP,2026-09-11T22:08:08+08:00,confirmed
2024-03-12,166.02000427246094,166.4600067138672,165.24000549316406,166.14999389648438,159.48995971679688,6357900,Yahoo Finance,RSP,2026-09-11T22:08:08+08:00,confirmed
2024-03-13,166.27000427246094,166.82000732421875,165.74000549316406,166.22999572753906,159.56675720214844,4644000,Yahoo Finance,RSP,2026-09-11T22:08:08+08:00,confirmed
2024-03-14,166.27999877929688,166.35000610351562,163.6999969482422,164.74000549316406,158.13648986816406,7757600,Yahoo Finance,RSP,2026-09-11T22:08:08+08:00,confirmed
2024-03-15,163.6699981689453,164.97999572753906,163.66000366210938,164.4199981689453,157.8292999267578,7973400,Yahoo Finance,RSP,2026-09-11T22:08:08+08:00,confirmed
2024-03-18,164.3300018310547,164.74000549316406,163.69000244140625,164.19000244140625,158.2630615234375,4712600,Yahoo Finance,RSP,2026-09-11T22:08:08+08:00,confirmed
2024-03-19,164.1699981689453,165.2100067138672,164.0399932861328,165.1699981689453,159.20767211914062,5789400,Yahoo Finance,RSP,2026-09-11T22:08:08+08:00,confirmed
2024-03-20,165.0800018310547,166.72999572753906,164.8000030517578,166.5800018310547,160.56678771972656,4925700,Yahoo Finance,RSP,2026-09-11T22:08:08+08:00,confirmed
2024-03-21,167.33999633789062,168.17999267578125,167.16000366210938,167.72000122070312,161.66563415527344,6010900,Yahoo Finance,RSP,2026-09-11T22:08:08+08:00,confirmed
2024-03-22,167.8000030517578,168.0,166.61000061035156,166.63999938964844,160.62461853027344,3178700,Yahoo Finance,RSP,2026-09-11T22:08:08+08:00,confirmed
2024-03-25,166.6300048828125,167.0500030517578,166.25999450683594,166.27999877929688,160.27760314941406,2903700,Yahoo Finance,RSP,2026-09-11T22:08:08+08:00,confirmed
2024-03-26,166.8000030517578,166.99000549316406,166.05999755859375,166.1199951171875,160.1233673095703,3669800,Yahoo Finance,RSP,2026-09-11T22:08:08+08:00,confirmed
2024-03-27,167.13999938964844,168.7899932861328,167.0500030517578,168.77999877929688,162.68734741210938,5999200,Yahoo Finance,RSP,2026-09-11T22:08:08+08:00,confirmed
2024-03-28,169.16000366210938,169.8000030517578,168.9600067138672,169.3699951171875,163.25607299804688,3728100,Yahoo Finance,RSP,2026-09-11T22:08:08+08:00,confirmed
2024-04-01,169.60000610351562,169.6699981689453,168.24000549316406,168.3699951171875,162.29214477539062,4757200,Yahoo Finance,RSP,2026-09-11T22:08:08+08:00,confirmed
2024-04-02,167.50999450683594,167.50999450683594,166.42999267578125,166.9199981689453,160.8944854736328,4598400,Yahoo Finance,RSP,2026-09-11T22:08:08+08:00,confirmed
2024-04-03,166.7100067138672,167.39999389648438,166.5800018310547,167.10000610351562,161.06800842285156,4442700,Yahoo Finance,RSP,2026-09-11T22:08:08+08:00,confirmed
2024-04-04,168.38999938964844,168.57000732421875,165.00999450683594,165.39999389648438,159.4293670654297,7150800,Yahoo Finance,RSP,2026-09-11T22:08:08+08:00,confirmed
2024-04-05,165.58999633789062,166.8300018310547,165.1999969482422,166.38999938964844,160.38363647460938,5697000,Yahoo Finance,RSP,2026-09-11T22:08:08+08:00,confirmed
2024-04-08,166.6300048828125,167.4199981689453,166.50999450683594,166.89999389648438,160.87522888183594,22497300,Yahoo Finance,RSP,2026-09-11T22:08:08+08:00,confirmed
2024-04-09,167.4600067138672,167.77000427246094,166.0500030517578,167.55999755859375,161.5113983154297,5483600,Yahoo Finance,RSP,2026-09-11T22:08:08+08:00,confirmed
2024-04-10,165.1999969482422,165.7899932861328,164.11000061035156,164.7100067138672,158.76429748535156,7550600,Yahoo Finance,RSP,2026-09-11T22:08:08+08:00,confirmed
2024-04-11,165.00999450683594,165.25999450683594,163.5399932861328,164.58999633789062,158.64862060546875,6831200,Yahoo Finance,RSP,2026-09-11T22:08:08+08:00,confirmed
2024-04-12,163.5500030517578,163.92999267578125,161.52999877929688,161.97999572753906,156.13282775878906,6567600,Yahoo Finance,RSP,2026-09-11T22:08:08+08:00,confirmed
2024-04-15,163.64999389648438,163.8000030517578,160.02999877929688,160.5800018310547,154.78335571289062,9546700,Yahoo Finance,RSP,2026-09-11T22:08:08+08:00,confirmed
2024-04-16,160.41000366210938,160.5399932861328,159.1999969482422,159.69000244140625,153.92550659179688,7389600,Yahoo Finance,RSP,2026-09-11T22:08:08+08:00,confirmed
2024-04-17,160.47000122070312,160.60000610351562,158.8699951171875,159.36000061035156,153.607421875,8056700,Yahoo Finance,RSP,2026-09-11T22:08:08+08:00,confirmed
2024-04-18,159.9499969482422,160.47999572753906,158.8300018310547,159.2100067138672,153.46282958984375,6683000,Yahoo Finance,RSP,2026-09-11T22:08:08+08:00,confirmed
2024-04-19,159.52000427246094,160.33999633789062,159.30999755859375,159.80999755859375,154.04116821289062,8816300,Yahoo Finance,RSP,2026-09-11T22:08:08+08:00,confirmed
2024-04-22,160.50999450683594,161.85000610351562,159.6199951171875,161.02999877929688,155.21710205078125,4775500,Yahoo Finance,RSP,2026-09-11T22:08:08+08:00,confirmed
2024-04-23,161.33999633789062,162.82000732421875,161.2100067138672,162.4600067138672,156.5955047607422,3998000,Yahoo Finance,RSP,2026-09-11T22:08:08+08:00,confirmed
2024-04-24,162.1999969482422,162.85000610351562,161.77999877929688,162.69000244140625,156.81723022460938,4164000,Yahoo Finance,RSP,2026-09-11T22:08:08+08:00,confirmed
2024-04-25,161.9600067138672,162.60000610351562,160.55999755859375,162.35000610351562,156.48948669433594,7408300,Yahoo Finance,RSP,2026-09-11T22:08:08+08:00,confirmed
2024-04-26,162.0,162.99000549316406,161.80999755859375,162.42999267578125,156.56658935546875,5649500,Yahoo Finance,RSP,2026-09-11T22:08:08+08:00,confirmed
2024-04-29,162.88999938964844,163.69000244140625,162.82000732421875,163.55999755859375,157.6558074951172,3882800,Yahoo Finance,RSP,2026-09-11T22:08:08+08:00,confirmed
2024-04-30,162.85000610351562,162.9499969482422,161.1699981689453,161.1999969482422,155.3809814453125,4935800,Yahoo Finance,RSP,2026-09-11T22:08:08+08:00,confirmed
2024-05-01,160.75,162.80999755859375,160.17999267578125,160.64999389648438,154.850830078125,9285200,Yahoo Finance,RSP,2026-09-11T22:08:08+08:00,confirmed
2024-05-02,161.64999389648438,162.0399932861328,160.08999633789062,161.63999938964844,155.80508422851562,5677900,Yahoo Finance,RSP,2026-09-11T22:08:08+08:00,confirmed
2024-05-03,162.97000122070312,163.52999877929688,162.1300048828125,162.7899932861328,156.91360473632812,9751400,Yahoo Finance,RSP,2026-09-11T22:08:08+08:00,confirmed
2024-05-06,163.64999389648438,164.0500030517578,163.27000427246094,164.0399932861328,158.11846923828125,4928700,Yahoo Finance,RSP,2026-09-11T22:08:08+08:00,confirmed
2024-05-07,164.5,164.99000549316406,164.36000061035156,164.5,158.5618438720703,4511200,Yahoo Finance,RSP,2026-09-11T22:08:08+08:00,confirmed
2024-05-08,163.94000244140625,164.58999633789062,163.7899932861328,164.4600067138672,158.52333068847656,3346100,Yahoo Finance,RSP,2026-09-11T22:08:08+08:00,confirmed
2024-05-09,164.4199981689453,165.8800048828125,164.33999633789062,165.83999633789062,159.85350036621094,3413000,Yahoo Finance,RSP,2026-09-11T22:08:08+08:00,confirmed
2024-05-10,166.39999389648438,166.5500030517578,165.85000610351562,166.11000061035156,160.11376953125,3425000,Yahoo Finance,RSP,2026-09-11T22:08:08+08:00,confirmed
2024-05-13,166.66000366210938,167.14999389648438,165.94000244140625,166.07000732421875,160.0751953125,2514400,Yahoo Finance,RSP,2026-09-11T22:08:08+08:00,confirmed
2024-05-14,166.60000610351562,167.10000610351562,166.0500030517578,166.72999572753906,160.7113494873047,5446900,Yahoo Finance,RSP,2026-09-11T22:08:08+08:00,confirmed
2024-05-15,167.7100067138672,168.1999969482422,167.41000366210938,168.05999755859375,161.99334716796875,5739400,Yahoo Finance,RSP,2026-09-11T22:08:08+08:00,confirmed
2024-05-16,168.1699981689453,168.38999938964844,167.77000427246094,167.7899932861328,161.73309326171875,4779400,Yahoo Finance,RSP,2026-09-11T22:08:08+08:00,confirmed
2024-05-17,167.85000610351562,168.1300048828125,167.5500030517578,168.0399932861328,161.9740753173828,3461400,Yahoo Finance,RSP,2026-09-11T22:08:08+08:00,confirmed
2024-05-20,168.19000244140625,168.47000122070312,167.64999389648438,167.89999389648438,161.83912658691406,3756300,Yahoo Finance,RSP,2026-09-11T22:08:08+08:00,confirmed
2024-05-21,167.77000427246094,167.89999389648438,167.3300018310547,167.8300018310547,161.77166748046875,3751200,Yahoo Finance,RSP,2026-09-11T22:08:08+08:00,confirmed
2024-05-22,167.36000061035156,167.9199981689453,166.75,167.19000244140625,161.15475463867188,2841500,Yahoo Finance,RSP,2026-09-11T22:08:08+08:00,confirmed
2024-05-23,167.49000549316406,167.5,164.7100067138672,164.85000610351562,158.8992462158203,5841400,Yahoo Finance,RSP,2026-09-11T22:08:08+08:00,confirmed
2024-05-24,165.5500030517578,166.22999572753906,165.39999389648438,165.94000244140625,159.94989013671875,3252000,Yahoo Finance,RSP,2026-09-11T22:08:08+08:00,confirmed
2024-05-28,165.9600067138672,166.02000427246094,164.30999755859375,164.7899932861328,158.8413848876953,4160000,Yahoo Finance,RSP,2026-09-11T22:08:08+08:00,confirmed
2024-05-29,163.47000122070312,163.47000122070312,162.77999877929688,162.86000061035156,156.98109436035156,6843200,Yahoo Finance,RSP,2026-09-11T22:08:08+08:00,confirmed
2024-05-30,162.92999267578125,163.77999877929688,162.67999267578125,163.61000061035156,157.7040252685547,5335500,Yahoo Finance,RSP,2026-09-11T22:08:08+08:00,confirmed
2024-05-31,163.94000244140625,165.8300018310547,163.32000732421875,165.77999877929688,159.79566955566406,4335200,Yahoo Finance,RSP,2026-09-11T22:08:08+08:00,confirmed
2024-06-03,166.10000610351562,166.1199951171875,163.60000610351562,164.89999389648438,158.9474334716797,6125400,Yahoo Finance,RSP,2026-09-11T22:08:08+08:00,confirmed
2024-06-04,164.1300048828125,164.85000610351562,163.72999572753906,164.39999389648438,158.4654541015625,5446500,Yahoo Finance,RSP,2026-09-11T22:08:08+08:00,confirmed
2024-06-05,164.77000427246094,165.4499969482422,163.8300018310547,165.39999389648438,159.4293670654297,5788700,Yahoo Finance,RSP,2026-09-11T22:08:08+08:00,confirmed
2024-06-06,165.1699981689453,165.75,164.6999969482422,165.0800018310547,159.12091064453125,6251200,Yahoo Finance,RSP,2026-09-11T22:08:08+08:00,confirmed
2024-06-07,164.35000610351562,165.5,164.0500030517578,164.55999755859375,158.61972045898438,2865700,Yahoo Finance,RSP,2026-09-11T22:08:08+08:00,confirmed
2024-06-10,163.99000549316406,165.11000061035156,163.75999450683594,165.0,159.0438232421875,5769700,Yahoo Finance,RSP,2026-09-11T22:08:08+08:00,confirmed
2024-06-11,164.25,164.55999755859375,163.32000732421875,164.32000732421875,158.38836669921875,4772800,Yahoo Finance,RSP,2026-09-11T22:08:08+08:00,confirmed
2024-06-12,166.1699981689453,166.38999938964844,164.7899932861328,165.1999969482422,159.236572265625,8818900,Yahoo Finance,RSP,2026-09-11T22:08:08+08:00,confirmed
2024-06-13,164.89999389648438,165.0,163.74000549316406,164.72999572753906,158.78355407714844,7385200,Yahoo Finance,RSP,2026-09-11T22:08:08+08:00,confirmed
2024-06-14,163.8000030517578,164.1199951171875,162.69000244140625,163.67999267578125,157.77146911621094,4557100,Yahoo Finance,RSP,2026-09-11T22:08:08+08:00,confirmed
2024-06-17,163.32000732421875,165.02000427246094,163.00999450683594,164.8699951171875,158.91851806640625,4265800,Yahoo Finance,RSP,2026-09-11T22:08:08+08:00,confirmed
2024-06-18,164.6699981689453,165.6699981689453,164.6699981689453,165.27999877929688,159.313720703125,6283800,Yahoo Finance,RSP,2026-09-11T22:08:08+08:00,confirmed
2024-06-20,165.24000549316406,165.69000244140625,165.0,165.3800048828125,159.41012573242188,5806800,Yahoo Finance,RSP,2026-09-11T22:08:08+08:00,confirmed
2024-06-21,165.5,165.6999969482422,164.6199951171875,165.58999633789062,159.61251831054688,3996200,Yahoo Finance,RSP,2026-09-11T22:08:08+08:00,confirmed
2024-06-24,165.2899932861328,166.57000732421875,164.86000061035156,165.72000122070312,160.37998962402344,7588700,Yahoo Finance,RSP,2026-09-11T22:08:08+08:00,confirmed
2024-06-25,165.80999755859375,165.80999755859375,164.0500030517578,164.5800018310547,159.2766876220703,4349100,Yahoo Finance,RSP,2026-09-11T22:08:08+08:00,confirmed
2024-06-26,164.00999450683594,164.1300048828125,163.41000366210938,163.9600067138672,158.67669677734375,3995900,Yahoo Finance,RSP,2026-09-11T22:08:08+08:00,confirmed
2024-06-27,163.9600067138672,164.1999969482422,163.50999450683594,164.16000366210938,158.87025451660156,3430700,Yahoo Finance,RSP,2026-09-11T22:08:08+08:00,confirmed
2024-06-28,164.52999877929688,165.2100067138672,163.5399932861328,164.27999877929688,158.9863739013672,4761000,Yahoo Finance,RSP,2026-09-11T22:08:08+08:00,confirmed
2024-07-01,164.8000030517578,164.9600067138672,162.74000549316406,162.9499969482422,157.69921875,6813100,Yahoo Finance,RSP,2026-09-11T22:08:08+08:00,confirmed
2024-07-02,162.89999389648438,163.69000244140625,162.85000610351562,163.67999267578125,158.40570068359375,3692900,Yahoo Finance,RSP,2026-09-11T22:08:08+08:00,confirmed
2024-07-03,164.02000427246094,164.44000244140625,163.60000610351562,163.75,158.47341918945312,2745100,Yahoo Finance,RSP,2026-09-11T22:08:08+08:00,confirmed
2024-07-05,163.66000366210938,163.83999633789062,162.72999572753906,163.67999267578125,158.40570068359375,3950800,Yahoo Finance,RSP,2026-09-11T22:08:08+08:00,confirmed
2024-07-08,163.9199981689453,164.60000610351562,163.49000549316406,164.0,158.71539306640625,4654500,Yahoo Finance,RSP,2026-09-11T22:08:08+08:00,confirmed
2024-07-09,163.88999938964844,164.5800018310547,163.36000061035156,163.72000122070312,158.44444274902344,4267800,Yahoo Finance,RSP,2026-09-11T22:08:08+08:00,confirmed
2024-07-10,164.05999755859375,165.2100067138672,163.75,165.07000732421875,159.7509307861328,5327600,Yahoo Finance,RSP,2026-09-11T22:08:08+08:00,confirmed
2024-07-11,165.8800048828125,167.3800048828125,165.80999755859375,167.05999755859375,161.6768035888672,10924400,Yahoo Finance,RSP,2026-09-11T22:08:08+08:00,confirmed
2024-07-12,167.82000732421875,169.36000061035156,167.72999572753906,168.52999877929688,163.0994110107422,11488500,Yahoo Finance,RSP,2026-09-11T22:08:08+08:00,confirmed
2024-07-15,168.75,169.61000061035156,168.32000732421875,168.72000122070312,163.2833251953125,5139500,Yahoo Finance,RSP,2026-09-11T22:08:08+08:00,confirmed
2024-07-16,169.1999969482422,171.7100067138672,169.0500030517578,171.7100067138672,166.17694091796875,9921100,Yahoo Finance,RSP,2026-09-11T22:08:08+08:00,confirmed
2024-07-17,170.80999755859375,172.19000244140625,170.66000366210938,171.00999450683594,165.49951171875,12609800,Yahoo Finance,RSP,2026-09-11T22:08:08+08:00,confirmed
2024-07-18,170.85000610351562,172.3800048828125,169.16000366210938,169.5399932861328,164.07687377929688,8887600,Yahoo Finance,RSP,2026-09-11T22:08:08+08:00,confirmed
2024-07-19,169.66000366210938,169.8800048828125,168.00999450683594,168.39999389648438,162.97360229492188,5683900,Yahoo Finance,RSP,2026-09-11T22:08:08+08:00,confirmed
2024-07-22,169.08999633789062,169.8000030517578,167.77000427246094,169.72999572753906,164.2607421875,8973100,Yahoo Finance,RSP,2026-09-11T22:08:08+08:00,confirmed
2024-07-23,169.4199981689453,169.83999633789062,169.02000427246094,169.1300048828125,163.68008422851562,5344300,Yahoo Finance,RSP,2026-09-11T22:08:08+08:00,confirmed
2024-07-24,168.80999755859375,169.22999572753906,166.97999572753906,167.14999389648438,161.76388549804688,8067000,Yahoo Finance,RSP,2026-09-11T22:08:08+08:00,confirmed
2024-07-25,167.1999969482422,169.67999267578125,166.85000610351562,167.35000610351562,161.9574432373047,10680400,Yahoo Finance,RSP,2026-09-11T22:08:08+08:00,confirmed
2024-07-26,168.6199951171875,170.27999877929688,168.35000610351562,169.74000549316406,164.2704315185547,7472300,Yahoo Finance,RSP,2026-09-11T22:08:08+08:00,confirmed
2024-07-29,170.13999938964844,170.38999938964844,169.1699981689453,169.97000122070312,164.4929962158203,5737800,Yahoo Finance,RSP,2026-09-11T22:08:08+08:00,confirmed
2024-07-30,170.63999938964844,171.30999755859375,169.94000244140625,170.7899932861328,165.28659057617188,7333100,Yahoo Finance,RSP,2026-09-11T22:08:08+08:00,confirmed
2024-07-31,172.00999450683594,173.0800018310547,171.08999633789062,171.60000610351562,166.07049560546875,9957500,Yahoo Finance,RSP,2026-09-11T22:08:08+08:00,confirmed
2024-08-01,171.89999389648438,172.7100067138672,168.77999877929688,169.69000244140625,164.22206115722656,10567900,Yahoo Finance,RSP,2026-09-11T22:08:08+08:00,confirmed
2024-08-02,168.22999572753906,168.41000366210938,165.10000610351562,166.77000427246094,161.39613342285156,11666300,Yahoo Finance,RSP,2026-09-11T22:08:08+08:00,confirmed
2024-08-05,163.4199981689453,164.58999633789062,161.8000030517578,162.8300018310547,157.58306884765625,13747600,Yahoo Finance,RSP,2026-09-11T22:08:08+08:00,confirmed
2024-08-06,163.33999633789062,166.5500030517578,163.00999450683594,164.5,159.1992645263672,8774600,Yahoo Finance,RSP,2026-09-11T22:08:08+08:00,confirmed
2024-08-07,166.0800018310547,166.97999572753906,163.24000549316406,163.33999633789062,158.07666015625,5938500,Yahoo Finance,RSP,2026-09-11T22:08:08+08:00,confirmed
2024-08-08,164.14999389648438,166.4499969482422,163.8800048828125,166.3000030517578,160.94126892089844,6628600,Yahoo Finance,RSP,2026-09-11T22:08:08+08:00,confirmed
2024-08-09,166.44000244140625,167.1300048828125,165.16000366210938,166.64999389648438,161.28001403808594,3650000,Yahoo Finance,RSP,2026-09-11T22:08:08+08:00,confirmed
2024-08-12,166.6999969482422,166.8800048828125,165.52000427246094,165.85000610351562,160.50576782226562,5633600,Yahoo Finance,RSP,2026-09-11T22:08:08+08:00,confirmed
2024-08-13,166.64999389648438,167.9600067138672,166.11000061035156,167.74000549316406,162.33486938476562,4208300,Yahoo Finance,RSP,2026-09-11T22:08:08+08:00,confirmed
2024-08-14,168.02000427246094,168.55999755859375,167.60000610351562,168.08999633789062,162.67361450195312,4156200,Yahoo Finance,RSP,2026-09-11T22:08:08+08:00,confirmed
2024-08-15,169.77000427246094,170.63999938964844,169.3300018310547,170.3699951171875,164.88011169433594,6926700,Yahoo Finance,RSP,2026-09-11T22:08:08+08:00,confirmed
2024-08-16,170.0,170.9199981689453,170.0,170.77999877929688,165.27691650390625,3454700,Yahoo Finance,RSP,2026-09-11T22:08:08+08:00,confirmed
2024-08-19,170.92999267578125,172.1199951171875,170.91000366210938,172.0800018310547,166.53504943847656,5580000,Yahoo Finance,RSP,2026-09-11T22:08:08+08:00,confirmed
2024-08-20,171.91000366210938,172.19000244140625,171.1699981689453,171.39999389648438,165.8769073486328,5054900,Yahoo Finance,RSP,2026-09-11T22:08:08+08:00,confirmed
2024-08-21,172.08999633789062,172.75999450683594,171.66000366210938,172.60000610351562,167.0382843017578,4594900,Yahoo Finance,RSP,2026-09-11T22:08:08+08:00,confirmed
2024-08-22,173.0,173.2100067138672,171.8000030517578,172.11000061035156,166.56405639648438,3817200,Yahoo Finance,RSP,2026-09-11T22:08:08+08:00,confirmed
2024-08-23,173.0,174.52000427246094,172.66000366210938,174.3000030517578,168.68348693847656,6000300,Yahoo Finance,RSP,2026-09-11T22:08:08+08:00,confirmed
2024-08-26,174.97000122070312,175.38999938964844,174.07000732421875,174.27000427246094,168.65447998046875,7487600,Yahoo Finance,RSP,2026-09-11T22:08:08+08:00,confirmed
2024-08-27,173.91000366210938,174.41000366210938,173.6999969482422,174.35000610351562,168.7318878173828,3560300,Yahoo Finance,RSP,2026-09-11T22:08:08+08:00,confirmed
2024-08-28,174.10000610351562,174.6199951171875,173.0500030517578,173.8699951171875,168.26736450195312,3964500,Yahoo Finance,RSP,2026-09-11T22:08:08+08:00,confirmed
2024-08-29,174.5,175.5800018310547,173.5,174.52000427246094,168.89642333984375,5095000,Yahoo Finance,RSP,2026-09-11T22:08:08+08:00,confirmed
2024-08-30,175.0800018310547,175.9600067138672,173.9199981689453,175.8699951171875,170.20289611816406,4635800,Yahoo Finance,RSP,2026-09-11T22:08:08+08:00,confirmed
2024-09-03,175.0,175.39999389648438,172.91000366210938,173.61000061035156,168.01571655273438,6616300,Yahoo Finance,RSP,2026-09-11T22:08:08+08:00,confirmed
2024-09-04,173.44000244140625,174.39999389648438,172.86000061035156,173.36000061035156,167.77378845214844,10109400,Yahoo Finance,RSP,2026-09-11T22:08:08+08:00,confirmed
2024-09-05,173.61000061035156,173.74000549316406,171.61000061035156,172.3000030517578,166.74794006347656,6015500,Yahoo Finance,RSP,2026-09-11T22:08:08+08:00,confirmed
2024-09-06,172.52000427246094,173.3300018310547,170.22000122070312,170.4499969482422,164.95753479003906,9197200,Yahoo Finance,RSP,2026-09-11T22:08:08+08:00,confirmed
2024-09-09,171.50999450683594,172.97000122070312,171.1999969482422,172.10000610351562,166.55438232421875,6402300,Yahoo Finance,RSP,2026-09-11T22:08:08+08:00,confirmed
2024-09-10,172.4600067138672,172.61000061035156,170.9199981689453,172.1999969482422,166.6511688232422,4356800,Yahoo Finance,RSP,2026-09-11T22:08:08+08:00,confirmed
2024-09-11,171.60000610351562,172.49000549316406,168.7899932861328,172.27999877929688,166.7285919189453,7108100,Yahoo Finance,RSP,2026-09-11T22:08:08+08:00,confirmed
2024-09-12,172.30999755859375,173.4600067138672,171.4499969482422,173.35000610351562,167.7641143798828,5460300,Yahoo Finance,RSP,2026-09-11T22:08:08+08:00,confirmed
2024-09-13,174.00999450683594,175.33999633789062,173.88999938964844,175.00999450683594,169.37059020996094,5248100,Yahoo Finance,RSP,2026-09-11T22:08:08+08:00,confirmed
2024-09-16,175.6300048828125,176.58999633789062,175.3800048828125,176.27999877929688,170.59967041015625,4845200,Yahoo Finance,RSP,2026-09-11T22:08:08+08:00,confirmed
2024-09-17,176.67999267578125,177.60000610351562,176.0399932861328,176.5399932861328,170.85130310058594,5489300,Yahoo Finance,RSP,2026-09-11T22:08:08+08:00,confirmed
2024-09-18,176.88999938964844,178.39999389648438,175.9499969482422,176.2100067138672,170.53196716308594,9390000,Yahoo Finance,RSP,2026-09-11T22:08:08+08:00,confirmed
2024-09-19,178.5500030517578,178.8300018310547,177.3800048828125,178.08999633789062,172.3513641357422,7678100,Yahoo Finance,RSP,2026-09-11T22:08:08+08:00,confirmed
2024-09-20,177.5800018310547,177.5800018310547,176.61000061035156,177.44000244140625,171.72232055664062,5392000,Yahoo Finance,RSP,2026-09-11T22:08:08+08:00,confirmed
2024-09-23,177.25,177.72000122070312,176.91000366210938,177.64999389648438,172.60159301757812,5866400,Yahoo Finance,RSP,2026-09-11T22:08:08+08:00,confirmed
2024-09-24,178.0399932861328,178.22999572753906,177.5399932861328,177.91000366210938,172.8542022705078,6316200,Yahoo Finance,RSP,2026-09-11T22:08:08+08:00,confirmed
2024-09-25,178.10000610351562,178.25999450683594,176.5399932861328,176.80999755859375,171.78546142578125,4614900,Yahoo Finance,RSP,2026-09-11T22:08:08+08:00,confirmed
2024-09-26,178.11000061035156,178.80999755859375,177.75,178.2899932861328,173.223388671875,6061500,Yahoo Finance,RSP,2026-09-11T22:08:08+08:00,confirmed
2024-09-27,179.02000427246094,179.94000244140625,178.64999389648438,178.92999267578125,173.84519958496094,5693800,Yahoo Finance,RSP,2026-09-11T22:08:08+08:00,confirmed
2024-09-30,178.77000427246094,179.35000610351562,177.60000610351562,179.16000366210938,174.0686798095703,5068500,Yahoo Finance,RSP,2026-09-11T22:08:08+08:00,confirmed
2024-10-01,178.9499969482422,179.1699981689453,177.27000427246094,178.2100067138672,173.1456756591797,8274200,Yahoo Finance,RSP,2026-09-11T22:08:08+08:00,confirmed
2024-10-02,177.72999572753906,178.4499969482422,177.22000122070312,178.02000427246094,172.96107482910156,4117100,Yahoo Finance,RSP,2026-09-11T22:08:08+08:00,confirmed
2024-10-03,177.4499969482422,177.69000244140625,176.57000732421875,177.17999267578125,172.14492797851562,5361900,Yahoo Finance,RSP,2026-09-11T22:08:08+08:00,confirmed
2024-10-04,178.6699981689453,178.67999267578125,177.30999755859375,178.57000732421875,173.4954376220703,5400400,Yahoo Finance,RSP,2026-09-11T22:08:08+08:00,confirmed
2024-10-07,178.02000427246094,178.02000427246094,176.4199981689453,177.17999267578125,172.14492797851562,4207300,Yahoo Finance,RSP,2026-09-11T22:08:08+08:00,confirmed
2024-10-08,177.3699951171875,177.8000030517578,176.74000549316406,177.60000610351562,172.5530242919922,3845700,Yahoo Finance,RSP,2026-09-11T22:08:08+08:00,confirmed
2024-10-09,177.63999938964844,179.0500030517578,177.3300018310547,178.82000732421875,173.73834228515625,3925200,Yahoo Finance,RSP,2026-09-11T22:08:08+08:00,confirmed
2024-10-10,178.47000122070312,178.6699981689453,177.75,178.14999389648438,173.08737182617188,3171900,Yahoo Finance,RSP,2026-09-11T22:08:08+08:00,confirmed
2024-10-11,178.47999572753906,180.13999938964844,178.38999938964844,179.89999389648438,174.78765869140625,4033900,Yahoo Finance,RSP,2026-09-11T22:08:08+08:00,confirmed
2024-10-14,180.00999450683594,181.33999633789065,179.58999633789062,181.22000122070312,176.0701446533203,3222600,Yahoo Finance,RSP,2026-09-11T22:08:08+08:00,confirmed
2024-10-15,181.25999450683597,182.22000122070312,180.2899932861328,180.3999938964844,175.27342224121094,5152200,Yahoo Finance,RSP,2026-09-11T22:08:08+08:00,confirmed
2024-10-16,180.8500061035156,181.8699951171875,180.7100067138672,181.6199951171875,176.4587860107422,4840200,Yahoo Finance,RSP,2026-09-11T22:08:08+08:00,confirmed
2024-10-17,182.1199951171875,182.1499938964844,181.1300048828125,181.3300018310547,176.17701721191406,3595400,Yahoo Finance,RSP,2026-09-11T22:08:08+08:00,confirmed
2024-10-18,181.8600006103516,182.00999450683597,180.91000366210935,181.8699951171875,176.70167541503906,3275700,Yahoo Finance,RSP,2026-09-11T22:08:08+08:00,confirmed
2024-10-21,181.58999633789065,181.8500061035156,179.92999267578125,180.32000732421875,175.1957244873047,3998700,Yahoo Finance,RSP,2026-09-11T22:08:08+08:00,confirmed
2024-10-22,179.60000610351562,179.8000030517578,178.72999572753906,179.50999450683594,174.4087371826172,3730700,Yahoo Finance,RSP,2026-09-11T22:08:08+08:00,confirmed
2024-10-23,178.99000549316406,179.49000549316406,177.92999267578125,178.9199981689453,173.83547973632812,4665700,Yahoo Finance,RSP,2026-09-11T22:08:08+08:00,confirmed
2024-10-24,179.47000122070312,179.6699981689453,178.52999877929688,178.9600067138672,173.87435913085938,4361800,Yahoo Finance,RSP,2026-09-11T22:08:08+08:00,confirmed
2024-10-25,179.94000244140625,180.1499938964844,177.97000122070312,178.11000061035156,173.0485382080078,4555200,Yahoo Finance,RSP,2026-09-11T22:08:08+08:00,confirmed
2024-10-28,178.85000610351562,179.60000610351562,178.75999450683594,179.1199951171875,174.02980041503906,3040100,Yahoo Finance,RSP,2026-09-11T22:08:08+08:00,confirmed
2024-10-29,178.5500030517578,179.2100067138672,178.0500030517578,178.5800018310547,173.5051727294922,5505400,Yahoo Finance,RSP,2026-09-11T22:08:08+08:00,confirmed
2024-10-30,177.94000244140625,179.35000610351562,177.94000244140625,178.19000244140625,173.12625122070312,5630200,Yahoo Finance,RSP,2026-09-11T22:08:08+08:00,confirmed
2024-10-31,177.72999572753906,178.0,176.25,176.2899932861328,171.28024291992188,6143700,Yahoo Finance,RSP,2026-09-11T22:08:08+08:00,confirmed
2024-11-01,176.94000244140625,177.9600067138672,176.25,176.39999389648438,171.38710021972656,4247000,Yahoo Finance,RSP,2026-09-11T22:08:08+08:00,confirmed
2024-11-04,176.58999633789062,177.58999633789062,176.07000732421875,176.61000061035156,171.59115600585938,3954200,Yahoo Finance,RSP,2026-09-11T22:08:08+08:00,confirmed
2024-11-05,176.67999267578125,178.72999572753906,176.2100067138672,178.6699981689453,173.59259033203125,4550700,Yahoo Finance,RSP,2026-09-11T22:08:08+08:00,confirmed
2024-11-06,183.33999633789065,183.3800048828125,181.3000030517578,182.8999938964844,177.70240783691406,12965500,Yahoo Finance,RSP,2026-09-11T22:08:08+08:00,confirmed
2024-11-07,183.38999938964844,183.5500030517578,182.6199951171875,183.0800018310547,177.8772735595703,8402000,Yahoo Finance,RSP,2026-09-11T22:08:08+08:00,confirmed
2024-11-08,183.2899932861328,184.47000122070312,183.0399932861328,184.1000061035156,178.86830139160156,7541600,Yahoo Finance,RSP,2026-09-11T22:08:08+08:00,confirmed
2024-11-11,184.82000732421875,185.7899932861328,184.72999572753903,185.0200042724609,179.7621612548828,6861800,Yahoo Finance,RSP,2026-09-11T22:08:08+08:00,confirmed
2024-11-12,184.7400054931641,184.88999938964844,183.02999877929688,183.6100006103516,178.3922119140625,5098300,Yahoo Finance,RSP,2026-09-11T22:08:08+08:00,confirmed
2024-11-13,183.94000244140625,184.5399932861328,183.4499969482422,183.7100067138672,178.4893798828125,9745300,Yahoo Finance,RSP,2026-09-11T22:08:08+08:00,confirmed
2024-11-14,183.7899932861328,183.9900054931641,182.1199951171875,182.2400054931641,177.0611572265625,7379500,Yahoo Finance,RSP,2026-09-11T22:08:08+08:00,confirmed
2024-11-15,181.8999938964844,182.3300018310547,180.6499938964844,180.94000244140625,175.79811096191406,5450400,Yahoo Finance,RSP,2026-09-11T22:08:08+08:00,confirmed
2024-11-18,181.1100006103516,182.05999755859372,180.8699951171875,181.6699981689453,176.50733947753906,3702600,Yahoo Finance,RSP,2026-09-11T22:08:08+08:00,confirmed
2024-11-19,180.11000061035156,181.57000732421875,179.64999389648438,181.17999267578125,176.03128051757812,5787700,Yahoo Finance,RSP,2026-09-11T22:08:08+08:00,confirmed
2024-11-20,181.30999755859372,181.8699951171875,180.33999633789065,181.7899932861328,176.62396240234375,4496700,Yahoo Finance,RSP,2026-09-11T22:08:08+08:00,confirmed
2024-11-21,182.3999938964844,184.41000366210935,181.7400054931641,184.0800018310547,178.848876953125,5642600,Yahoo Finance,RSP,2026-09-11T22:08:08+08:00,confirmed
2024-11-22,184.5200042724609,185.7899932861328,184.4900054931641,185.52999877929688,180.25765991210935,6371300,Yahoo Finance,RSP,2026-09-11T22:08:08+08:00,confirmed
2024-11-25,187.16000366210935,187.9900054931641,186.7700042724609,187.2100067138672,181.88992309570312,8582500,Yahoo Finance,RSP,2026-09-11T22:08:08+08:00,confirmed
2024-11-26,187.25999450683597,187.38999938964844,186.30999755859372,187.22999572753903,181.9093475341797,5590500,Yahoo Finance,RSP,2026-09-11T22:08:08+08:00,confirmed
2024-11-27,187.50999450683597,188.08999633789065,186.88999938964844,187.0500030517578,181.7344512939453,4801900,Yahoo Finance,RSP,2026-09-11T22:08:08+08:00,confirmed
2024-11-29,187.4600067138672,188.16000366210935,187.33999633789065,187.6199951171875,182.28826904296875,3752500,Yahoo Finance,RSP,2026-09-11T22:08:08+08:00,confirmed
2024-12-02,187.6999969482422,187.8699951171875,186.47000122070312,187.1499938964844,181.83160400390625,7664300,Yahoo Finance,RSP,2026-09-11T22:08:08+08:00,confirmed
2024-12-03,187.1499938964844,187.38999938964844,186.1199951171875,186.32000732421875,181.0252227783203,8580300,Yahoo Finance,RSP,2026-09-11T22:08:08+08:00,confirmed
2024-12-04,186.57000732421875,186.6100006103516,185.6000061035156,186.3300018310547,181.034912109375,6576700,Yahoo Finance,RSP,2026-09-11T22:08:08+08:00,confirmed
2024-12-05,186.32000732421875,186.47999572753903,185.33999633789065,185.3999938964844,180.13134765625,6060200,Yahoo Finance,RSP,2026-09-11T22:08:08+08:00,confirmed
2024-12-06,186.0500030517578,186.41000366210935,185.0500030517578,185.19000244140625,179.9273223876953,4527300,Yahoo Finance,RSP,2026-09-11T22:08:08+08:00,confirmed
2024-12-09,185.7100067138672,185.8699951171875,184.38999938964844,184.42999267578125,179.18890380859375,5121100,Yahoo Finance,RSP,2026-09-11T22:08:08+08:00,confirmed
2024-12-10,184.4600067138672,184.4600067138672,182.7899932861328,183.3000030517578,178.0910186767578,6296400,Yahoo Finance,RSP,2026-09-11T22:08:08+08:00,confirmed
2024-12-11,184.1199951171875,184.17999267578125,183.27999877929688,183.47000122070312,178.25621032714844,6041800,Yahoo Finance,RSP,2026-09-11T22:08:08+08:00,confirmed
2024-12-12,183.44000244140625,183.63999938964844,182.8000030517578,182.8000030517578,177.60525512695312,3648800,Yahoo Finance,RSP,2026-09-11T22:08:08+08:00,confirmed
2024-12-13,182.8000030517578,183.00999450683597,181.82000732421875,182.16000366210935,176.98342895507812,5418500,Yahoo Finance,RSP,2026-09-11T22:08:08+08:00,confirmed
2024-12-16,182.19000244140625,182.8300018310547,181.38999938964844,181.55999755859372,176.4004669189453,5199800,Yahoo Finance,RSP,2026-09-11T22:08:08+08:00,confirmed
2024-12-17,180.91000366210935,181.30999755859372,179.85000610351562,180.1300048828125,175.01112365722656,7334500,Yahoo Finance,RSP,2026-09-11T22:08:08+08:00,confirmed
2024-12-18,180.3600006103516,180.57000732421875,174.66000366210938,174.8000030517578,169.8325653076172,11216700,Yahoo Finance,RSP,2026-09-11T22:08:08+08:00,confirmed
2024-12-19,175.6999969482422,176.61000061035156,174.1699981689453,174.22000122070312,169.2690887451172,10243000,Yahoo Finance,RSP,2026-09-11T22:08:08+08:00,confirmed
2024-12-20,173.9600067138672,177.77000427246094,173.69000244140625,176.66000366210938,171.63973999023438,10861700,Yahoo Finance,RSP,2026-09-11T22:08:08+08:00,confirmed
2024-12-23,175.39999389648438,176.44000244140625,174.7100067138672,176.27999877929688,171.8737335205078,8102400,Yahoo Finance,RSP,2026-09-11T22:08:08+08:00,confirmed
2024-12-24,176.3699951171875,177.6999969482422,176.0399932861328,177.61000061035156,173.17047119140625,2266500,Yahoo Finance,RSP,2026-09-11T22:08:08+08:00,confirmed
2024-12-26,176.9499969482422,178.14999389648438,176.80999755859375,177.89999389648438,173.4532470703125,3493100,Yahoo Finance,RSP,2026-09-11T22:08:08+08:00,confirmed
2024-12-27,177.0,177.99000549316406,175.7899932861328,176.69000244140625,172.27346801757812,5401800,Yahoo Finance,RSP,2026-09-11T22:08:08+08:00,confirmed
2024-12-30,175.25,175.61000061035156,173.57000732421875,174.91000366210938,170.53797912597656,6274500,Yahoo Finance,RSP,2026-09-11T22:08:08+08:00,confirmed
2024-12-31,175.52999877929688,176.07000732421875,174.5500030517578,175.22999572753906,170.84996032714844,6324500,Yahoo Finance,RSP,2026-09-11T22:08:08+08:00,confirmed
2025-01-02,176.32000732421875,176.67999267578125,173.91000366210938,174.72000122070312,170.35272216796875,9011900,Yahoo Finance,RSP,2026-09-11T22:08:08+08:00,confirmed
2025-01-03,175.25,176.58999633789062,174.5800018310547,176.32000732421875,171.91273498535156,4949100,Yahoo Finance,RSP,2026-09-11T22:08:08+08:00,confirmed
2025-01-06,177.1300048828125,177.9600067138672,175.94000244140625,176.1999969482422,171.79571533203125,8748100,Yahoo Finance,RSP,2026-09-11T22:08:08+08:00,confirmed
2025-01-07,176.80999755859375,177.38999938964844,175.02999877929688,175.61000061035156,171.22047424316406,8469400,Yahoo Finance,RSP,2026-09-11T22:08:08+08:00,confirmed
2025-01-08,175.17999267578125,175.9499969482422,174.13999938964844,175.82000732421875,171.42523193359375,6932900,Yahoo Finance,RSP,2026-09-11T22:08:08+08:00,confirmed
2025-01-10,174.66000366210938,174.9499969482422,173.07000732421875,173.25,168.91946411132812,7406800,Yahoo Finance,RSP,2026-09-11T22:08:08+08:00,confirmed
2025-01-13,172.55999755859375,174.72000122070312,172.3800048828125,174.6699981689453,170.30397033691406,8191400,Yahoo Finance,RSP,2026-09-11T22:08:08+08:00,confirmed
2025-01-14,175.42999267578125,176.2899932861328,174.6999969482422,176.0800018310547,171.67872619628906,8081800,Yahoo Finance,RSP,2026-09-11T22:08:08+08:00,confirmed
2025-01-15,178.72999572753906,179.00999450683594,177.2899932861328,177.77000427246094,173.3264923095703,9989500,Yahoo Finance,RSP,2026-09-11T22:08:08+08:00,confirmed
2025-01-16,177.9199981689453,179.42999267578125,177.3699951171875,179.1699981689453,174.69146728515625,5759000,Yahoo Finance,RSP,2026-09-11T22:08:08+08:00,confirmed
2025-01-17,180.08999633789062,180.7100067138672,179.6999969482422,180.0399932861328,175.53973388671875,5945500,Yahoo Finance,RSP,2026-09-11T22:08:08+08:00,confirmed
2025-01-21,181.08999633789065,182.2100067138672,180.9499969482422,182.1300048828125,177.57752990722656,7561500,Yahoo Finance,RSP,2026-09-11T22:08:08+08:00,confirmed
2025-01-22,182.27999877929688,182.3999938964844,181.42999267578125,181.4900054931641,176.95352172851562,8400200,Yahoo Finance,RSP,2026-09-11T22:08:08+08:00,confirmed
2025-01-23,181.58999633789065,182.3600006103516,180.8800048828125,182.3500061035156,177.79200744628906,5414500,Yahoo Finance,RSP,2026-09-11T22:08:08+08:00,confirmed
2025-01-24,182.1100006103516,182.8500061035156,181.94000244140625,182.19000244140625,177.63600158691406,8858500,Yahoo Finance,RSP,2026-09-11T22:08:08+08:00,confirmed
2025-01-27,181.25999450683597,182.3500061035156,181.16000366210935,182.30999755859372,177.7530059814453,11280900,Yahoo Finance,RSP,2026-09-11T22:08:08+08:00,confirmed
2025-01-28,182.3000030517578,182.3500061035156,181.0200042724609,181.41000366210935,176.87548828125,14005300,Yahoo Finance,RSP,2026-09-11T22:08:08+08:00,confirmed
2025-01-29,181.4199981689453,182.0800018310547,180.47000122070312,180.80999755859372,176.29051208496094,7849500,Yahoo Finance,RSP,2026-09-11T22:08:08+08:00,confirmed
2025-01-30,181.83999633789065,183.16000366210935,181.4900054931641,182.7400054931641,178.17227172851562,8669000,Yahoo Finance,RSP,2026-09-11T22:08:08+08:00,confirmed
2025-01-31,182.3999938964844,183.22999572753903,181.0399932861328,181.2400054931641,176.7097625732422,10222400,Yahoo Finance,RSP,2026-09-11T22:08:08+08:00,confirmed
2025-02-03,178.9199981689453,180.8999938964844,177.6999969482422,180.25,175.74449157714844,23419700,Yahoo Finance,RSP,2026-09-11T22:08:08+08:00,confirmed
2025-02-04,179.86000061035156,180.8600006103516,179.74000549316406,180.47000122070312,175.95899963378906,7359000,Yahoo Finance,RSP,2026-09-11T22:08:08+08:00,confirmed
2025-02-05,180.8999938964844,181.44000244140625,179.72999572753906,181.3500061035156,176.81698608398438,5616100,Yahoo Finance,RSP,2026-09-11T22:08:08+08:00,confirmed
2025-02-06,182.1000061035156,182.1000061035156,180.11000061035156,181.1100006103516,176.5830078125,5858800,Yahoo Finance,RSP,2026-09-11T22:08:08+08:00,confirmed
2025-02-07,181.67999267578125,181.7899932861328,179.94000244140625,180.22000122070312,175.71524047851562,6525000,Yahoo Finance,RSP,2026-09-11T22:08:08+08:00,confirmed
2025-02-10,181.02999877929688,181.1000061035156,180.0800018310547,180.72999572753903,176.21249389648438,5193400,Yahoo Finance,RSP,2026-09-11T22:08:08+08:00,confirmed
2025-02-11,180.1300048828125,180.83999633789065,179.80999755859375,180.75,176.2319793701172,4882000,Yahoo Finance,RSP,2026-09-11T22:08:08+08:00,confirmed
2025-02-12,178.75,180.11000061035156,178.64999389648438,179.6999969482422,175.20823669433594,8593000,Yahoo Finance,RSP,2026-09-11T22:08:08+08:00,confirmed
2025-02-13,180.3000030517578,181.4199981689453,179.80999755859375,181.25999450683597,176.729248046875,7191600,Yahoo Finance,RSP,2026-09-11T22:08:08+08:00,confirmed
2025-02-14,181.75,182.17999267578125,181.0200042724609,181.0800018310547,176.55372619628906,10416200,Yahoo Finance,RSP,2026-09-11T22:08:08+08:00,confirmed
2025-02-18,181.55999755859372,182.5,181.05999755859372,182.47000122070312,177.9090118408203,5629500,Yahoo Finance,RSP,2026-09-11T22:08:08+08:00,confirmed
2025-02-19,182.0,183.0200042724609,181.67999267578125,182.83999633789065,178.26976013183594,6982400,Yahoo Finance,RSP,2026-09-11T22:08:08+08:00,confirmed
2025-02-20,182.6199951171875,182.6199951171875,181.1699981689453,182.3800048828125,177.8212432861328,5153400,Yahoo Finance,RSP,2026-09-11T22:08:08+08:00,confirmed
2025-02-21,182.6199951171875,182.6199951171875,179.39999389648438,179.82000732421875,175.3252716064453,7674000,Yahoo Finance,RSP,2026-09-11T22:08:08+08:00,confirmed
2025-02-24,180.3699951171875,180.7899932861328,179.2100067138672,179.97000122070312,175.47149658203125,6196800,Yahoo Finance,RSP,2026-09-11T22:08:08+08:00,confirmed
2025-02-25,180.22000122070312,180.75,179.16000366210938,180.1499938964844,175.64700317382812,9329900,Yahoo Finance,RSP,2026-09-11T22:08:08+08:00,confirmed
2025-02-26,180.7100067138672,181.3800048828125,179.38999938964844,179.77000427246094,175.27650451660156,5829700,Yahoo Finance,RSP,2026-09-11T22:08:08+08:00,confirmed
2025-02-27,179.8000030517578,180.55999755859372,178.10000610351562,178.1999969482422,173.74571228027344,6878000,Yahoo Finance,RSP,2026-09-11T22:08:08+08:00,confirmed
2025-02-28,178.67999267578125,180.25,177.50999450683594,180.17999267578125,175.67623901367188,9252600,Yahoo Finance,RSP,2026-09-11T22:08:08+08:00,confirmed
2025-03-03,180.8800048828125,181.3999938964844,177.30999755859375,178.25999450683594,173.80422973632812,7704400,Yahoo Finance,RSP,2026-09-11T22:08:08+08:00,confirmed
2025-03-04,177.27000427246094,177.86000061035156,174.83999633789062,175.3800048828125,170.99623107910156,10009200,Yahoo Finance,RSP,2026-09-11T22:08:08+08:00,confirmed
2025-03-05,175.22000122070312,177.5,174.5399932861328,177.00999450683594,172.58547973632812,6327500,Yahoo Finance,RSP,2026-09-11T22:08:08+08:00,confirmed
2025-03-06,175.41000366210938,176.5500030517578,174.1999969482422,175.0500030517578,170.6744842529297,8624700,Yahoo Finance,RSP,2026-09-11T22:08:08+08:00,confirmed
2025-03-07,174.58999633789062,177.1199951171875,174.02000427246094,176.69000244140625,172.27346801757812,11727400,Yahoo Finance,RSP,2026-09-11T22:08:08+08:00,confirmed
2025-03-10,175.0800018310547,176.72999572753906,172.9199981689453,174.1999969482422,169.84568786621094,16835700,Yahoo Finance,RSP,2026-09-11T22:08:08+08:00,confirmed
2025-03-11,174.22999572753906,174.32000732421875,170.9600067138672,171.8800048828125,167.58370971679688,17834700,Yahoo Finance,RSP,2026-09-11T22:08:08+08:00,confirmed
2025-03-12,172.61000061035156,173.08999633789062,170.10000610351562,171.07000732421875,166.79397583007812,15640500,Yahoo Finance,RSP,2026-09-11T22:08:08+08:00,confirmed
2025-03-13,171.0800018310547,171.6999969482422,168.83999633789062,169.42999267578125,165.1949462890625,8687700,Yahoo Finance,RSP,2026-09-11T22:08:08+08:00,confirmed
2025-03-14,170.8699951171875,172.88999938964844,170.3000030517578,172.66000366210938,168.34422302246094,7120600,Yahoo Finance,RSP,2026-09-11T22:08:08+08:00,confirmed
2025-03-17,172.5500030517578,175.63999938964844,172.5500030517578,174.99000549316406,170.61598205566406,8485500,Yahoo Finance,RSP,2026-09-11T22:08:08+08:00,confirmed
2025-03-18,174.77999877929688,174.77999877929688,173.33999633789062,174.0800018310547,169.72874450683594,6404500,Yahoo Finance,RSP,2026-09-11T22:08:08+08:00,confirmed
2025-03-19,174.25999450683594,176.2100067138672,173.83999633789062,175.3699951171875,170.98646545410156,7666100,Yahoo Finance,RSP,2026-09-11T22:08:08+08:00,confirmed
2025-03-20,174.55999755859375,175.75999450683594,174.16000366210938,174.63999938964844,170.27471923828125,7686200,Yahoo Finance,RSP,2026-09-11T22:08:08+08:00,confirmed
2025-03-21,173.47000122070312,174.17999267578125,172.30999755859375,173.83999633789062,169.49472045898438,7787700,Yahoo Finance,RSP,2026-09-11T22:08:08+08:00,confirmed
2025-03-24,174.63999938964844,175.97000122070312,174.33999633789062,175.69000244140625,172.1212615966797,9323400,Yahoo Finance,RSP,2026-09-11T22:08:08+08:00,confirmed
2025-03-25,175.9600067138672,176.08999633789062,174.52999877929688,175.27000427246094,171.7097930908203,4313100,Yahoo Finance,RSP,2026-09-11T22:08:08+08:00,confirmed
2025-03-26,175.6199951171875,176.32000732421875,174.3800048828125,174.94000244140625,171.386474609375,4641600,Yahoo Finance,RSP,2026-09-11T22:08:08+08:00,confirmed
2025-03-27,174.64999389648438,175.50999450683594,173.61000061035156,174.49000549316406,170.9456329345703,5538300,Yahoo Finance,RSP,2026-09-11T22:08:08+08:00,confirmed
2025-03-28,174.41000366210938,174.4499969482422,171.5500030517578,171.8000030517578,168.31027221679688,6786800,Yahoo Finance,RSP,2026-09-11T22:08:08+08:00,confirmed
2025-03-31,170.7899932861328,173.99000549316406,170.1699981689453,173.22999572753906,169.71119689941406,10869400,Yahoo Finance,RSP,2026-09-11T22:08:08+08:00,confirmed
2025-04-01,173.0,173.89999389648438,171.25999450683594,173.41000366210938,169.8875732421875,6370100,Yahoo Finance,RSP,2026-09-11T22:08:08+08:00,confirmed
2025-04-02,171.94000244140625,175.38999938964844,171.94000244140625,174.86000061035156,171.30810546875,7288600,Yahoo Finance,RSP,2026-09-11T22:08:08+08:00,confirmed
2025-04-03,170.0,170.6300048828125,166.4600067138672,166.52999877929688,163.1473388671875,15808200,Yahoo Finance,RSP,2026-09-11T22:08:08+08:00,confirmed
2025-04-04,162.85000610351562,163.11000061035156,156.94000244140625,157.17999267578125,153.9872283935547,29019500,Yahoo Finance,RSP,2026-09-11T22:08:08+08:00,confirmed
2025-04-07,153.63999938964844,161.69000244140625,150.35000610351562,155.8699951171875,152.70384216308594,34004200,Yahoo Finance,RSP,2026-09-11T22:08:08+08:00,confirmed
2025-04-08,160.3300018310547,160.6999969482422,150.7899932861328,152.92999267578125,149.82357788085938,17732800,Yahoo Finance,RSP,2026-09-11T22:08:08+08:00,confirmed
2025-04-09,151.24000549316406,165.88999938964844,150.80999755859375,165.16000366210938,161.80514526367188,37769600,Yahoo Finance,RSP,2026-09-11T22:08:08+08:00,confirmed
2025-04-10,162.14999389648438,162.3000030517578,155.47999572753906,159.60000610351562,156.3580780029297,20112100,Yahoo Finance,RSP,2026-09-11T22:08:08+08:00,confirmed
2025-04-11,159.38999938964844,162.77000427246094,157.69000244140625,162.02000427246094,158.72891235351562,11819300,Yahoo Finance,RSP,2026-09-11T22:08:08+08:00,confirmed
2025-04-14,164.27000427246094,164.97000122070312,162.47000122070312,164.08999633789062,160.7568817138672,14031000,Yahoo Finance,RSP,2026-09-11T22:08:08+08:00,confirmed
2025-04-15,164.33999633789062,165.47000122070312,163.39999389648438,163.55999755859375,160.23765563964844,8519400,Yahoo Finance,RSP,2026-09-11T22:08:08+08:00,confirmed
2025-04-16,162.89999389648438,164.0800018310547,160.2100067138672,161.4600067138672,158.18031311035156,10385800,Yahoo Finance,RSP,2026-09-11T22:08:08+08:00,confirmed
2025-04-17,161.8300018310547,163.91000366210938,161.69000244140625,162.66000366210938,159.35592651367188,7874400,Yahoo Finance,RSP,2026-09-11T22:08:08+08:00,confirmed
2025-04-21,161.38999938964844,161.64999389648438,157.7100067138672,159.38999938964844,156.15234375,6286600,Yahoo Finance,RSP,2026-09-11T22:08:08+08:00,confirmed
2025-04-22,161.19000244140625,163.6999969482422,160.92999267578125,163.32000732421875,160.00253295898438,8645400,Yahoo Finance,RSP,2026-09-11T22:08:08+08:00,confirmed
2025-04-23,166.50999450683594,168.49000549316406,164.33999633789062,164.89999389648438,161.55043029785156,12717500,Yahoo Finance,RSP,2026-09-11T22:08:08+08:00,confirmed
2025-04-24,165.2100067138672,167.97000122070312,164.5800018310547,167.69000244140625,164.2837371826172,5767900,Yahoo Finance,RSP,2026-09-11T22:08:08+08:00,confirmed
2025-04-25,167.27000427246094,167.63999938964844,166.0399932861328,167.4499969482422,164.0486297607422,5190000,Yahoo Finance,RSP,2026-09-11T22:08:08+08:00,confirmed
2025-04-28,167.72000122070312,168.67999267578125,166.4199981689453,167.9199981689453,164.50909423828125,7232100,Yahoo Finance,RSP,2026-09-11T22:08:08+08:00,confirmed
2025-04-29,167.4499969482422,169.32000732421875,167.1199951171875,168.89999389648438,165.4691619873047,5877300,Yahoo Finance,RSP,2026-09-11T22:08:08+08:00,confirmed
2025-04-30,167.14999389648438,169.5500030517578,165.38999938964844,169.13999938964844,165.7042999267578,7497400,Yahoo Finance,RSP,2026-09-11T22:08:08+08:00,confirmed
2025-05-01,169.13999938964844,170.50999450683594,168.47999572753906,168.91000366210938,165.47897338867188,9380300,Yahoo Finance,RSP,2026-09-11T22:08:08+08:00,confirmed
2025-05-02,171.02000427246094,172.2899932861328,170.58999633789062,171.88999938964844,168.3984375,6865200,Yahoo Finance,RSP,2026-09-11T22:08:08+08:00,confirmed
2025-05-05,170.92999267578125,172.22999572753906,170.58999633789062,171.32000732421875,167.8400421142578,5732400,Yahoo Finance,RSP,2026-09-11T22:08:08+08:00,confirmed
2025-05-06,169.9199981689453,171.3800048828125,169.47999572753906,170.0500030517578,166.59584045410156,5246400,Yahoo Finance,RSP,2026-09-11T22:08:08+08:00,confirmed
2025-05-07,170.60000610351562,171.72999572753906,169.9600067138672,171.1699981689453,167.6930694580078,6912400,Yahoo Finance,RSP,2026-09-11T22:08:08+08:00,confirmed
2025-05-08,172.24000549316406,174.27000427246094,171.7899932861328,172.61000061035156,169.10382080078125,5238800,Yahoo Finance,RSP,2026-09-11T22:08:08+08:00,confirmed
2025-05-09,173.02999877929688,173.3000030517578,172.11000061035156,172.57000732421875,169.06463623046875,3460100,Yahoo Finance,RSP,2026-09-11T22:08:08+08:00,confirmed
2025-05-12,177.25999450683594,177.50999450683594,176.0399932861328,177.3000030517578,173.6985626220703,8903700,Yahoo Finance,RSP,2026-09-11T22:08:08+08:00,confirmed
2025-05-13,177.42999267578125,178.52000427246094,177.22000122070312,177.6999969482422,174.09042358398438,8960000,Yahoo Finance,RSP,2026-09-11T22:08:08+08:00,confirmed
2025-05-14,177.5500030517578,177.6300048828125,176.22000122070312,176.6300048828125,173.0421600341797,7785500,Yahoo Finance,RSP,2026-09-11T22:08:08+08:00,confirmed
2025-05-15,176.25999450683594,178.27999877929688,176.25999450683594,178.24000549316406,174.6194610595703,6989300,Yahoo Finance,RSP,2026-09-11T22:08:08+08:00,confirmed
2025-05-16,178.4199981689453,179.99000549316406,177.88999938964844,179.99000549316406,176.33392333984375,6304500,Yahoo Finance,RSP,2026-09-11T22:08:08+08:00,confirmed
2025-05-19,178.36000061035156,180.17999267578125,178.25999450683594,179.97000122070312,176.31431579589844,4145500,Yahoo Finance,RSP,2026-09-11T22:08:08+08:00,confirmed
2025-05-20,179.49000549316406,180.17999267578125,178.7899932861328,179.5,175.85386657714844,5888300,Yahoo Finance,RSP,2026-09-11T22:08:08+08:00,confirmed
2025-05-21,178.08999633789062,178.36000061035156,175.41000366210938,175.58999633789062,172.02330017089844,13219500,Yahoo Finance,RSP,2026-09-11T22:08:08+08:00,confirmed
2025-05-22,175.1300048828125,176.02999877929688,174.10000610351562,175.02999877929688,171.47467041015625,10673200,Yahoo Finance,RSP,2026-09-11T22:08:08+08:00,confirmed
2025-05-23,173.22000122070312,174.8800048828125,173.0,174.3300018310547,170.7888946533203,11014300,Yahoo Finance,RSP,2026-09-11T22:08:08+08:00,confirmed
2025-05-27,176.4600067138672,177.67999267578125,175.47999572753906,177.5800018310547,173.97286987304688,8780200,Yahoo Finance,RSP,2026-09-11T22:08:08+08:00,confirmed
2025-05-28,177.55999755859375,177.69000244140625,175.77000427246094,176.07000732421875,172.49354553222656,13696600,Yahoo Finance,RSP,2026-09-11T22:08:08+08:00,confirmed
2025-05-29,176.72999572753906,176.75999450683594,174.99000549316406,176.5,172.914794921875,7823900,Yahoo Finance,RSP,2026-09-11T22:08:08+08:00,confirmed
2025-05-30,176.0,177.00999450683594,174.94000244140625,176.42999267578125,172.84622192382812,8433600,Yahoo Finance,RSP,2026-09-11T22:08:08+08:00,confirmed
2025-06-02,176.07000732421875,176.6199951171875,174.27000427246094,176.57000732421875,172.98336791992188,12499600,Yahoo Finance,RSP,2026-09-11T22:08:08+08:00,confirmed
2025-06-03,176.52000427246094,178.2100067138672,175.92999267578125,178.0399932861328,174.4235076904297,9725900,Yahoo Finance,RSP,2026-09-11T22:08:08+08:00,confirmed
2025-06-04,178.30999755859375,178.4499969482422,177.57000732421875,177.63999938964844,174.03164672851562,6957400,Yahoo Finance,RSP,2026-09-11T22:08:08+08:00,confirmed
2025-06-05,177.85000610351562,178.3000030517578,176.6699981689453,177.16000366210938,173.5614013671875,11662900,Yahoo Finance,RSP,2026-09-11T22:08:08+08:00,confirmed
2025-06-06,178.66000366210938,179.00999450683594,178.00999450683594,178.69000244140625,175.06033325195312,7257800,Yahoo Finance,RSP,2026-09-11T22:08:08+08:00,confirmed
2025-06-09,179.1300048828125,179.5800018310547,178.22999572753906,178.72000122070312,175.08970642089844,11541800,Yahoo Finance,RSP,2026-09-11T22:08:08+08:00,confirmed
2025-06-10,179.16000366210938,179.86000061035156,178.8699951171875,179.61000061035156,175.9616241455078,13056400,Yahoo Finance,RSP,2026-09-11T22:08:08+08:00,confirmed
2025-06-11,180.0,180.02999877929688,178.52000427246094,179.10000610351562,175.4619903564453,11864700,Yahoo Finance,RSP,2026-09-11T22:08:08+08:00,confirmed
2025-06-12,178.6199951171875,179.5500030517578,178.14999389648438,179.52000427246094,175.8734588623047,8786000,Yahoo Finance,RSP,2026-09-11T22:08:08+08:00,confirmed
2025-06-13,178.19000244140625,179.02999877929688,176.8699951171875,177.35000610351562,173.74755859375,16262000,Yahoo Finance,RSP,2026-09-11T22:08:08+08:00,confirmed
2025-06-16,178.36000061035156,179.75999450683594,178.32000732421875,179.05999755859375,175.4228057861328,10888000,Yahoo Finance,RSP,2026-09-11T22:08:08+08:00,confirmed
2025-06-17,178.32000732421875,178.77000427246094,177.02999877929688,177.33999633789062,173.73773193359375,9216000,Yahoo Finance,RSP,2026-09-11T22:08:08+08:00,confirmed
2025-06-18,177.33999633789062,178.5800018310547,177.14999389648438,177.36000061035156,173.75732421875,12988300,Yahoo Finance,RSP,2026-09-11T22:08:08+08:00,confirmed
2025-06-20,178.3800048828125,178.67999267578125,177.2100067138672,177.64999389648438,174.04144287109375,9401300,Yahoo Finance,RSP,2026-09-11T22:08:08+08:00,confirmed
2025-06-23,176.94000244140625,178.5800018310547,175.97999572753906,178.49000549316406,175.5779571533203,12724300,Yahoo Finance,RSP,2026-09-11T22:08:08+08:00,confirmed
2025-06-24,179.4199981689453,180.5,178.9199981689453,180.17999267578125,177.24037170410156,10283300,Yahoo Finance,RSP,2026-09-11T22:08:08+08:00,confirmed
2025-06-25,179.97000122070312,180.0399932861328,178.60000610351562,178.8800048828125,175.96160888671875,11833600,Yahoo Finance,RSP,2026-09-11T22:08:08+08:00,confirmed
2025-06-26,179.44000244140625,180.4199981689453,179.35000610351562,180.22999572753903,177.28956604003906,8981500,Yahoo Finance,RSP,2026-09-11T22:08:08+08:00,confirmed
2025-06-27,180.58999633789065,181.80999755859372,179.9499969482422,180.88999938964844,177.9387969970703,9276900,Yahoo Finance,RSP,2026-09-11T22:08:08+08:00,confirmed
2025-06-30,181.16000366210935,182.02999877929688,180.8300018310547,181.7400054931641,178.7749481201172,9990600,Yahoo Finance,RSP,2026-09-11T22:08:08+08:00,confirmed
2025-07-01,181.3000030517578,184.7700042724609,181.3000030517578,183.8699951171875,180.87017822265625,21421100,Yahoo Finance,RSP,2026-09-11T22:08:08+08:00,confirmed
2025-07-02,183.8000030517578,184.44000244140625,183.0500030517578,184.2899932861328,181.28330993652344,12842400,Yahoo Finance,RSP,2026-09-11T22:08:08+08:00,confirmed
2025-07-03,184.6499938964844,185.5200042724609,184.6499938964844,185.17999267578125,182.1588134765625,8503400,Yahoo Finance,RSP,2026-09-11T22:08:08+08:00,confirmed
2025-07-07,184.75,185.07000732421875,182.6999969482422,183.6999969482422,180.70294189453125,14145700,Yahoo Finance,RSP,2026-09-11T22:08:08+08:00,confirmed
2025-07-08,183.75999450683597,184.77999877929688,183.5500030517578,184.16000366210935,181.1554412841797,11259100,Yahoo Finance,RSP,2026-09-11T22:08:08+08:00,confirmed
2025-07-09,184.75,184.8800048828125,183.5500030517578,184.7100067138672,181.6964874267578,11300700,Yahoo Finance,RSP,2026-09-11T22:08:08+08:00,confirmed
2025-07-10,184.7100067138672,186.4900054931641,184.4600067138672,185.77999877929688,182.7490081787109,13045900,Yahoo Finance,RSP,2026-09-11T22:08:08+08:00,confirmed
2025-07-11,184.63999938964844,184.91000366210935,184.00999450683597,184.4199981689453,181.4112091064453,10362200,Yahoo Finance,RSP,2026-09-11T22:08:08+08:00,confirmed
2025-07-14,184.1300048828125,184.75999450683597,183.7100067138672,184.6100006103516,181.59811401367188,9821500,Yahoo Finance,RSP,2026-09-11T22:08:08+08:00,confirmed
2025-07-15,184.8800048828125,185.0500030517578,182.0200042724609,182.0500030517578,179.0798797607422,11203400,Yahoo Finance,RSP,2026-09-11T22:08:08+08:00,confirmed
2025-07-16,182.6699981689453,182.97999572753903,180.55999755859372,182.75999450683597,179.7782745361328,11395700,Yahoo Finance,RSP,2026-09-11T22:08:08+08:00,confirmed
2025-07-17,182.8300018310547,184.3999938964844,182.6199951171875,184.25,181.24398803710935,9663600,Yahoo Finance,RSP,2026-09-11T22:08:08+08:00,confirmed
2025-07-18,184.80999755859372,184.9600067138672,183.7100067138672,184.17999267578125,181.17510986328125,9431700,Yahoo Finance,RSP,2026-09-11T22:08:08+08:00,confirmed
2025-07-21,184.57000732421875,184.97999572753903,183.5500030517578,183.5500030517578,180.55540466308597,9822000,Yahoo Finance,RSP,2026-09-11T22:08:08+08:00,confirmed
2025-07-22,183.82000732421875,186.16000366210935,183.82000732421875,185.88999938964844,182.85723876953125,12111800,Yahoo Finance,RSP,2026-09-11T22:08:08+08:00,confirmed
2025-07-23,186.92999267578125,187.4600067138672,186.4900054931641,187.42999267578125,184.37208557128903,13828000,Yahoo Finance,RSP,2026-09-11T22:08:08+08:00,confirmed
2025-07-24,187.1499938964844,187.7899932861328,186.7899932861328,186.8300018310547,183.78189086914065,11816300,Yahoo Finance,RSP,2026-09-11T22:08:08+08:00,confirmed
2025-07-25,187.16000366210935,187.83999633789065,186.3500061035156,187.72999572753903,184.6671905517578,9579400,Yahoo Finance,RSP,2026-09-11T22:08:08+08:00,confirmed
2025-07-28,187.69000244140625,187.72000122070312,186.5,186.6199951171875,183.57530212402344,8148100,Yahoo Finance,RSP,2026-09-11T22:08:08+08:00,confirmed
2025-07-29,187.00999450683597,187.00999450683597,186.07000732421875,186.52999877929688,183.4868011474609,9571500,Yahoo Finance,RSP,2026-09-11T22:08:08+08:00,confirmed
2025-07-30,186.5200042724609,186.9199981689453,184.3999938964844,185.32000732421875,182.29653930664065,13965200,Yahoo Finance,RSP,2026-09-11T22:08:08+08:00,confirmed
2025-07-31,184.58999633789065,185.75,183.1999969482422,183.6300048828125,180.6341094970703,21530000,Yahoo Finance,RSP,2026-09-11T22:08:08+08:00,confirmed
2025-08-01,182.25999450683597,182.33999633789065,179.94000244140625,181.55999755859372,178.59788513183594,19418200,Yahoo Finance,RSP,2026-09-11T22:08:08+08:00,confirmed
2025-08-04,182.2700042724609,183.92999267578125,182.2700042724609,183.77999877929688,180.7816467285156,10694200,Yahoo Finance,RSP,2026-09-11T22:08:08+08:00,confirmed
2025-08-05,184.00999450683597,184.13999938964844,182.5800018310547,183.2700042724609,180.2799835205078,12675600,Yahoo Finance,RSP,2026-09-11T22:08:08+08:00,confirmed
2025-08-06,183.47999572753903,183.55999755859372,182.47999572753903,182.8600006103516,179.87664794921875,10196200,Yahoo Finance,RSP,2026-09-11T22:08:08+08:00,confirmed
2025-08-07,184.0399932861328,184.44000244140625,182.1100006103516,182.75,179.76844787597656,12164900,Yahoo Finance,RSP,2026-09-11T22:08:08+08:00,confirmed
2025-08-08,183.17999267578125,183.80999755859372,182.75,183.0800018310547,180.0930633544922,9185200,Yahoo Finance,RSP,2026-09-11T22:08:08+08:00,confirmed
2025-08-11,183.30999755859372,184.0399932861328,182.2700042724609,182.5800018310547,179.60122680664062,9324600,Yahoo Finance,RSP,2026-09-11T22:08:08+08:00,confirmed
2025-08-12,183.1999969482422,184.9900054931641,182.92999267578125,184.8999938964844,181.8833770751953,9790500,Yahoo Finance,RSP,2026-09-11T22:08:08+08:00,confirmed
2025-08-13,185.5399932861328,187.6300048828125,185.3000030517578,187.5399932861328,184.48031616210935,13402800,Yahoo Finance,RSP,2026-09-11T22:08:08+08:00,confirmed
2025-08-14,186.25,186.4900054931641,185.41000366210935,186.32000732421875,183.28021240234372,12180800,Yahoo Finance,RSP,2026-09-11T22:08:08+08:00,confirmed
2025-08-15,186.6999969482422,186.72000122070312,185.6499938964844,185.8600006103516,182.8277130126953,11734800,Yahoo Finance,RSP,2026-09-11T22:08:08+08:00,confirmed
2025-08-18,185.82000732421875,186.3600006103516,185.67999267578125,185.82000732421875,182.7883758544922,7559000,Yahoo Finance,RSP,2026-09-11T22:08:08+08:00,confirmed
2025-08-19,185.91000366210935,187.57000732421875,185.91000366210935,186.69000244140625,183.6441650390625,10692900,Yahoo Finance,RSP,2026-09-11T22:08:08+08:00,confirmed
2025-08-20,186.72000122070312,187.22999572753903,185.83999633789065,186.5200042724609,183.47694396972656,12877700,Yahoo Finance,RSP,2026-09-11T22:08:08+08:00,confirmed
2025-08-21,185.92999267578125,186.3600006103516,185.3699951171875,185.8699951171875,182.8375396728516,12848300,Yahoo Finance,RSP,2026-09-11T22:08:08+08:00,confirmed
2025-08-22,186.82000732421875,189.9900054931641,186.7899932861328,189.4900054931641,186.3984832763672,14820900,Yahoo Finance,RSP,2026-09-11T22:08:08+08:00,confirmed
2025-08-25,188.9900054931641,189.22000122070312,188.0,188.0399932861328,184.9721527099609,12121000,Yahoo Finance,RSP,2026-09-11T22:08:08+08:00,confirmed
2025-08-26,187.82000732421875,188.3800048828125,187.58999633789065,188.1699981689453,185.1000213623047,10758100,Yahoo Finance,RSP,2026-09-11T22:08:08+08:00,confirmed
2025-08-27,188.0200042724609,189.0800018310547,187.8500061035156,188.8500061035156,185.7689208984375,10330900,Yahoo Finance,RSP,2026-09-11T22:08:08+08:00,confirmed
2025-08-28,189.17999267578125,189.25999450683597,187.88999938964844,188.75999450683597,185.68040466308597,11258800,Yahoo Finance,RSP,2026-09-11T22:08:08+08:00,confirmed
2025-08-29,188.6499938964844,189.3500061035156,188.0500030517578,188.6199951171875,185.54266357421875,11791100,Yahoo Finance,RSP,2026-09-11T22:08:08+08:00,confirmed
2025-09-02,186.7400054931641,187.33999633789065,186.0500030517578,187.1300048828125,184.07699584960935,13874500,Yahoo Finance,RSP,2026-09-11T22:08:08+08:00,confirmed
2025-09-03,186.7700042724609,187.47000122070312,185.9499969482422,186.83999633789065,183.79171752929688,13431600,Yahoo Finance,RSP,2026-09-11T22:08:08+08:00,confirmed
2025-09-04,187.17999267578125,188.25999450683597,186.47000122070312,188.22000122070312,185.1492156982422,10706800,Yahoo Finance,RSP,2026-09-11T22:08:08+08:00,confirmed
2025-09-05,188.6699981689453,189.8000030517578,187.32000732421875,188.44000244140625,185.36561584472656,19713400,Yahoo Finance,RSP,2026-09-11T22:08:08+08:00,confirmed
2025-09-08,188.47999572753903,188.47999572753903,187.0399932861328,188.2899932861328,185.2180633544922,16212100,Yahoo Finance,RSP,2026-09-11T22:08:08+08:00,confirmed
2025-09-09,187.97999572753903,188.25,187.3300018310547,187.7100067138672,184.6475372314453,18432700,Yahoo Finance,RSP,2026-09-11T22:08:08+08:00,confirmed
2025-09-10,187.6999969482422,188.4900054931641,186.94000244140625,187.5200042724609,184.4606475830078,17279300,Yahoo Finance,RSP,2026-09-11T22:08:08+08:00,confirmed
2025-09-11,187.72000122070312,190.5399932861328,187.72000122070312,190.3300018310547,187.22479248046875,19182500,Yahoo Finance,RSP,2026-09-11T22:08:08+08:00,confirmed
2025-09-12,190.08999633789065,190.32000732421875,188.80999755859372,188.9600067138672,185.87713623046875,14126100,Yahoo Finance,RSP,2026-09-11T22:08:08+08:00,confirmed
2025-09-15,189.32000732421875,189.72000122070312,188.4499969482422,188.6300048828125,185.5525360107422,14177200,Yahoo Finance,RSP,2026-09-11T22:08:08+08:00,confirmed
2025-09-16,188.63999938964844,188.9900054931641,187.6300048828125,188.1300048828125,185.0606689453125,13418400,Yahoo Finance,RSP,2026-09-11T22:08:08+08:00,confirmed
2025-09-17,188.3699951171875,190.5200042724609,187.17999267578125,188.30999755859372,185.23773193359372,21025400,Yahoo Finance,RSP,2026-09-11T22:08:08+08:00,confirmed
2025-09-18,188.8300018310547,190.05999755859372,188.52999877929688,189.5399932861328,186.4476623535156,16984500,Yahoo Finance,RSP,2026-09-11T22:08:08+08:00,confirmed
2025-09-19,190.0,190.0,188.57000732421875,189.2100067138672,186.12307739257807,11333500,Yahoo Finance,RSP,2026-09-11T22:08:08+08:00,confirmed
2025-09-22,187.82000732421875,188.8000030517578,187.4499969482422,188.47999572753903,186.21197509765625,9302300,Yahoo Finance,RSP,2026-09-11T22:08:08+08:00,confirmed
2025-09-23,188.6000061035156,189.8800048828125,188.3699951171875,188.7100067138672,186.439208984375,9921600,Yahoo Finance,RSP,2026-09-11T22:08:08+08:00,confirmed
2025-09-24,188.7100067138672,189.2400054931641,188.08999633789065,188.2700042724609,186.00450134277344,10626000,Yahoo Finance,RSP,2026-09-11T22:08:08+08:00,confirmed
2025-09-25,187.6100006103516,187.63999938964844,186.02999877929688,186.72000122070312,184.47314453125,12979600,Yahoo Finance,RSP,2026-09-11T22:08:08+08:00,confirmed
2025-09-26,187.22999572753903,188.72000122070312,187.1100006103516,188.57000732421875,186.30088806152344,11428800,Yahoo Finance,RSP,2026-09-11T22:08:08+08:00,confirmed
2025-09-29,189.3999938964844,189.5,188.3999938964844,189.1999969482422,186.9233245849609,11846900,Yahoo Finance,RSP,2026-09-11T22:08:08+08:00,confirmed
2025-09-30,188.8600006103516,189.8800048828125,188.3500061035156,189.6999969482422,187.4172821044922,13098600,Yahoo Finance,RSP,2026-09-11T22:08:08+08:00,confirmed
2025-10-01,189.2700042724609,190.4199981689453,189.2700042724609,190.1300048828125,187.8421173095703,10806400,Yahoo Finance,RSP,2026-09-11T22:08:08+08:00,confirmed
2025-10-02,190.1999969482422,190.9499969482422,189.6999969482422,190.5800018310547,188.2866973876953,12839600,Yahoo Finance,RSP,2026-09-11T22:08:08+08:00,confirmed
2025-10-03,190.91000366210935,192.3000030517578,190.88999938964844,191.25,188.94862365722656,15326900,Yahoo Finance,RSP,2026-09-11T22:08:08+08:00,confirmed
2025-10-06,192.1000061035156,192.1000061035156,190.88999938964844,191.19000244140625,188.88937377929688,10695400,Yahoo Finance,RSP,2026-09-11T22:08:08+08:00,confirmed
2025-10-07,191.6300048828125,191.91000366210935,189.97000122070312,190.3500061035156,188.0594787597656,13431800,Yahoo Finance,RSP,2026-09-11T22:08:08+08:00,confirmed
2025-10-08,190.58999633789065,191.2700042724609,189.83999633789065,190.97000122070312,188.6720123291016,11800200,Yahoo Finance,RSP,2026-09-11T22:08:08+08:00,confirmed
2025-10-09,191.1100006103516,191.30999755859372,189.0800018310547,189.38999938964844,187.11102294921875,12641800,Yahoo Finance,RSP,2026-09-11T22:08:08+08:00,confirmed
2025-10-10,189.58999633789065,190.00999450683597,185.08999633789065,185.1199951171875,182.8924102783203,40484500,Yahoo Finance,RSP,2026-09-11T22:08:08+08:00,confirmed
2025-10-13,186.42999267578125,187.5399932861328,186.1000061035156,186.9199981689453,184.6707305908203,16088800,Yahoo Finance,RSP,2026-09-11T22:08:08+08:00,confirmed
2025-10-14,185.5500030517578,189.3000030517578,185.4199981689453,188.47000122070312,186.2021026611328,17544300,Yahoo Finance,RSP,2026-09-11T22:08:08+08:00,confirmed
2025-10-15,189.3999938964844,190.5,187.42999267578125,188.8500061035156,186.5775146484375,11078500,Yahoo Finance,RSP,2026-09-11T22:08:08+08:00,confirmed
2025-10-16,189.22000122070312,189.4600067138672,186.42999267578125,187.05999755859372,184.80905151367188,20569900,Yahoo Finance,RSP,2026-09-11T22:08:08+08:00,confirmed
2025-10-17,187.0399932861328,188.3699951171875,186.83999633789065,188.00999450683597,185.7476348876953,21042200,Yahoo Finance,RSP,2026-09-11T22:08:08+08:00,confirmed
2025-10-20,189.0200042724609,190.16000366210935,189.0,189.88999938964844,187.60499572753903,9171600,Yahoo Finance,RSP,2026-09-11T22:08:08+08:00,confirmed
2025-10-21,189.8600006103516,191.3300018310547,189.6300048828125,190.75999450683597,188.46453857421875,9444800,Yahoo Finance,RSP,2026-09-11T22:08:08+08:00,confirmed
2025-10-22,190.83999633789065,191.1199951171875,189.16000366210935,189.83999633789065,187.55560302734372,15088600,Yahoo Finance,RSP,2026-09-11T22:08:08+08:00,confirmed
2025-10-23,190.1199951171875,191.08999633789065,189.5800018310547,190.7400054931641,188.4447784423828,9809400,Yahoo Finance,RSP,2026-09-11T22:08:08+08:00,confirmed
2025-10-24,192.1100006103516,192.22000122070312,191.17999267578125,191.25999450683597,188.95851135253903,13012000,Yahoo Finance,RSP,2026-09-11T22:08:08+08:00,confirmed
2025-10-27,192.22999572753903,192.3300018310547,191.52999877929688,192.1100006103516,189.7982940673828,10311100,Yahoo Finance,RSP,2026-09-11T22:08:08+08:00,confirmed
2025-10-28,191.75999450683597,191.75999450683597,190.3500061035156,190.4600067138672,188.1681671142578,12596700,Yahoo Finance,RSP,2026-09-11T22:08:08+08:00,confirmed
2025-10-29,189.8500061035156,190.1300048828125,187.7100067138672,188.3300018310547,186.06378173828125,25832400,Yahoo Finance,RSP,2026-09-11T22:08:08+08:00,confirmed
2025-10-30,187.50999450683597,189.4900054931641,187.4199981689453,187.5200042724609,185.26353454589844,16213800,Yahoo Finance,RSP,2026-09-11T22:08:08+08:00,confirmed
2025-10-31,187.1100006103516,188.47999572753903,186.8600006103516,187.92999267578125,185.6685791015625,14994200,Yahoo Finance,RSP,2026-09-11T22:08:08+08:00,confirmed
2025-11-03,187.97000122070312,187.97000122070312,185.47000122070312,187.47000122070312,185.2141265869141,16031300,Yahoo Finance,RSP,2026-09-11T22:08:08+08:00,confirmed
2025-11-04,186.1999969482422,186.9600067138672,185.7400054931641,186.22999572753903,183.98904418945312,15934300,Yahoo Finance,RSP,2026-09-11T22:08:08+08:00,confirmed
2025-11-05,186.17999267578125,187.97999572753903,186.0200042724609,187.32000732421875,185.06594848632807,15322600,Yahoo Finance,RSP,2026-09-11T22:08:08+08:00,confirmed
2025-11-06,187.13999938964844,187.94000244140625,185.6300048828125,186.0,183.7618103027344,19140600,Yahoo Finance,RSP,2026-09-11T22:08:08+08:00,confirmed
2025-11-07,185.6699981689453,187.63999938964844,185.3500061035156,187.55999755859372,185.30303955078125,24166700,Yahoo Finance,RSP,2026-09-11T22:08:08+08:00,confirmed
2025-11-10,188.27999877929688,189.00999450683597,187.05999755859372,188.63999938964844,186.3700408935547,15983200,Yahoo Finance,RSP,2026-09-11T22:08:08+08:00,confirmed
2025-11-11,188.8699951171875,190.22000122070312,188.75,189.72999572753903,187.44692993164065,11465600,Yahoo Finance,RSP,2026-09-11T22:08:08+08:00,confirmed
2025-11-12,189.94000244140625,190.92999267578125,189.94000244140625,190.17999267578125,187.8915100097656,17683800,Yahoo Finance,RSP,2026-09-11T22:08:08+08:00,confirmed
2025-11-13,189.63999938964844,190.3300018310547,187.72000122070312,188.02999877929688,185.7673797607422,23906200,Yahoo Finance,RSP,2026-09-11T22:08:08+08:00,confirmed
2025-11-14,187.1199951171875,188.4600067138672,186.52999877929688,187.33999633789065,185.08567810058597,31184400,Yahoo Finance,RSP,2026-09-11T22:08:08+08:00,confirmed
2025-11-17,187.1199951171875,187.50999450683597,184.3500061035156,184.8800048828125,182.65530395507807,24821300,Yahoo Finance,RSP,2026-09-11T22:08:08+08:00,confirmed
2025-11-18,184.33999633789065,186.0500030517578,183.8600006103516,184.9900054931641,182.7639617919922,39684900,Yahoo Finance,RSP,2026-09-11T22:08:08+08:00,confirmed
2025-11-19,184.8600006103516,185.3600006103516,183.6699981689453,184.42999267578125,182.2107086181641,21903500,Yahoo Finance,RSP,2026-09-11T22:08:08+08:00,confirmed
2025-11-20,186.2400054931641,186.77999877929688,182.1100006103516,182.17999267578125,179.98777770996094,45169400,Yahoo Finance,RSP,2026-09-11T22:08:08+08:00,confirmed
2025-11-21,183.2100067138672,186.80999755859372,182.80999755859372,185.75999450683597,183.5247039794922,57508500,Yahoo Finance,RSP,2026-09-11T22:08:08+08:00,confirmed
2025-11-24,186.19000244140625,187.16000366210935,185.27999877929688,186.52999877929688,184.2854461669922,15833500,Yahoo Finance,RSP,2026-09-11T22:08:08+08:00,confirmed
2025-11-25,186.97999572753903,189.52999877929688,186.8999938964844,189.17999267578125,186.90354919433597,22726500,Yahoo Finance,RSP,2026-09-11T22:08:08+08:00,confirmed
2025-11-26,189.3999938964844,191.16000366210935,189.30999755859372,190.5,188.20767211914065,14643700,Yahoo Finance,RSP,2026-09-11T22:08:08+08:00,confirmed
2025-11-28,190.7100067138672,191.8300018310547,190.55999755859372,191.52999877929688,189.2252655029297,5185500,Yahoo Finance,RSP,2026-09-11T22:08:08+08:00,confirmed
2025-12-01,190.33999633789065,191.6499938964844,190.1199951171875,190.22000122070312,187.93104553222656,13035100,Yahoo Finance,RSP,2026-09-11T22:08:08+08:00,confirmed
2025-12-02,190.7400054931641,190.75,189.52999877929688,190.0399932861328,187.75320434570312,11714200,Yahoo Finance,RSP,2026-09-11T22:08:08+08:00,confirmed
2025-12-03,190.2700042724609,191.6199951171875,190.25,191.4900054931641,189.1857452392578,13576800,Yahoo Finance,RSP,2026-09-11T22:08:08+08:00,confirmed
2025-12-04,191.47999572753903,192.05999755859372,191.00999450683597,191.5500030517578,189.2450408935547,11086800,Yahoo Finance,RSP,2026-09-11T22:08:08+08:00,confirmed
2025-12-05,191.82000732421875,192.80999755859372,191.58999633789065,192.0,189.68960571289065,12887200,Yahoo Finance,RSP,2026-09-11T22:08:08+08:00,confirmed
2025-12-08,192.2400054931641,192.2700042724609,190.6699981689453,190.8500061035156,188.55345153808597,8686100,Yahoo Finance,RSP,2026-09-11T22:08:08+08:00,confirmed
2025-12-09,190.7100067138672,191.69000244140625,190.4199981689453,190.4900054931641,188.1977996826172,7896700,Yahoo Finance,RSP,2026-09-11T22:08:08+08:00,confirmed
2025-12-10,190.75999450683597,193.6000061035156,190.6100006103516,193.1699981689453,190.8455352783203,17968600,Yahoo Finance,RSP,2026-09-11T22:08:08+08:00,confirmed
2025-12-11,193.0200042724609,194.8800048828125,193.0,194.72999572753903,192.3867645263672,17852700,Yahoo Finance,RSP,2026-09-11T22:08:08+08:00,confirmed
2025-12-12,195.3300018310547,195.47000122070312,193.05999755859372,193.41000366210935,191.0826568603516,26817100,Yahoo Finance,RSP,2026-09-11T22:08:08+08:00,confirmed
2025-12-15,194.50999450683597,194.57000732421875,192.91000366210935,193.6499938964844,191.3197479248047,26605900,Yahoo Finance,RSP,2026-09-11T22:08:08+08:00,confirmed
2025-12-16,193.7700042724609,193.9600067138672,191.58999633789065,192.2899932861328,189.9761199951172,16005500,Yahoo Finance,RSP,2026-09-11T22:08:08+08:00,confirmed
2025-12-17,192.4499969482422,193.6100006103516,191.5399932861328,191.7700042724609,189.46237182617188,13546100,Yahoo Finance,RSP,2026-09-11T22:08:08+08:00,confirmed
2025-12-18,192.9199981689453,193.75999450683597,191.80999755859372,192.17999267578125,189.867431640625,18124000,Yahoo Finance,RSP,2026-09-11T22:08:08+08:00,confirmed
2025-12-19,192.2400054931641,193.5200042724609,192.07000732421875,192.8800048828125,190.5590362548828,13707900,Yahoo Finance,RSP,2026-09-11T22:08:08+08:00,confirmed
2025-12-22,192.6100006103516,193.72999572753903,192.4199981689453,193.5399932861328,191.9714813232422,8322300,Yahoo Finance,RSP,2026-09-11T22:08:08+08:00,confirmed
2025-12-23,193.33999633789065,193.66000366210935,192.72999572753903,193.08999633789065,191.52513122558597,6422600,Yahoo Finance,RSP,2026-09-11T22:08:08+08:00,confirmed
2025-12-24,193.1699981689453,194.1100006103516,193.0,193.7899932861328,192.21945190429688,4193200,Yahoo Finance,RSP,2026-09-11T22:08:08+08:00,confirmed
2025-12-26,193.8000030517578,193.92999267578125,193.1699981689453,193.83999633789065,192.26905822753903,9570500,Yahoo Finance,RSP,2026-09-11T22:08:08+08:00,confirmed
2025-12-29,193.6100006103516,194.05999755859372,193.1300048828125,193.5200042724609,191.9516448974609,7381000,Yahoo Finance,RSP,2026-09-11T22:08:08+08:00,confirmed
2025-12-30,193.5399932861328,193.75,193.16000366210935,193.2100067138672,191.6441650390625,5089000,Yahoo Finance,RSP,2026-09-11T22:08:08+08:00,confirmed
2025-12-31,193.16000366210935,193.16000366210935,191.5200042724609,191.55999755859372,190.00753784179688,12684500,Yahoo Finance,RSP,2026-09-11T22:08:08+08:00,confirmed
2026-01-02,192.2100067138672,193.2899932861328,191.0399932861328,192.8600006103516,191.2969970703125,13722500,Yahoo Finance,RSP,2026-09-11T22:08:08+08:00,confirmed
2026-01-05,193.00999450683597,195.2400054931641,192.83999633789065,194.6499938964844,193.07249450683597,17525900,Yahoo Finance,RSP,2026-09-11T22:08:08+08:00,confirmed
2026-01-06,194.42999267578125,197.25,194.41000366210935,197.0,195.4034423828125,18100800,Yahoo Finance,RSP,2026-09-11T22:08:08+08:00,confirmed
2026-01-07,197.16000366210935,197.47999572753903,194.6699981689453,194.7899932861328,193.21136474609372,19819100,Yahoo Finance,RSP,2026-09-11T22:08:08+08:00,confirmed
2026-01-08,194.3600006103516,196.97000122070312,194.1699981689453,196.4600067138672,194.86782836914065,21391900,Yahoo Finance,RSP,2026-09-11T22:08:08+08:00,confirmed
2026-01-09,197.0,198.07000732421875,196.6300048828125,197.6000061035156,195.9985809326172,14223300,Yahoo Finance,RSP,2026-09-11T22:08:08+08:00,confirmed
2026-01-12,197.0800018310547,197.8800048828125,196.5800018310547,197.77999877929688,196.1771240234375,12469900,Yahoo Finance,RSP,2026-09-11T22:08:08+08:00,confirmed
2026-01-13,198.1300048828125,198.3999938964844,197.1100006103516,197.77999877929688,196.1771240234375,18149500,Yahoo Finance,RSP,2026-09-11T22:08:08+08:00,confirmed
2026-01-14,197.47999572753903,198.67999267578125,197.44000244140625,198.67999267578125,197.06982421875,24857600,Yahoo Finance,RSP,2026-09-11T22:08:08+08:00,confirmed
2026-01-15,199.32000732421875,200.1100006103516,198.75,199.55999755859372,197.9427032470703,20666000,Yahoo Finance,RSP,2026-09-11T22:08:08+08:00,confirmed
2026-01-16,199.3000030517578,199.77999877929688,198.6999969482422,199.0500030517578,197.43682861328125,13913900,Yahoo Finance,RSP,2026-09-11T22:08:08+08:00,confirmed
2026-01-20,196.8699951171875,197.91000366210935,195.77999877929688,196.0800018310547,194.49090576171875,21111300,Yahoo Finance,RSP,2026-09-11T22:08:08+08:00,confirmed
2026-01-21,197.17999267578125,199.88999938964844,197.1100006103516,199.3999938964844,197.78399658203125,19619100,Yahoo Finance,RSP,2026-09-11T22:08:08+08:00,confirmed
2026-01-22,200.1000061035156,200.77999877929688,199.4600067138672,199.66000366210935,198.0419006347656,17094600,Yahoo Finance,RSP,2026-09-11T22:08:08+08:00,confirmed
2026-01-23,199.2899932861328,199.47000122070312,198.02999877929688,198.7700042724609,197.15911865234372,13501000,Yahoo Finance,RSP,2026-09-11T22:08:08+08:00,confirmed
2026-01-26,199.22000122070312,199.7899932861328,198.9499969482422,199.2400054931641,197.6252899169922,13080500,Yahoo Finance,RSP,2026-09-11T22:08:08+08:00,confirmed
2026-01-27,199.1699981689453,199.4199981689453,198.5800018310547,198.92999267578125,197.3177947998047,10553600,Yahoo Finance,RSP,2026-09-11T22:08:08+08:00,confirmed
2026-01-28,198.9199981689453,199.47999572753903,197.91000366210935,198.25999450683597,196.6532287597656,20805900,Yahoo Finance,RSP,2026-09-11T22:08:08+08:00,confirmed
2026-01-29,199.17999267578125,199.8999938964844,197.13999938964844,198.5200042724609,196.9111328125,23925700,Yahoo Finance,RSP,2026-09-11T22:08:08+08:00,confirmed
2026-01-30,198.00999450683597,198.72999572753903,196.25,198.0800018310547,196.4746856689453,25403000,Yahoo Finance,RSP,2026-09-11T22:08:08+08:00,confirmed
2026-02-02,197.69000244140625,199.3300018310547,197.1499938964844,199.1000061035156,197.48643493652344,14618600,Yahoo Finance,RSP,2026-09-11T22:08:08+08:00,confirmed
2026-02-03,198.72999572753903,200.0800018310547,196.97999572753903,198.57000732421875,196.9607391357422,28998500,Yahoo Finance,RSP,2026-09-11T22:08:08+08:00,confirmed
2026-02-04,199.22000122070312,200.9499969482422,199.1199951171875,200.3000030517578,198.67669677734372,31319200,Yahoo Finance,RSP,2026-09-11T22:08:08+08:00,confirmed
2026-02-05,199.63999938964844,200.0399932861328,198.1199951171875,198.55999755859372,196.95079040527344,36587400,Yahoo Finance,RSP,2026-09-11T22:08:08+08:00,confirmed
2026-02-06,200.07000732421875,202.4900054931641,199.8999938964844,202.25999450683597,200.62081909179688,26921600,Yahoo Finance,RSP,2026-09-11T22:08:08+08:00,confirmed
2026-02-09,201.6100006103516,202.82000732421875,200.9900054931641,202.3800048828125,200.73985290527344,14600900,Yahoo Finance,RSP,2026-09-11T22:08:08+08:00,confirmed
2026-02-10,202.5500030517578,203.8600006103516,202.47000122070312,203.1000061035156,201.4540252685547,16784300,Yahoo Finance,RSP,2026-09-11T22:08:08+08:00,confirmed
2026-02-11,203.88999938964844,204.1699981689453,202.52999877929688,203.4600067138672,201.81109619140625,18897200,Yahoo Finance,RSP,2026-09-11T22:08:08+08:00,confirmed
2026-02-12,204.2700042724609,205.2400054931641,200.38999938964844,200.7899932861328,199.1627197265625,38641100,Yahoo Finance,RSP,2026-09-11T22:08:08+08:00,confirmed
2026-02-13,201.1999969482422,203.82000732421875,200.42999267578125,202.8699951171875,201.22586059570312,29358500,Yahoo Finance,RSP,2026-09-11T22:08:08+08:00,confirmed
2026-02-17,203.0800018310547,203.97999572753903,200.8500061035156,202.5200042724609,200.87872314453125,29787300,Yahoo Finance,RSP,2026-09-11T22:08:08+08:00,confirmed
2026-02-18,202.8300018310547,204.22000122070312,202.25,203.57000732421875,201.9202117919922,20934100,Yahoo Finance,RSP,2026-09-11T22:08:08+08:00,confirmed
2026-02-19,203.08999633789065,203.6100006103516,201.92999267578125,203.13999938964844,201.49368286132807,15448200,Yahoo Finance,RSP,2026-09-11T22:08:08+08:00,confirmed
2026-02-20,202.5,204.77999877929688,202.33999633789065,204.08999633789065,202.43597412109372,27280200,Yahoo Finance,RSP,2026-09-11T22:08:08+08:00,confirmed
2026-02-23,203.3800048828125,204.0800018310547,201.0500030517578,201.8500061035156,200.21414184570312,16437700,Yahoo Finance,RSP,2026-09-11T22:08:08+08:00,confirmed
2026-02-24,201.8800048828125,203.7100067138672,201.7899932861328,203.4600067138672,201.81109619140625,19725000,Yahoo Finance,RSP,2026-09-11T22:08:08+08:00,confirmed
2026-02-25,204.1000061035156,204.13999938964844,202.25,203.5800018310547,201.9301300048828,16772400,Yahoo Finance,RSP,2026-09-11T22:08:08+08:00,confirmed
2026-02-26,204.1199951171875,205.02999877929688,203.17999267578125,204.72999572753903,203.07080078125,23866200,Yahoo Finance,RSP,2026-09-11T22:08:08+08:00,confirmed
2026-02-27,203.3699951171875,205.0800018310547,202.91000366210935,204.97000122070312,203.30886840820312,16234500,Yahoo Finance,RSP,2026-09-11T22:08:08+08:00,confirmed
2026-03-02,203.33999633789065,205.2400054931641,202.83999633789065,204.58999633789065,202.9319305419922,22037000,Yahoo Finance,RSP,2026-09-11T22:08:08+08:00,confirmed
2026-03-03,201.0500030517578,203.02999877929688,198.5500030517578,202.0800018310547,200.44227600097656,37315700,Yahoo Finance,RSP,2026-09-11T22:08:08+08:00,confirmed
2026-03-04,202.6999969482422,203.3500061035156,201.4199981689453,202.88999938964844,201.24571228027344,16696700,Yahoo Finance,RSP,2026-09-11T22:08:08+08:00,confirmed
2026-03-05,201.7899932861328,202.7100067138672,199.4600067138672,200.5399932861328,198.9147491455078,23144500,Yahoo Finance,RSP,2026-09-11T22:08:08+08:00,confirmed
2026-03-06,198.44000244140625,198.7700042724609,196.5200042724609,198.1499938964844,196.54412841796875,23634400,Yahoo Finance,RSP,2026-09-11T22:08:08+08:00,confirmed
2026-03-09,196.27999877929688,199.25,193.97000122070312,198.7100067138672,197.0995941162109,26828200,Yahoo Finance,RSP,2026-09-11T22:08:08+08:00,confirmed
2026-03-10,198.44000244140625,199.5800018310547,196.8500061035156,197.22000122070312,195.6216735839844,19304300,Yahoo Finance,RSP,2026-09-11T22:08:08+08:00,confirmed
2026-03-11,197.00999450683597,197.3800048828125,195.67999267578125,196.57000732421875,194.9769287109375,16887500,Yahoo Finance,RSP,2026-09-11T22:08:08+08:00,confirmed
2026-03-12,194.8699951171875,196.00999450683597,193.50999450683597,193.52999877929688,191.96157836914065,24793800,Yahoo Finance,RSP,2026-09-11T22:08:08+08:00,confirmed
2026-03-13,195.0200042724609,195.67999267578125,193.2899932861328,193.5200042724609,191.9516448974609,13023200,Yahoo Finance,RSP,2026-09-11T22:08:08+08:00,confirmed
2026-03-16,195.25,196.19000244140625,194.58999633789065,194.9600067138672,193.37998962402344,12128800,Yahoo Finance,RSP,2026-09-11T22:08:08+08:00,confirmed
2026-03-17,196.30999755859372,197.25,195.91000366210935,196.0500030517578,194.46115112304688,10977500,Yahoo Finance,RSP,2026-09-11T22:08:08+08:00,confirmed
2026-03-18,195.1499938964844,195.63999938964844,193.38999938964844,193.47000122070312,191.9020538330078,12514600,Yahoo Finance,RSP,2026-09-11T22:08:08+08:00,confirmed
2026-03-19,192.25999450683597,194.47000122070312,191.8999938964844,193.32000732421875,191.75328063964844,17371100,Yahoo Finance,RSP,2026-09-11T22:08:08+08:00,confirmed
2026-03-20,193.02999877929688,193.4199981689453,189.5,190.47999572753903,188.9362945556641,15312100,Yahoo Finance,RSP,2026-09-11T22:08:08+08:00,confirmed
2026-03-23,192.5,194.0500030517578,191.44000244140625,191.69000244140625,190.9504852294922,15965500,Yahoo Finance,RSP,2026-09-11T22:08:08+08:00,confirmed
2026-03-24,190.5200042724609,192.97000122070312,190.0800018310547,191.9199981689453,191.1795959472656,15258500,Yahoo Finance,RSP,2026-09-11T22:08:08+08:00,confirmed
2026-03-25,193.4600067138672,194.1499938964844,191.33999633789065,192.8500061035156,192.10601806640625,14017300,Yahoo Finance,RSP,2026-09-11T22:08:08+08:00,confirmed
2026-03-26,191.7100067138672,193.5,190.83999633789065,191.0800018310547,190.3428497314453,17145700,Yahoo Finance,RSP,2026-09-11T22:08:08+08:00,confirmed
2026-03-27,190.42999267578125,190.69000244140625,188.02999877929688,188.4600067138672,187.7329559326172,13998800,Yahoo Finance,RSP,2026-09-11T22:08:08+08:00,confirmed
2026-03-30,190.16000366210935,190.3600006103516,187.3600006103516,188.07000732421875,187.34446716308597,10947400,Yahoo Finance,RSP,2026-09-11T22:08:08+08:00,confirmed
2026-03-31,190.0200042724609,192.63999938964844,188.72999572753903,191.9199981689453,191.1795959472656,19696500,Yahoo Finance,RSP,2026-09-11T22:08:08+08:00,confirmed
2026-04-01,192.5399932861328,193.47000122070312,192.17999267578125,192.5399932861328,191.7971954345703,17589200,Yahoo Finance,RSP,2026-09-11T22:08:08+08:00,confirmed
2026-04-02,190.5500030517578,194.3000030517578,190.2100067138672,193.08999633789065,192.34507751464844,10796600,Yahoo Finance,RSP,2026-09-11T22:08:08+08:00,confirmed
2026-04-06,192.9499969482422,194.0200042724609,192.5500030517578,193.9199981689453,193.17189025878903,4600400,Yahoo Finance,RSP,2026-09-11T22:08:08+08:00,confirmed
2026-04-07,193.33999633789065,194.0200042724609,192.3999938964844,193.4900054931641,192.74354553222656,8382700,Yahoo Finance,RSP,2026-09-11T22:08:08+08:00,confirmed
2026-04-08,197.3000030517578,198.3000030517578,196.9199981689453,197.9600067138672,197.19630432128903,11173900,Yahoo Finance,RSP,2026-09-11T22:08:08+08:00,confirmed
2026-04-09,197.2400054931641,198.72999572753903,196.8000030517578,198.0800018310547,197.3158416748047,7321100,Yahoo Finance,RSP,2026-09-11T22:08:08+08:00,confirmed
2026-04-10,198.25,198.42999267578125,196.3300018310547,196.6499938964844,195.89134216308597,6701900,Yahoo Finance,RSP,2026-09-11T22:08:08+08:00,confirmed
2026-04-13,196.22999572753903,198.92999267578125,195.9499969482422,198.8300018310547,198.0629425048828,5789300,Yahoo Finance,RSP,2026-09-11T22:08:08+08:00,confirmed
2026-04-14,199.08999633789065,200.02999877929688,198.52999877929688,199.66000366210935,198.8897399902344,10283900,Yahoo Finance,RSP,2026-09-11T22:08:08+08:00,confirmed
2026-04-15,199.72999572753903,200.1999969482422,198.92999267578125,199.72999572753903,198.95947265625,8666800,Yahoo Finance,RSP,2026-09-11T22:08:08+08:00,confirmed
2026-04-16,200.1000061035156,201.0800018310547,199.91000366210935,200.63999938964844,199.865966796875,9802500,Yahoo Finance,RSP,2026-09-11T22:08:08+08:00,confirmed
2026-04-17,201.69000244140625,204.0800018310547,201.6300048828125,203.16000366210935,202.3762359619141,10807200,Yahoo Finance,RSP,2026-09-11T22:08:08+08:00,confirmed
2026-04-20,202.69000244140625,203.92999267578125,202.6699981689453,203.8000030517578,203.01377868652344,6061800,Yahoo Finance,RSP,2026-09-11T22:08:08+08:00,confirmed
2026-04-21,204.2700042724609,205.17999267578125,202.2100067138672,202.5500030517578,201.7686004638672,8702400,Yahoo Finance,RSP,2026-09-11T22:08:08+08:00,confirmed
2026-04-22,203.77999877929688,204.19000244140625,201.94000244140625,202.4600067138672,201.67893981933597,7198100,Yahoo Finance,RSP,2026-09-11T22:08:08+08:00,confirmed
2026-04-23,202.44000244140625,202.94000244140625,200.3800048828125,202.4499969482422,201.66897583007807,10703900,Yahoo Finance,RSP,2026-09-11T22:08:08+08:00,confirmed
2026-04-24,202.5800018310547,202.94000244140625,201.6499938964844,202.02999877929688,201.25059509277344,8816800,Yahoo Finance,RSP,2026-09-11T22:08:08+08:00,confirmed
2026-04-27,201.97000122070312,202.94000244140625,201.67999267578125,201.7899932861328,201.0115203857422,6866800,Yahoo Finance,RSP,2026-09-11T22:08:08+08:00,confirmed
2026-04-28,201.7899932861328,202.27999877929688,200.16000366210935,200.75999450683597,199.9854888916016,6560200,Yahoo Finance,RSP,2026-09-11T22:08:08+08:00,confirmed
2026-04-29,200.7899932861328,201.2700042724609,199.6999969482422,200.41000366210935,199.6368560791016,8269200,Yahoo Finance,RSP,2026-09-11T22:08:08+08:00,confirmed
2026-04-30,200.5399932861328,203.5500030517578,200.1999969482422,203.44000244140625,202.65516662597656,9591200,Yahoo Finance,RSP,2026-09-11T22:08:08+08:00,confirmed
2026-05-01,204.00999450683597,204.30999755859372,202.7899932861328,202.82000732421875,202.0375518798828,13811300,Yahoo Finance,RSP,2026-09-11T22:08:08+08:00,confirmed
2026-05-04,202.3699951171875,203.5800018310547,201.22999572753903,201.63999938964844,200.8621063232422,9495200,Yahoo Finance,RSP,2026-09-11T22:08:08+08:00,confirmed
2026-05-05,202.27999877929688,203.77999877929688,201.6199951171875,203.2400054931641,202.4559326171875,6566000,Yahoo Finance,RSP,2026-09-11T22:08:08+08:00,confirmed
2026-05-06,204.5800018310547,205.50999450683597,204.05999755859372,204.8500061035156,204.05972290039065,10908200,Yahoo Finance,RSP,2026-09-11T22:08:08+08:00,confirmed
2026-05-07,204.9600067138672,205.52999877929688,202.9499969482422,203.5399932861328,202.7547607421875,10151400,Yahoo Finance,RSP,2026-09-11T22:08:08+08:00,confirmed
2026-05-08,204.4499969482422,204.5800018310547,203.19000244140625,204.1000061035156,203.3126220703125,8492500,Yahoo Finance,RSP,2026-09-11T22:08:08+08:00,confirmed
2026-05-11,204.4600067138672,204.82000732421875,203.63999938964844,203.9900054931641,203.2030487060547,7428700,Yahoo Finance,RSP,2026-09-11T22:08:08+08:00,confirmed
2026-05-12,203.72999572753903,204.08999633789065,202.1699981689453,203.80999755859372,203.0237274169922,9576200,Yahoo Finance,RSP,2026-09-11T22:08:08+08:00,confirmed
2026-05-13,203.67999267578125,203.67999267578125,202.33999633789065,202.9199981689453,202.1371612548828,7388900,Yahoo Finance,RSP,2026-09-11T22:08:08+08:00,confirmed
2026-05-14,203.4600067138672,204.50999450683597,203.0399932861328,203.66000366210935,202.8743133544922,9841600,Yahoo Finance,RSP,2026-09-11T22:08:08+08:00,confirmed
2026-05-15,202.6000061035156,202.9199981689453,201.4499969482422,201.55999755859372,200.78240966796875,8957400,Yahoo Finance,RSP,2026-09-11T22:08:08+08:00,confirmed
2026-05-18,201.8800048828125,203.27999877929688,201.4600067138672,202.8000030517578,202.0176239013672,13792400,Yahoo Finance,RSP,2026-09-11T22:08:08+08:00,confirmed
2026-05-19,201.97999572753903,202.63999938964844,200.91000366210935,201.6199951171875,200.84217834472656,10548600,Yahoo Finance,RSP,2026-09-11T22:08:08+08:00,confirmed
2026-05-20,201.97999572753903,203.9900054931641,200.6999969482422,203.8300018310547,203.0436553955078,18985500,Yahoo Finance,RSP,2026-09-11T22:08:08+08:00,confirmed
2026-05-21,202.94000244140625,204.8999938964844,201.80999755859372,204.7100067138672,203.92027282714844,11504200,Yahoo Finance,RSP,2026-09-11T22:08:08+08:00,confirmed
2026-05-22,205.72999572753903,206.97000122070312,205.5200042724609,206.5800018310547,205.78305053710935,11148200,Yahoo Finance,RSP,2026-09-11T22:08:08+08:00,confirmed
2026-05-26,207.8300018310547,208.17999267578125,206.92999267578125,207.63999938964844,206.8389587402344,10318200,Yahoo Finance,RSP,2026-09-11T22:08:08+08:00,confirmed
2026-05-27,208.0500030517578,208.72999572753903,207.33999633789065,207.4900054931641,206.6895446777344,9745500,Yahoo Finance,RSP,2026-09-11T22:08:08+08:00,confirmed
2026-05-28,207.3800048828125,208.88999938964844,206.63999938964844,208.25,207.4466094970703,6643900,Yahoo Finance,RSP,2026-09-11T22:08:08+08:00,confirmed
2026-05-29,208.75,209.32000732421875,208.2100067138672,208.8300018310547,208.0243682861328,8578100,Yahoo Finance,RSP,2026-09-11T22:08:08+08:00,confirmed
2026-06-01,208.0500030517578,209.7700042724609,207.7899932861328,209.2100067138672,208.4029083251953,8484900,Yahoo Finance,RSP,2026-09-11T22:08:08+08:00,confirmed
2026-06-02,209.1100006103516,210.1199951171875,208.77999877929688,210.0399932861328,209.2296905517578,8103000,Yahoo Finance,RSP,2026-09-11T22:08:08+08:00,confirmed
2026-06-03,209.42999267578125,209.80999755859372,208.83999633789065,209.25,208.4427490234375,9765200,Yahoo Finance,RSP,2026-09-11T22:08:08+08:00,confirmed
2026-06-04,210.0200042724609,210.9499969482422,209.7400054931641,210.8300018310547,210.0166473388672,10142800,Yahoo Finance,RSP,2026-09-11T22:08:08+08:00,confirmed
2026-06-05,209.8699951171875,210.3600006103516,207.2899932861328,207.8300018310547,207.0282287597656,10969800,Yahoo Finance,RSP,2026-09-11T22:08:08+08:00,confirmed
2026-06-08,208.63999938964844,209.0800018310547,207.4499969482422,207.6100006103516,206.8090667724609,7771400,Yahoo Finance,RSP,2026-09-11T22:08:08+08:00,confirmed
2026-06-09,208.63999938964844,210.3600006103516,205.7400054931641,209.19000244140625,208.3829803466797,17170300,Yahoo Finance,RSP,2026-09-11T22:08:08+08:00,confirmed
2026-06-10,208.52999877929688,209.92999267578125,206.4499969482422,206.52999877929688,205.7332305908203,11015800,Yahoo Finance,RSP,2026-09-11T22:08:08+08:00,confirmed
2026-06-11,207.33999633789065,210.4600067138672,206.8699951171875,209.75,208.94081115722656,16751800,Yahoo Finance,RSP,2026-09-11T22:08:08+08:00,confirmed
2026-06-12,210.6999969482422,212.1199951171875,209.6499938964844,211.6499938964844,210.8334808349609,11412500,Yahoo Finance,RSP,2026-09-11T22:08:08+08:00,confirmed
2026-06-15,213.6000061035156,214.2899932861328,212.6199951171875,212.8800048828125,212.05874633789065,7980500,Yahoo Finance,RSP,2026-09-11T22:08:08+08:00,confirmed
2026-06-16,213.4900054931641,214.3000030517578,212.0800018310547,212.1699981689453,211.3514709472656,6167000,Yahoo Finance,RSP,2026-09-11T22:08:08+08:00,confirmed
2026-06-17,212.1100006103516,213.0,208.58999633789065,208.9900054931641,208.18374633789065,11355500,Yahoo Finance,RSP,2026-09-11T22:08:08+08:00,confirmed
2026-06-18,211.22000122070312,211.2899932861328,209.7700042724609,209.9600067138672,209.15000915527344,10811900,Yahoo Finance,RSP,2026-09-11T22:08:08+08:00,confirmed
2026-06-22,209.52999877929688,210.33999633789065,209.1000061035156,209.6100006103516,209.6100006103516,7256400,Yahoo Finance,RSP,2026-09-11T22:08:08+08:00,confirmed
2026-06-23,208.33999633789065,209.67999267578125,207.63999938964844,208.88999938964844,208.88999938964844,10942600,Yahoo Finance,RSP,2026-09-11T22:08:08+08:00,confirmed
2026-06-24,209.3800048828125,211.5500030517578,209.25,210.3800048828125,210.3800048828125,8243700,Yahoo Finance,RSP,2026-09-11T22:08:08+08:00,confirmed
2026-06-25,211.88999938964844,213.7899932861328,211.3699951171875,211.75,211.75,13830900,Yahoo Finance,RSP,2026-09-11T22:08:08+08:00,confirmed
2026-06-26,211.3500061035156,213.08999633789065,210.30999755859372,210.30999755859372,210.30999755859372,16750500,Yahoo Finance,RSP,2026-09-11T22:08:08+08:00,confirmed
2026-06-29,213.0200042724609,213.3699951171875,212.08999633789065,213.0500030517578,213.0500030517578,11408000,Yahoo Finance,RSP,2026-09-11T22:08:08+08:00,confirmed
2026-06-30,212.7899932861328,213.3600006103516,212.0,212.7700042724609,212.7700042724609,9001600,Yahoo Finance,RSP,2026-09-11T22:08:08+08:00,confirmed
2026-07-01,212.5800018310547,214.9499969482422,212.5800018310547,213.41000366210935,213.41000366210935,12587500,Yahoo Finance,RSP,2026-09-11T22:08:08+08:00,confirmed
2026-07-02,214.4900054931641,215.6100006103516,213.2899932861328,214.91000366210935,214.91000366210935,10679600,Yahoo Finance,RSP,2026-09-11T22:08:08+08:00,confirmed
2026-07-06,215.0399932861328,215.47000122070312,214.1300048828125,215.0,215.0,6442400,Yahoo Finance,RSP,2026-09-11T22:08:08+08:00,confirmed
2026-07-07,215.80999755859372,216.3699951171875,214.50999450683597,214.72999572753903,214.72999572753903,8044100,Yahoo Finance,RSP,2026-09-11T22:08:08+08:00,confirmed
2026-07-08,213.5399932861328,213.6999969482422,211.44000244140625,212.1999969482422,212.1999969482422,13646800,Yahoo Finance,RSP,2026-09-11T22:08:08+08:00,confirmed
2026-07-09,212.83999633789065,214.19000244140625,212.47999572753903,213.5,213.5,7278100,Yahoo Finance,RSP,2026-09-11T22:08:08+08:00,confirmed
2026-07-10,214.1499938964844,214.6000061035156,213.05999755859372,214.3000030517578,214.3000030517578,5540400,Yahoo Finance,RSP,2026-09-11T22:08:08+08:00,confirmed
2026-07-13,214.47999572753903,215.5,213.8000030517578,214.22999572753903,214.22999572753903,6899100,Yahoo Finance,RSP,2026-09-11T22:08:08+08:00,confirmed
2026-07-14,214.13999938964844,214.8999938964844,213.22000122070312,213.4499969482422,213.4499969482422,9049600,Yahoo Finance,RSP,2026-09-11T22:08:08+08:00,confirmed
2026-07-15,213.75,214.16000366210935,212.5500030517578,212.97000122070312,212.97000122070312,8412500,Yahoo Finance,RSP,2026-09-11T22:08:08+08:00,confirmed
2026-07-16,213.0800018310547,215.1000061035156,213.07000732421875,215.05999755859372,215.05999755859372,7125000,Yahoo Finance,RSP,2026-09-11T22:08:08+08:00,confirmed
2026-07-17,214.3600006103516,215.9499969482422,213.0500030517578,213.3699951171875,213.3699951171875,12176200,Yahoo Finance,RSP,2026-09-11T22:08:08+08:00,confirmed
2026-07-20,213.8699951171875,214.0,212.1100006103516,212.4199981689453,212.4199981689453,6433000,Yahoo Finance,RSP,2026-09-11T22:08:08+08:00,confirmed
2026-07-21,212.57000732421875,213.1499938964844,211.7899932861328,212.75999450683597,212.75999450683597,6363400,Yahoo Finance,RSP,2026-09-11T22:08:08+08:00,confirmed
2026-07-22,213.02999877929688,213.94000244140625,212.3699951171875,212.6999969482422,212.6999969482422,4234900,Yahoo Finance,RSP,2026-09-11T22:08:08+08:00,confirmed
2026-07-23,212.1000061035156,212.94000244140625,211.2700042724609,211.9199981689453,211.9199981689453,7189700,Yahoo Finance,RSP,2026-09-11T22:08:08+08:00,confirmed
2026-07-24,212.3699951171875,214.47000122070312,212.22999572753903,213.57000732421875,213.57000732421875,7269100,Yahoo Finance,RSP,2026-09-11T22:08:08+08:00,confirmed
2026-07-27,214.8000030517578,215.83999633789065,214.4600067138672,215.17999267578125,215.17999267578125,6002000,Yahoo Finance,RSP,2026-09-11T22:08:08+08:00,confirmed
2026-07-28,216.1699981689453,218.0500030517578,215.9900054931641,217.69000244140625,217.69000244140625,12864200,Yahoo Finance,RSP,2026-09-11T22:08:08+08:00,confirmed
2026-07-29,217.1999969482422,218.1100006103516,215.5500030517578,215.72999572753903,215.72999572753903,12991700,Yahoo Finance,RSP,2026-09-11T22:08:08+08:00,confirmed
2026-07-30,215.8300018310547,215.9499969482422,213.05999755859372,215.3800048828125,215.3800048828125,13366300,Yahoo Finance,RSP,2026-09-11T22:08:08+08:00,confirmed
2026-07-31,215.4199981689453,215.6300048828125,213.5500030517578,215.00999450683597,215.00999450683597,9729500,Yahoo Finance,RSP,2026-09-11T22:08:08+08:00,confirmed
2026-08-03,215.8699951171875,217.2700042724609,215.8699951171875,217.1100006103516,217.1100006103516,8530300,Yahoo Finance,RSP,2026-09-11T22:08:08+08:00,confirmed
2026-08-04,217.57000732421875,220.4499969482422,216.9199981689453,220.22999572753903,220.22999572753903,9185200,Yahoo Finance,RSP,2026-09-11T22:08:08+08:00,confirmed
2026-08-05,220.82000732421875,221.08999633789065,219.2400054931641,219.72999572753903,219.72999572753903,8105900,Yahoo Finance,RSP,2026-09-11T22:08:08+08:00,confirmed
2026-08-06,220.16000366210935,220.16000366210935,218.1999969482422,218.5800018310547,218.5800018310547,5486000,Yahoo Finance,RSP,2026-09-11T22:08:08+08:00,confirmed
2026-08-07,219.02999877929688,220.3699951171875,218.41000366210935,220.08999633789065,220.08999633789065,6233700,Yahoo Finance,RSP,2026-09-11T22:08:08+08:00,confirmed
2026-08-10,220.27999877929688,220.4199981689453,219.41000366210935,220.22000122070312,220.22000122070312,6332900,Yahoo Finance,RSP,2026-09-11T22:08:08+08:00,confirmed
2026-08-11,219.97000122070312,221.22999572753903,219.91000366210935,220.69000244140625,220.69000244140625,7213700,Yahoo Finance,RSP,2026-09-11T22:08:08+08:00,confirmed
2026-08-12,220.9499969482422,221.3699951171875,219.8699951171875,221.0800018310547,221.0800018310547,4791400,Yahoo Finance,RSP,2026-09-11T22:08:08+08:00,confirmed
2026-08-13,221.7700042724609,222.91000366210935,221.4900054931641,222.72999572753903,222.72999572753903,6406600,Yahoo Finance,RSP,2026-09-11T22:08:08+08:00,confirmed
2026-08-14,222.92999267578125,222.9600067138672,222.3300018310547,222.7700042724609,222.7700042724609,3810100,Yahoo Finance,RSP,2026-09-11T22:08:08+08:00,confirmed
2026-08-17,222.07000732421875,222.2100067138672,220.72999572753903,220.7899932861328,220.7899932861328,5091500,Yahoo Finance,RSP,2026-09-11T22:08:08+08:00,confirmed
2026-08-18,220.8600006103516,221.42999267578125,219.7100067138672,219.7899932861328,219.7899932861328,5623700,Yahoo Finance,RSP,2026-09-11T22:08:08+08:00,confirmed
2026-08-19,221.6100006103516,223.44000244140625,221.4499969482422,222.07000732421875,222.07000732421875,7591600,Yahoo Finance,RSP,2026-09-11T22:08:08+08:00,confirmed
2026-08-20,220.7400054931641,222.1000061035156,220.19000244140625,220.27999877929688,220.27999877929688,5567000,Yahoo Finance,RSP,2026-09-11T22:08:08+08:00,confirmed
2026-08-21,221.3000030517578,222.13999938964844,221.0200042724609,221.6699981689453,221.6699981689453,5220500,Yahoo Finance,RSP,2026-09-11T22:08:08+08:00,confirmed
2026-08-24,221.75,222.32000732421875,221.25999450683597,221.92999267578125,221.92999267578125,4822900,Yahoo Finance,RSP,2026-09-11T22:08:08+08:00,confirmed
2026-08-25,222.2400054931641,222.27999877929688,221.2400054931641,221.7700042724609,221.7700042724609,5598400,Yahoo Finance,RSP,2026-09-11T22:08:08+08:00,confirmed
2026-08-26,221.30999755859372,222.72000122070312,221.2400054931641,222.1100006103516,222.1100006103516,4612400,Yahoo Finance,RSP,2026-09-11T22:08:08+08:00,confirmed
2026-08-27,221.55999755859375,222.11000061035156,221.24000549316406,221.4499969482422,221.4499969482422,5197400,Yahoo Finance,RSP,2026-09-11T22:10:47+08:00,confirmed
2026-08-28,221.83999633789062,222.13999938964844,220.30999755859375,220.69000244140625,220.69000244140625,5412500,Yahoo Finance,RSP,2026-09-11T22:10:47+08:00,confirmed
2026-08-31,219.77000427246094,220.0,219.14999389648438,219.38999938964844,219.38999938964844,6092400,Yahoo Finance,RSP,2026-09-11T22:10:47+08:00,confirmed
2026-09-01,218.8699951171875,219.44000244140625,217.1999969482422,217.58999633789062,217.58999633789062,6899700,Yahoo Finance,RSP,2026-09-11T22:10:47+08:00,confirmed
2026-09-02,217.72999572753906,219.1300048828125,217.63999938964844,218.60000610351562,218.60000610351562,5988800,Yahoo Finance,RSP,2026-09-11T22:10:47+08:00,confirmed
2026-09-03,219.57000732421875,220.27999877929688,218.4199981689453,220.0500030517578,220.0500030517578,5445800,Yahoo Finance,RSP,2026-09-11T22:08:08+08:00,confirmed
2026-09-04,218.80999755859372,219.7700042724609,218.50999450683597,219.0,219.0,4442200,Yahoo Finance,RSP,2026-09-11T22:08:08+08:00,confirmed
2026-09-08,218.1199951171875,218.3999938964844,216.6300048828125,216.72999572753903,216.72999572753903,6504200,Yahoo Finance,RSP,2026-09-11T22:08:08+08:00,confirmed
2026-09-09,216.13999938964844,216.4199981689453,214.61000061035156,214.63999938964844,214.63999938964844,7038800,Yahoo Finance,RSP,2026-09-11T22:10:47+08:00,confirmed
2026-09-10,213.80999755859375,214.44000244140625,213.02999877929688,213.1699981689453,213.1699981689453,8029900,Yahoo Finance,RSP,2026-09-11T22:10:47+08:00,confirmed
